:020000040800F2
:1000000000000220B99F0008832D0008852D0008FC
:10001000872D0008892D00088B2D000800000000A6
:100020000000000000000000000000008D2D00080E
:100030008F2D000800000000912D0008932D00086E
:1000400009A0000809A0000809A0000809A00008EC
:1000500009A0000809A0000809A0000809A00008DC
:1000600009A0000809A0000809A0000809A00008CC
:1000700009A000089D2D0008AD2D0008BD2D000829
:1000800009A0000809A00008CD2D000809A000085B
:1000900009A0000809A0000809A0000809A000089C
:1000A00009A00008E52D000809A0000809A0000823
:1000B00009A0000809A00008F52D000809A0000803
:1000C00009A0000809A0000809A0000809A000086C
:1000D00009A0000809A0000809A0000809A000085C
:1000E000052E000809A000080000000009A0000873
:1000F00009A0000809A0000809A0000809A000083C
:1001000009A0000809A0000809A0000809A000082B
:1001100009A0000809A0000809A0000809A000081B
:1001200009A0000809A0000809A0000809A000080B
:1001300009A0000809A0000809A0000809A00008FB
:1001400000000000000000000000000000000000AF
:1001500009A0000809A0000809A0000809A00008DB
:1001600009A0000809A0000809A0000809A00008CB
:1001700009A0000809A0000809A00008000000006C
:1001800009A0000809A0000809A0000809A00008AB
:1001900009A0000809A0000809A0000809A000089B
:1001A00009A0000809A0000809A0000809A000088B
:1001B00009A0000809A0000809A0000809A000087B
:1001C00009A0000809A0000809A0000809A000086B
:1001D00009A0000809A0000809A0000809A000085B
:1001E00009A0000809A0000809A0000809A000084B
:1001F00009A0000809A0000809A0000809A000083B
:1002000009A0000809A0000809A0000809A000082A
:1002100009A0000809A0000809A0000809A000081A
:1002200009A0000809A0000809A0000800000000BB
:1002300009A0000809A000080000000009A00008AB
:1002400009A0000809A0000809A0000809A00008EA
:1002500009A0000809A0000809A0000809A00008DA
:1002600009A0000809A0000809A0000809A00008CA
:1002700009A0000809A0000809A00008000000006B
:1002800009A0000809A0000809A00008000000005B
:080290000000000009A00008B5
:1002980010B5054C237833B9044B13B10448AFF3B8
:1002A80000800123237010BD100000200000000012
:1002B80064A0000808B5034B1BB103490348AFF31A
:1002C800008008BD000000001400002064A00008A1
:1002D80053B94AB9002908BF00281CBF4FF0FF31A5
:1002E8004FF0FF3000F074B9ADF1080C6DE904CEA1
:1002F80000F006F8DDF804E0DDE9022304B07047F9
:100308002DE9F047089D04468E46002B4DD18A42C0
:10031800944669D9B2FA82F252B101FA02F3C2F1F3
:10032800200120FA01F10CFA02FC41EA030E944084
:100338004FEA1C48210CBEFBF8F61FFA8CF708FBA5
:1003480016E341EA034306FB07F199420AD91CEB7D
:10035800030306F1FF3080F01F81994240F21C81AF
:10036800023E63445B1AA4B2B3FBF8F008FB1033F7
:1003780044EA034400FB07F7A7420AD91CEB04042C
:1003880000F1FF3380F00A81A74240F207816444FC
:10039800023840EA0640E41B00261DB1D440002381
:1003A800C5E900433146BDE8F0878B4209D9002DE5
:1003B80000F0EF800026C5E9000130463146BDE86F
:1003C800F087B3FA83F6002E4AD18B4202D38242D9
:1003D80000F2F980841A61EB030301209E46002D88
:1003E800E0D0C5E9004EDDE702B9FFDEB2FA82F2DD
:1003F800002A40F09280A1EB0C014FEA1C471FFA3B
:100408008CFE0126200CB1FBF7F307FB131140EA21
:1004180001410EFB03F0884208D91CEB010103F1EE
:10042800FF3802D2884200F2CB804346091AA4B2B0
:10043800B1FBF7F007FB101144EA01440EFB00FE84
:10044800A64508D91CEB040400F1FF3102D2A645E9
:1004580000F2BB800846A4EB0E0440EA03409CE788
:10046800C6F12007B34022FA07FC4CEA030C20FA35
:1004780007F401FA06F31C43F9404FEA1C4900FA55
:1004880006F3B1FBF9F8200C1FFA8CFE09FB1811D2
:1004980040EA014108FB0EF0884202FA06F20BD945
:1004A8001CEB010108F1FF3A80F08880884240F295
:1004B8008580A8F102086144091AA4B2B1FBF9F0D9
:1004C80009FB101144EA014100FB0EFE8E4508D9D4
:1004D8001CEB010100F1FF346CD28E456AD9023859
:1004E800614440EA0840A0FB0294A1EB0E01A1423E
:1004F800C846A64656D353D05DB1B3EB080261EBAC
:100508000E0101FA07F722FA06F3F1401F43C5E985
:10051800007100263146BDE8F087C2F12003D840BB
:100528000CFA02FC21FA03F3914001434FEA1C47FD
:100538001FFA8CFEB3FBF7F007FB10360B0C43EAEF
:10054800064300FB0EF69E4204FA02F408D91CEB9F
:10055800030300F1FF382FD29E422DD9023863449D
:100568009B1B89B2B3FBF7F607FB163341EA03413D
:1005780006FB0EF38B4208D91CEB010106F1FF388C
:1005880016D28B4214D9023E6144C91A46EA004683
:1005980038E72E46284605E70646E3E61846F8E615
:1005A8004B45A9D2B9EB020864EB0C0E0138A3E75E
:1005B8004646EAE7204694E74046D1E7D0467BE73F
:1005C800023B614432E7304609E76444023842E7B7
:1005D800704700BFB0F5805F06D0B0F5005F0ED061
:1005E8000C4B00221A7070470B4B1B78DBB2092B9F
:1005F800F6D8094A13780133DBB21370F0E7064BDB
:100608001B78DBB2012BEBD9034A1378013BDBB231
:100618001370E5E72C0000200000002008B50268F0
:100628000A4B9A4200D008BD094A13780133DBB25D
:100638001370084A1278D2B29342F4D3044B0022C2
:100648001A708021044805F02DFDECE700080040F1
:100658002C000020000000200024025872B6FEE79B
:1006680000B59DB04C22002109A809F0EFFC20221A
:10067800002101A809F0EAFC022006F0D3FB0023C0
:1006880000932B4BDA6A22F00102DA62DB6A03F08C
:1006980001030093274A936923F4404343F48043BA
:1006A8009361936903F440430093009B214B9B693A
:1006B80013F4005FFAD0204A936A23F0030343F04F
:1006C80002039362292309934FF480330A9301228A
:1006D8000E920F92022312931393149209221592E9
:1006E8001693179318930C2219921A934FF4406398
:1006F8001B9309A803F026FAA8B93F230193032303
:1007080002930023039304934023059306934FF425
:10071800806207920893012101A803F031FE20B9F5
:100728001DB05DF804FBFFF799FFFFF797FF00BFC7
:1007380000040058004802580044025800B5B1B0FF
:10074800BC22002101A809F081FC4FF40023019389
:10075800012302930923039304230493022305939B
:100768000693C0230793202308934FF4406309930B
:1007780001A804F0A1F810B931B05DF804FBFFF747
:100788006DFF000008B54D4B5B6913F4003F13D1B2
:10079800BFF34F8FBFF36F8F484B0022C3F850222F
:1007A800BFF34F8FBFF36F8F5A6942F400325A611B
:1007B800BFF34F8FBFF36F8F404B5B6913F4803FDC
:1007C80027D13E4B0022C3F88420BFF34F8FD3F8C4
:1007D8008040C4F34E3000E01846C4F3C90243F623
:1007E800E07303EA401343EA82733449C1F8603284
:1007F8001346013A002BF2D1431E0028ECD1BFF377
:100808004F8F4B6943F480334B61BFF34F8FBFF376
:100818006F8F06F0C3FBFFF723FFFFF78FFF00F092
:1008280051F800F06FFC00F09DF900F0EFF900F0CE
:1008380033FA00F0BBFB00F013FD00F0EDFD00F013
:10084800ADFE00F0D7FE00F001FF00F0FDFF01F063
:1008580031F801F063F801F095F801F0C7F801F0FC
:10086800F9F801F007FB01F045FB01F06FFB01F01F
:1008780099FB01F0C3FB01F02DFD02F09FF902F096
:1008880001FA01F063FD01F0B5FD01F0E5FD01F0AD
:100898000BFE01F031FE01F063FE01F0AFFE02F045
:1008A80031FA01F0C3FE01F0FFFE01F015FF02F07E
:1008B80063FA034808F0B6FDFEE700BF00ED00E06C
:1008C800F40C00202DE9F04F91B000240B940C9407
:1008D8000D940E940F94984BD3F8E02042F4807254
:1008E800C3F8E020D3F8E02002F480720092009A66
:1008F800D3F8E02042F48062C3F8E020D3F8E02087
:1009080002F480620192019AD3F8E02042F040029A
:10091800C3F8E020D3F8E02002F040020292029AE5
:10092800D3F8E02042F00802C3F8E020D3F8E02032
:1009380002F008020392039AD3F8E02042F0010281
:10094800C3F8E020D3F8E02002F001020492049AF0
:10095800D3F8E02042F01002C3F8E020D3F8E020FA
:1009680002F010020592059AD3F8E02042F0020244
:10097800C3F8E020D3F8E02002F002020692069ABB
:10098800D3F8E02042F40072C3F8E020D3F8E02066
:1009980002F400720792079AD3F8E02042F080022E
:1009A800C3F8E020D3F8E02002F080020892089A09
:1009B800D3F8E02042F00402C3F8E020D3F8E020A6
:1009C80002F004020992099AD3F8E02042F02002CA
:1009D800C3F8E020D3F8E03003F020030A930A9B21
:1009E800564E22464FF29051304605F055FBDFF83F
:1009F80060B12246FC21584605F04EFBDFF854A1B1
:100A0800224640F60801504605F046FBDFF84891BB
:100A180022464FF40041484605F03EFBDFF83C8192
:100A280022460421404605F037FB454F224644F252
:100A3800FF01384605F030FB22460821414805F001
:100A48002BFB4FF290530B9301250C950D940E94AC
:100A58000BA9304605F022FAFC230B930C950D9454
:100A68000E940BA9584605F019FA4FF430430B932E
:100A7800DFF8ECB0CDF830B00D940BA9384605F08E
:100A88000DFA40F608030B930C950D940E940BA9E0
:100A9800504605F003FA4FF400430B930C950D9460
:100AA8000E940BA9484605F0F9F904230B930C950D
:100AB8000D940E940BA9404605F0F0F944F2FF039B
:100AC8000B930C950D940E940BA9384605F0E6F996
:100AD8004FF4E0530B9302230C930D940E940A23C6
:100AE8000F930BA9184805F0D9F94FF400530B934D
:100AF8000C940D950BA9154805F0D0F94FF4006337
:100B08000B93CDF830B00D940BA9304605F0C6F91B
:100B180008230B930C950D940E940BA9094805F026
:100B2800BDF922462146282006F0B8F9282006F00B
:100B3800EBF911B0BDE8F08F0044025800200258CC
:100B480000240258001802580000025800080258F1
:100B580000280258000C0258001C025800100258C5
:100B68000000111100B58BB0002307930893099377
:100B780000930193029303930493059306932048EB
:100B8800204A026043608360C360042202610375E7
:100B980043750122826103774FF4A46141624FF4E7
:100BA80080618162C2620363436380F8383002F077
:100BB800DFFDE0B90023079307A9114802F010FFF1
:100BC800C0B9114B0093062301930023029340F20E
:100BD800FF7203920422049205938DF81930694636
:100BE800074802F09FFA40B90BB05DF804FBFFF725
:100BF80035FDDFE7FFF732FDE3E7FFF72FFDF3E70A
:100C080034000020002002400200300400B589B002
:100C18000023019302930393049305930693079388
:100C280019481A4A026043608360C3600422026163
:100C38000375437501228261037743628362C3624D
:100C48000363436380F8383002F092FDA8B9104B73
:100C5800019306230293002303930E4A049204226D
:100C6800059206938DF81D300DEB0201064802F03F
:100C780059FA28B909B05DF804FBFFF7EFFCE6E77D
:100C8800FFF7ECFCF6E700BF9800002000210240C7
:100C9800020030040000FF4700B589B0002301932B
:100CA8000293039304930593069307931B481C4AE6
:100CB800026043608360C360042202610375437568
:100CC8000122826103774FF4986242624FF4806296
:100CD8008262C3620363436380F8383002F048FDE0
:100CE800A8B9104B019306230293002303930E4ADD
:100CF80004920422059206938DF81D300DEB020133
:100D0800064802F00FFA28B909B05DF804FBFFF7AE
:100D1800A5FCE6E7FFF7A2FCF6E700BFFC00002011
:100D280000600258020030040000FF4730B591B05F
:100D380000230B930C930D930E930F930368914A22
:100D4800934208D0904A93427ED0904A934200F052
:100D5800D78011B030BD04468D4A13680133136043
:100D6800012B60D08B4BD3F8E02042F00402C3F88B
:100D7800E020D3F8E02002F004020192019AD3F8AF
:100D8800E02042F00102C3F8E020D3F8E02002F0AE
:100D980001020292029AD3F8E02042F00202C3F85C
:100DA800E020D3F8E03003F002030393039B0C2305
:100DB8000B9303250C950BA9774805F06FF80B9555
:100DC8000C9500250D950BA9744805F067F84FF0B0
:100DD8008071084606F03CF94FF00071084606F0AD
:100DE80037F96F486F4B0360092343608560C5601E
:100DF8004FF4806303614FF4805343614FF48043A1
:100E08008361C5610562456205F09EFAC8B9644B05
:100E1800E3649C6300221146122006F03FF812207A
:100E280006F072F895E75B4BD3F8D82042F0200221
:100E3800C3F8D820D3F8D83003F020030093009BE0
:100E480090E7FFF70BFCE2E7514A136801331360A0
:100E5800012B47D04F4BD3F8E02042F00402C3F8EF
:100E6800E020D3F8E02002F004020592059AD3F8B6
:100E7800E02042F00102C3F8E020D3F8E02002F0BD
:100E880001020692069AD3F8E02042F00202C3F863
:100E9800E020D3F8E03003F002030793079B0C230C
:100EA8000B9303240C940BA93B4804F0F7FF0B9415
:100EB8000C9400240D940BA9384804F0EFFF4FF070
:100EC8008071084606F0C4F84FF00071084606F035
:100ED800BFF822462146122005F0E0FF122006F056
:100EE80013F836E72B4BD3F8D82042F02002C3F88A
:100EF800D820D3F8D83003F020030493049BA9E743
:100F0800244BD3F8E02042F08072C3F8E020D3F8F5
:100F1800E02002F080720892089AD3F8E02042F0AC
:100F28002002C3F8E020D3F8E02002F02002099262
:100F3800099AD3F8E02042F00402C3F8E020D3F87D
:100F4800E03003F004030A930A9B4FF480630B9389
:100F580003240C940BA9144804F0A0FF04230B935A
:100F68000C9400230D930BA90B4804F097FF4FF046
:100F78008061084606F06CF84FF00061084606F0FC
:100F880067F8E6E6002002400021024000600258AF
:100F9800300000200044025800080258000402589B
:100FA80060010020700002400014025800B58BB0A8
:100FB8002422002101A809F049F81248124B0360C5
:100FC80006F008F9A8B900220192062302930392B9
:100FD80002230493059201A90A4806F00DF958B9AD
:100FE800102201A9074806F007F940B90BB05DF8CF
:100FF80004FBFFF733FBE6E7FFF730FBF0E7FFF70B
:101008002DFBF3E7D80100200074004010B588B02C
:101018000023039304930593069307930268324BC6
:101028009A4201D008B010BD0446304BD3F8E820EE
:1010380042F00052C3F8E820D3F8E82002F000524A
:101048000192019AD3F8E02042F00102C3F8E020AF
:10105800D3F8E03003F001030293029B302303939B
:101068000323049303A9224804F018FF2148224BC4
:10107800036043234360402383600023C3604FF42D
:10108800806202614FF4805242614FF48042826173
:10109800C3610362436205F057F9F0B9154BA360C9
:1010A8009C631648164B03604423436040238360C7
:1010B8000023C3604FF4806202614FF480524261A2
:1010C8004FF480428261C3610362436205F03CF9D8
:1010D80030B90A4BE3609C63A4E7FFF7BFFADDE78A
:1010E800FFF7BCFAF5E700BF00740040004402585F
:1010F80000000258EC010020400002406402002079
:101108005800024000B583B0134BD3F8D82042F002
:101118000102C3F8D820D3F8D83003F001030193B3
:10112800019B002211460D2005F0B8FE0D2005F0A8
:10113800EBFE002211460E2005F0B0FE0E2005F051
:10114800E3FE002211460F2005F0A8FE0F2005F04F
:10115800DBFE03B05DF804FB00440258F0B5B7B0FD
:10116800002331933293339334933593344B1B6874
:101178000BB137B0F0BD324B01221A60BC220021FE
:1011880002A808F063FF4FF08073029302A803F0EF
:1011980093FB002850D12B4BD3F8D42042F4805233
:1011A800C3F8D420D3F8D43003F480530193019BBF
:1011B80048F23713319302273297002633960325D6
:1011C80034950C24359431A91F4804F067FE4CF27D
:1011D80003733193329733963495359431A91B486C
:1011E80004F05CFE4FF63F03319332973396349503
:1011F800359431A9164804F051FE012331933297F2
:1012080033963495359431A9124804F047FE319449
:10121800329733963495359431A90F4804F03EFE41
:101228004FF680733193329733963495359431A9BC
:101238000A4804F033FE9CE7FFF710FAABE700BF5B
:10124800DC0200200044025800180258000C025822
:101258000014025800080258001C025800100258D6
:1012680000B589B000230193029303930493059377
:10127800069307931048114A02604360836008226E
:10128800C260102202614021416180218161C361F5
:10129800036243628362019202920392049205926E
:1012A8000692079201A906F0E3F810B909B05DF8B3
:1012B80004FBFFF7D3F9F9E7E002002040410052B0
:1012C80008B5FFF74BFF08BD10B5B6B004460021BE
:1012D80031913291339134913591BC2202A808F0B2
:1012E800B5FE22681A4B9A4201D036B010BD4FF0B5
:1012F8008053029302A803F0DFFA28BB154BD3F8FA
:10130800F02042F00052C3F8F020D3F8F02002F0A9
:1013180000520092009AD3F8E02042F00802C3F885
:10132800E020D3F8E03003F008030193019B102379
:10133800319302233293002233923492359331A9A8
:10134800054804F0ABFDD0E7FFF788F9D6E700BF02
:101358000074014000440258000C0258F0B589B0EE
:101368000023039304930593069307930268254B80
:101378009A4201D009B0F0BD234BD3F8E02042F0E7
:101388001002C3F8E020D3F8E02002F01002009227
:10139800009AD3F8E02042F00402C3F8E020D3F822
:1013A800E02002F004020192019AD3F8E02042F012
:1013B8004002C3F8E020D3F8E03003F04003029382
:1013C800029B02240394049406940325079503A919
:1013D8000E4804F063FDC027039704940026059681
:1013E80006950123079303A9094804F057FD0397BD
:1013F800049405960695079403A9064804F04EFD43
:10140800B8E700BF007401400044025800100258B9
:10141800000802580018025810B5A6B000242294FB
:101428002394249425941E941F9420942194542248
:10143800214609A808F00AFE2022214601A808F042
:1014480005FE5448544B03604460846006F0EEF98E
:1014580000287ED100214F4806F038FB00287BD1B8
:1014680000232293022223922493259322AA042163
:10147800484806F063FA002871D1464C012204213D
:10148800204606F049FB4FF6FD731E9300211F917D
:1014980005232093082321931EAA204606F034FA38
:1014A80000285FD1002109910A910B910C91012329
:1014B8000D930E910F911091119112911391149116
:1014C800159116911791189119911A911B911C91C8
:1014D8001D9109AA2F4806F06EFB002845D100236C
:1014E8001A9309AA04212B4806F065FB00283FD16E
:1014F80000210191029103910491059106910791B0
:10150800089101AB0122234806F08DFB98BB01AB83
:101518004FF4807204211F4806F085FB70BB01ABB5
:10152800022200211B4806F07EFB50BB01AB4FF4A2
:1015380000720421174806F076FB28BB1EAA042176
:10154800144806F0E1F910BB1248FFF707FF26B070
:1015580010BDFFF783F87DE7FFF780F880E7FFF716
:101568007DF88AE7FFF77AF89CE7FFF777F8B6E7A0
:10157800FFF774F8BCE7FFF771F8C8E7FFF76EF8F4
:10158800CDE7FFF76BF8D1E7FFF768F8D6E7FFF785
:1015980065F8D9E7140300200074014008B5124823
:1015A800124B0360124B4360002383600122C26028
:1015B800036143618361C361036205F053FD50B960
:1015C8000021094805F0ACFD40B90021064805F0A6
:1015D800D5FD30B908BDFFF741F8F1E7FFF73EF850
:1015E800F3E7FFF73BF8F5E7F00300200058004069
:1015F800CE9F900008B51248124B0360124B43600F
:10160800002383600122C260036143618361C36177
:10161800036205F027FD50B90021094805F080FD57
:1016280040B90021064805F0A9FD30B908BDFFF70B
:1016380015F8F1E7FFF712F8F3E7FFF70FF8F5E70A
:101648003C040020005C0040CE9F900008B5124882
:10165800124B0360124B4360002383600122C26077
:10166800036143618361C361036205F0FBFC50B908
:101678000021094805F054FD40B90021064805F04D
:101688007DFD30B908BDFEF7E9FFF1E7FEF7E6FF9B
:10169800F3E7FEF7E3FFF5E788040020001C005895
:1016A800CE9F9000F0B5BDB0044600213791389127
:1016B80039913A913B91BC2208A808F0C7FC2368ED
:1016C8005B4A934207D05B4A934235D05A4A9342C9
:1016D80064D03DB0F0BD0823089308A803F0ECF8E7
:1016E80038BB564CD4F8E03043F08003C4F8E030FF
:1016F800D4F8E03003F080030193019B3023379343
:10170800122338930123399300233A9304233B93FC
:1017180037A94B4804F0C2FBD4F8E83043F48003FF
:10172800C4F8E830D4F8E83003F480030293029B4D
:10173800CFE7FEF793FFD4E70823089308A803F040
:10174800BBF840BB3D4CD4F8E03043F08003C4F80C
:10175800E030D4F8E03003F080030393039B4FF4A8
:10176800C0733793122338930123399300233A9394
:1017780004233B9337A9324804F090FBD4F8E830AF
:1017880043F40003C4F8E830D4F8E83003F4000365
:101798000493049B9DE7FEF761FFD3E710230893AA
:1017A80008A803F089F800283FD1244CD4F8E03089
:1017B80043F00203C4F8E030D4F8E03003F0020349
:1017C8000593059BD4F8E03043F08003C4F8E0307B
:1017D800D4F8E03003F080030693069B4023379348
:1017E800122738970126399600253A9506233B9308
:1017F80037A9144804F052FB4FF4805337933897B5
:1018080039963A9504233B9337A90D4804F046FBD3
:10181800D4F8F43043F08003C4F8F430D4F8F4304A
:1018280003F080030793079B53E7FEF717FFBCE716
:1018380000580040005C0040001C0058004402585A
:10184800001C02580004025808B51748174B0360DB
:10185800174B436000238360C36003610C2242611D
:101868008361036243628362436606F0EAFD70B9EE
:1018780000210D4806F05DFE60B900210A4806F017
:101888007DFE50B9084806F035FE48B908BDFEF798
:10189800E5FEEDE7FEF7E2FEEFE7FEF7DFFEF1E734
:1018A800FEF7DCFEF2E700BFD4040020000C00586D
:1018B8002433030008B51748174B03604FF4E1338E
:1018C800436000238360C36003610C22426183612B
:1018D800C36103624362836206F0B3FD70B90021FD
:1018E8000C4806F026FE60B900210A4806F046FEBC
:1018F80050B9084806F0FEFD48B908BDFEF7AEFE2F
:10190800EDE7FEF7ABFEEFE7FEF7A8FEF1E7FEF71F
:10191800A5FEF2E7F4050020004C004008B5174882
:10192800174B03604FF4E133436000238360C360C7
:1019380003610C2242618361C36103624362836273
:1019480006F07FFD70B900210C4806F0F2FD60B981
:1019580000210A4806F012FE50B9084806F0CAFDF0
:1019680048B908BDFEF77AFEEDE7FEF777FEEFE728
:10197800FEF774FEF1E7FEF771FEF2E78406002039
:101988000078004008B51748174B03604FF4E1335F
:10199800436000238360C36003610C22426183615A
:1019A800C36103624362836206F04BFD70B9002194
:1019B8000C4806F0BEFD60B900210A4806F0DEFDBD
:1019C80050B9084806F096FD48B908BDFEF746FE2E
:1019D800EDE7FEF743FEEFE7FEF740FEF1E7FEF71F
:1019E8003DFEF2E714070020007C004008B51748C8
:1019F800174B03604FF4E133436000238360C360F7
:101A080003610C2242618361C36103624362036420
:101A180007F026F970B900210C4807F090F960B971
:101A280000210A4807F0AFF950B9084807F068F9EB
:101A380048B908BDFEF712FEEDE7FEF70FFEEFE727
:101A4800FEF70CFEF1E7FEF709FEF2E7A407002017
:101A58000010014008B51748174B03604FF4E133F5
:101A6800436000238360C36003610C224261836189
:101A7800C36103624362836206F0E3FC70B900212C
:101A88000C4806F056FD60B900210A4806F076FDBC
:101A980050B9084806F02EFD48B908BDFEF7DEFD2E
:101AA800EDE7FEF7DBFDEFE7FEF7D8FDF1E7FEF720
:101AB800D5FDF2E7640500200044004070B5C2B0CF
:101AC800044600213D913E913F9140914191BC22B5
:101AD8000EA808F0BBFA2368A64A934210D0A64A7B
:101AE800934256D0A54A934200F09C80A44A934260
:101AF80000F0C880A34A934200F00C8142B070BD48
:101B080004230E930EA802F0D7FE00283ED19E4B68
:101B1800D3F8F42042F00802C3F8F420D3F8F420F4
:101B280002F008020192019AD3F8E02042F0020282
:101B3800C3F8E020D3F8E02002F002020292029AF1
:101B4800D3F8E02042F00102C3F8E020D3F8E030F7
:101B580003F001030393039B80233D9302253E95E5
:101B680000243F944094082341933DA9874804F0FA
:101B780095F94FF400733D933E953F9440940323A9
:101B880041933DA9824804F089F9B7E7FEF766FD5D
:101B9800BDE702230E930EA802F08EFE00283ED168
:101BA800794BD3F8E82042F40022C3F8E820D3F8B0
:101BB800E82002F400220492049AD3F8E02042F0CC
:101BC8008002C3F8E020D3F8E02002F080020592FA
:101BD800059AD3F8E02042F00202C3F8E020D3F8D7
:101BE800E03003F002030693069B4FF480433D93D5
:101BF80002263E9600243F944094082541953DA92D
:101C0800644804F04BF94FF400733D933E963F94BB
:101C1800409441953DA95D4804F040F96EE7FEF710
:101C28001DFDBDE702230E930EA802F045FE30BB52
:101C3800554BD3F8E82042F08042C3F8E820D3F8A7
:101C4800E82002F080420792079AD3F8E02042F099
:101C58002002C3F8E020D3F8E03003F02003089313
:101C6800089BC0233D9302233E9300233F93409358
:101C7800072341933DA9484804F010F93EE7FEF7D1
:101C8800EDFCD5E702230E930EA802F015FE0028FE
:101C98003DD13D4BD3F8E82042F00042C3F8E8209C
:101CA800D3F8E82002F000420992099AD3F8E0201C
:101CB80042F01002C3F8E020D3F8E02002F010024E
:101CC8000A920A9AD3F8E02042F40072C3F8E0209E
:101CD800D3F8E03003F400730B930B9B01233D937F
:101CE80002263E9600243F944094082541953DA93C
:101CF8002A4804F0D3F84FF480733D933E963F94FE
:101D0800409441953DA9264804F0C8F8F6E6FEF748
:101D1800A5FCBEE702230E930EA802F0CDFD30BB52
:101D2800194BD3F8E82042F40032C3F8E820D3F87E
:101D3800E82002F400320C920C9AD3F8E02042F02A
:101D48000802C3F8E020D3F8E03003F008030D934D
:101D58000D9B60233D9302233E9300233F934093C2
:101D6800072341933DA90F4804F098F8C6E6FEF70B
:101D780075FCD5E7000C0058004C00400078004086
:101D8800007C00400044004000440258000402580F
:101D980000000258001C0258001402580010025893
:101DA80000240258000C025830B5B9B0044600218E
:101DB80033913491359136913791BC2204A808F0BB
:101DC80045F92268274B9A4201D039B030BD01232A
:101DD800049304A802F070FD00283FD1224BD3F8E9
:101DE800F02042F01002C3F8F020D3F8F02002F0FF
:101DF80010020192019AD3F8E02042F00102C3F8E0
:101E0800E020D3F8E02002F001020292029AD3F80F
:101E1800E02042F00202C3F8E020D3F8E03003F0FB
:101E280002030393039B4FF4807333930225349585
:101E38000024359436940723379333A90B4804F0CC
:101E48002DF84FF440433393349535943694042356
:101E5800379333A9064804F021F8B6E7FEF7FEFBEE
:101E6800BCE700BF001001400044025800000258BF
:101E78000004025808B50A480A4B0360002343606F
:101E88007F228260FF22C26003618361C361436174
:101E980006F0FEFF00B908BDFEF7E0FBFBE700BF58
:101EA800040800200040005810B5B0B00446BC2219
:101EB800002101A808F0CAF822680C4B9A4201D008
:101EC80030B010BD4FF4800301934FF400732D938D
:101ED80001A802F0F1FC28B9054A136F43F4004346
:101EE8001367EDE7FEF7BAFBF6E700BF00400058BE
:101EF8000044025808B51348134B03604FF480039D
:101F08004360002383600322C260036143614FF092
:101F1800005282614FF08042C26103624362836271
:101F2800C36242638363C363036443648364C364B7
:101F380003654365836506F0FFFF00B908BDFEF73A
:101F48008DFBFBE7280800200030014008B5134846
:101F5800134B03604FF48003436000238360032224
:101F6800C260036143614FF0005282614FF08042CA
:101F7800C261036243628362C36242638363C36371
:101F8800036443648364C36403654365836506F03F
:101F9800D3FF00B908BDFEF761FBFBE7B0080020DE
:101FA8000038004008B51348134B03604FF4800312
:101FB8004360002383600322C260036143614FF0E2
:101FC80080628261C361036243628362C3624FF0CD
:101FD800804242638363C363036443648364C3646A
:101FE80003654365836506F0A7FF00B908BDFEF7E2
:101FF80035FBFBE7380900200050014008B51348BD
:10200800134B03604FF48003436000238360032273
:10201800C260036143614FF080628261C361036201
:1020280043628362C3624FF0804242638363C36347
:10203800036443648364C36403654365836506F08E
:102048007BFF00B908BDFEF709FBFBE7C0090020CC
:102058000014005870B5C0B0044600213B913C9173
:102068003D913E913F91BC220CA807F0EFFF2368F9
:102078008D4A93420BD08D4A934251D08C4A934259
:102088007FD08C4A934200F0DC8040B070BD4FF4A2
:1020980080530C930CA802F00FFC00283DD1864B0E
:1020A800D3F8F02042F48052C3F8F020D3F8F0209F
:1020B80002F480520192019AD3F8E02042F04002E3
:1020C800C3F8E020D3F8E02002F040020292029A1E
:1020D800D3F8E02042F00802C3F8E020D3F8E0305B
:1020E80003F008030393039B4FF460633B930226BA
:1020F8003C9600243D943E9405253F953BA96F48A6
:1021080003F0CCFE80233B933C963D943E943F9550
:102118003BA96B4803F0C2FEB7E7FEF79FFABEE79C
:102128004FF480530C930CA802F0C6FB30BB624BF3
:10213800D3F8E82042F48042C3F8E820D3F8E82036
:1021480002F480420492049AD3F8E02042F48072A8
:10215800C3F8E020D3F8E03003F480730593059BBF
:102168000F233B9302233C9300233D933E93052387
:102178003F933BA9534803F091FE86E7FEF76EFABA
:10218800D5E74FF400530C930CA802F095FB0028F8
:1021980054D1494BD3F8F02042F48012C3F8F02010
:1021A800D3F8F02002F480120692069AD3F8E020C1
:1021B80042F48062C3F8E020D3F8E02002F48062A1
:1021C8000792079AD3F8E02042F02002C3F8E020F3
:1021D800D3F8E02002F020020892089AD3F8E02011
:1021E80042F40072C3F8E020D3F8E03003F400733F
:1021F8000993099B01233B9302263C9600243D94B6
:102208003E9405253F953BA92F4803F047FE4FF420
:1022180080733B933C963D943E943F953BA92B4855
:1022280003F03CFE4FF480633B933C963D943E9410
:102238003F953BA9264803F031FE26E7FEF70EFA44
:10224800A7E74FF480430C930CA802F035FB38BB8A
:10225800194BD3F8F42042F02002C3F8F420D3F845
:10226800F42002F020020A920A9AD3F8E02042F001
:102278004002C3F8E020D3F8E03003F040030B93AA
:102288000B9B4FF4E0433B9302233C9300233D9385
:102298003E9305233F933BA9084803F0FFFDF4E66E
:1022A800FEF7DCF9D4E700BF0030014000380040F9
:1022B8000050014000140058004402580018025809
:1022C800000C025800200258002802580014025836
:1022D8000024025800B589B000230493059306939F
:1022E80007930193029303931648174A026040F23A
:1022F8005722426083600922C2600361436183619F
:1023080007F028FAA0B94FF48053049304A90D48A4
:1023180007F09AFC78B920230193002302930393D2
:1023280001A9084807F08AFD40B909B05DF804FB27
:10233800FEF794F9E7E7FEF791F9ECE7FEF78EF977
:10234800F3E700BF480A00200000014000B58DB047
:102358000023089309930A930B9305930693079315
:1023680001930293039304932048214A026040F6A4
:10237800C3124260836040F6B732C26003618023B3
:10238800836107F0E7F910BB4FF48053089308A95D
:10239800164807F059FCE8B9144807F03BFAE0B9C9
:1023A80000230593079305A9104807F047FDB8B91E
:1023B800002301930122029203930493082201A9A6
:1023C8000A4807F0D9FB70B90DB05DF804FBFEF7B9
:1023D80045F9D9E7FEF742F9DEE7FEF73FF9DFE70F
:1023E800FEF73CF9E4E7FEF739F9EDE7F40C0020D5
:1023F8000008004000B58DB02422002103A807F092
:1024080025FE00230093019302931148114A0260AC
:10241800436083604FF0FF32C26003618361012330
:1024280003930593099303A907F024FA50B90023ED
:10243800009302936946064807F000FD28B90DB0DD
:102448005DF804FBFEF70AF9F1E7FEF707F9F6E78E
:10245800400D0020000C004000B585B0002301931A
:10246800029303930E480F4A0260436083604FF65D
:10247800FF72C260836107F06DF950B900230193C0
:10248800039301A9064807F0D9FC28B905B05DF8FF
:1024980004FBFEF7E3F8F1E7FEF7E0F8F6E700BF24
:1024A8008C0D00200010004000B585B0002301937A
:1024B800029303930E480F4A0260436083604FF60D
:1024C800FF72C260836107F045F950B90023019398
:1024D800039301A9064807F0B1FC28B905B05DF8D7
:1024E80004FBFEF7BBF8F1E7FEF7B8F8F6E700BF24
:1024F800D80D00200014004000B58DB02422002122
:1025080003A807F0A3FD0023009301930293124848
:10251800124A0260436083604FF6FF72C260036133
:1025280043618361012303930593099303A907F08A
:10253800A1F958B90023009301930293694606480C
:1025480007F07CFC28B90DB05DF804FBFEF786F8AF
:10255800F0E7FEF783F8F6E7240E002000040140B8
:1025680000B58BB00023059306930793089309934E
:1025780001930293039304931E481F4A0260436029
:1025880083604FF6FF72C2600361836107F042F90E
:1025980020BB042305935023069300230793089335
:1025A800099305A9134807F01FFCD0B9002201922E
:1025B800012302930392049201A90E4807F0DCFA62
:1025C80090B902230193029304220DEB02010948FA
:1025D80007F0D2FA58B90BB05DF804FBFEF73EF8E5
:1025E800D7E7FEF73BF8E1E7FEF738F8E9E7FEF74B
:1025F80035F8F0E7940A00200018004008B50948AB
:10260800094B03600023436083604FF6FF72C2608A
:102618000361836107F09EF800B908BDFEF71EF854
:10262800FBE700BFE00A0020001C004000B589B0AD
:10263800002305930693079301930293039304934E
:102648001748184A0260436083604FF6FF72C26001
:1026580003614361836107F0DDF8B8B9002305938E
:10266800079305A90E4807F0E9FB90B900230193E9
:10267800012202920393049304220DEB02010848FD
:1026880007F07AFA40B909B05DF804FBFDF7E6FFF8
:10269800E4E7FDF7E3FFE9E7FDF7E0FFF3E700BF55
:1026A800780B00200040014008B50948094B036039
:1026B8000023436083604FF6FF72C2600361436189
:1026C800836107F047F800B908BDFDF7C7FFFBE7CE
:1026D800C40B00200044014008B50948094B0360B9
:1026E8000023436083604FF6FF72C2600361436159
:1026F800836107F02FF800B908BDFDF7AFFFFBE7CE
:10270800100C00200048014000B58FB00023099349
:102718000A930B930C930D930368594A934224D060
:10272800584A934237D0584A934260D0574A934206
:102738006DD0574A934278D0564A934200F083802E
:10274800554A934200F08D80544A93425CD1544BD1
:10275800D3F8F02042F48022C3F8F020D3F8F03008
:1027680003F480230893089B4EE04D4BD3F8F020E8
:1027780042F00102C3F8F020D3F8F03003F001036F
:102788000093009B00221146192004F087FB1920B2
:1027980004F0BAFB38E0424BD3F8E82042F00402D8
:1027A800C3F8E820D3F8E82002F004020192019A65
:1027B800D3F8E02042F00202C3F8E020D3F8E0307A
:1027C80003F002030293029B4FF4807309930223E0
:1027D8000A930D9309A9334803F060FB00221146C0
:1027E8001E2004F05BFB1E2004F08EFB0CE02C4B3B
:1027F800D3F8E82042F01002C3F8E820D3F8E83014
:1028080003F010030393039B0FB05DF804FB244B04
:10281800D3F8E82042F02002C3F8E820D3F8E830E3
:1028280003F020030493049BEEE71D4BD3F8E82044
:1028380042F08002C3F8E820D3F8E83003F08003C0
:102848000593059BE0E7164BD3F8E82042F4807225
:10285800C3F8E820D3F8E83003F480730693069BA6
:10286800D2E70F4BD3F8F02042F40032C3F8F0203F
:10287800D3F8F03003F400330793079BC4E700BF95
:102888000000014000080040001000400014004013
:10289800001C004000200040004401400048014066
:1028A800004402580004025830B58DB00023079345
:1028B800089309930A930B930368B3F1804F07D0E9
:1028C800444A93423FD0444A93425FD00DB030BD52
:1028D800424BD3F8E82042F00102C3F8E820D3F8CD
:1028E800E82002F001020092009AD3F8E02042F0BA
:1028F8000102C3F8E020D3F8E02002F001020192BF
:10290800019AD3F8E02042F00202C3F8E020D3F89D
:10291800E03003F002030293029B0124079402258E
:1029280008950B9407A92E4803F0B8FA4FF4806372
:1029380007930895002309930A930B9407A929483C
:1029480003F0ACFAC2E7254BD3F8E82042F0400286
:10295800C3F8E820D3F8E82002F040020392039A73
:10296800D3F8E02042F08002C3F8E020D3F8E0304A
:1029780003F080030493049B4023079302230893E6
:102988000B9307A9184803F089FA9FE7134BD3F86C
:10299800F02042F48032C3F8F020D3F8F02002F49B
:1029A80080320592059AD3F8E02042F01002C3F86D
:1029B800E020D3F8E03003F010030693069B402391
:1029C80007930223089304230B9307A9074803F0EE
:1029D80065FA7BE7001800400040014000440258B7
:1029E8000000025800040258001C02580010025847
:1029F80002680A4B9A4200D0704782B0084BD3F85D
:102A0800E82042F00202C3F8E820D3F8E83003F0E7
:102A180002030193019B02B0704700BF000400400D
:102A28000044025800B58BB0002305930693079322
:102A3800089309930368284A934205D0274A93428A
:102A480026D00BB05DF804FB254BD3F8E82042F004
:102A58000802C3F8E820D3F8E82002F0080201923F
:102A6800019AD3F8E02042F08002C3F8E020D3F8BE
:102A7800E03003F080030293029B4FF44063059318
:102A880002230693099305A9164803F007FAD8E725
:102A9800134BD3F8F02042F00202C3F8F020D3F829
:102AA800F02002F002020392039AD3F8E02042F4E5
:102AB8008072C3F8E020D3F8E03003F48073049305
:102AC800049B60230593022306930323099305A916
:102AD800054803F0E3F9B4E7000C004000040140A6
:102AE80000440258001C02580020025800B589B062
:102AF8000023039304930593069307930368B3F1A4
:102B0800804F08D0284A93421DD0284A934231D09A
:102B180009B05DF804FB264BD3F8E02042F001022F
:102B2800C3F8E020D3F8E03003F001030093009BE2
:102B380008230393022304930123079303A91D4841
:102B480003F0ACF9E4E71A4BD3F8E02042F00102B5
:102B5800C3F8E020D3F8E03003F001030193019BB0
:102B68004023039302230493079303A9114803F016
:102B780095F9CDE70E4BD3F8E02042F02002C3F8D8
:102B8800E020D3F8E03003F020030293029B4FF4D7
:102B980000730393022304930923079303A90648A8
:102BA80003F07CF9B4E700BF0004004000200040B7
:102BB80000440258000002580014025800B58FB0B3
:102BC80000230B930C930D930793089309930A938F
:102BD8000093019302930393049305930693284863
:102BE8004FF080420260436083604FF0FF32C26062
:102BF8000361836106F00EFE00282FD1204806F0FD
:102C0800D9FD00282DD100230B930D930BA91C4847
:102C180007F014F940BB0022079201230893099298
:102C28000A9207A9164806F0A7FF00BB082207A9C1
:102C3800134806F0A1FFE8B960230093002301932D
:102C4800029304930C2269460D4806F0B7FEA0B91A
:102C58000B48FFF74BFF0FB05DF804FBFDF7FEFCD8
:102C6800CCE7FDF7FBFCCEE7FDF7F8FCD3E7FDF773
:102C7800F5FCDBE7FDF7F2FCDEE7FDF7EFFCE7E745
:102C88005C0C002000B58BB00023079308930993D0
:102C980000930193029303930493059306931748B3
:102CA800174A0260436083604FF6FF72C260036197
:102CB800836106F07FFDC0B900230793099307A934
:102CC8000E4807F0BBF898B96023009300220192E0
:102CD800029204926946094806F070FE58B90748FE
:102CE800FFF704FF0BB05DF804FBFDF7B7FCE3E763
:102CF800FDF7B4FCE8E7FDF7B1FCF0E7A80C00200D
:102D08000004004000B589B00023019302930393A7
:102D180004930593069307931548164A0260436087
:102D280083604FF6FF72C2600361836106F012FD93
:102D3800A0B90F4806F03EFD98B960230193002220
:102D480002920392059201A9094806F037FE58B984
:102D58000748FFF7CBFE09B05DF804FBFDF77EFCE2
:102D6800E7E7FDF77BFCE8E7FDF778FCF0E700BF55
:102D78002C0B0020002000407047FEE7FEE7FEE72E
:102D8800FEE7FEE770477047704708B504F034F96E
:102D980008BD000008B5024803F0A8FC08BD00BF44
:102DA800EC01002008B5024803F0A0FC08BD00BFF4
:102DB8006402002008B5024803F098FC08BD00BF73
:102DC8006001002008B5034800F040F8024800F010
:102DD8003DF808BD340000209800002008B50248DE
:102DE80006F068FB08BD00BF480A002008B5024885
:102DF80006F060FB08BD00BFF40C002008B54FF4D6
:102E0800006003F058F94FF4805003F054F94FF480
:102E1800005003F050F94FF4004003F04CF908BD9E
:102E280082B0074BD3F8F42042F00202C3F8F42032
:102E3800D3F8F43003F002030193019B02B070470A
:102E4800004402587047704770470000F8B50446C0
:102E580003681D685E689649964A934218BF8B427C
:102E680040D1954B9F6807F01F0715F0020F10D04F
:102E780016F0020F0DD0636D13F0100F03D1636DC0
:102E880043F400636365204600F0A8FD236802222E
:102E98001A6015F0040F02D016F0040F05D115F0D2
:102EA800080F4FD016F0080F4CD0636D13F0100FB9
:102EB80003D1636D43F4007363652368DA6812F421
:102EC800406F39D17B4A93420ED01A4693420ED0B6
:102ED800052F14BF002101214FB141B9092F06D098
:102EE800D26805E0754BBDE7A2F58072EEE7DA68B7
:102EF80012F4005F20D11A6812F0080F1CD09A68EB
:102F080012F0040F10D15A6822F00C025A60636D57
:102F180023F480736365636D13F4805F0CD1636D74
:102F280043F00103636507E0636D43F010036365D5
:102F3800A36D43F00103A3652046FFF783FF2368D1
:102F48000C221A6015F0200F02D016F0200F05D1C0
:102F580015F0400F63D016F0400F60D0636D13F08A
:102F6800100F03D1636D43F4005363652368DA6C73
:102F780012F4C07F19D10121DA6812F4406F16D11A
:102F880001204C4A934214D01A46934214D0062F7B
:102F980014BF4FF0000C4FF0010C6FB1BCF1000FE3
:102FA8000AD1072F08D0D26807E00021E4E7002003
:102FB800E7E7A2F58072E8E7DA6831B912F0007F36
:102FC80027D130B312F4005F23D1196811F0400FF4
:102FD8001FD012F4001F1CD19A6812F0080F10D1EC
:102FE8005A6822F060025A60636D23F48053636567
:102FF800636D13F4807F0CD1636D43F00103636547
:1030080007E0636D43F010036365A36D43F00103AC
:10301800A365204600F0DEFC236860221A6015F0E4
:10302800800F02D016F0800F36D115F4807F02D0C1
:1030380016F4807F44D115F4007F02D016F4007F87
:103048004AD115F0100F20D016F0100F1DD0236BA9
:103058006BB1002F4ED023681549164A934218BF0A
:103068008B4245D1144B9B6813F4404F0AD0636DD3
:1030780043F480636365A36D43F00203A3652046B0
:10308800FFF7E2FE236810221A6015F4806F02D061
:1030980016F4806F34D1F8BD636D43F480336365F3
:1030A8002046FFF7D0FE236880221A60BDE700BFE4
:1030B8000020024000210240002302400063025821
:1030C800636D43F400336365204600F085FC236894
:1030D8004FF480721A60AEE7636D43F48023636532
:1030E800204600F07AFC23684FF400721A60A8E7C3
:1030F8000B4BB8E72368DB6813F0030FC2D0B6E7C1
:10310800636D43F480436365A36D43F00803A365CF
:1031180023684FF480621A60204600F05CFCBAE72E
:1031280000630258F0B583B00022019290F8502055
:10313800012A00F055820346012280F850200068D9
:10314800826812F0040F09D05A6D42F020025A65C5
:103158000120002283F8502003B0F0BD0A68C2F3B2
:103168001304002C4ED1C2F3846201249440C26936
:103178002243C2611D684C683035220A920002F071
:103188000C02A85804F01F0E1F2404FA0EF420EABB
:1031980004000C68C4F3846C0CFA0EFC40EA0C00C2
:1031A800A8501C68A26812F0040200D00122A0688E
:1031B80010F0080000D0012002432FD01868826860
:1031C80012F0010F40F008820A68CD68D0F8C040BC
:1031D800C2F3130624EA060405F0180CB24D25FACA
:1031E8000CF52A40C2F313022243C0F8C020C86875
:1031F800AE4A904200F0B0800A68002AC0F26B81A3
:103208000020A6E792FAA2F232B1B2FA82F202F0F4
:103218001F0201249440AAE72022F8E70F688D686E
:103228001434780E800000F004002658C7F3045EBA
:103238004FF0070C0CFA0EFC26EA0C0C05FA0EF5FA
:103248004CEA050525509A48006800F07040B0F136
:10325800805F0BD01C68E06810F0100F39D1486906
:10326800E468C4F382046400A04006E048691C686E
:10327800E468C4F382046400A0400D69042D36D0CC
:103288001F680E68603757F8254004F0004406F0C0
:10329800F8463043204347F8250018680E694C7EED
:1032A800012C1ED01546603050F8264024F000440A
:1032B8002C4340F826401D680C69087E012813D06D
:1032C800286920F4F04004F01F04A24002432A6158
:1032D80074E74869E468A40804F004046400A040A2
:1032E800CBE74FF00045DEE74FF40062E8E71868E7
:1032F800026E02F0F8420C68B2EB846F1DD01868B9
:10330800426E02F0F8420C68B2EB846F1AD018686B
:10331800826E02F0F8420C68B2EB846F17D018681E
:10332800C26E02F0F8420C68B2EB846F7FF446AFCD
:10333800C26E22F00042C26640E7026E22F00042EE
:103348000266DCE7426E22F000424266DFE7826EE8
:1033580022F000428266E2E71C680A68C2F313059D
:10336800002D34D1900E013000F01F0009288CBFC9
:1033780000200120002861D0002D37D1900E0130A7
:10338800800600F0F840002D3CD1960E013606F07C
:103398001F070126BE403043002D41D1920E013255
:1033A80002F01F0202EB420212050243886814343D
:1033B800550EAD0005F004056659C2F304520727FF
:1033C800974026EA070690403043605114E792FA86
:1033D800A2F048B1B0FA80F0013000F01F000928CF
:1033E8008CBF00200120C5E72020F5E792FAA2F063
:1033F80030B1B0FA80F00130800600F0F840C2E742
:103408002020F8E792FAA2F646B1B6FA86F6013617
:1034180006F01F06012707FA06F6BCE72026F6E79E
:1034280092FAA2F242B1B2FA82F2013202F01F021B
:1034380002EB42021205B8E72022F6E7CDB9900E5A
:103448000130800600F0F840FDB9960E013606F00E
:103458001F070126BE40304365BB920E013202F0C1
:103468001F0202EB42021E3A120542F000720243AA
:103478009CE792FAA2F030B1B0FA80F001308006F1
:1034880000F0F840E0E72020F8E792FAA2F646B10B
:10349800B6FA86F6013606F01F06012707FA06F681
:1034A800D9E72026F6E700BFFFFF0F000000FF471F
:1034B8000010005C92FAA2F25AB1B2FA82F201321A
:1034C80002F01F0202EB42021E3A120542F000729D
:1034D800CDE72022F3E719684248434CA14218BFC0
:1034E80081420CBF0120002021D1404EB56805F073
:1034F800E077F0B13B48806810F0010000D001206F
:10350800394CA46814F0010400D0012420430CBFF6
:1035180001200020002859D03548824212D0354871
:10352800824231D0344882423FD0002011E6334EE7
:10353800DCE73348806810F0010000D0012080F0FB
:103548000100E7E715F4000FE9D12D4A914201D0B7
:103558000020FEE547F40002B16821F0E0710A435B
:10356800B260284A126892092749A1FB02129209FF
:1035780001325200019202E0019A013A0192019A45
:10358800002AF9D10020E4E515F0807FCAD11C4A51
:10359800914201D00020DCE547F08072B16821F04B
:1035A800E0710A43B2600020D3E515F4800F15D10D
:1035B800134A914201D00020CBE547F48002B1685C
:1035C80021F0E0710A43B2600020C2E55A6D42F072
:1035D80020025A650120BCE50020BAE50020B8E5C4
:1035E8000220B9E5002002400021024000230240E9
:1035F800000084CB000052C70000B8CF0063025817
:103608000060025808000020632D3E0538B50446C6
:1036180003684F494F4A934218BF8B4223D14E4B00
:103628009B6813F4403F14BF012300234BB300F001
:10363800F1FF05466368B3F5003F1CD0B3F5403F82
:103648001DD0B3F5803F16D003F0FCFC41F2030314
:10365800984257D8414B9D424ED92268936843F40B
:103668008073936038BD3E4B9B6813F4403F14BF92
:1036780001230023DAE71B0CB5FBF3F5E4E7850823
:10368800E2E74FF4002002F0FFF805466368B3F55F
:10369800101F2DD022D8B3F5E01F27D004D9B3F5D9
:1036A800001FD1D14509CFE7B3F5801F0DD006D94A
:1036B800B3F5A01F09D0B3F5C01F06D0C4E7B3F512
:1036C800002F02D0B3F5402F04D19B0C5B00B5FB53
:1036D800F3F5B9E7B3F5802FF7D0B5E7B3F5201FB9
:1036E80008D0B3F5301FAFD1050AADE70509ABE740
:1036F8008509A9E7C509A7E72268936823F48073B9
:103708009360AFE7174B9D4205D82268936823F46E
:1037180040739360A6E7144B9D4207D822689368CC
:1037280023F4407343F4807393609BE70F4B9D42EF
:1037380007D82268936823F4407343F400739360B6
:1037480090E72268936843F4407393608AE700BF68
:10375800002002400021024000230240002D3101D8
:103768000063025821BCBE0041787D0181F0FA0255
:1037780030B583B000230193002800F0108104467F
:10378800436DEBB123689A6812F0005F03D0996823
:10379800844A0A409A6023689A6812F0805F1CD1B4
:1037A8009968814A0A4042F080529A607F4B1B68B0
:1037B8009B097F4AA2FB03239B090133019309E07C
:1037C800FDF7B4FA0023A36584F85030DAE7019BCB
:1037D800013B0193019B002BF9D12268936813F0F8
:1037E800805F40F09C80636D43F010036365A36DB8
:1037F80043F00103A3650125936813F0040300D087
:103808000123616D11F0100F40F0C180002B40F0D2
:10381800BE80636D23F4817343F00203636593688C
:1038280013F0010F21D16349634B9A4218BF8A42B2
:103838000CBF0122002274D18B6813F0010300D061
:1038480001235D49896811F0010100D001210B4372
:103858000CBF0123002343B1002A6BD0574963688A
:103868008A6822F47C1213438B6003F0EBFB41F26D
:103878000303984202D9A368102B5DD0627D236BA5
:1038880043EA4233A2681343227F43EA0243227F7A
:10389800012A5CD0626A22B102F47872A16A0A43F2
:1038A80013432168C868464A02401343CB60216825
:1038B8008B6813F0040300D001238A6812F0080211
:1038C80000D0012213431BD1227DE36A43EA8232EE
:1038D800C8683C4B03401343CB6094F83830012B45
:1038E8003AD02268136923F001031361226813692F
:1038F80023F07043616B0B4313612046FFF786FE8C
:10390800E368012B3AD02268136B23F00F0313638B
:10391800636D23F0030343F0010363653CE0002576
:103928006AE7294B9B6813F0010300D0012383F059
:10393800010390E7254992E7617D226B42EA413213
:103948001343227F43EA024343F00C039FE7226AB2
:10395800013A43EA42439DE7206802691C4B134041
:10396800E26B511E226C42EA0142616C0A43A16C6F
:103978000A43134343F001030361B7E721680B6B64
:1039880023F00F03A269013A13430B63C0E7636D89
:1039980043F0100363650125284603B030BD0125B7
:1039A800FAE700BFC0FFFF5FC0FFFF6F08000020FD
:1039B800632D3E0500200240002102400023024002
:1039C80003C0F0FFFCBFFFFF00600258006302580D
:1039D8001EF800FC7047704770477047704700003A
:1039E80090F85020012A00F0A18030B49AB0034624
:1039F800012280F8502000221692179200684C4A43
:103A0800904242D000220192019A002A41D0926845
:103A180012F0040200D00122846814F0040F76D159
:103A2800002A74D1424C434A904218BFA04239D16F
:103A380002F50072086800283FD0906820F44040E2
:103A48004C68204390601868394D3A4CA04218BF22
:103A5800A84229D1A86810F0010000D00120354CF7
:103A6800A46814F0010400D0012420430CBF0120F5
:103A78000020002856D094682F4820400C68896898
:103A8800214308439060002046E002F580720192CD
:103A9800BAE75A6D42F020025A65002283F8502096
:103AA80001203CE0254AC5E72548806810F0010060
:103AB80000D0012080F00100DBE7916821F440414B
:103AC800916019681A4C1B48814218BFA14215D150
:103AD800A16811F0010100D001211648806810F09A
:103AE800010000D0012001430CBF01210021D9B100
:103AF800906811490140916000200DE010498968E3
:103B080011F0010100D0012181F00101EFE75A6DA8
:103B180042F020025A650120002283F850201AB092
:103B280030BC70470020F7E70020F5E70220704717
:103B38000020024000210240E0F0FFFF006302582D
:103B480000600258002800F0028338B50446036874
:103B580013F0010F25D09C4A136903F03803926AC9
:103B6800102B15D0182B0FD06368B3F5803F3FD0CA
:103B7800002B53D1944B1A6822F480321A601A68C9
:103B880022F480221A6038E002F00302022AEBD104
:103B98008D4B1B6813F4003F03D06368002B00F0C3
:103BA800D882236813F0020F00F08B80864A1369CD
:103BB800926A13F038035AD0182B55D0E368002BBB
:103BC80000F0C88080490A6822F0190213430B608C
:103BD80003F01EFA05467C4B1B6813F0040F40F0F7
:103BE800978003F015FA401B0228F4D90320B7E2A6
:103BF800754A136843F48033136063682BB303F08A
:103C080007FA0546704B1B6813F4003FC9D103F04F
:103C1800FFF9401B6428F5D90320A1E2B3F5A02FD2
:103C280009D0694B1A6822F480321A601A6822F4A3
:103C380080221A60E1E7644B1A6842F480221A6015
:103C48001A6842F480321A60D7E703F0E1F90546B2
:103C58005D4B1B6813F4003FA3D003F0D9F9401B58
:103C68006428F5D903207BE212F0030FA6D1564B46
:103C78001B6813F0040F03D0E368002B00F06B827D
:103C880003F0E0F941F20303984212D82269402A6E
:103C980007D04D494B6823F47C3343EA02334B6029
:103CA8000FE0494A536823F47C3343F400335360EC
:103CB80007E0454A536823F0FE43216943EA01635C
:103CC8005360236813F0100F00F088803E4A136990
:103CD80003F03803926A082B54D0182B4ED0E369AE
:103CE800002B00F0B880384A136843F08003136053
:103CF80003F08EF90546344B1B6813F4807F40F0BF
:103D0800888003F085F9401B0228F4D9032027E2B4
:103D180003F098F941F20303984212D82269402A25
:103D280007D029494B6823F47C3343EA02334B60BC
:103D3800C7E7254A536823F47C3343F400335360C0
:103D4800BFE7214A536823F0FE43216943EA016330
:103D58005360B6E71C4A136823F00103136003F0AD
:103D680057F90546184B1B6813F0040FA9D003F048
:103D78004FF9401B0228F5D90320F1E102F00302B4
:103D8800012AACD1104B1B6813F4807F03D0E36980
:103D9800802B40F0E28103F055F941F20303984289
:103DA80014D8226A202A07D007494B6823F0F84321
:103DB80043EA82634B6011E0034A536823F0F843F7
:103DC80043F08043536009E0004402589A4AD3689C
:103DD80023F07C53216A43EA0163D360236813F01C
:103DE800080F60D06369002B49D0934A536F43F0A2
:103DF8000103536703F00CF905468F4B5B6F13F013
:103E0800020F50D103F004F9401B0228F5D9032012
:103E1800A6E103F017F941F20303984212D8226A87
:103E2800202A07D084494B6823F0F84343EA826389
:103E38004B60D3E7804A536823F0F84343F080434C
:103E48005360CBE77C4AD36823F07C53216A43EA6A
:103E58000163D360C2E7784A136823F080031360D4
:103E680003F0D6F80546744B1B6813F4807FB5D071
:103E780003F0CEF8401B0228F5D9032070E16E4A02
:103E8800536F23F00103536703F0C2F805466A4BEA
:103E98005B6F13F0020F06D003F0BAF8401B02283C
:103EA800F5D903205CE1236813F0200F29D0A3691A
:103EB8009BB1614A136843F48053136003F0A8F878
:103EC80005465D4B1B6813F4005F1AD103F0A0F898
:103ED800401B0228F5D9032042E1574A136823F40E
:103EE8008053136003F094F80546534B1B6813F492
:103EF800005F06D003F08CF8401B0228F5D9032098
:103F08002EE1236813F0040F21D1636A002B00F01F
:103F18002681494A126902F03802182A00F0EE8018
:103F2800022B75D0444A136823F08073136003F0A2
:103F38006FF80446404B1B6813F0007F00F0DC80EC
:103F480003F066F8001B0228F4D9032008E13B4A75
:103F5800136843F48073136003F05AF80546374B2F
:103F68001B6813F4807F06D103F052F8401B6428C5
:103F7800F5D90320F4E0A368012B0AD00BBB2E4B24
:103F88001A6F22F001021A671A6F22F004021A67E8
:103F980004E0294A136F43F001031367A36833B39E
:103FA80003F036F80546244B1B6F13F0020FACD113
:103FB80003F02EF8401B41F288339842F3D90320CE
:103FC800CEE0052B09D01C4B1A6F22F001021A67AC
:103FD8001A6F22F004021A67E0E7174B1A6F42F0D3
:103FE80004021A671A6F42F001021A67D6E703F053
:103FF8000FF80546104B1B6F13F0020F85D003F026
:1040080007F8401B41F288339842F3D90320A7E010
:10401800094A136823F08073136002F0F9FF05461C
:10402800054B1B6813F0007F0AD002F0F1FF401B1C
:104038000228F5D9032093E00044025800480258AA
:104048004F4B996A4F4A0A40A16AE06A41EA001157
:104058000A439A62226B013AC2F30802616B013982
:10406800490289B20A43A16B0139090401F4FE012E
:104078000A43E16B0139090601F0FE410A431A635C
:10408800DA6A22F00102DA62596B3F4A0A40A16CEF
:1040980042EAC1025A63DA6A22F00C02216C0A432E
:1040A800DA62DA6A22F00202616C0A43DA62DA6AD8
:1040B80042F48032DA62DA6A42F40032DA62DA6AA8
:1040C80042F48022DA62DA6A42F00102DA621A689D
:1040D80042F080721A6002F09BFF0446284B1B686E
:1040E80013F0007F06D102F093FF001B0228F5D9D8
:1040F800032035E0002033E0002031E0204A916AB7
:10410800106B012B2DD001F00303A26A93422AD130
:10411800C1F30511E36A994227D1C0F30802236B62
:10412800013B9A4223D1C0F34622636B013B9A427A
:104138001FD1C0F30642A36B013B9A421BD1C0F3C7
:104148000660E36B013B984217D1002008E001208C
:104158007047012004E0012002E0012000E0002077
:1041680038BD0120FCE70120FAE70120F8E701202B
:10417800F6E70120F4E70120F2E70120F0E700BFAD
:10418800004402580CFCFFFF0700FFFF744B1B693B
:1041980003F03803102B00F0DE80182B10D00BB181
:1041A800704870476E4B1B6813F0200F00F0D580E5
:1041B8006B4B1868C0F3C1006B4B23FA00F07047D3
:1041C80010B4674A916A01F00301946AC4F30510B8
:1041D800D36A03F0010C536BC3F3CC030CFB03F35A
:1041E80007EE903AF8EE677A14F47C7F00F093803B
:1041F800012965D0022900F09180E1B107EE100A8B
:10420800F8EE476A9FED596A86EE267A544B1B6B87
:10421800C3F3080306EE903AF8EE666A9FED546A17
:1042280067EE867A76EEA77AF7EE006A77EEA67AD8
:1042380027EE277A60E0136813F0200F23D0114689
:104248001268C2F3C102484BD34007EE103AF8EEA9
:10425800476A07EE100AB8EE476A86EE867A0B6B55
:10426800C3F3080306EE903AF8EE666A9FED406ADB
:1042780067EE867A76EEA77AF7EE006A77EEA67A88
:1042880027EE277A38E007EE100AF8EE476A9FED26
:10429800396A86EE267A324B1B6BC3F3080306EEA7
:1042A800903AF8EE666A9FED326A67EE867A76EEA5
:1042B800A77AF7EE006A77EEA67A27EE277A1BE050
:1042C80007EE100AF8EE476A9FED286A86EE267A0E
:1042D800234B1B6BC3F3080306EE903AF8EE666AAD
:1042E8009FED236A67EE867A76EEA77AF7EE006A84
:1042F80077EEA67A27EE277A194B1B6BC3F3462372
:10430800013307EE903AF8EE677AC7EE276AFCEEBB
:10431800E67A17EE900A5DF8044B704707EE100A2C
:10432800F8EE476A9FED146A86EE267A0C4B1B6BF3
:10433800C3F3080306EE903AF8EE666A9FED0C6A3E
:1043480067EE867A76EEA77AF7EE006A77EEA67AB7
:1043580027EE277AD0E7094870470348704700BF1F
:104368000044025800093D000090D0030024744A1C
:10437800000000390024744C0024744B0024F4001D
:10438800002800F0328170B50D4604469B4B1B682F
:1043980003F00F038B420BD2984A136823F00F03E4
:1043A8000B431360136803F00F038B4240F01F8127
:1043B800236813F0040F0CD02269914B9B6903F01A
:1043C80070039A4205D98E498B6923F070031A430A
:1043D8008A61236813F0080F0CD06269884BDB6987
:1043E80003F070039A4205D98549CB6923F070031D
:1043F8001A43CA61236813F0100F0CD0A269804BCE
:10440800DB6903F4E0639A4205D97D49CB6923F45B
:10441800E0631A43CA61236813F0200F0CD0E269E5
:10442800774B1B6A03F070039A4205D974490B6AEB
:1044380023F070031A430A62236813F0020F0CD0AA
:10444800E2686F4B9B6903F00F039A4205D96C49E8
:104458008B6923F00F031A438A61236813F0010F55
:1044680041D0674A936923F47063A1680B43936151
:104478006368022B0AD0032B27D0012B2CD0604A6B
:10448800126812F0040F06D10120ADE0126812F490
:10449800003F00F0AE805A490A6922F00702134330
:1044A8000B6102F0B5FD0646554B1B6903F0380356
:1044B8006268B3EBC20F16D002F0AAFD801B41F26E
:1044C80088339842F0D903208EE04D4A126812F0E2
:1044D800007FE0D1012087E0494A126812F4807F0A
:1044E800D9D1012080E0236813F0020F0CD0E268D4
:1044F800434B9B6903F00F039A4205D240498B69ED
:1045080023F00F031A438A613C4B1B6803F00F0327
:10451800AB420AD9394A136823F00F032B431360BF
:10452800136803F00F03AB4265D1236813F0040F3F
:104538000CD02269324B9B6903F070039A4205D272
:104548002F498B6923F070031A438A61236813F09B
:10455800080F0CD062692A4BDB6903F070039A429A
:1045680005D22749CB6923F070031A43CA6123682F
:1045780013F0100F0CD0A269214BDB6903F4E06340
:104588009A4205D21E49CB6923F4E0631A43CA61F3
:10459800236813F0200F0CD0E269194B1B6A03F053
:1045A80070039A4205D216490B6A23F070031A4326
:1045B8000A62FFF7EBFD12498B69C3F30323114A23
:1045C800D35C03F01F03D8408B6903F00F03D35C5F
:1045D80003F01F0320FA03F30B4A13600B4B186018
:1045E8000B4B186802F0B2FC70BD01207047012027
:1045F800FAE70120F8E70120F6E700BF00200052A3
:1046080000440258BCA000080C000020080000204C
:104618000400002008B5FFF7B9FD0B4A9369C3F3FE
:1046280003230A49CB5C03F01F0320FA03F39269C2
:1046380002F00F02885C00F01F0023FA00F0044A21
:104648001060044A136008BD00440258BCA000086A
:104658000C0000200800002008B5FFF7DBFF054B21
:10466800DB69C3F30213044AD35C03F01F03D84089
:1046780008BD00BF00440258BCA0000808B5FFF7F9
:10468800C9FF054BDB69C3F30223044AD35C03F07B
:104698001F03D84008BD00BF00440258BCA0000852
:1046A800404B9B6A03F00303032B79D070B5054692
:1046B8000E463C4A136823F08063136002F0A8FC9E
:1046C8000446384B1B6813F0006F06D002F0A0FCBC
:1046D800031B022BF5D9032070BD324B9A6A22F4D2
:1046E8007C32296842EA01329A626A68013AC2F366
:1046F8000802A9680139490289B20A43E9680139FF
:10470800090401F4FE010A4329690139090601F087
:10471800FE410A439A63DA6A22F0C00269690A43D1
:10472800DA62DA6A22F02002A9690A43DA62DA6AEE
:1047380022F01002DA62D96B1B4A0A40E96942EAA0
:10474800C102DA63DA6A42F01002DA62C6B91A46BE
:10475800DB6A43F40023D362124A136843F0806390
:10476800136002F055FC04460E4B1B6813F0006FF3
:1047780014D102F04DFC001B0228F5D90320ABE749
:10478800012E05D0074AD36A43F40013D362E3E746
:10479800044AD36A43F48013D362DDE700209BE721
:1047A80001207047004402580700FFFF404B9B6AF6
:1047B80003F00303032B79D070B505460E463C4A37
:1047C800136823F08053136002F022FC0446384B30
:1047D8001B6813F0005F06D002F01AFC031B022BC3
:1047E800F5D9032070BD324B9A6A22F07C72296891
:1047F80042EA01529A626A68013AC2F30802A96859
:104808000139490289B20A43E9680139090401F406
:10481800FE010A4329690139090601F0FE410A43EC
:104828001A64DA6A22F4406269690A43DA62DA6A67
:1048380022F40072A9690A43DA62DA6A22F4807201
:10484800DA62596C1B4A0A40E96942EAC1025A64B1
:10485800DA6A42F48072DA62C6B91A46DB6A43F44D
:104868008003D362124A136843F08053136002F046
:10487800CFFB04460E4B1B6813F0005F14D102F007
:10488800C7FB001B0228F5D90320ABE7012E05D092
:10489800074AD36A43F08073D362E3E7044AD36AD2
:1048A80043F40003D362DDE700209BE70120704753
:1048B800004402580700FFFFF8B50446036813F0E8
:1048C800006F30D0436EB3F5001F26D00ED8EBB181
:1048D800B3F5801F07D102210430FFF7E1FE05463A
:1048E80045B12E4621E0012635461EE0B3F5401FAE
:1048F80009D10025954A136D23F44013616E0B43CB
:104908001365002611E0012635460EE08F4AD36A6A
:1049180043F40033D3620025ECE702212430FFF78B
:1049280045FF0546DCE700263546236813F4807FFB
:1049380014D0636D042B30D8DFE803F00322280875
:104948000800824AD36A43F40033D36245BB7F4AE6
:10495800136D23F00703616D0B431365236813F48C
:10496800007F2FD0A36D802B49D01ED8002B40D0BC
:10497800402B17D10021201DFFF792FE054619E0B4
:104988000021201DFFF78CFE0546DFE7002104F11A
:104998002400FFF70BFF0546D8E701263546DDE77B
:1049A8002E46DBE7012635460CE0C02B02D0B3F5D6
:1049B800807F1BD155BB654A136D23F4E073A16D4D
:1049C8000B431365236813F4806F45D0D4F8A430E3
:1049D800B3F5800F38D01ED883B3B3F5001F17D1B5
:1049E8000021201DFFF75CFE05461AE0012635462A
:1049F800E8E7564AD36A43F40033D362DAE7002182
:104A080004F12400FFF7D2FE0546D3E72E46D9E786
:104A18000126354620E0B3F5C00F02D0B3F5000FEC
:104A280009D1C5B9494A936D23F46003D4F8A41099
:104A38000B43936510E0012635460DE0434AD36ADF
:104A480043F40033D362ECE7002104F12400FFF7BC
:104A5800ADFE0546E5E72E46236813F4006F23D024
:104A6800D4F8A830B3F1007F41D00DD8002B38D04E
:104A7800B3F1807F05D10021201DFFF711FE054607
:104A880008E0012635460FE0B3F1407F02D0B3F1CC
:104A9800806F23D1002D31D12C4A936D23F0E06330
:104AA800D4F8A8100B439365236813F0007F2ED029
:104AB800A36C202B3FD026D833B1102B20D1234A0A
:104AC800D36A43F40033D362002D3AD11F4AD36C22
:104AD80023F03003A16C0B43D36418E0012635465C
:104AE800E2E71A4AD36A43F40033D362D2E70021DB
:104AF80004F12400FFF75AFE0546CBE72E46D3E71C
:104B08000126354603E0302BDED0012635462368E2
:104B180013F4805F2BD0E36DB3F5005F4CD017D84A
:104B2800002B43D0B3F5805F0DD10021201DFFF786
:104B3800B7FD054612E00221201DFFF7B1FD05462D
:104B4800C2E72E46E3E70126354610E00044025846
:104B5800B3F5405F02D0B3F5804F24D1002D32D198
:104B6800754A136D23F4E043E16D0B431365236825
:104B780013F4005F37D0236EB3F5003F51D027D828
:104B88003BB1B3F5803F20D10121201DFFF788FDFF
:104B98000546002D4CD1684A136D23F4E023216E9D
:104BA8000B4313651FE001263546E0E7624AD36AE6
:104BB80043F40033D362D1E7002104F12400FFF766
:104BC800F5FD0546CAE72E46D1E7012635460AE037
:104BD800B3F5802FDDD0B3F5A02FDAD0B3F5403F81
:104BE800D7D001263546236813F4804F30D0D4F847
:104BF800AC30B3F1005F44D01FD83BB1B3F1805F54
:104C080018D10121201DFFF74BFD0546002D3FD18E
:104C1800494A936D23F0E043D4F8AC100B439365F5
:104C280016E0012104F12400FFF7C0FD0546B0E7B6
:104C38002E46D8E7012635460AE0B3F1804FE5D085
:104C4800B3F1A04FE2D0B3F1405FDFD00126354683
:104C5800236813F4004F09D0E36EB3F1805F19D0D5
:104C6800B3F1005F24D0D3B101263546236813F091
:104C7800807F32D0636C032B59D8DFE803F02621FC
:104C88005226012104F12400FFF790FD0546BDE7F7
:104C98002E46DDE7284AD36A43F40033D3626DB960
:104CA800254A136D23F04053E16E0B431365DDE78E
:104CB8000121201DFFF7F4FC0546F0E72E46D5E755
:104CC8001D4AD36A43F40033D3629DBB1A4AD36C9E
:104CD80023F00303616C0B43D364236813F4800F40
:104CE8002CD1236813F0010F00F0A380A36F282BA9
:104CF80000F29D80DFE803F08B9B9B9B9B9B9B9B1B
:104D0800869B9B9B9B9B9B9B949B9B9B9B9B9B9B07
:104D18008B9B9B9B9B9B9B9B8B9B9B9B9B9B9B9BFB
:104D28008B000221201DFFF7BBFC0546CDE70126BD
:104D38003546D2E72E46D0E7004402588F4A13681A
:104D480043F48073136002F063F907468B4B1B68CA
:104D580013F4807F05D102F05BF9C01B6428F5D9F4
:104D68000325002D4AD1864B1B6FD4F8B020534041
:104D780013F4407F0CD0824B1A6F22F44072196FE3
:104D880041F480311967196F21F4803119671A6766
:104D9800D4F8B030B3F5807F15D08DBBD4F8B030DF
:104DA80003F44072B2F5407F1ED0754A136923F4AC
:104DB8007C53136172490B6FD4F8B020C2F30B0215
:104DC80013430B678DE702F023F907466C4B1B6F03
:104DD80013F0020FE1D102F01BF9C01B41F2883336
:104DE8009842F3D90325D8E76548026922F47C5232
:104DF800644901EA131313430361DBE72E4670E7A6
:104E08002E466EE70121201DFFF74AFC0546E5B94D
:104E18005B4A536D23F03803A16F0B43536508E0D9
:104E2800012104F12400FFF7C1FC0546EFE7012644
:104E38003546236813F0020F16D0636F052B27D869
:104E4800DFE803F00A051F0A0A0A2E46F1E70121E6
:104E5800201DFFF725FC0546EDB9494A536D23F09F
:104E68000703616F0B435365236813F0040F22D0C7
:104E7800D4F89030052B43D8DFE803F0140F3B1427
:104E88001414012104F12400FFF790FC0546E3E720
:104E980001263546E8E72E46E6E70121201DFFF703
:104EA800FFFB05467DBB364A936D23F00703D4F814
:104EB80090100B439365236813F0200F33D0D4F878
:104EC8008C30B3F1005F4CD022D83BB1B3F1805F96
:104ED8001BD10021201DFFF7E3FB0546002D47D11C
:104EE800274A536D23F0E043D4F88C100B435365E5
:104EF80019E0012104F12400FFF758FC0546D1E729
:104F080001263546D7E72E46D5E7012635460AE07D
:104F1800B3F1804FE2D0B3F1A04FDFD0B3F1405FDF
:104F2800DCD001263546236813F0400F37D0D4F87B
:104F38009830B3F5006F52D026D83BB1B3F5806FE7
:104F480018D10021201DFFF7ABFB0546002D4DD1E0
:104F58000B4A936D23F4E053D4F898100B439365F0
:104F68001DE0022104F12400FFF720FC0546B5E707
:104F78002E46D8E70126354611E000BF0048025802
:104F880000440258CFFFFF00B3F5805FDED0B3F5D1
:104F9800A05FDBD0B3F5406FD8D001263546236833
:104FA80013F0800F32D0D4F89C30B3F5804F00F066
:104FB8009D8020D83BB1B3F5005F19D10021201D99
:104FC800FFF76EFB0546002D40F09780A54A936DCC
:104FD80023F46043D4F89C100B43936516E0022138
:104FE80004F12400FFF7E2FB0546AFE72E46D6E7BB
:104FF800012635460AE0B3F5004FE4D0B3F5204F5B
:10500800E1D0B3F5C04FDED001263546236813F052
:10501800080F0CD0D4F88030B3F5805F6FD0914A78
:10502800536D23F44053D4F880100B435365236821
:1050380013F0100F0CD0D4F89430B3F5807F67D0FC
:10504800884A936D23F44073D4F894100B43936506
:10505800236813F4002F0BD0D4F8A030B3F5803FA9
:105068006ED0B3F5003F61D0002B5AD001263546EB
:10507800236813F4802F0CD0D4F88430B3F5001FC4
:1050880076D0B3F5401F69D0B3F5801F61D00126F3
:105098003546236813F4803F07D0E36C002B70D0AB
:1050A800B3F5803F7BD001263546236813F0005FB7
:1050B8007DD1236813F4003F00F08680E36FB3F5D9
:1050C800807F00F0C6807CD9B3F5007F03D0B3F5AC
:1050D800407F40F0BC80002D40F0C180614A536D94
:1050E80023F44073E16F0B4353656DE0022104F133
:1050F8002400FFF75BFB054665E72E4686E702219D
:1051080004F12400FFF752FB002888D0012686E727
:10511800022104F12400FFF749FB002890D0012662
:105128008EE70021201DFFF7BBFA05467DB94D4AE1
:10513800936D23F44033D4F8A0100B43936597E79D
:10514800022104F12400FFF731FB0546EEE72E4665
:105158008EE7444AD36A43F40033D3627DB9414AA7
:10516800536D23F44013D4F884100B43536590E730
:10517800012104F12400FFF719FB0546EEE72E464E
:1051880087E7384AD36A43F40033D3626DB9354AA6
:10519800D36C23F48033E16C0B43D36485E702219D
:1051A800201DFFF77DFA0546F0E72E467DE7022130
:1051B80004F12400FFF7FAFA00283FF47AAF012639
:1051C80077E7002B87D00126236813F4801F06D0C9
:1051D800244A136D23F00043216F0B4313652368A2
:1051E80013F0805F07D01F4A136923F48043D4F873
:1051F800B4100B431361236813F4001F06D0194A37
:10520800136D23F08073A16E0B431365236813F0AD
:10521800804F09D0134B1A6922F400421A611A69A7
:10522800D4F8B8100A431A612368002B1CDB2368E2
:1052380013F4000F07D00B4A536D23F44003D4F83E
:1052480088100B43536506B101263046F8BD012688
:10525800BAE7044AD36A43F40033D3623BE72E46E5
:10526800B2E700BF00440258034AD36C23F040530E
:10527800216D0B43D364DAE70044025808B5FFF701
:10528800C9F9054B1B6AC3F30213044AD35C03F044
:105298001F03D84008BD00BF00440258BCA0000846
:1052A80010B5774A916A946AC4F3053ED36AC3F38A
:1052B800001CD36BC3F3CC030CFB03F314F47C3F47
:1052C80000F0D88001F0030107EE903AF8EE677A13
:1052D800012965D0022900F0B080E1B107EE10EA9B
:1052E800B8EE477A9FED676AC6EE076A644B9B6B18
:1052F800C3F3080307EE103AB8EE477A9FED626AE7
:1053080067EE867A77EE277AB7EE007A77EE877AB5
:1053180066EEA76A60E0136813F0200F23D01146E9
:105328001268C2F3C102594BD34007EE103AB8EEE7
:10533800477A06EE90EAB8EE666AC7EE066A8B6BA5
:10534800C3F3080307EE103AB8EE477A9FED4E6AAA
:1053580067EE867A77EE277AB7EE007A77EE877A65
:1053680066EEA76A38E007EE10EAB8EE477A9FEDD6
:10537800486AC6EE076A424B9B6BC3F3080307EE05
:10538800103AB8EE477A9FED406A67EE867A77EE74
:10539800277AB7EE007A77EE877A66EEA76A1BE07F
:1053A80007EE10EAB8EE477A9FED366AC6EE076A4E
:1053B800334B9B6BC3F3080307EE103AB8EE477AFA
:1053C8009FED316A67EE867A77EE277AB7EE007A34
:1053D80077EE877A66EEA76A294A936BC3F346236A
:1053E80007EE103AB8EE477AB7EE006A37EE067A5B
:1053F800C6EE877AFCEEE77AC0ED007A936BC3F3CA
:10540800064307EE103AB8EE477A37EE067AC6EE4C
:10541800877AFCEEE77AC0ED017A936BC3F30663F3
:1054280007EE903AF8EE677A77EE867A86EEA77AF4
:10543800BCEEC77A80ED027A10BD07EE10EAB8EE2E
:10544800477A9FED146AC6EE076A0D4B9B6BC3F350
:10545800080307EE103AB8EE477A9FED0B6A67EE3D
:10546800867A77EE277AB7EE007A77EE877A66EE55
:10547800A76AB1E70023036043608360DCE700BFED
:10548800004402580024744A000000390090D003F8
:105498000024744C0024744B10B5774A916A946ABE
:1054A800C4F3055ED36AC3F3002C536CC3F3CC0377
:1054B8000CFB03F314F07C7F00F0D88001F00301AB
:1054C80007EE903AF8EE677A012965D0022900F0D4
:1054D800B080E1B107EE10EAB8EE477A9FED676A4F
:1054E800C6EE076A644B1B6CC3F3080307EE103A59
:1054F800B8EE477A9FED626A67EE867A77EE277A8A
:10550800B7EE007A77EE877A66EEA76A60E01368EE
:1055180013F0200F23D011461268C2F3C102594B71
:10552800D34007EE103AB8EE477A06EE90EAB8EEA6
:10553800666AC7EE066A0B6CC3F3080307EE103AF7
:10554800B8EE477A9FED4E6A67EE867A77EE277A4D
:10555800B7EE007A77EE877A66EEA76A38E007EE4C
:1055680010EAB8EE477A9FED486AC6EE076A424BE2
:105578001B6CC3F3080307EE103AB8EE477A9FEDA9
:10558800406A67EE867A77EE277AB7EE007A77EE8A
:10559800877A66EEA76A1BE007EE10EAB8EE477A4C
:1055A8009FED366AC6EE076A334B1B6CC3F30803DC
:1055B80007EE103AB8EE477A9FED316A67EE867AC1
:1055C80077EE277AB7EE007A77EE877A66EEA76AE3
:1055D800294A136CC3F3462307EE103AB8EE477A0C
:1055E800B7EE006A37EE067AC6EE877AFCEEE77AFF
:1055F800C0ED007A136CC3F3064307EE103AB8EE19
:10560800477A37EE067AC6EE877AFCEEE77AC0ED7F
:10561800017A136CC3F3066307EE903AF8EE677AE3
:1056280077EE867A86EEA77ABCEEC77A80ED027AA4
:1056380010BD07EE10EAB8EE477A9FED146AC6EE81
:10564800076A0D4B1B6CC3F3080307EE103AB8EE5C
:10565800477A9FED0B6A67EE867A77EE277AB7EE80
:10566800007A77EE877A66EEA76AB1E700230360CF
:1056780043608360DCE700BF004402580024744A9A
:10568800000000390090D0030024744C0024744BAF
:1056980010B5774A916A946AC4F3051ED36A03F079
:1056A800010C536BC3F3CC030CFB03F314F47C7FA2
:1056B80000F0D88001F0030107EE903AF8EE677A1F
:1056C800012965D0022900F0B080E1B107EE10EAA7
:1056D800B8EE477A9FED676AC6EE076A644B1B6BA4
:1056E800C3F3080307EE103AB8EE477A9FED626AF3
:1056F80067EE867A77EE277AB7EE007A77EE877AC2
:1057080066EEA76A60E0136813F0200F23D01146F5
:105718001268C2F3C102594BD34007EE103AB8EEF3
:10572800477A06EE90EAB8EE666AC7EE066A0B6B31
:10573800C3F3080307EE103AB8EE477A9FED4E6AB6
:1057480067EE867A77EE277AB7EE007A77EE877A71
:1057580066EEA76A38E007EE10EAB8EE477A9FEDE2
:10576800456AC6EE076A424B1B6BC3F3080307EE94
:10577800103AB8EE477A9FED406A67EE867A77EE80
:10578800277AB7EE007A77EE877A66EEA76A1BE08B
:1057980007EE10EAB8EE477A9FED396AC6EE076A57
:1057A800334B1B6BC3F3080307EE103AB8EE477A86
:1057B8009FED316A67EE867A77EE277AB7EE007A40
:1057C80077EE877A66EEA76A294A136BC3F34623F6
:1057D80007EE103AB8EE477AB7EE006A37EE067A67
:1057E800C6EE877AFCEEE77AC0ED007A136BC3F356
:1057F800064307EE103AB8EE477A37EE067AC6EE59
:10580800877AFCEEE77AC0ED017A136BC3F306637F
:1058180007EE903AF8EE677A77EE867A86EEA77A00
:10582800BCEEC77A80ED027A10BD07EE10EAB8EE3A
:10583800477A9FED146AC6EE076A0D4B1B6BC3F3DC
:10584800080307EE103AB8EE477A9FED0B6A67EE49
:10585800867A77EE277AB7EE007A77EE877A66EE61
:10586800A76AB1E70023036043608360DCE700BFF9
:10587800004402580024744C000000390090D00302
:105888000024744A0024744B00B58BB0B0F5807FB7
:1058980020D0B0F5007F71D0B0F5806F00F0C880DF
:1058A800B0F5006F00F02181B0F5805F00F08281D3
:1058B800B0F5002F00F0DB81B0F5803F00F01F82CB
:1058C800B0F5804F00F03982B0F5004F00F08482C7
:1058D8000020B2E2954B1B6D03F00703042B00F286
:1058E800A382DFE803F005101B0326009048A4E21A
:1058F8008E4B186810F0007000F09F8207A8FFF721
:10590800C7FE089899E2894B186810F0006000F00B
:10591800948204A8FFF7C4FC04988EE2834B1868AD
:1059280010F0005000F0898201A8FFF7B5FD01983A
:1059380083E27E4AD36C03F04053126812F0040FDE
:1059480007D033B9794B1B68C3F3C1037948D840F2
:1059580073E2764A126812F4807F03D0B3F1805F55
:1059680000F06482714A126812F4003F00F060820D
:10597800B3F1005F00F05E8200205EE26B4B1B6DAE
:1059880003F4E073802B33D015D9C02B00F0548278
:10599800B3F5807F1FD1654AD36C03F0405312687A
:1059A80012F0040F2FD073BB604B1B68C3F3C10305
:1059B8006048D84041E283B1402B0AD15B4B18685C
:1059C80010F0006000F0398204A8FFF769FC049821
:1059D80033E2002031E200202FE2544B186810F027
:1059E800007000F02A8207A8FFF752FE089824E208
:1059F8004E4B186810F0005000F01F8201A8FFF706
:105A08004BFD019819E2494A126812F4807F03D0CD
:105A1800B3F1805F00F01482444A126812F4003F28
:105A280000F01082B3F1005F00F00E82002004E263
:105A38003E4B9B6D03F46003B3F5800F35D016D948
:105A4800B3F5C00F00F00282B3F5000F20D1374A3A
:105A5800D36C03F04053126812F0040F30D07BBBB4
:105A6800324B1B68C3F3C1033248D840E5E18BB120
:105A7800B3F5001F0AD12D4B186810F0006000F034
:105A8800DC8104A8FFF70CFC0498D6E10020D4E1DF
:105A98000020D2E1254B186810F0007000F0CD818D
:105AA80007A8FFF7F5FD0898C7E1204B186810F024
:105AB800005000F0C28101A8FFF7EEFC0198BCE19C
:105AC8001A4A126812F4807F03D0B3F1805F00F0A5
:105AD800BF81164A126812F4003F00F0BB81B3F18F
:105AE800005F00F0B9810020A7E1104B9B6D03F027
:105AF800E063B3F1007F3DD01ED9B3F1407F00F0E1
:105B0800AD81B3F1806F28D1084AD36C03F04053BC
:105B1800126812F0040F38D0002B36D1034B1B68E3
:105B2800C3F3C1030348D84087E100BF00440258CB
:105B38000080BB000090D0038BB1B3F1807F0AD105
:105B4800994B186810F0006000F0778104A8FFF7FF
:105B5800A7FB049871E100206FE100206DE1924BF2
:105B6800186810F0007000F0688107A8FFF790FD32
:105B7800089862E18C4B186810F0005000F05D81C5
:105B880001A8FFF789FC019857E1874A126812F4C7
:105B9800807F03D0B3F1805F00F06281824A12688F
:105BA80012F4003F00F05E81B3F1005F00F05C8109
:105BB800002042E17C4B1B6D03F4E043B3F5005F2A
:105BC80035D016D9B3F5405F00F05081B3F5804F5A
:105BD80020D1754AD36C03F04053126812F0040FB9
:105BE80030D07BBB704B1B68C3F3C1036F48D840F0
:105BF80023E18BB1B3F5805F0AD16B4B186810F0C5
:105C0800006000F01A8104A8FFF74AFB049814E129
:105C1800002012E1002010E1634B186810F00070BA
:105C280000F00B8107A8FFF733FD089805E15E4BEC
:105C3800186810F0005000F0008101A8FFF72CFC54
:105C48000198FAE0584A126812F4807F03D0B3F141
:105C5800805F00F00D81544A126812F4003F00F092
:105C68000981B3F1005F00F007810020E5E04E4BA9
:105C78009B6D03F44033B3F5803F10D0B3F5003F7C
:105C880018D00BB10020D8E0474B186810F000601E
:105C980000F0D38004A8FFF703FB0498CDE0424B43
:105CA800186810F0005000F0C88001A8FFF7F4FB56
:105CB8000398C2E03C4AD36C03F04053126812F0D8
:105CC800040F07D033B9384B1B68C3F3C1033748F7
:105CD800D840B2E0344A126812F4807F03D0B3F19E
:105CE800805F00F0CB80304A126812F4003F00F069
:105CF800C780B3F1005F00F0C58000209DE02A4B0B
:105D0800DB6C13F4803302D063B9002095E0264B96
:105D1800186810F0007000F0908007A8FFF7B8FC32
:105D280008988AE0204B186810F0006000F0858021
:105D380004A8FFF7B5FA06987FE01B4B9B6D03F0AC
:105D4800E043B3F1405F35D015D8B3F1805F21D07F
:105D5800B3F1005F09D1144B186810F000506CD0F3
:105D680001A8FFF799FB029867E013B9FFF786FAD5
:105D780063E0002061E0B3F1804F26D0B3F1A04F7B
:105D880006D1094B186810F4003056D0084854E082
:105D9800002052E0044B186810F000604DD004A8B1
:105DA800FFF77EFA059848E0004402580090D003B7
:105DB8000024F400344B186810F004003DD01B6830
:105DC800C3F3C1033148D84037E02F4B186810F4AB
:105DD800807032D02E4830E02B4B1B6D03F04053BF
:105DE800B3F1805F0CD0B3F1005F13D00BB100208A
:105DF80023E0254B186810F400301ED025481CE01D
:105E0800214B186810F0007017D007A8FFF740FC66
:105E1800089812E01C4B186810F000600DD004A818
:105E2800FFF73EFA059808E0002006E0184804E06D
:105E3800002002E0174800E017480BB05DF804FBAB
:105E48001348FAE70020F8E71248F6E71248F4E7A3
:105E58000F48F2E70020F0E70E48EEE70E48ECE7BF
:105E68000B48EAE70020E8E70A48E6E70A48E4E7DB
:105E78000748E2E70020E0E70648DEE70448DCE7F9
:105E88000020DAE70348D8E7004402580090D0031E
:105E980000093D000024F4000080BB00F0B583B089
:105EA800002340E0092400E00024B44044EA0C0444
:105EB8000235764E46F825404FF0B044D4F880506D
:105EC800D44325EA02064F6817F4803F01D042EA1E
:105ED80005064FF0B045C5F88060D5F8845004EA4F
:105EE80005064F6817F4003F01D042EA05064FF057
:105EF800B045C5F884602D6804EA05064F6817F4B4
:105F0800801F01D042EA05064FF0B0452E606D684B
:105F18002C404E6816F4001F01D042EA05044FF0E9
:105F2800B042546001330A6832FA03F400F0AB80DF
:105F38004FF0010C0CFA03FC1CEA0202F2D04C6888
:105F4800651E112C18BF012D01D9122C13D185689B
:105F58005E000324B44025EA0405CC68B4402C4311
:105F68008460446824EA0C0C4C68C4F300149C4018
:105F780044EA0C044460C6684FEA430C032505FA5A
:105F88000CF5EC4326EA050E8D6805FA0CF545EA92
:105F98000E05C5604D68122D18BF022D12D1DE08FE
:105FA800083650F8267003F007054FEA850E0F25CE
:105FB80005FA0EF527EA05070D6905FA0EF53D43C2
:105FC80040F82650056825404C6804F0030404FA9C
:105FD8000CF42C4304604C6814F0805FA2D02C4C65
:105FE800D4F8F45045F00205C4F8F450D4F8F4405D
:105FF80004F002040194019C9D08AE1C234C54F843
:10600800267003F00304A6000F24B44027EA040C0A
:10601800204CA0423FF448AF04F58064A04222D04F
:1060280004F58064A04220D004F58064A0421ED00C
:1060380004F58064A0421CD004F58064A0421AD004
:1060480004F58064A04218D004F58064A04216D0FC
:1060580004F58064A04214D004F58064A0423FF4A3
:1060680021AF0A2421E701241FE702241DE70324A6
:106078001BE7042419E7052417E7062415E7072476
:1060880013E7082411E703B0F0BD00BF000400586F
:1060980000440258000002580AB18161704709049F
:1060A80081617047436901EA030221EA030141EA79
:1060B80002418161704708B54FF0B043D3F888308A
:1060C800034200D108BD4FF0B043C3F88800FAF787
:1060D80081FAF7E703682749274A934218BF8B429A
:1060E8002FD0183293422CD01832934229D018322C
:1060F800934226D01832934223D01832934220D0AC
:10610800183293421DD002F55672934219D01832B4
:10611800934216D01832934213D01832934210D0BB
:10612800183293420DD0183293420AD01832934253
:1061380007D01832934204D023F0FF038365806DA3
:10614800704710B4D9B210390C4AA2FB0142C2F30D
:1061580002120B4CA25CC2655F2907D9094A1A4092
:1061680004328265806D5DF8044B7047054A1A4019
:106178008265F7E71000024028000240ABAAAAAAED
:106188007CA0000800FCFFFF83699BB9836A012B90
:106198000AD0022B02D00BB100207047C36A13F05B
:1061A800807F2AD100207047C36AB3F1C07F26D010
:1061B80000207047B3F5005F0AD0836A022B26D906
:1061C800032B26D1C36A13F0807F24D100207047A7
:1061D800836A032B03D8DFE803F01404140A0020B1
:1061E8007047C36A13F0807F0DD100207047C36ADF
:1061F800B3F1C07F09D0002070470120704701200B
:106208007047012070470120704701207047012026
:10621800704700207047012070470000036822493A
:10622800224A934218BF8B4228D01432934225D079
:106238001432934222D0143293421FD01432934224
:106248001CD01432934219D01432934216D0DAB2C9
:10625800103A1749A1FB0212120916491944A82934
:106268001FD9154B13449B000366144B436602F079
:106278001F02012303FA02F282667047DBB2083B71
:106288000F4AA2FB03230F4A02EB13129200026685
:106298000D4A4266C3F30413012202FA03F383662C
:1062A80070470832DDE700BF085402581C540258F2
:1062B800ABAAAAAAF0FBFDBF00820010800802402A
:1062C800CDCCCCCC009600168058025801794A1ED5
:1062D800072A2CD830B40368154D164CA34218BFB2
:1062E800AB4218D01434A34215D01434A34212D0B0
:1062F8001434A3420FD01434A3420CD01434A34254
:1063080009D01434A34206D00B4B0B449B00C36640
:106318000A4B036705E00A4B0B449B00C366094B15
:106328000367012303FA02F2426730BC70477047E3
:10633800085402581C5402583F8200104009024079
:106348003F9600164059025870B5044600F060FEAA
:10635800002C00F0B681054623685349534A9342FE
:1063680018BF8B420CBF0122002250D030318B4223
:106378004DD018318B424AD018318B4247D0183152
:106388008B4244D018318B4241D018318B423ED0D9
:1063980001F556718B423AD018318B4237D01831FB
:1063A8008B4234D018318B4231D018318B422ED0E9
:1063B80018318B422BD018318B4228D018318B42A0
:1063C80025D03B493B4A934218BF8B4200F03181AC
:1063D800394A934200F02D811432934200F029810A
:1063E8001432934200F025811432934200F0218147
:1063F8001432934200F01D811432934200F0198147
:1064080040236365032384F8353001204AE00021E6
:1064180084F83410022184F835107ABB274A934255
:106428002CD01832934229D01832934226D01832F1
:10643800934223D01832934220D0183293421DD071
:1064480002F55672934219D01832934216D0183278
:10645800934213D01832934210D0183293420DD081
:10646800183293420AD01832934207D01832934216
:1064780004D01A6822F001021A6003E01A6822F0B8
:1064880001021A6023681A6812F0010F18D000F090
:10649800BFFD431B052BF5D920236365032384F82F
:1064A8003530012070BD00BF1000024028000240B6
:1064B800085402581C5402583054025840000240F4
:1064C8001A6881481040A168E2680A4321690A43B2
:1064D80061690A43A1690A43E1690A43216A0A43D7
:1064E8000243616A042900F099807849086878496C
:1064F8000140B1F1005F11D36168A1F12905A1F153
:106508003F00032888BF052D06D9A1F147000128BF
:1065180002D94F39032901D842F480121A6026683B
:10652800756925F00705636A1D43042B08D1A36A22
:106538001D43E36A23B12046FFF726FE002872D1E7
:1065480075612046FFF7C6FDE36D03F01F023F2388
:106558009340836023685F495F4A934218BF8B4228
:1065680042D0183293423FD0183293423CD018326E
:10657800934239D01832934236D01832934233D0EE
:106588001832934230D002F5567293422CD018320A
:10659800934229D01832934226D01832934223D0FE
:1065A8001832934220D0183293421DD018329342A9
:1065B8001AD01832934217D0484A934214D0143252
:1065C800934211D0143293420ED0143293420BD01E
:1065D8001432934208D01432934205D014329342B5
:1065E80002D01432934213D12046FFF717FEA36856
:1065F800802B59D0236E22791A60636EA26E5A607E
:106608006368013B072B52D90023E366236763675E
:1066180000206065012384F8353043E7E16A206B88
:1066280001430A4361E740236365012084F835008C
:1066380038E7002284F83420022284F835201A68CA
:1066480027491140A268402A2CD0802A27D000224E
:10665800E06842EAD002206942EAD002606942EA70
:10666800D002A06942EAD002E06942EAD002206A78
:1066780042EA10120A431A6022681A4B13441A4A53
:10668800A2FB03231B099B00E3652046FFF722FDBD
:10669800E26D02F01F0101228A4042605AE74FF47E
:1066A8008042D5E71022D3E700236360A2E72046A3
:1066B800FFF70CFEE36E00221A60236F626F5A60C8
:1066C800A6E70120EEE600BF3F8010FE0010005C48
:1066D8000000FFFF10000240280002400854025842
:1066E8000F00FEFFF8ABFDA7CDCCCCCCF0B583B046
:1066F8000446002301937D4B1D687D4BA3FB0535A4
:10670800AD0A876D3E68D7F800C0036879497A48B2
:10671800834218BF8B420CBF0120002061D0774A0A
:1067280093425ED0183293425BD01832934258D0CD
:106738001832934255D01832934252D018329342AD
:106748004FD002F5567293424BD01832934248D03C
:106758001832934245D01832934242D018329342AD
:106768003FD0183293423CD01832934239D0183275
:10677800934236D06249634A934218BF8B4212D083
:10678800614A93420FD0143293420CD01432934290
:1067980009D01432934206D01432934203D01432F3
:1067A800934240F061821A68E16D01F01F010420F4
:1067B800884010EA0C0F00F0A78212F0040F00F0D6
:1067C800A382786012F4004F00F05A8212F4803FDE
:1067D80040F05082A36C002B00F046822046984778
:1067E80042E2E26D02F01F0108228A40324241D0A3
:1067F80070BB424A93422BD01832934228D01832A9
:10680800934225D01832934222D0183293421FD097
:10681800183293421CD002F55672934218D018329F
:10682800934215D01832934212D0183293420FD0A7
:10683800183293420CD01832934209D0183293423E
:1068480006D01832934203D01A68C2F3C00202E09D
:106858001A68C2F380026AB11A6822F004021A6048
:10686800E36D03F01F0208239340BB60636D43F0A0
:1068780001036365E26D02F01F0226FA02F313F0CA
:10688800010F47D023681B481B498B4218BF83421E
:106898003CD018318B4239D018318B4236D0183160
:1068A8008B4233D018318B4230D018318B422DD0E7
:1068B80018318B422AD001F556718B4226D01831F7
:1068C8008B4223D018318B4220D018318B421DD0F7
:1068D80018318B421AD018318B4217D018318B429D
:1068E80014D018318B4211D01B6813E00800002027
:1068F800B5814E1B100002402800024040000240B3
:10690800085402581C540258305402585B6913F05A
:10691800800F3BD1E36D03F01F03042202FA03F357
:10692800334240D02268964896498A4218BF82422C
:1069380035D018318A4232D018318A422FD01831D6
:106948008A422CD018318A4229D018318A4226D05E
:1069580018318A4223D001F556718A421FD0183166
:106968008A421CD018318A4219D018318A4216D06E
:1069780018318A4213D018318A4210D018318A420D
:106988000DD018318A420AD013680CE0012303FAAB
:1069980002F2BA60636D43F002036365BAE71268F6
:1069A80012F0020F3DD1E36D03F01F03102202FA2B
:1069B80003F333425FD02268714872498A4218BF94
:1069C800824234D018318A4231D018318A422ED0CE
:1069D80018318A422BD018318A4228D018318A427D
:1069E80025D018318A4222D001F556718A421ED02C
:1069F80018318A421BD018318A4218D018318A427D
:106A080015D018318A4212D018318A420FD0183165
:106A18008A420CD018318A4209D01268C2F3800227
:106A280008E0BB60636D43F004036365BBE712686D
:106A3800C2F3C002FAB1BB6023681A6812F4802F4F
:106A48000DD01B6813F4002F04D1236C9BB1204692
:106A5800984710E0A36C73B1204698470BE01A687A
:106A680012F4807F03D11A6822F008021A60236C9E
:106A78000BB120469847E36D03F01F03202202FA6A
:106A880003F3334200F0928022683D483D498A4230
:106A980018BF82422ED018318A422BD018318A4230
:106AA80028D018318A4225D018318A4222D018318C
:106AB8008A421FD018318A421CD001F556718A4289
:106AC80018D018318A4215D018318A4212D018319C
:106AD8008A420FD018318A420CD018318A4209D024
:106AE80018318A4206D018318A4203D01268C2F39C
:106AF800400202E01268C2F30012002A56D0BB60BE
:106B080094F83530DBB2042B0ED023681A6812F4DF
:106B1800802F39D01B6813F4002F2CD1636C002B05
:106B280044D02046984741E02268136823F01603B2
:106B380013602268536923F080035361236CB3B157
:106B48002268136823F008031360E36D03F01F0243
:106B58003F239340BB60002384F83430012384F83A
:106B68003530236D002B7FD0204698477CE0A36CFE
:106B7800002BE5D1E9E7E36BC3B12046984715E060
:106B880010000240280002401A6812F4807F09D1E0
:106B98001A6822F010021A60002384F834300123A6
:106BA80084F83530E36B0BB120469847636D002BB2
:106BB8005AD0636D13F0010F52D0042384F8353096
:106BC80023689649964A934218BF8B422FD01832B1
:106BD80093422CD01832934229D01832934226D0AF
:106BE8001832934223D01832934220D0183293425D
:106BF8001DD002F55672934219D01832934216D01E
:106C08001832934213D01832934210D0183293425C
:106C18000DD0183293420AD01832934207D0183256
:106C2800934204D01A6822F001021A6003E01A683D
:106C380022F001021A60019B01330193AB4204D890
:106C480023681B6813F0010FF5D1002384F8343052
:106C580023681B6813F0010F08D0032384F835302C
:106C6800E36C0BB12046984703B0F0BD012384F8CC
:106C78003530F5E7236C002BF6D020469847F3E72C
:106C880012F0200F3AD123686449654A934218BF2D
:106C98008B422FD0183293422CD01832934229D0ED
:106CA8001832934226D01832934223D01832934296
:106CB80020D0183293421DD002F55672934219D053
:106CC8001832934216D01832934213D01832934296
:106CD80010D0183293420DD0183293420AD018328D
:106CE800934207D01832934204D01A6822F0040263
:106CF8001A6003E01A6822F008021A60236C002B5D
:106D0800B2D020469847AFE70220884010EA0C0F1F
:106D180060D012F0020F5DD0786012F4004F0ED0F0
:106D280012F4803F05D1636C002B9DD02046984714
:106D38009AE7E36B002B97D02046984794E712F028
:106D4800200F40D123683549354A934218BF8B42FA
:106D58002FD0183293422CD01832934229D01832AF
:106D6800934226D01832934223D01832934220D02F
:106D7800183293421DD002F55672934219D0183238
:106D8800934216D01832934213D01832934210D03F
:106D9800183293420DD0183293420AD018329342D7
:106DA80007D01832934204D01A6822F00A021A60F7
:106DB80003E01A6822F014021A60002384F83430C1
:106DC800012384F83530E36B002B3FF44DAF2046A8
:106DD800984749E7082000FA01F111EA0C0F3FF43F
:106DE80043AF12F0080F3FF43FAF1A6822F00E02CB
:106DF8001A60E36D03F01F03012202FA03F37B60BC
:106E08006265002384F8343084F83520E36C002B65
:106E18003FF42AAF2046984726E700BF10000240FB
:106E280028000240134BDB6813F0040F07D1114B05
:106E3800DB6803F0070383421AD00120704710B5BE
:106E48000C4AD36823F007031843D06000F0E0F839
:106E58000446084B5B6813F4005F07D100F0D8F8CC
:106E6800001BB0F57A7FF4D9012000E0002010BDA6
:106E780000207047004802580649CB6823F4E063B5
:106E88001B041B0C000200F4E0600343024A1A438F
:106E9800CA60704700ED00E00000FA0500B5174B26
:106EA800DB68C3F30223C3F1070CBCF1040F28BF4E
:106EB8004FF0040C03F1040EBEF1060F14D9033B86
:106EC8004FF0FF3E0EFA0CFC21EA0C0199400EFA35
:106ED80003F322EA03031943002807DB0901C9B2B7
:106EE800074B19545DF804FB0023E9E700F00F0095
:106EF8000901C9B2034B1954F4E700BF00ED00E0E3
:106F080000E400E014ED00E0002807DB00F01F02B9
:106F1800400901239340024A42F82030704700BFDD
:106F280000E100E00138B0F1807F0BD24FF0E023A0
:106F38005861054AF02182F8231000209861072241
:106F48001A6170470120704700ED00E0104B1B7874
:106F58000BB90120704710B504464FF47A70B0FBA6
:106F6800F3F30C4A1068B0FBF3F0FFF7DBFF68B9E6
:106F78000F2C01D901200AE0002221464FF0FF30F2
:106F8800FFF78CFF044B1C60002000E0012010BDBF
:106F980001000020080000200400002010B5032094
:106FA800FFF76AFFFDF7F2F80F498B69C3F3032374
:106FB8000E4AD35C03F01F03D8408B6903F00F031C
:106FC800D35C03F01F0320FA03F3094A1360094B4B
:106FD80018600020FFF7BAFF10B10124204610BD49
:106FE8000446FBF71DFFF9E700440258BCA000085F
:106FF8000C00002008000020034B1B78034A11688E
:107008000B441360704700BF01000020700E002081
:10701800014B1868704700BF700E002038B5044651
:10702800FFF7F6FF0546B4F1FF3F02D0044B1B788B
:107038001C44FFF7EDFF401BA042FAD338BD00BF48
:1070480001000020014B1868000C70470010005C1C
:10705800034A536823EA00030B435360704700BF99
:1070680000040058002857D010B5044690F8413065
:10707800002B41D0242384F841302268136823F080
:10708800010313606368226823F070631361226848
:10709800936823F400439360E368012B31D0A3681D
:1070A800226843F404439360E368022B2FD02268DC
:1070B80051681A4B0B4353602268D36823F400438A
:1070C800D360236962691343A169226843EA0123F3
:1070D800D360E369216A22680B431360226813684E
:1070E80043F00103136000206064202384F84130DA
:1070F800206384F8420010BD80F84030FAF7D2FAD5
:10710800B8E7A368226843F400439360CCE7236898
:107118004FF400625A60CAE70120704700800002FD
:1071280090F84130DBB2202B24D190F84030012B6D
:1071380022D0012380F84030242380F841300268AF
:10714800136823F0010313600268136823F4805363
:10715800136002681368194311600268136843F0EA
:1071680001031360202380F84130002380F8403069
:1071780018467047022070470220704790F8413047
:10718800DBB2202B22D190F84030012B20D00123F4
:1071980080F84030242380F841300268136823F0D7
:1071A800010313600268136823F4706343EA012142
:1071B80011600268136843F001031360202380F80C
:1071C8004130002380F8403018467047022070474D
:1071D8000220704770B110B50446037933B1022319
:1071E8002371002020610123237110BD4371F9F739
:1071F8000DFFF4E701207047F8B54379012B00F043
:10720800A48004460D4616460123437102230371E8
:107218000B68042B16D02B69012B5DD02068C36B3B
:1072280006F010020721914023EA0101EB68012BC7
:107238005FD0022B00F08580AB68002B40F0838084
:10724800012757E0FFF7E4FE07467EB123685B6B32
:10725800002B3ADAFFF7DCFEC01B0128F6D92369B8
:1072680043F0080323610320207169E023685A6B07
:10727800374B13405BB1FFF7CBFEC01B0128F5D994
:10728800236943F0080323610320207158E001209B
:10729800FFF7C4FE2368AA691A642068826C06F0A6
:1072A800100140F2FF338B4022EA0302EB698B4066
:1072B8001A4382642068C36CFF228A4023EA0203CF
:1072C8002A6A8A401343C364A5E70120FFF7A6FE94
:1072D8002368AA695A64E0E721688A6B06F01000FF
:1072E8001F23834022EA03026B69834013438B63A5
:1072F80094E700272B68AE6833433B4393400B4326
:10730800C363206803684FF48041914023EA010376
:1073180003602068036840F6FE71914023EA01018A
:107328006B6893400B43036020680368C02101FA2F
:1073380002F223EA02020260012323710020607135
:10734800F8BD0127D6E70027D4E70220F8E700BFF9
:107358000080002010B40B68CBB90368194A1A40A2
:107368004B688C682343CC6823430C6923434C69DE
:1073780023438C692343CC6923430C6A2343496A1A
:107388000B431343036000205DF8044B7047036808
:1073980023F4F843CA690C6A22434C6A2243134314
:1073A80003604368074A1A404B688C682343CC68DB
:1073B80023430C6923434C69234389690B431343D3
:1073C8004360E0E70080FFFF10B43ABB826802F038
:1073D80070420B68013B4C6804F1FF3C43EA0C1314
:1073E8008C6804F1FF3C43EA0C23CC6804F1FF3CB1
:1073F80043EA0C330C6904F1FF3C43EA0C434C6943
:1074080004F1FF3C43EA0C538969013943EA0163FB
:107418001343836000205DF8044B70478368134A68
:107428001A40CB6803F1FF3C4B69013B1B0543EA5B
:107438000C3313438360C26802F070420B68013B4F
:107448004C6804F1FF3C43EA0C138C6804F1FF3CE0
:1074580043EA0C230C6904F1FF3C43EA0C438969B5
:10746800013943EA01631343C360D3E7FF0F0FFFFA
:1074780008B338B50D46044690F82C30B3B1022352
:1074880084F82C30214651F8040BFFF763FF62683B
:1074980029462068FFF798FF084A136843F000431D
:1074A8001360012384F82C30002038BD80F82D307B
:1074B800F9F706FFE3E70120704700BF00400052DC
:1074C80010B40468226822F007028B68134323F083
:1074D8001803CA681343236003680A685A6103687B
:1074E8004A689A615DF8044B704730B5046801F149
:1074F800010C4FEACC1C54F80C3023F0070E9368AB
:1075080043EA0E0323F01803D5682B4344F80C30E4
:107518000368146803EBC113C3F894400368526806
:1075280003EBC111C1F8982030BD30B4046822685B
:10753800D4F8A05322F020024B69134323F40063CC
:107548008A691A4322F48063CA691A4322F0C06226
:107558000B6A134323F000624B6A134323F0404342
:107568008A6A43EA820323F000530A6B134325F423
:107578008035CA6A154323600368C3F8A05330BC3A
:1075880070472DE9F04105684B1CDB01EC5824F0ED
:107598007044EC500668F35806EBC114D4F8E87050
:1075A800D4F8E440D6F8A08323F0200C536943EACA
:1075B8000C0323F4006C936943EA0C0323F4806CF6
:1075C800D36943EA0C0323F0C06C136A43EA0C0343
:1075D80023F0006C536A43EA0C0323F0704C936A5F
:1075E80043EA0C0323F40033156BB5F1005F37D081
:1075F80023F04003D2F834C04CEA030323F4802379
:10760800156D2B4323F0FC73956C2B4327F01F0E4D
:10761800976B07F01F0747EA0E0727F00047D56B5F
:107628002F43BCF1000F03D124F48074156C2C4354
:10763800D2F844E0BEF5606F18BFBEF5F05F02D126
:10764800BCF1400F03D124F4F0544EEA0404D2F8FC
:107658004CC004290CD8DFE801F00622282E34009B
:1076680043F40033C4E728F40035D26A45EA4208F7
:107678004A1CD201B350036803EBC113C3F8E87086
:10768800036803EBC113C3F8E440036803EBC111BB
:10769800C1F8D4C00368C3F8A083BDE8F08128F41A
:1076A8008025D26A45EA8208E2E728F40025D26AF2
:1076B80045EAC208DCE728F48015D26A45EA0218D0
:1076C800D6E728F40015D26A45EA4218D0E770B424
:1076D800066806EBC115D5F8E440D5F8B850202A5D
:1076E80017D80AB900223EE0013A1F2A3AD8DFE843
:1076F80002F02C1D392C3939391D393939393939C4
:10770800392C3939393939393939393939393939EE
:10771800391DB2F5807F18D004D9B2F5007F05D0A5
:10772800002220E0402A10D0802A0CD15A6806EBAB
:10773800C116C6F8C42002689E6802EBC112C2F8DE
:10774800C86010220FE000220DE05A6806EBC1164F
:10775800C6F8BC2002689E6802EBC112C2F8C0607D
:10776800002200E000224FF0FE0C0CFA02FC24EA92
:107778000C0C1C68944044EA0C0CDC68944044EA05
:107788000C041E6906FA02FC4CEA040C5C6994407D
:1077980044EA0C0C9C69944044EA0C04082E06D078
:1077A800036803EBC111C1F8E44070BC704715F0E1
:1077B800022FF5D1DB6903FA02F21443F0E7052939
:1077C80033D8DFE801F00B131B232B030268D2F830
:1077D800843343F00103C2F8843370470268D2F857
:1077E800843343F00203C2F8843370470268D2F846
:1077F800843343F00403C2F8843370470268D2F834
:10780800843343F00803C2F8843370470268D2F81F
:10781800843343F01003C2F8843370470268D2F807
:10782800843343F02003C2F884337047002864D0BF
:1078380010B582B00446022380F8C1300023C0F896
:10784800C430C0F8C830C0F8CC30C0F8D030C0F868
:10785800D430C0F8D830836813F0010F12D0026812
:10786800274B9A4225D021680A6822F440422369AE
:1078780003F44043134323F44053626902F4405233
:1078880013430B602046F9F71FFDA36813F0020F9E
:1078980008D021680A6822F44072E36803F4407350
:1078A80013430B60012384F8C130002384F8C030EF
:1078B8001EE0144BD3F8F02042F00052C3F8F02039
:1078C800D3F8F03003F000530193019BCBE7C3EBEF
:1078D800C30204EB820200219161D16111625162FD
:1078E8009162C3EBC30204EB820211630133DBB282
:1078F800052BECD9002002B010BD0120704700BF55
:10790800007401400044025810B5044690F8C100C4
:10791800C0B202280BD0022384F8C130052907D051
:107928002046FFF7E2FD012384F8C130002010BD96
:1079380011462046FFF7C4FDF5E70000034690F81E
:10794800C100C0B2022800F0BD8093F8C000012831
:1079580000F0B48030B4012083F8C000022083F81E
:10796800C1001C68D4F8D003D4F8D45301390F29C6
:1079780000F29D80DFE801F008429B599B9B9B70B9
:107988009B9B9B9B9B9B9B8720F0FE00516801F073
:1079980002010843116801F004010843916801F0ED
:1079A80078010143D06800F08000084393F8C110C3
:1079B800C9B2072900F0848000F07F32C4F8D023D0
:1079C8001A6841492940C2F8D4131A68D2F8D0136A
:1079D80000F080300843C2F8D0031868D0F8D413F8
:1079E80048F280022A400A43C0F8D423012283F8CF
:1079F800C120002083F8C00030BC704720F47E40CE
:107A08005168090201F4007101431068000200F492
:107A1800806008439168090201F4F0410143D0688D
:107A2800000200F400400843C0E720F47E005168DB
:107A3800090401F4003101431068000400F48020B7
:107A480008439168090401F4F0010143D068000477
:107A580000F400000843A9E720F07E4051680906B9
:107A680001F0007101431068000600F080600843CF
:107A78009168090601F0F0410143D068000600F062
:107A88000040084392E725F0FE05516801F0020125
:107A98000D43116801F004010D43916801F078016C
:107AA8002943D26802F0800242EA01057EE70722F4
:107AB80083F8C120002283F8C02077E702207047AE
:107AC800012099E7704700BF7F7FFFFF034690F8CA
:107AD800C100C0B202281ED093F8C020012A18D0D5
:107AE80010B4012083F8C000022283F8C1201C686A
:107AF800D4F8D42322F0407201F040711143C4F845
:107B0800D41383F8C100002083F8C0005DF8044B4B
:107B1800704702207047704710B411F0010F0AD067
:107B28000468D4F8D03323F0010302F0010C43EACF
:107B38000C03C4F8D03311F0020F0CD00468D4F849
:107B4800D03323F480734FEA022C0CF4807C43EA90
:107B58000C03C4F8D03311F0040F0CD00468D4F827
:107B6800D03323F480334FEA024C0CF4803C43EAD0
:107B78000C03C4F8D03311F0080F0CD00468D4F803
:107B8800D03323F080734FEA026C0CF0807C43EA18
:107B98000C03C4F8D03311F0100F09D00168D1F8E4
:107BA800D43323F0010302F001021A43C1F8D423AD
:107BB8005DF8044B704770B5044690F8C100C0B238
:107BC800022828D00E46154694F8C030012B28D03C
:107BD800012384F8C030022384F8C13005291BD062
:107BE8002046FFF7CEFC2A68C6EBC60304EB8303E6
:107BF8001A626A685A62AA689A62EA68DA622A6944
:107C08001A6331462046FFF7DAFD012384F8C130B4
:107C1800002084F8C00070BD11462046FFF785FC9F
:107C2800E1E70220F7E738B5044690F8C100C0B292
:107C3800022811D094F8C00001280ED0012584F83C
:107C4800C050022084F8C1002046FFF740FD84F8A8
:107C5800C150002084F8C00038BD0220FCE70000B5
:107C680070B586B0044601688368026913434269A7
:107C78001343C26913430868884A024013430B60E0
:107C88002268536823F44053E1680B435360A169A9
:107C98002268834B9A4201D0236A19439068814B2A
:107CA80003400B4393602268D36A23F00F03616A91
:107CB8000B43D36222687C4B9A4221D07B4B9A4279
:107CC80000F08C807A4B9A4200F0A280794B9A425D
:107CD80000F0B580784B9A4200F0C880774B9A4202
:107CE80000F0F480764B9A4200F01981754B9A4265
:107CF80000F02C816A4B9A4200F03F81802333E0E8
:107D0800714B5B6D03F03803282B65D8DFE813F05F
:107D18002900640064006400640064006400640076
:107D28004D01640064006400640064006400640041
:107D38002B00640064006400640064006400640054
:107D48005E00640064006400640064006400640011
:107D580060006400640064006400640064006400FF
:107D68006200012300E008234D498A4200F02F8178
:107D7800E069B0F5004F00F0AF81202B00F20782D8
:107D8800202B00F25182DFE813F01E0224024F027A
:107D98004F0227024F024F024F022C024F024F029E
:107DA8004F024F024F024F024F0231024F024F0261
:107DB8004F024F024F024F024F024F024F024F0233
:107DC8004F024F024F024F024F023D021023CBE7F2
:107DD8002023C9E74023C7E78023C5E73A4B5B6DFB
:107DE80003F00703052B11D8DFE813F00600E100C4
:107DF80008000A000C000E000023B5E70823B3E7CB
:107E08001023B1E72023AFE74023ADE78023ABE79A
:107E18002D4B5B6D03F00703052B0ED8DFE803F04D
:107E280003C90507090B00239EE708239CE71023D5
:107E38009AE7202398E7402396E7802394E7224B8C
:107E48005B6D03F00703052B0ED8DFE803F003B4DE
:107E58000507090B002387E7082385E7102383E735
:107E6800202381E740237FE780237DE7164B5B6D66
:107E780003F00703052B0ED8DFE803F0039F05077F
:107E8800090B002370E708236EE710236CE7202313
:107E98006AE7402368E7802366E700BFF369FFCFFE
:107EA800000C0058FFF4FF1100100140004400408E
:107EB80000480040004C00400050004000140140C1
:107EC80000780040007C0040004402587D4B5B6D08
:107ED80003F03803282B20D8DFE803F0151F1F1FF5
:107EE8001F1F1F1F711F1F1F1F1F1F1F171F1F1F50
:107EF8001F1F1F1F191F1F1F1F1F1F1F1B1F1F1F94
:107F08001F1F1F1F1D0001232EE708232CE7102326
:107F18002AE7202328E7402326E7802324E7694B24
:107F28005B6D03F00703052B0ED8DFE803F0034A67
:107F38000507090B002317E7082315E7102313E7A4
:107F4800202311E740230FE780230DE75D4B5B6D8E
:107F580003F00703052B0ED8DFE803F00335050708
:107F6800090B002300E70823FEE61023FCE6202384
:107F7800FAE64023F8E68023F6E603F50E339B6D18
:107F880003F00703052B0ED8DFE803F0031F0507EE
:107F9800090B0223E8E60823E6E61023E4E620239B
:107FA800E2E64023E0E68023DEE60423DCE6042361
:107FB800DAE60423D8E60423D6E60423D4E6042329
:107FC800D2E60423D0E60423CEE60423CCE6202B15
:107FD80027D8022BC0F01A81023B1E2B00F2188111
:107FE800DFE813F0500016015600160116011601BD
:107FF8005B0016011601160116011601160116017D
:108008006000160116011601160116011601160167
:1080180016011601160116011601160116011601A0
:108028006C00402B2CD14FF40040626A264B33F889
:108038001220B0FBF2F3656805EB4501994200F2A6
:10804800E980B3EB053F00F2E7800026334631466E
:10805800F8F73EF9090241EA106100026B08C018FE
:108068002A46334641F10001F8F732F9A0F540728B
:10807800164B9A4200F2D2802368D8603046D4E08A
:108088000120D2E0FDF7FAF80028CED10020CCE09C
:1080980003A8FDF705F90498F6E76846FDF7FCF92B
:1080A8000198F1E7074B1B6813F0200F08D0054B28
:1080B8001B68C3F3C1030648D840E5E70548B4E7A1
:1080C8000348B2E70044025884A00008FFFC0F00F0
:1080D8000090D00300093D00202B15D8202B00F27A
:1080E8009F80DFE803F031379D9D3A9D9D9D3F9D20
:1080F8009D9D9D9D9D9D449D9D9D9D9D9D9D9D9D01
:108108009D9D9D9D9D9D5000402B1BD1626A4D4BAE
:1081180033F81230B0FBF3F06268530803EB400009
:10812800B0FBF2F080B2A0F110024FF6EF739A4262
:1081380078D820F00F03C0F3420018432368D860B2
:10814800002072E0012070E0FCF786FA0028DDD1FB
:1081580000206AE0FCF792FAF8E703A8FDF7A0F818
:108168000498F3E76846FDF797F90198EEE7364B70
:108178001B6813F0200F08D0334B1B68C3F3C103EF
:108188003248D840E2E73248C0E73048BEE7402BE3
:1081980017D14FF40040626A2A4B33F81230B0FB13
:1081A800F3F0636800EB5300B0FBF3F080B2A0F18A
:1081B80010024FF6EF739A4241D82368D860002026
:1081C80033E0012031E0FCF747FA0028E3D1002032
:1081D8002BE0FCF753FAF8E703A8FDF761F80498D9
:1081E800F3E76846FDF758F90198EEE7164B1B6868
:1081F80013F0200F08D0144B1B68C3F3C1031348B6
:10820800D840E2E71248C6E71048C4E701200CE06E
:1082180001200AE0012008E0012006E0012004E036
:10822800012002E0012000E001200123A4F86A30C7
:10823800A4F8683000232367636706B070BD012087
:10824800F3E700BF84A00008004402580090D00360
:1082580000093D00836A13F0010F06D002685368D5
:1082680023F40033C16A0B435360836A13F0020F8F
:1082780006D00268536823F48033016B0B435360C4
:10828800836A13F0040F06D00268536823F480232E
:10829800416B0B435360836A13F0080F06D00268E2
:1082A800536823F40043816B0B435360836A13F0D4
:1082B800100F06D00268936823F48053C16B0B43F8
:1082C8009360836A13F0200F06D00268936823F442
:1082D8000053016C0B439360836A13F0400F0AD07C
:1082E8000268536823F48013416C0B435360436C5A
:1082F800B3F5801F0BD0836A13F0800F06D0026895
:10830800536823F40023C16C0B4353607047026821
:10831800536823F4C003816C0B435360EBE72DE9EA
:10832800F84305460F4616469946DDF820802C6826
:10833800E46937EA04030CBF4FF0010C4FF0000C5E
:10834800B44541D1B8F1FF3FF1D0FEF761FEA0EB93
:108358000900404524D8B8F1000F21D02B681A68CD
:1083680012F0040FE3D0DA6912F4006FDFD04FF493
:1083780000621A622A68136823F4D07313602A68AB
:10838800936823F0010393602023C5F88430C5F86F
:108398008830C5F88C30002385F88030032014E03D
:1083A8002A68136823F4D07313602A68936823F04B
:1083B800010393602023C5F88430C5F88830002372
:1083C80085F88030032000E00020BDE8F88330B550
:1083D80083B004460023C0F88C30FEF719FE05462A
:1083E8002268126812F0080F0FD123681B6813F077
:1083F800040F18D12023C4F88430C4F88830002032
:10840800E06684F8800003B030BD6FF07E430093CF
:10841800034600224FF400112046FFF780FF002892
:10842800E3D00320EFE76FF07E4300932B46002252
:108438004FF480012046FFF772FF0028DAD00320AE
:10844800E1E778B310B50446D0F884300BB32423A1
:10845800C4F884302268136823F0010313602046AF
:10846800FFF7FEFB012813D0A36ABBB92268536843
:1084780023F4904353602268936823F02A0393609F
:108488002268136843F0010313602046FFF79FFF3B
:1084980010BD80F88030F9F711FBD8E72046FFF7C8
:1084A800D9FEE3E701207047436E2BB90123A0F8FA
:1084B8006A30A0F86830704730B403689A68C2F32D
:1084C80042629968490F094D6B5C1B01084C615C5D
:1084D80093FBF1F3A0F86A30AB5C1B01A25C93FB41
:1084E800F2F3A0F8683030BC704700BFA4A00008C1
:1084F8009CA0000890F88030012B18D0012380F848
:1085080080302423C0F8843003681A68196821F081
:108518000101196022F000520023436601680A60D5
:108528002022C0F8842080F8803018467047022046
:10853800704738B590F88030012B1DD004460123D0
:1085480080F880302423C0F8843003681D681A68D6
:1085580022F001021A600268936823F0604319430D
:108568009160FFF7A1FF23681D602023C4F88430C1
:10857800002084F8800038BD0220FCE738B590F868
:108588008030012B1DD00446012380F8803024233D
:10859800C0F8843003681D681A6822F001021A6066
:1085A8000268936823F0606319439160FFF77CFFCA
:1085B80023681D602023C4F88430002084F88000DC
:1085C80038BD0220FCE7000010B586B00446836879
:1085D800026913434269134343F40043016808687E
:1085E8008B4A024013430B60236A43F40062A36979
:1085F800E1690B431343E2681A4321684868854BD5
:10860800034013434B602268D36A23F00F03616A67
:108618000B43D3622368804A93421AD07F4A93421D
:1086280049D07F4A934255D07E4A934261D0002375
:108638000120A3F110014FF6EF72914200F2A082DF
:108648009AB222F00F02C3F3420313432268D360A5
:1086580097E2754B5B6D03F03803282B00F2848298
:10866800DFE813F0B70082028202820282028202ED
:108678008202820203018202820282028202820252
:108688008202820243018202820282028202820202
:1086980082028202830182028202820282028202B2
:1086A800820282020702820282028202820282021D
:1086B8008202820244025C4B5B6D03F00703052BC8
:1086C80000F25582DFE813F04700D1001101510193
:1086D800D5011202544B5B6D03F00703052B00F222
:1086E8004982DFE813F03800C20002014201C601E6
:1086F80003024D4B5B6D03F03803282B00F23D82DB
:10870800DFE813F067003B023B023B023B023B02FF
:108718003B023B02B3003B023B023B023B023B02F3
:108728003B023B02F3003B023B023B023B023B02A3
:108738003B023B0233013B023B023B023B023B0252
:108748003B023B02B7013B023B023B023B023B02BE
:108758003B023B02F401FBF77FFF636AD3B1012BB5
:1087680023D0022B23D0032B23D0042B23D0052B7B
:1087780023D0062B23D0072B23D0082B23D0092B5B
:1087880023D00A2B23D00B2B01D0012303E04FF475
:10879800807300E00123B0FBF3F261684B0803EB40
:1087A8004203B3FBF1F3002043E70223F3E704237A
:1087B800F1E70623EFE70823EDE70A23EBE70C23AD
:1087C800E9E71023E7E72023E5E74023E3E78023F1
:1087D800E1E7FBF753FF636A43B3012B31D0022B68
:1087E80031D0032B31D0042B31D0052B31D0062BBF
:1087F80031D0072B31D0082B31D0092B31D00A2B9F
:1088080031D00B2B01D0012311E04FF480730EE01F
:10881800F369FFCFF6C0FFFF00100140004400409D
:108828000048004000140140004402580123B0FBF6
:10883800F3F261684B0803EB4203B3FBF1F300204A
:10884800F7E60223F3E70423F1E70623EFE708231B
:10885800EDE70A23EBE70C23E9E71023E7E72023FA
:10886800E5E74023E3E78023E1E703A8FCF718FDE9
:10887800049B626AD2B1012A23D0022A23D0032A98
:1088880023D0042A23D0052A23D0062A23D0072A56
:1088980023D0082A23D0092A23D00A2A23D00B2A36
:1088A80001D0012203E04FF4807200E00122B3FB03
:1088B800F2F261684B0803EB4203B3FBF1F30020CB
:1088C800B7E60222F3E70422F1E70622EFE70822DF
:1088D800EDE70A22EBE70C22E9E71022E7E720227E
:1088E800E5E74022E3E78022E1E76846FCF7D4FDAC
:1088F800019B626AD2B1012A23D0022A23D0032A1B
:1089080023D0042A23D0052A23D0062A23D0072AD5
:1089180023D0082A23D0092A23D00A2A23D00B2AB5
:1089280001D0012203E04FF4807200E00122B3FB82
:10893800F2F261684B0803EB4203B3FBF1F300204A
:1089480077E60222F3E70422F1E70622EFE708229E
:10895800EDE70A22EBE70C22E9E71022E7E72022FD
:10896800E5E74022E3E78022E1E78A4B1B6813F042
:10897800200F41D0874B1A68C2F3C102864BD340FF
:10898800626AD2B1012A23D0022A23D0032A23D033
:10899800042A23D0052A23D0062A23D0072A23D045
:1089A800082A23D0092A23D00A2A23D00B2A01D047
:1089B800012203E04FF4807200E00122B3FBF2F2DF
:1089C80061684B0803EB4203B3FBF1F3002030E688
:1089D8000222F3E70422F1E70622EFE70822EDE797
:1089E8000A22EBE70C22E9E71022E7E72022E5E775
:1089F8004022E3E78022E1E7636AD3B1012B24D068
:108A0800022B24D0032B24D0042B24D0052B24D0D4
:108A1800062B24D0072B24D0082B24D0092B24D0B4
:108A28000A2B24D00B2B01D0012203E04FF48072D3
:108A380000E00122584BB3FBF2F261684B0803EBEC
:108A48004203B3FBF1F30020F3E50222F2E704222C
:108A5800F0E70622EEE70822ECE70A22EAE70C2212
:108A6800E8E71022E6E72022E4E74022E2E7802256
:108A7800E0E7636AD3B1012B24D0022B24D0032B67
:108A880024D0042B24D0052B24D0062B24D0072B4C
:108A980024D0082B24D0092B24D00A2B24D00B2B2C
:108AA80001D0012203E04FF4807200E001223B4B29
:108AB800B3FBF2F261684B0803EB4203B3FBF1F33B
:108AC8000020B6E50222F2E70422F0E70622EEE7EC
:108AD8000822ECE70A22EAE70C22E8E71022E6E798
:108AE8002022E4E74022E2E78022E0E7636AD3B18C
:108AF800012B25D0022B25D0032B25D0042B25D0E4
:108B0800052B25D0062B25D0072B25D0082B25D0C3
:108B1800092B25D00A2B25D00B2B01D0012203E0ED
:108B28004FF4807200E001224FF40043B3FBF2F2ED
:108B380061684B0803EB4203B3FBF1F3002078E5CF
:108B48000222F1E70422EFE70622EDE70822EBE72D
:108B58000A22E9E70C22E7E71022E5E72022E3E70B
:108B68004022E1E78022DFE70023012061E50023BE
:108B780001205EE5002301205BE50023012058E584
:108B880001200123A38763870023A364E36406B05D
:108B980010BD00BF004402580090D00300093D00FA
:108BA8002DE9F84305460F4616469946DDF820801C
:108BB8002C68E46937EA04030CBF4FF0010C4FF04E
:108BC800000CB44513D1B8F1FF3FF1D0FEF720FAFD
:108BD800A0EB0900404502D8B8F1000FE8D1012305
:108BE80085F85930002385F85830032000E000202C
:108BF800BDE8F88330B583B004460023C365FEF7AB
:108C080007FA05462268126812F0080F0CD123688B
:108C18001B6813F0040F15D1012384F85930002084
:108C280084F8580003B030BD4FF47A7300930346BC
:108C380000224FF400112046FFF7B2FF0028E6D0CB
:108C48000320EFE74FF47A7300932B4600224FF48A
:108C580080012046FFF7A4FF0028DDD00320E1E7CC
:108C680048B310B5044690F85930FBB1022384F894
:108C780059302268136823F0010313602046FFF778
:108C8800A3FC012811D02268536823F48043536061
:108C98002268936823F02A0393602268136843F0DC
:108CA800010313602046FFF7A5FF10BD80F8583078
:108CB800F9F77AF8DAE7012070470000436C1BB92E
:108CC800012383874387704730B403689A68C2F3E7
:108CD80042629968490F084D6B5C1B01074C615C47
:108CE80093FBF1F38387AB5C1B01A25C93FBF2F36C
:108CF800438730BC704700BFB4A00008ACA0000890
:108D080090F85830012B18D04FF0010C80F858C05B
:108D1800022380F8593003681A68196821F00101A4
:108D2800196022F000520023436401680A6080F849
:108D380059C080F85830184670470220704790F89C
:108D48005830012B1DD070B50446012580F85850C5
:108D5800022380F8593003681E681A6822F001025D
:108D68001A600268936823F0604319439160FFF723
:108D7800A5FF23681E6084F85950002084F8580025
:108D880070BD0220704790F85830012B1DD070B587
:108D98000446012580F85850022380F859300368AA
:108DA8001E681A6822F001021A600268936823F0AC
:108DB800606319439160FFF781FF23681E6084F8A0
:108DC8005950002084F8580070BD0220704738B50B
:108DD80004460268D36823F0A003D360FEF718F9AD
:108DE80005462368DB6813F0200F07D1FEF710F95A
:108DF800401BB0F57A7FF4D9032000E0002038BD8D
:108E080070B50368DA6812F0400F02D000263046C9
:108E180070BD04464FF0FF32DA60FEF7F9F80546F8
:108E280000262368DB6813F0400FF0D1FEF7F0F856
:108E3800401BB0F57A7FF4D9032684F82160F0E767
:108E480010B50446114BDA6822F04002DA609B68DC
:108E580013F0200F07D1FFF7BAFF0346A0B1032391
:108E680084F8213010E0094A936823F020039360C6
:108E7800FFF7ADFF034610B1032384F821300349FF
:108E88008A6842F020028A60184610BD00400058E7
:108E9800002844D038B5044690F82130A3B1022305
:108EA80084F821302368CA225A62236853225A62FE
:108EB8002046FFF7A5FF60B12368FF225A6210B968
:108EC800012384F8213038BD80F82030F8F7ECFF12
:108ED800E5E722689168134B0B40936021688A6824
:108EE800636820690343A069034313438B60A16847
:108EF800E368226843EA014313612046FFF7A0FFB5
:108F08000028D9D12268D36C23F00303D3642168E5
:108F1800CB6CE26965692A431343CB64CCE7012033
:108F2800704700BFBFFF8FFFC36B5B09C068083085
:108F3800C00803FB00007047002800F09F8070B550
:108F48000446002383620568504B514E9D4218BF6A
:108F5800B54214BF0126002607D0A3F574439D42ED
:108F680003D0C3680F2B00F28B802046FFF7DCFF8D
:108F78002EB1484B9D4202D0082800F28380434A14
:108F8800434B9D4218BF954203D003F580639D4231
:108F980001D1102878D894F88130002B54D00223BE
:108FA80084F881302268136823F001031360A369F1
:108FB800B3F1806F4ED0E369A26A1343E26B1343A7
:108FC800E16822680B439360636B626A1343A26B88
:108FD8001343A26913432269134362691343226A44
:108FE800134362681343E26C1343A2681343A26CF1
:108FF8001343A16D22680B43D36063686BB9226881
:10900800936823F4C05343F4006393602268936821
:1090180023F4C06343F4806393602268136D23F0E4
:1090280001031365636813F4800F06D02268D368C0
:1090380023F00043616D0B43D3600020C4F8840023
:10904800012384F8813070BD84F880302046F9F718
:1090580001F8A4E76368B3F5800F06D0002BAAD106
:10906800A36BB3F1805FA6D102E0A26B002AF5D111
:109078002268136843F4805313609CE7012070470B
:109088000120E0E70120DEE70120DCE700300140B5
:1090980000380040003C0040F0B4036A23F00103AC
:1090A8000362036A466884691F4A22400D681543B3
:1090B80023F002038C6823431C4A1D4CA04218BFAE
:1090C80090420CBF012200220CD004F58044A0423B
:1090D80014BF00240124174FB84203D014B9164C0A
:1090E800A04205D123F00803CC68234323F00403EE
:1090F8005AB9124A904214BF002201220D4CA042D4
:1091080003D012B90C4A904207D126F4407C4A6930
:1091180042EA0C0C8E6946EA0C06466085614A688C
:1091280042630362F0BC70478CFFFEFF0000014001
:109138000004014000400140004801400044014053
:1091480070B4036A23F480730362036A4568C269D2
:1091580022F073020E68164323F400738A6843EA08
:109168000223164A164CA04218BF90420CBF012297
:10917800002206D123F40063CC6843EA042323F4D5
:1091880080635AB90F4A904214BF002201220E4C44
:10919800A04203D012B90D4A904207D125F4405C91
:1091A8004A694CEA021C8D694CEA05154560C6619E
:1091B8004A68C263036270BC704700BF0000014088
:1091C80000040140004401400040014000480140C3
:1091D80070B4036A23F480530362036A4468C26963
:1091E80022F4E6420D6842EA052223F400538D6812
:1091F80043EA05330F4E104DA84218BFB0420DD0B8
:1092080005F58045A84214BF0025012506F58046CE
:10921800B04203D015B9094DA84204D124F48044C2
:109228004D6944EA85144460C2614A680264036275
:1092380070BC704700000140000401400048014034
:1092480070B4036A23F480330362036A4268446D8E
:1092580024F0700C0C6844EA0C0623F400338C6884
:1092680043EA04430F4D104CA04218BFA8420DD04A
:1092780004F58044A04214BF0024012405F580456C
:10928800A84203D014B9094CA04204D122F4803278
:109298004C6942EA0422426046654A688265036274
:1092A80070BC7047000001400004014000480140C4
:1092B80070B4036A23F480130362036A4468426D3E
:1092C80022F4E0420D6842EA052223F400138D6877
:1092D80043EA05530F4E104DA84218BFB0420DD0B7
:1092E80005F58045A84214BF0025012506F58046EE
:1092F800B04203D015B9094DA84204D124F4003472
:109308004D6944EA8524446042654A68C26503623F
:1093180070BC704700000140000401400048014053
:1093280010B4036A046A24F001040462846924F016
:10933800F00C4CEA021223F00A030B438261036229
:109348005DF8044B704730B4046A24F010040462DA
:109358008469056A24F4407C4CEA022C2CF4704C95
:109368001B039BB243EA0C0325F0A005090101F099
:10937800A00129438361016230BC704710B4046ABC
:1093880024F0100404628469036A24F4704C4CEAE3
:10939800023223F0A00343EA0113826103625DF8FD
:1093A800044B704730B4046A24F480740462C469BE
:1093B800056A24F0030C4CEA020C2CF0F00C1B019B
:1093C800DBB243EA0C0325F42065090201F42061AD
:1093D8002943C361016230BC704730B4046A24F485
:1093E80080540462C469056A24F4407C4CEA022C67
:1093F8002CF4704C1B039BB243EA0C0325F4204564
:10940800090301F420412943C361016230BC70475C
:109418008268034B13400B4343F007038360704794
:109428008FFFCFFF90F83D30DBB2012B36D10223FE
:1094380080F83D300268D36843F00103D3600368C5
:10944800184AB3F1804F18BF934219D0A2F57C4255
:10945800934215D002F58062934211D002F58062E2
:1094680093420DD002F57842934209D0A2F56C429E
:10947800934205D01A6842F001021A600020704732
:109488009968094A0A40062A18BFB2F5803F07D0F2
:109498001A6842F001021A600020704701207047E4
:1094A8000020704700000140070001007047704726
:1094B8007047704710B5044603681A6912F0020F26
:1094C80011D0DA6812F0020F0DD06FF002021A61A3
:1094D8000123037703689B6913F0030F79D0FFF723
:1094E800E6FF0023237723681A6912F0040F12D0CD
:1094F800DA6812F0040F0ED06FF004021A6102232A
:10950800237723689B6913F4407F68D02046FFF7D0
:10951800CEFF0023237723681A6912F0080F12D0B0
:10952800DA6812F0080F0ED06FF008021A610423EF
:1095380023772368DB6913F0030F57D02046FFF722
:10954800B6FF0023237723681A6912F0100F12D090
:10955800DA6812F0100F0ED06FF010021A610823AB
:1095680023772368DB6913F4407F46D02046FFF752
:109578009EFF0023237723681A6912F0010F03D096
:10958800DA6812F0010F3FD123681A6912F0800FD0
:1095980003D0DA6812F0800F3DD123681A6912F4FB
:1095A800807F03D0DA6812F0800F3BD123681A69F4
:1095B80012F0400F03D0DA6812F0400F39D1236857
:1095C8001A6912F0200F03D0DA6812F0200F37D191
:1095D80010BDFFF76BFF2046FFF76AFF81E72046C3
:1095E800FFF764FF2046FFF763FF92E72046FFF787
:1095F8005DFF2046FFF75CFFA3E72046FFF756FF15
:109608002046FFF755FFB4E76FF001021A612046C4
:10961800F7F704F8B8E76FF080021A61204600F007
:109628005AFCBAE76FF480721A61204600F054FCC5
:10963800BCE76FF040021A612046FFF73AFFBEE729
:109648006FF020021A61204600F044FCC0E70000D9
:1096580030B50368394A904214BF4FF0000E4FF0FE
:10966800010EB0F1804F14BF72464EF00102AAB944
:10967800334CA04214BF00240124324DA8420DD01F
:1096880064B904F1804404F58234A04214BF002474
:10969800012405F50065A84200D01CB123F0700331
:1096A8004C68234312BB264A904214BF0022012271
:1096B800244CA0421AD0CAB902F1804202F5823283
:1096C800904214BF0022012204F50064A0420DD08C
:1096D80062B91D4A904214BF0022012204F59A344F
:1096E800A04203D012B9194A904204D123F4407C15
:1096F800CB6843EA0C0323F080034A6913430360F1
:109708008A68C2620A688262114A904214BF73462C
:109718004EF0010363B90C4B984214BF0023012398
:1097280002F57052904203D013B9084B984201D108
:109738000B6903630123436130BD00BF0000014092
:109748000008004000040040004401400048014077
:109758000004014060B310B5044690F83D3013B3DF
:10976800022384F83D30214651F8040BFFF770FFBF
:10977800012384F8483084F83E3084F83F3084F878
:10978800403084F8413084F8423084F8433084F81B
:10979800443084F8453084F8463084F8473084F8FB
:1097A8003D30002010BD80F83C30F8F7ADFFD7E71A
:1097B8000120704760B310B5044690F83D3013B3EC
:1097C800022384F83D30214651F8040BFFF740FF8F
:1097D800012384F8483084F83E3084F83F3084F818
:1097E800403084F8413084F8423084F8433084F8BB
:1097F800443084F8453084F8463084F8473084F89B
:109808003D30002010BD80F83C30F9F7F1F8D7E77B
:109818000120704760B310B5044690F83D3013B38B
:10982800022384F83D30214651F8040BFFF710FF5E
:10983800012384F8483084F83E3084F83F3084F8B7
:10984800403084F8413084F8423084F8433084F85A
:10985800443084F8453084F8463084F8473084F83A
:109868003D30002010BD80F83C30F9F71DF8D7E7EF
:109878000120704700284FD0F8B50D46044690F8EF
:109888003D30002B43D0022384F83D302268916894
:10989800224B0B409360214651F8040BFFF7D8FE8A
:1098A800206881688369026A2E680E431C49194042
:1098B800AB68AF6943EA072343EA010C194B0CEA8A
:1098C8000303E968EF6941EA072119432B6A1B037F
:1098D8002F6943EA07130B4322F0AA016A686D69EE
:1098E80042EA05120A43866021688B6123681A627E
:1098F800012384F8483084F83E3084F83F3084F8F7
:10990800443084F8453084F83D300020F8BD80F8B4
:109918003C30F9F787F8B6E701207047F8BFFEFF3B
:10992800FCFCFFFF0303FFFF70B4036A23F010037E
:109938000362036A456884691A4A22400E6842EA4B
:10994800062623F020038A6843EA0213164A174CB6
:10995800A04218BF90420CBF0122002206D123F07A
:109968008003CC6843EA041323F040035AB9104A31
:10997800904214BF002201220E4CA04203D012B91B
:109988000D4A904207D125F4406C4A694CEA820C92
:109998008D694CEA8505456086614A688263036281
:1099A80070BC7047FF8CFFFE0000014000040140BE
:1099B80000440140004001400048014038B590F89B
:1099C8003C30012B00F08C8004460D46012380F8C2
:1099D8003C30142A1ED8DFE802F00B1D1D1D211D86
:1099E8001D1D351D1D1D481D1D1D5C1D1D1D6F00E8
:1099F8000068FFF751FB2268936943F008039361FD
:109A08002268936923F004039361226893692969A2
:109A18000B439361002084F83C0038BD0068FFF7D1
:109A280083FF2268936943F4006393612268936912
:109A380023F48063936122689369296943EA0123C7
:109A48009361E7E70068FFF77BFB2268D36943F07F
:109A58000803D3612268D36923F00403D361226821
:109A6800D36929690B43D361D4E70068FFF7B0FBDA
:109A78002268D36943F40063D3612268D36923F46D
:109A88008063D3612268D369296943EA0123D361DA
:109A9800C0E70068FFF7D4FB2268536D43F0080362
:109AA80053652268536D23F0040353652268536D90
:109AB80029690B435365ADE70068FFF7F9FB226896
:109AC800536D43F4006353652268536D23F4806338
:109AD80053652268536D296943EA0123536599E761
:109AE80002209AE770B49446046A24F001040462E0
:109AF8008469066A1D4DB0F1804F18BFA84223D073
:109B08001B4A904214BF00220122A5F57C45A842B9
:109B18001AD0CAB902F1804202F58232904214BFCB
:109B28000022012205F50065A8420DD062B9114A4C
:109B3800904214BF0022012205F54065A84203D0D7
:109B480012B944F0010203E024F0030242EA0C02D5
:109B580022F0F0021B01DBB2134326F00A0201F0E7
:109B68000A0111438361016270BC70470000014023
:109B7800000800400040014038B590F83C30012B07
:109B880052D004460D46012380F83C30C2B1042A65
:109B980027D0082A37D0CB684A6809680068FFF7D9
:109BA8001CFC2268D36923F44063D3612268D3691B
:109BB800A96843EA0123D361002084F83C0038BD3A
:109BC800CB684A6809680068FFF78CFF22689369C8
:109BD80023F00C03936122689369A9680B4393618E
:109BE800EAE7CB684A6809680068FFF7ACFB2268B7
:109BF800936923F44063936122689369A96843EAEF
:109C080001239361D8E7CB684A6809680068FFF7C1
:109C1800C9FB2268D36923F00C03D3612268D36996
:109C2800A9680B43D361C7E70220C8E710B484686A
:109C380024F47F4C42EA03220A4342EA0C0282607F
:109C48005DF8044B7047000090F83C30012B77D04A
:109C580010B50446012380F83C30022380F83D30DB
:109C680002689068374B034093600B68602B53D0B1
:109C78000ED9B3F5005F43D02DD9334A934225D08E
:109C880037D9324A934221D0103293421ED013E082
:109C9800402B4BD00BD9502B0ED1CA68496820688D
:109CA800FFF73EFB50212068FFF7B2FB04E0202BB2
:109CB8000CD008D9302B09D0012384F83D3000207E
:109CC80084F83C0010BD0BB1102BF5D11946206863
:109CD800FFF79EFBF0E7702BEED1CB684A688968E6
:109CE8002068FFF7A3FF2268936843F07703936027
:109CF800E2E7B3F5801FE9D0B3F1101FE6D0DBE748
:109D0800CB684A6889682068FFF790FF22689368E3
:109D180043F480439360CFE7CA6849682068FFF737
:109D28002DFB60212068FFF773FBC5E7CA68496807
:109D38002068FFF7F5FA40212068FFF769FBBBE7C9
:109D4800022070478800CEFF20001000300010006D
:109D580010B50468A368224A1A404B681343214A85
:109D68001A400B681343A3604B68602B2CD00CD8A7
:109D7800402B14D0502B06D10A6989680068FFF778
:109D8800CFFA002028E0002026E0702B23D10B69B1
:109D98008A68C9680068FFF749FF00201CE00B6863
:109DA800052B1AD003681C6A1A6A22F001021A628B
:109DB8000268936923F0F003096943EA0113936188
:109DC80003681C62002007E00A6989680068FFF7D9
:109DD800D5FA002000E0002010BD0120FCE700BFFC
:109DE8008FFFCFFFF8FFFEFF90F83C30012B22D009
:109DF80010B50446012380F83C30022380F83D303A
:109E0800FFF7A6FF80B92268D36823F04003D36028
:109E18002268D36823F48043D360012384F83D305B
:109E2800002384F83C3010BD012084F83D00002355
:109E380084F83C30F7E702207047000090F83C3087
:109E4800012B41D070B4012380F83C30022380F804
:109E58003D3003685A689C681C4E1D4DAB4218BFC4
:109E6800B34203D122F470024D682A4322F07002F3
:109E78000D682A435A600368144AB3F1804F18BF2B
:109E8800934213D0A2F57C4293420FD002F5806230
:109E980093420BD002F58062934207D002F57842D4
:109EA800934203D0A2F56C42934204D124F080047B
:109EB8008A6814439C60012380F83D30002380F8B1
:109EC8003C30184670BC70470220704700000140C3
:109ED800000401407047704770470000294AD2F8D3
:109EE800883043F47003C2F88830274B1B6803F0AE
:109EF8000F03062B06D8244A136823F00F0343F0F8
:109F080007031360214B1A6842F001021A6000220D
:109F18001A6119681E4A0A401A601B4B1B6813F025
:109F2800080F06D0184A136823F00F0343F00703FD
:109F38001360164B00229A61DA611A621549996218
:109F48001549D962154919635A639963DA63196423
:109F58005A64196821F4802119601A66104B1A682E
:109F6800104B1340B3F1005F03D20F4B0122C3F82B
:109F780008210E4B43F2D2021A60024B4FF00062E6
:109F88009A60704700ED00E000200052004402583B
:109F98007FEDF6EA000202020000FF0180020101E3
:109FA8000010005C0000FFFF0080005100400052DC
:109FB800DFF834D0FFF792FF0C480D490D4A002313
:109FC80002E0D458C4500433C4188C42F9D30A4A66
:109FD8000A4C002301E013600432A242FBD300F0D4
:109FE80011F8F6F7CFFB70470000022000000020B0
:109FF80010000020DCA0000810000020740E0020D3
:10A00800FEE7000070B50D4D0D4C641BA410002632
:10A01800A64209D10B4D0C4C00F020F8641BA4108B
:10A028000026A64205D170BD55F8043B9847013675
:10A03800EEE755F8043B98470136F2E7D4A000084C
:10A04800D4A00008D4A00008D8A000080244034601
:10A05800934200D1704703F8011BF9E7F8B500BF38
:10A06800F8BC08BC9E467047F8B500BFF8BC08BCF1
:04A078009E46704749
:10A07C00000610160006101601000200040006006F
:10A08C0008000A000C0010002000400080000001B5
:10A09C000804020408010101010101030701000089
:10A0AC000804020408010101010101030701000079
:10A0BC000000000001020304010203040607080962
:08A0CC003C62FF7F010000006F
:04A0D400BD020008C1
:04A0D80099020008E1
:10A0DC0001010000100000000090D0030090D0039C
:0400000508009FB997
:00000001FF
