ARM GAS  C:\Users\simon\AppData\Local\Temp\ccaQjVzT.s 			page 1


   1              		.cpu cortex-m7
   2              		.arch armv7e-m
   3              		.fpu fpv5-d16
   4              		.eabi_attribute 28, 1
   5              		.eabi_attribute 20, 1
   6              		.eabi_attribute 21, 1
   7              		.eabi_attribute 23, 3
   8              		.eabi_attribute 24, 1
   9              		.eabi_attribute 25, 1
  10              		.eabi_attribute 26, 1
  11              		.eabi_attribute 30, 1
  12              		.eabi_attribute 34, 1
  13              		.eabi_attribute 18, 4
  14              		.file	"tim.c"
  15              		.text
  16              	.Ltext0:
  17              		.cfi_sections	.debug_frame
  18              		.section	.text.MX_TIM1_Init,"ax",%progbits
  19              		.align	1
  20              		.global	MX_TIM1_Init
  21              		.syntax unified
  22              		.thumb
  23              		.thumb_func
  25              	MX_TIM1_Init:
  26              	.LFB331:
  27              		.file 1 "Src/tim.c"
   1:Src/tim.c     **** /**
   2:Src/tim.c     ****   ******************************************************************************
   3:Src/tim.c     ****   * @file    tim.c
   4:Src/tim.c     ****   * @brief   This file provides code for the configuration
   5:Src/tim.c     ****   *          of the TIM instances.
   6:Src/tim.c     ****   ******************************************************************************
   7:Src/tim.c     ****   * @attention
   8:Src/tim.c     ****   *
   9:Src/tim.c     ****   * <h2><center>&copy; Copyright (c) 2026 STMicroelectronics.
  10:Src/tim.c     ****   * All rights reserved.</center></h2>
  11:Src/tim.c     ****   *
  12:Src/tim.c     ****   * This software component is licensed by ST under BSD 3-Clause license,
  13:Src/tim.c     ****   * the "License"; You may not use this file except in compliance with the
  14:Src/tim.c     ****   * License. You may obtain a copy of the License at:
  15:Src/tim.c     ****   *                        opensource.org/licenses/BSD-3-Clause
  16:Src/tim.c     ****   *
  17:Src/tim.c     ****   ******************************************************************************
  18:Src/tim.c     ****   */
  19:Src/tim.c     **** 
  20:Src/tim.c     **** /* Includes ------------------------------------------------------------------*/
  21:Src/tim.c     **** #include "tim.h"
  22:Src/tim.c     **** 
  23:Src/tim.c     **** /* USER CODE BEGIN 0 */
  24:Src/tim.c     **** 
  25:Src/tim.c     **** /* USER CODE END 0 */
  26:Src/tim.c     **** 
  27:Src/tim.c     **** TIM_HandleTypeDef htim1;
  28:Src/tim.c     **** TIM_HandleTypeDef htim2;
  29:Src/tim.c     **** TIM_HandleTypeDef htim3;
  30:Src/tim.c     **** TIM_HandleTypeDef htim4;
  31:Src/tim.c     **** TIM_HandleTypeDef htim5;
ARM GAS  C:\Users\simon\AppData\Local\Temp\ccaQjVzT.s 			page 2


  32:Src/tim.c     **** TIM_HandleTypeDef htim6;
  33:Src/tim.c     **** TIM_HandleTypeDef htim7;
  34:Src/tim.c     **** TIM_HandleTypeDef htim8;
  35:Src/tim.c     **** TIM_HandleTypeDef htim12;
  36:Src/tim.c     **** TIM_HandleTypeDef htim13;
  37:Src/tim.c     **** TIM_HandleTypeDef htim14;
  38:Src/tim.c     **** TIM_HandleTypeDef htim15;
  39:Src/tim.c     **** TIM_HandleTypeDef htim16;
  40:Src/tim.c     **** TIM_HandleTypeDef htim17;
  41:Src/tim.c     **** 
  42:Src/tim.c     **** /* TIM1 init function */
  43:Src/tim.c     **** void MX_TIM1_Init(void)
  44:Src/tim.c     **** {
  28              		.loc 1 44 1 view -0
  29              		.cfi_startproc
  30              		@ args = 0, pretend = 0, frame = 32
  31              		@ frame_needed = 0, uses_anonymous_args = 0
  32 0000 00B5     		push	{lr}
  33              	.LCFI0:
  34              		.cfi_def_cfa_offset 4
  35              		.cfi_offset 14, -4
  36 0002 89B0     		sub	sp, sp, #36
  37              	.LCFI1:
  38              		.cfi_def_cfa_offset 40
  45:Src/tim.c     **** 
  46:Src/tim.c     ****   /* USER CODE BEGIN TIM1_Init 0 */
  47:Src/tim.c     **** 
  48:Src/tim.c     ****   /* USER CODE END TIM1_Init 0 */
  49:Src/tim.c     **** 
  50:Src/tim.c     ****   TIM_ClockConfigTypeDef sClockSourceConfig = {0};
  39              		.loc 1 50 3 view .LVU1
  40              		.loc 1 50 26 is_stmt 0 view .LVU2
  41 0004 0023     		movs	r3, #0
  42 0006 0493     		str	r3, [sp, #16]
  43 0008 0593     		str	r3, [sp, #20]
  44 000a 0693     		str	r3, [sp, #24]
  45 000c 0793     		str	r3, [sp, #28]
  51:Src/tim.c     ****   TIM_MasterConfigTypeDef sMasterConfig = {0};
  46              		.loc 1 51 3 is_stmt 1 view .LVU3
  47              		.loc 1 51 27 is_stmt 0 view .LVU4
  48 000e 0193     		str	r3, [sp, #4]
  49 0010 0293     		str	r3, [sp, #8]
  50 0012 0393     		str	r3, [sp, #12]
  52:Src/tim.c     **** 
  53:Src/tim.c     ****   /* USER CODE BEGIN TIM1_Init 1 */
  54:Src/tim.c     **** 
  55:Src/tim.c     ****   /* USER CODE END TIM1_Init 1 */
  56:Src/tim.c     ****   htim1.Instance = TIM1;
  51              		.loc 1 56 3 is_stmt 1 view .LVU5
  52              		.loc 1 56 18 is_stmt 0 view .LVU6
  53 0014 1648     		ldr	r0, .L9
  54 0016 174A     		ldr	r2, .L9+4
  55 0018 0260     		str	r2, [r0]
  57:Src/tim.c     ****   htim1.Init.Prescaler = 600-1;
  56              		.loc 1 57 3 is_stmt 1 view .LVU7
  57              		.loc 1 57 24 is_stmt 0 view .LVU8
  58 001a 40F25722 		movw	r2, #599
ARM GAS  C:\Users\simon\AppData\Local\Temp\ccaQjVzT.s 			page 3


  59 001e 4260     		str	r2, [r0, #4]
  58:Src/tim.c     ****   htim1.Init.CounterMode = TIM_COUNTERMODE_UP;
  60              		.loc 1 58 3 is_stmt 1 view .LVU9
  61              		.loc 1 58 26 is_stmt 0 view .LVU10
  62 0020 8360     		str	r3, [r0, #8]
  59:Src/tim.c     ****   htim1.Init.Period = 10-1;
  63              		.loc 1 59 3 is_stmt 1 view .LVU11
  64              		.loc 1 59 21 is_stmt 0 view .LVU12
  65 0022 0922     		movs	r2, #9
  66 0024 C260     		str	r2, [r0, #12]
  60:Src/tim.c     ****   htim1.Init.ClockDivision = TIM_CLOCKDIVISION_DIV1;
  67              		.loc 1 60 3 is_stmt 1 view .LVU13
  68              		.loc 1 60 28 is_stmt 0 view .LVU14
  69 0026 0361     		str	r3, [r0, #16]
  61:Src/tim.c     ****   htim1.Init.RepetitionCounter = 0;
  70              		.loc 1 61 3 is_stmt 1 view .LVU15
  71              		.loc 1 61 32 is_stmt 0 view .LVU16
  72 0028 4361     		str	r3, [r0, #20]
  62:Src/tim.c     ****   htim1.Init.AutoReloadPreload = TIM_AUTORELOAD_PRELOAD_DISABLE;
  73              		.loc 1 62 3 is_stmt 1 view .LVU17
  74              		.loc 1 62 32 is_stmt 0 view .LVU18
  75 002a 8361     		str	r3, [r0, #24]
  63:Src/tim.c     ****   if (HAL_TIM_Base_Init(&htim1) != HAL_OK)
  76              		.loc 1 63 3 is_stmt 1 view .LVU19
  77              		.loc 1 63 7 is_stmt 0 view .LVU20
  78 002c FFF7FEFF 		bl	HAL_TIM_Base_Init
  79              	.LVL0:
  80              		.loc 1 63 6 view .LVU21
  81 0030 A0B9     		cbnz	r0, .L6
  82              	.L2:
  64:Src/tim.c     ****   {
  65:Src/tim.c     ****     Error_Handler();
  66:Src/tim.c     ****   }
  67:Src/tim.c     ****   sClockSourceConfig.ClockSource = TIM_CLOCKSOURCE_INTERNAL;
  83              		.loc 1 67 3 is_stmt 1 view .LVU22
  84              		.loc 1 67 34 is_stmt 0 view .LVU23
  85 0032 4FF48053 		mov	r3, #4096
  86 0036 0493     		str	r3, [sp, #16]
  68:Src/tim.c     ****   if (HAL_TIM_ConfigClockSource(&htim1, &sClockSourceConfig) != HAL_OK)
  87              		.loc 1 68 3 is_stmt 1 view .LVU24
  88              		.loc 1 68 7 is_stmt 0 view .LVU25
  89 0038 04A9     		add	r1, sp, #16
  90 003a 0D48     		ldr	r0, .L9
  91 003c FFF7FEFF 		bl	HAL_TIM_ConfigClockSource
  92              	.LVL1:
  93              		.loc 1 68 6 view .LVU26
  94 0040 78B9     		cbnz	r0, .L7
  95              	.L3:
  69:Src/tim.c     ****   {
  70:Src/tim.c     ****     Error_Handler();
  71:Src/tim.c     ****   }
  72:Src/tim.c     ****   sMasterConfig.MasterOutputTrigger = TIM_TRGO_UPDATE;
  96              		.loc 1 72 3 is_stmt 1 view .LVU27
  97              		.loc 1 72 37 is_stmt 0 view .LVU28
  98 0042 2023     		movs	r3, #32
  99 0044 0193     		str	r3, [sp, #4]
  73:Src/tim.c     ****   sMasterConfig.MasterOutputTrigger2 = TIM_TRGO2_RESET;
ARM GAS  C:\Users\simon\AppData\Local\Temp\ccaQjVzT.s 			page 4


 100              		.loc 1 73 3 is_stmt 1 view .LVU29
 101              		.loc 1 73 38 is_stmt 0 view .LVU30
 102 0046 0023     		movs	r3, #0
 103 0048 0293     		str	r3, [sp, #8]
  74:Src/tim.c     ****   sMasterConfig.MasterSlaveMode = TIM_MASTERSLAVEMODE_DISABLE;
 104              		.loc 1 74 3 is_stmt 1 view .LVU31
 105              		.loc 1 74 33 is_stmt 0 view .LVU32
 106 004a 0393     		str	r3, [sp, #12]
  75:Src/tim.c     ****   if (HAL_TIMEx_MasterConfigSynchronization(&htim1, &sMasterConfig) != HAL_OK)
 107              		.loc 1 75 3 is_stmt 1 view .LVU33
 108              		.loc 1 75 7 is_stmt 0 view .LVU34
 109 004c 01A9     		add	r1, sp, #4
 110 004e 0848     		ldr	r0, .L9
 111 0050 FFF7FEFF 		bl	HAL_TIMEx_MasterConfigSynchronization
 112              	.LVL2:
 113              		.loc 1 75 6 view .LVU35
 114 0054 40B9     		cbnz	r0, .L8
 115              	.L1:
  76:Src/tim.c     ****   {
  77:Src/tim.c     ****     Error_Handler();
  78:Src/tim.c     ****   }
  79:Src/tim.c     ****   /* USER CODE BEGIN TIM1_Init 2 */
  80:Src/tim.c     **** 
  81:Src/tim.c     ****   /* USER CODE END TIM1_Init 2 */
  82:Src/tim.c     **** 
  83:Src/tim.c     **** }
 116              		.loc 1 83 1 view .LVU36
 117 0056 09B0     		add	sp, sp, #36
 118              	.LCFI2:
 119              		.cfi_remember_state
 120              		.cfi_def_cfa_offset 4
 121              		@ sp needed
 122 0058 5DF804FB 		ldr	pc, [sp], #4
 123              	.L6:
 124              	.LCFI3:
 125              		.cfi_restore_state
  65:Src/tim.c     ****   }
 126              		.loc 1 65 5 is_stmt 1 view .LVU37
 127 005c FFF7FEFF 		bl	Error_Handler
 128              	.LVL3:
 129 0060 E7E7     		b	.L2
 130              	.L7:
  70:Src/tim.c     ****   }
 131              		.loc 1 70 5 view .LVU38
 132 0062 FFF7FEFF 		bl	Error_Handler
 133              	.LVL4:
 134 0066 ECE7     		b	.L3
 135              	.L8:
  77:Src/tim.c     ****   }
 136              		.loc 1 77 5 view .LVU39
 137 0068 FFF7FEFF 		bl	Error_Handler
 138              	.LVL5:
 139              		.loc 1 83 1 is_stmt 0 view .LVU40
 140 006c F3E7     		b	.L1
 141              	.L10:
 142 006e 00BF     		.align	2
 143              	.L9:
ARM GAS  C:\Users\simon\AppData\Local\Temp\ccaQjVzT.s 			page 5


 144 0070 00000000 		.word	.LANCHOR0
 145 0074 00000140 		.word	1073807360
 146              		.cfi_endproc
 147              	.LFE331:
 149              		.section	.text.MX_TIM4_Init,"ax",%progbits
 150              		.align	1
 151              		.global	MX_TIM4_Init
 152              		.syntax unified
 153              		.thumb
 154              		.thumb_func
 156              	MX_TIM4_Init:
 157              	.LFB334:
  84:Src/tim.c     **** /* TIM2 init function */
  85:Src/tim.c     **** void MX_TIM2_Init(void)
  86:Src/tim.c     **** {
  87:Src/tim.c     **** 
  88:Src/tim.c     ****   /* USER CODE BEGIN TIM2_Init 0 */
  89:Src/tim.c     **** 
  90:Src/tim.c     ****   /* USER CODE END TIM2_Init 0 */
  91:Src/tim.c     **** 
  92:Src/tim.c     ****   TIM_MasterConfigTypeDef sMasterConfig = {0};
  93:Src/tim.c     ****   TIM_IC_InitTypeDef sConfigIC = {0};
  94:Src/tim.c     ****   TIM_OC_InitTypeDef sConfigOC = {0};
  95:Src/tim.c     **** 
  96:Src/tim.c     ****   /* USER CODE BEGIN TIM2_Init 1 */
  97:Src/tim.c     **** 
  98:Src/tim.c     ****   /* USER CODE END TIM2_Init 1 */
  99:Src/tim.c     ****   htim2.Instance = TIM2;
 100:Src/tim.c     ****   htim2.Init.Prescaler = 0;
 101:Src/tim.c     ****   htim2.Init.CounterMode = TIM_COUNTERMODE_UP;
 102:Src/tim.c     ****   htim2.Init.Period = 4294967295;
 103:Src/tim.c     ****   htim2.Init.ClockDivision = TIM_CLOCKDIVISION_DIV1;
 104:Src/tim.c     ****   htim2.Init.AutoReloadPreload = TIM_AUTORELOAD_PRELOAD_DISABLE;
 105:Src/tim.c     ****   if (HAL_TIM_IC_Init(&htim2) != HAL_OK)
 106:Src/tim.c     ****   {
 107:Src/tim.c     ****     Error_Handler();
 108:Src/tim.c     ****   }
 109:Src/tim.c     ****   if (HAL_TIM_PWM_Init(&htim2) != HAL_OK)
 110:Src/tim.c     ****   {
 111:Src/tim.c     ****     Error_Handler();
 112:Src/tim.c     ****   }
 113:Src/tim.c     ****   sMasterConfig.MasterOutputTrigger = TIM_TRGO_RESET;
 114:Src/tim.c     ****   sMasterConfig.MasterSlaveMode = TIM_MASTERSLAVEMODE_DISABLE;
 115:Src/tim.c     ****   if (HAL_TIMEx_MasterConfigSynchronization(&htim2, &sMasterConfig) != HAL_OK)
 116:Src/tim.c     ****   {
 117:Src/tim.c     ****     Error_Handler();
 118:Src/tim.c     ****   }
 119:Src/tim.c     ****   sConfigIC.ICPolarity = TIM_INPUTCHANNELPOLARITY_RISING;
 120:Src/tim.c     ****   sConfigIC.ICSelection = TIM_ICSELECTION_DIRECTTI;
 121:Src/tim.c     ****   sConfigIC.ICPrescaler = TIM_ICPSC_DIV1;
 122:Src/tim.c     ****   sConfigIC.ICFilter = 0;
 123:Src/tim.c     ****   if (HAL_TIM_IC_ConfigChannel(&htim2, &sConfigIC, TIM_CHANNEL_1) != HAL_OK)
 124:Src/tim.c     ****   {
 125:Src/tim.c     ****     Error_Handler();
 126:Src/tim.c     ****   }
 127:Src/tim.c     ****   if (HAL_TIM_IC_ConfigChannel(&htim2, &sConfigIC, TIM_CHANNEL_3) != HAL_OK)
 128:Src/tim.c     ****   {
ARM GAS  C:\Users\simon\AppData\Local\Temp\ccaQjVzT.s 			page 6


 129:Src/tim.c     ****     Error_Handler();
 130:Src/tim.c     ****   }
 131:Src/tim.c     ****   sConfigOC.OCMode = TIM_OCMODE_PWM1;
 132:Src/tim.c     ****   sConfigOC.Pulse = 0;
 133:Src/tim.c     ****   sConfigOC.OCPolarity = TIM_OCPOLARITY_HIGH;
 134:Src/tim.c     ****   sConfigOC.OCFastMode = TIM_OCFAST_DISABLE;
 135:Src/tim.c     ****   if (HAL_TIM_PWM_ConfigChannel(&htim2, &sConfigOC, TIM_CHANNEL_4) != HAL_OK)
 136:Src/tim.c     ****   {
 137:Src/tim.c     ****     Error_Handler();
 138:Src/tim.c     ****   }
 139:Src/tim.c     ****   /* USER CODE BEGIN TIM2_Init 2 */
 140:Src/tim.c     **** 
 141:Src/tim.c     ****   /* USER CODE END TIM2_Init 2 */
 142:Src/tim.c     ****   HAL_TIM_MspPostInit(&htim2);
 143:Src/tim.c     **** 
 144:Src/tim.c     **** }
 145:Src/tim.c     **** /* TIM3 init function */
 146:Src/tim.c     **** void MX_TIM3_Init(void)
 147:Src/tim.c     **** {
 148:Src/tim.c     **** 
 149:Src/tim.c     ****   /* USER CODE BEGIN TIM3_Init 0 */
 150:Src/tim.c     **** 
 151:Src/tim.c     ****   /* USER CODE END TIM3_Init 0 */
 152:Src/tim.c     **** 
 153:Src/tim.c     ****   TIM_MasterConfigTypeDef sMasterConfig = {0};
 154:Src/tim.c     ****   TIM_OC_InitTypeDef sConfigOC = {0};
 155:Src/tim.c     **** 
 156:Src/tim.c     ****   /* USER CODE BEGIN TIM3_Init 1 */
 157:Src/tim.c     **** 
 158:Src/tim.c     ****   /* USER CODE END TIM3_Init 1 */
 159:Src/tim.c     ****   htim3.Instance = TIM3;
 160:Src/tim.c     ****   htim3.Init.Prescaler = 0;
 161:Src/tim.c     ****   htim3.Init.CounterMode = TIM_COUNTERMODE_UP;
 162:Src/tim.c     ****   htim3.Init.Period = 65535;
 163:Src/tim.c     ****   htim3.Init.ClockDivision = TIM_CLOCKDIVISION_DIV1;
 164:Src/tim.c     ****   htim3.Init.AutoReloadPreload = TIM_AUTORELOAD_PRELOAD_DISABLE;
 165:Src/tim.c     ****   if (HAL_TIM_PWM_Init(&htim3) != HAL_OK)
 166:Src/tim.c     ****   {
 167:Src/tim.c     ****     Error_Handler();
 168:Src/tim.c     ****   }
 169:Src/tim.c     ****   sMasterConfig.MasterOutputTrigger = TIM_TRGO_RESET;
 170:Src/tim.c     ****   sMasterConfig.MasterSlaveMode = TIM_MASTERSLAVEMODE_DISABLE;
 171:Src/tim.c     ****   if (HAL_TIMEx_MasterConfigSynchronization(&htim3, &sMasterConfig) != HAL_OK)
 172:Src/tim.c     ****   {
 173:Src/tim.c     ****     Error_Handler();
 174:Src/tim.c     ****   }
 175:Src/tim.c     ****   sConfigOC.OCMode = TIM_OCMODE_PWM1;
 176:Src/tim.c     ****   sConfigOC.Pulse = 0;
 177:Src/tim.c     ****   sConfigOC.OCPolarity = TIM_OCPOLARITY_HIGH;
 178:Src/tim.c     ****   sConfigOC.OCFastMode = TIM_OCFAST_DISABLE;
 179:Src/tim.c     ****   if (HAL_TIM_PWM_ConfigChannel(&htim3, &sConfigOC, TIM_CHANNEL_1) != HAL_OK)
 180:Src/tim.c     ****   {
 181:Src/tim.c     ****     Error_Handler();
 182:Src/tim.c     ****   }
 183:Src/tim.c     ****   /* USER CODE BEGIN TIM3_Init 2 */
 184:Src/tim.c     **** 
 185:Src/tim.c     ****   /* USER CODE END TIM3_Init 2 */
ARM GAS  C:\Users\simon\AppData\Local\Temp\ccaQjVzT.s 			page 7


 186:Src/tim.c     ****   HAL_TIM_MspPostInit(&htim3);
 187:Src/tim.c     **** 
 188:Src/tim.c     **** }
 189:Src/tim.c     **** /* TIM4 init function */
 190:Src/tim.c     **** void MX_TIM4_Init(void)
 191:Src/tim.c     **** {
 158              		.loc 1 191 1 is_stmt 1 view -0
 159              		.cfi_startproc
 160              		@ args = 0, pretend = 0, frame = 48
 161              		@ frame_needed = 0, uses_anonymous_args = 0
 162 0000 00B5     		push	{lr}
 163              	.LCFI4:
 164              		.cfi_def_cfa_offset 4
 165              		.cfi_offset 14, -4
 166 0002 8DB0     		sub	sp, sp, #52
 167              	.LCFI5:
 168              		.cfi_def_cfa_offset 56
 192:Src/tim.c     **** 
 193:Src/tim.c     ****   /* USER CODE BEGIN TIM4_Init 0 */
 194:Src/tim.c     **** 
 195:Src/tim.c     ****   /* USER CODE END TIM4_Init 0 */
 196:Src/tim.c     **** 
 197:Src/tim.c     ****   TIM_ClockConfigTypeDef sClockSourceConfig = {0};
 169              		.loc 1 197 3 view .LVU42
 170              		.loc 1 197 26 is_stmt 0 view .LVU43
 171 0004 0023     		movs	r3, #0
 172 0006 0893     		str	r3, [sp, #32]
 173 0008 0993     		str	r3, [sp, #36]
 174 000a 0A93     		str	r3, [sp, #40]
 175 000c 0B93     		str	r3, [sp, #44]
 198:Src/tim.c     ****   TIM_MasterConfigTypeDef sMasterConfig = {0};
 176              		.loc 1 198 3 is_stmt 1 view .LVU44
 177              		.loc 1 198 27 is_stmt 0 view .LVU45
 178 000e 0593     		str	r3, [sp, #20]
 179 0010 0693     		str	r3, [sp, #24]
 180 0012 0793     		str	r3, [sp, #28]
 199:Src/tim.c     ****   TIM_IC_InitTypeDef sConfigIC = {0};
 181              		.loc 1 199 3 is_stmt 1 view .LVU46
 182              		.loc 1 199 22 is_stmt 0 view .LVU47
 183 0014 0193     		str	r3, [sp, #4]
 184 0016 0293     		str	r3, [sp, #8]
 185 0018 0393     		str	r3, [sp, #12]
 186 001a 0493     		str	r3, [sp, #16]
 200:Src/tim.c     **** 
 201:Src/tim.c     ****   /* USER CODE BEGIN TIM4_Init 1 */
 202:Src/tim.c     **** 
 203:Src/tim.c     ****   /* USER CODE END TIM4_Init 1 */
 204:Src/tim.c     ****   htim4.Instance = TIM4;
 187              		.loc 1 204 3 is_stmt 1 view .LVU48
 188              		.loc 1 204 18 is_stmt 0 view .LVU49
 189 001c 2048     		ldr	r0, .L23
 190 001e 214A     		ldr	r2, .L23+4
 191 0020 0260     		str	r2, [r0]
 205:Src/tim.c     ****   htim4.Init.Prescaler = 2499;
 192              		.loc 1 205 3 is_stmt 1 view .LVU50
 193              		.loc 1 205 24 is_stmt 0 view .LVU51
 194 0022 40F6C312 		movw	r2, #2499
ARM GAS  C:\Users\simon\AppData\Local\Temp\ccaQjVzT.s 			page 8


 195 0026 4260     		str	r2, [r0, #4]
 206:Src/tim.c     ****   htim4.Init.CounterMode = TIM_COUNTERMODE_UP;
 196              		.loc 1 206 3 is_stmt 1 view .LVU52
 197              		.loc 1 206 26 is_stmt 0 view .LVU53
 198 0028 8360     		str	r3, [r0, #8]
 207:Src/tim.c     ****   htim4.Init.Period = 2999;
 199              		.loc 1 207 3 is_stmt 1 view .LVU54
 200              		.loc 1 207 21 is_stmt 0 view .LVU55
 201 002a 40F6B732 		movw	r2, #2999
 202 002e C260     		str	r2, [r0, #12]
 208:Src/tim.c     ****   htim4.Init.ClockDivision = TIM_CLOCKDIVISION_DIV1;
 203              		.loc 1 208 3 is_stmt 1 view .LVU56
 204              		.loc 1 208 28 is_stmt 0 view .LVU57
 205 0030 0361     		str	r3, [r0, #16]
 209:Src/tim.c     ****   htim4.Init.AutoReloadPreload = TIM_AUTORELOAD_PRELOAD_ENABLE;
 206              		.loc 1 209 3 is_stmt 1 view .LVU58
 207              		.loc 1 209 32 is_stmt 0 view .LVU59
 208 0032 8023     		movs	r3, #128
 209 0034 8361     		str	r3, [r0, #24]
 210:Src/tim.c     ****   if (HAL_TIM_Base_Init(&htim4) != HAL_OK)
 210              		.loc 1 210 3 is_stmt 1 view .LVU60
 211              		.loc 1 210 7 is_stmt 0 view .LVU61
 212 0036 FFF7FEFF 		bl	HAL_TIM_Base_Init
 213              	.LVL6:
 214              		.loc 1 210 6 view .LVU62
 215 003a 10BB     		cbnz	r0, .L18
 216              	.L12:
 211:Src/tim.c     ****   {
 212:Src/tim.c     ****     Error_Handler();
 213:Src/tim.c     ****   }
 214:Src/tim.c     ****   sClockSourceConfig.ClockSource = TIM_CLOCKSOURCE_INTERNAL;
 217              		.loc 1 214 3 is_stmt 1 view .LVU63
 218              		.loc 1 214 34 is_stmt 0 view .LVU64
 219 003c 4FF48053 		mov	r3, #4096
 220 0040 0893     		str	r3, [sp, #32]
 215:Src/tim.c     ****   if (HAL_TIM_ConfigClockSource(&htim4, &sClockSourceConfig) != HAL_OK)
 221              		.loc 1 215 3 is_stmt 1 view .LVU65
 222              		.loc 1 215 7 is_stmt 0 view .LVU66
 223 0042 08A9     		add	r1, sp, #32
 224 0044 1648     		ldr	r0, .L23
 225 0046 FFF7FEFF 		bl	HAL_TIM_ConfigClockSource
 226              	.LVL7:
 227              		.loc 1 215 6 view .LVU67
 228 004a E8B9     		cbnz	r0, .L19
 229              	.L13:
 216:Src/tim.c     ****   {
 217:Src/tim.c     ****     Error_Handler();
 218:Src/tim.c     ****   }
 219:Src/tim.c     ****   if (HAL_TIM_IC_Init(&htim4) != HAL_OK)
 230              		.loc 1 219 3 is_stmt 1 view .LVU68
 231              		.loc 1 219 7 is_stmt 0 view .LVU69
 232 004c 1448     		ldr	r0, .L23
 233 004e FFF7FEFF 		bl	HAL_TIM_IC_Init
 234              	.LVL8:
 235              		.loc 1 219 6 view .LVU70
 236 0052 E0B9     		cbnz	r0, .L20
 237              	.L14:
ARM GAS  C:\Users\simon\AppData\Local\Temp\ccaQjVzT.s 			page 9


 220:Src/tim.c     ****   {
 221:Src/tim.c     ****     Error_Handler();
 222:Src/tim.c     ****   }
 223:Src/tim.c     ****   sMasterConfig.MasterOutputTrigger = TIM_TRGO_RESET;
 238              		.loc 1 223 3 is_stmt 1 view .LVU71
 239              		.loc 1 223 37 is_stmt 0 view .LVU72
 240 0054 0023     		movs	r3, #0
 241 0056 0593     		str	r3, [sp, #20]
 224:Src/tim.c     ****   sMasterConfig.MasterSlaveMode = TIM_MASTERSLAVEMODE_DISABLE;
 242              		.loc 1 224 3 is_stmt 1 view .LVU73
 243              		.loc 1 224 33 is_stmt 0 view .LVU74
 244 0058 0793     		str	r3, [sp, #28]
 225:Src/tim.c     ****   if (HAL_TIMEx_MasterConfigSynchronization(&htim4, &sMasterConfig) != HAL_OK)
 245              		.loc 1 225 3 is_stmt 1 view .LVU75
 246              		.loc 1 225 7 is_stmt 0 view .LVU76
 247 005a 05A9     		add	r1, sp, #20
 248 005c 1048     		ldr	r0, .L23
 249 005e FFF7FEFF 		bl	HAL_TIMEx_MasterConfigSynchronization
 250              	.LVL9:
 251              		.loc 1 225 6 view .LVU77
 252 0062 B8B9     		cbnz	r0, .L21
 253              	.L15:
 226:Src/tim.c     ****   {
 227:Src/tim.c     ****     Error_Handler();
 228:Src/tim.c     ****   }
 229:Src/tim.c     ****   sConfigIC.ICPolarity = TIM_INPUTCHANNELPOLARITY_RISING;
 254              		.loc 1 229 3 is_stmt 1 view .LVU78
 255              		.loc 1 229 24 is_stmt 0 view .LVU79
 256 0064 0023     		movs	r3, #0
 257 0066 0193     		str	r3, [sp, #4]
 230:Src/tim.c     ****   sConfigIC.ICSelection = TIM_ICSELECTION_DIRECTTI;
 258              		.loc 1 230 3 is_stmt 1 view .LVU80
 259              		.loc 1 230 25 is_stmt 0 view .LVU81
 260 0068 0122     		movs	r2, #1
 261 006a 0292     		str	r2, [sp, #8]
 231:Src/tim.c     ****   sConfigIC.ICPrescaler = TIM_ICPSC_DIV1;
 262              		.loc 1 231 3 is_stmt 1 view .LVU82
 263              		.loc 1 231 25 is_stmt 0 view .LVU83
 264 006c 0393     		str	r3, [sp, #12]
 232:Src/tim.c     ****   sConfigIC.ICFilter = 0;
 265              		.loc 1 232 3 is_stmt 1 view .LVU84
 266              		.loc 1 232 22 is_stmt 0 view .LVU85
 267 006e 0493     		str	r3, [sp, #16]
 233:Src/tim.c     ****   if (HAL_TIM_IC_ConfigChannel(&htim4, &sConfigIC, TIM_CHANNEL_3) != HAL_OK)
 268              		.loc 1 233 3 is_stmt 1 view .LVU86
 269              		.loc 1 233 7 is_stmt 0 view .LVU87
 270 0070 0822     		movs	r2, #8
 271 0072 01A9     		add	r1, sp, #4
 272 0074 0A48     		ldr	r0, .L23
 273 0076 FFF7FEFF 		bl	HAL_TIM_IC_ConfigChannel
 274              	.LVL10:
 275              		.loc 1 233 6 view .LVU88
 276 007a 70B9     		cbnz	r0, .L22
 277              	.L11:
 234:Src/tim.c     ****   {
 235:Src/tim.c     ****     Error_Handler();
 236:Src/tim.c     ****   }
ARM GAS  C:\Users\simon\AppData\Local\Temp\ccaQjVzT.s 			page 10


 237:Src/tim.c     ****   /* USER CODE BEGIN TIM4_Init 2 */
 238:Src/tim.c     **** 
 239:Src/tim.c     ****   /* USER CODE END TIM4_Init 2 */
 240:Src/tim.c     **** 
 241:Src/tim.c     **** }
 278              		.loc 1 241 1 view .LVU89
 279 007c 0DB0     		add	sp, sp, #52
 280              	.LCFI6:
 281              		.cfi_remember_state
 282              		.cfi_def_cfa_offset 4
 283              		@ sp needed
 284 007e 5DF804FB 		ldr	pc, [sp], #4
 285              	.L18:
 286              	.LCFI7:
 287              		.cfi_restore_state
 212:Src/tim.c     ****   }
 288              		.loc 1 212 5 is_stmt 1 view .LVU90
 289 0082 FFF7FEFF 		bl	Error_Handler
 290              	.LVL11:
 291 0086 D9E7     		b	.L12
 292              	.L19:
 217:Src/tim.c     ****   }
 293              		.loc 1 217 5 view .LVU91
 294 0088 FFF7FEFF 		bl	Error_Handler
 295              	.LVL12:
 296 008c DEE7     		b	.L13
 297              	.L20:
 221:Src/tim.c     ****   }
 298              		.loc 1 221 5 view .LVU92
 299 008e FFF7FEFF 		bl	Error_Handler
 300              	.LVL13:
 301 0092 DFE7     		b	.L14
 302              	.L21:
 227:Src/tim.c     ****   }
 303              		.loc 1 227 5 view .LVU93
 304 0094 FFF7FEFF 		bl	Error_Handler
 305              	.LVL14:
 306 0098 E4E7     		b	.L15
 307              	.L22:
 235:Src/tim.c     ****   }
 308              		.loc 1 235 5 view .LVU94
 309 009a FFF7FEFF 		bl	Error_Handler
 310              	.LVL15:
 311              		.loc 1 241 1 is_stmt 0 view .LVU95
 312 009e EDE7     		b	.L11
 313              	.L24:
 314              		.align	2
 315              	.L23:
 316 00a0 00000000 		.word	.LANCHOR1
 317 00a4 00080040 		.word	1073743872
 318              		.cfi_endproc
 319              	.LFE334:
 321              		.section	.text.MX_TIM5_Init,"ax",%progbits
 322              		.align	1
 323              		.global	MX_TIM5_Init
 324              		.syntax unified
 325              		.thumb
ARM GAS  C:\Users\simon\AppData\Local\Temp\ccaQjVzT.s 			page 11


 326              		.thumb_func
 328              	MX_TIM5_Init:
 329              	.LFB335:
 242:Src/tim.c     **** /* TIM5 init function */
 243:Src/tim.c     **** void MX_TIM5_Init(void)
 244:Src/tim.c     **** {
 330              		.loc 1 244 1 is_stmt 1 view -0
 331              		.cfi_startproc
 332              		@ args = 0, pretend = 0, frame = 48
 333              		@ frame_needed = 0, uses_anonymous_args = 0
 334 0000 00B5     		push	{lr}
 335              	.LCFI8:
 336              		.cfi_def_cfa_offset 4
 337              		.cfi_offset 14, -4
 338 0002 8DB0     		sub	sp, sp, #52
 339              	.LCFI9:
 340              		.cfi_def_cfa_offset 56
 245:Src/tim.c     **** 
 246:Src/tim.c     ****   /* USER CODE BEGIN TIM5_Init 0 */
 247:Src/tim.c     **** 
 248:Src/tim.c     ****   /* USER CODE END TIM5_Init 0 */
 249:Src/tim.c     **** 
 250:Src/tim.c     ****   TIM_Encoder_InitTypeDef sConfig = {0};
 341              		.loc 1 250 3 view .LVU97
 342              		.loc 1 250 27 is_stmt 0 view .LVU98
 343 0004 2422     		movs	r2, #36
 344 0006 0021     		movs	r1, #0
 345 0008 03A8     		add	r0, sp, #12
 346 000a FFF7FEFF 		bl	memset
 347              	.LVL16:
 251:Src/tim.c     ****   TIM_MasterConfigTypeDef sMasterConfig = {0};
 348              		.loc 1 251 3 is_stmt 1 view .LVU99
 349              		.loc 1 251 27 is_stmt 0 view .LVU100
 350 000e 0023     		movs	r3, #0
 351 0010 0093     		str	r3, [sp]
 352 0012 0193     		str	r3, [sp, #4]
 353 0014 0293     		str	r3, [sp, #8]
 252:Src/tim.c     **** 
 253:Src/tim.c     ****   /* USER CODE BEGIN TIM5_Init 1 */
 254:Src/tim.c     **** 
 255:Src/tim.c     ****   /* USER CODE END TIM5_Init 1 */
 256:Src/tim.c     ****   htim5.Instance = TIM5;
 354              		.loc 1 256 3 is_stmt 1 view .LVU101
 355              		.loc 1 256 18 is_stmt 0 view .LVU102
 356 0016 1148     		ldr	r0, .L31
 357 0018 114A     		ldr	r2, .L31+4
 358 001a 0260     		str	r2, [r0]
 257:Src/tim.c     ****   htim5.Init.Prescaler = 0;
 359              		.loc 1 257 3 is_stmt 1 view .LVU103
 360              		.loc 1 257 24 is_stmt 0 view .LVU104
 361 001c 4360     		str	r3, [r0, #4]
 258:Src/tim.c     ****   htim5.Init.CounterMode = TIM_COUNTERMODE_UP;
 362              		.loc 1 258 3 is_stmt 1 view .LVU105
 363              		.loc 1 258 26 is_stmt 0 view .LVU106
 364 001e 8360     		str	r3, [r0, #8]
 259:Src/tim.c     ****   htim5.Init.Period = 4294967295;
 365              		.loc 1 259 3 is_stmt 1 view .LVU107
ARM GAS  C:\Users\simon\AppData\Local\Temp\ccaQjVzT.s 			page 12


 366              		.loc 1 259 21 is_stmt 0 view .LVU108
 367 0020 4FF0FF32 		mov	r2, #-1
 368 0024 C260     		str	r2, [r0, #12]
 260:Src/tim.c     ****   htim5.Init.ClockDivision = TIM_CLOCKDIVISION_DIV1;
 369              		.loc 1 260 3 is_stmt 1 view .LVU109
 370              		.loc 1 260 28 is_stmt 0 view .LVU110
 371 0026 0361     		str	r3, [r0, #16]
 261:Src/tim.c     ****   htim5.Init.AutoReloadPreload = TIM_AUTORELOAD_PRELOAD_DISABLE;
 372              		.loc 1 261 3 is_stmt 1 view .LVU111
 373              		.loc 1 261 32 is_stmt 0 view .LVU112
 374 0028 8361     		str	r3, [r0, #24]
 262:Src/tim.c     ****   sConfig.EncoderMode = TIM_ENCODERMODE_TI1;
 375              		.loc 1 262 3 is_stmt 1 view .LVU113
 376              		.loc 1 262 23 is_stmt 0 view .LVU114
 377 002a 0123     		movs	r3, #1
 378 002c 0393     		str	r3, [sp, #12]
 263:Src/tim.c     ****   sConfig.IC1Polarity = TIM_ICPOLARITY_RISING;
 379              		.loc 1 263 3 is_stmt 1 view .LVU115
 264:Src/tim.c     ****   sConfig.IC1Selection = TIM_ICSELECTION_DIRECTTI;
 380              		.loc 1 264 3 view .LVU116
 381              		.loc 1 264 24 is_stmt 0 view .LVU117
 382 002e 0593     		str	r3, [sp, #20]
 265:Src/tim.c     ****   sConfig.IC1Prescaler = TIM_ICPSC_DIV1;
 383              		.loc 1 265 3 is_stmt 1 view .LVU118
 266:Src/tim.c     ****   sConfig.IC1Filter = 0;
 384              		.loc 1 266 3 view .LVU119
 267:Src/tim.c     ****   sConfig.IC2Polarity = TIM_ICPOLARITY_RISING;
 385              		.loc 1 267 3 view .LVU120
 268:Src/tim.c     ****   sConfig.IC2Selection = TIM_ICSELECTION_DIRECTTI;
 386              		.loc 1 268 3 view .LVU121
 387              		.loc 1 268 24 is_stmt 0 view .LVU122
 388 0030 0993     		str	r3, [sp, #36]
 269:Src/tim.c     ****   sConfig.IC2Prescaler = TIM_ICPSC_DIV1;
 389              		.loc 1 269 3 is_stmt 1 view .LVU123
 270:Src/tim.c     ****   sConfig.IC2Filter = 0;
 390              		.loc 1 270 3 view .LVU124
 271:Src/tim.c     ****   if (HAL_TIM_Encoder_Init(&htim5, &sConfig) != HAL_OK)
 391              		.loc 1 271 3 view .LVU125
 392              		.loc 1 271 7 is_stmt 0 view .LVU126
 393 0032 03A9     		add	r1, sp, #12
 394 0034 FFF7FEFF 		bl	HAL_TIM_Encoder_Init
 395              	.LVL17:
 396              		.loc 1 271 6 view .LVU127
 397 0038 50B9     		cbnz	r0, .L29
 398              	.L26:
 272:Src/tim.c     ****   {
 273:Src/tim.c     ****     Error_Handler();
 274:Src/tim.c     ****   }
 275:Src/tim.c     ****   sMasterConfig.MasterOutputTrigger = TIM_TRGO_RESET;
 399              		.loc 1 275 3 is_stmt 1 view .LVU128
 400              		.loc 1 275 37 is_stmt 0 view .LVU129
 401 003a 0023     		movs	r3, #0
 402 003c 0093     		str	r3, [sp]
 276:Src/tim.c     ****   sMasterConfig.MasterSlaveMode = TIM_MASTERSLAVEMODE_DISABLE;
 403              		.loc 1 276 3 is_stmt 1 view .LVU130
 404              		.loc 1 276 33 is_stmt 0 view .LVU131
 405 003e 0293     		str	r3, [sp, #8]
ARM GAS  C:\Users\simon\AppData\Local\Temp\ccaQjVzT.s 			page 13


 277:Src/tim.c     ****   if (HAL_TIMEx_MasterConfigSynchronization(&htim5, &sMasterConfig) != HAL_OK)
 406              		.loc 1 277 3 is_stmt 1 view .LVU132
 407              		.loc 1 277 7 is_stmt 0 view .LVU133
 408 0040 6946     		mov	r1, sp
 409 0042 0648     		ldr	r0, .L31
 410 0044 FFF7FEFF 		bl	HAL_TIMEx_MasterConfigSynchronization
 411              	.LVL18:
 412              		.loc 1 277 6 view .LVU134
 413 0048 28B9     		cbnz	r0, .L30
 414              	.L25:
 278:Src/tim.c     ****   {
 279:Src/tim.c     ****     Error_Handler();
 280:Src/tim.c     ****   }
 281:Src/tim.c     ****   /* USER CODE BEGIN TIM5_Init 2 */
 282:Src/tim.c     **** 
 283:Src/tim.c     ****   /* USER CODE END TIM5_Init 2 */
 284:Src/tim.c     **** 
 285:Src/tim.c     **** }
 415              		.loc 1 285 1 view .LVU135
 416 004a 0DB0     		add	sp, sp, #52
 417              	.LCFI10:
 418              		.cfi_remember_state
 419              		.cfi_def_cfa_offset 4
 420              		@ sp needed
 421 004c 5DF804FB 		ldr	pc, [sp], #4
 422              	.L29:
 423              	.LCFI11:
 424              		.cfi_restore_state
 273:Src/tim.c     ****   }
 425              		.loc 1 273 5 is_stmt 1 view .LVU136
 426 0050 FFF7FEFF 		bl	Error_Handler
 427              	.LVL19:
 428 0054 F1E7     		b	.L26
 429              	.L30:
 279:Src/tim.c     ****   }
 430              		.loc 1 279 5 view .LVU137
 431 0056 FFF7FEFF 		bl	Error_Handler
 432              	.LVL20:
 433              		.loc 1 285 1 is_stmt 0 view .LVU138
 434 005a F6E7     		b	.L25
 435              	.L32:
 436              		.align	2
 437              	.L31:
 438 005c 00000000 		.word	.LANCHOR2
 439 0060 000C0040 		.word	1073744896
 440              		.cfi_endproc
 441              	.LFE335:
 443              		.section	.text.MX_TIM6_Init,"ax",%progbits
 444              		.align	1
 445              		.global	MX_TIM6_Init
 446              		.syntax unified
 447              		.thumb
 448              		.thumb_func
 450              	MX_TIM6_Init:
 451              	.LFB336:
 286:Src/tim.c     **** /* TIM6 init function */
 287:Src/tim.c     **** void MX_TIM6_Init(void)
ARM GAS  C:\Users\simon\AppData\Local\Temp\ccaQjVzT.s 			page 14


 288:Src/tim.c     **** {
 452              		.loc 1 288 1 is_stmt 1 view -0
 453              		.cfi_startproc
 454              		@ args = 0, pretend = 0, frame = 16
 455              		@ frame_needed = 0, uses_anonymous_args = 0
 456 0000 00B5     		push	{lr}
 457              	.LCFI12:
 458              		.cfi_def_cfa_offset 4
 459              		.cfi_offset 14, -4
 460 0002 85B0     		sub	sp, sp, #20
 461              	.LCFI13:
 462              		.cfi_def_cfa_offset 24
 289:Src/tim.c     **** 
 290:Src/tim.c     ****   /* USER CODE BEGIN TIM6_Init 0 */
 291:Src/tim.c     **** 
 292:Src/tim.c     ****   /* USER CODE END TIM6_Init 0 */
 293:Src/tim.c     **** 
 294:Src/tim.c     ****   TIM_MasterConfigTypeDef sMasterConfig = {0};
 463              		.loc 1 294 3 view .LVU140
 464              		.loc 1 294 27 is_stmt 0 view .LVU141
 465 0004 0023     		movs	r3, #0
 466 0006 0193     		str	r3, [sp, #4]
 467 0008 0293     		str	r3, [sp, #8]
 468 000a 0393     		str	r3, [sp, #12]
 295:Src/tim.c     **** 
 296:Src/tim.c     ****   /* USER CODE BEGIN TIM6_Init 1 */
 297:Src/tim.c     **** 
 298:Src/tim.c     ****   /* USER CODE END TIM6_Init 1 */
 299:Src/tim.c     ****   htim6.Instance = TIM6;
 469              		.loc 1 299 3 is_stmt 1 view .LVU142
 470              		.loc 1 299 18 is_stmt 0 view .LVU143
 471 000c 0E48     		ldr	r0, .L39
 472 000e 0F4A     		ldr	r2, .L39+4
 473 0010 0260     		str	r2, [r0]
 300:Src/tim.c     ****   htim6.Init.Prescaler = 0;
 474              		.loc 1 300 3 is_stmt 1 view .LVU144
 475              		.loc 1 300 24 is_stmt 0 view .LVU145
 476 0012 4360     		str	r3, [r0, #4]
 301:Src/tim.c     ****   htim6.Init.CounterMode = TIM_COUNTERMODE_UP;
 477              		.loc 1 301 3 is_stmt 1 view .LVU146
 478              		.loc 1 301 26 is_stmt 0 view .LVU147
 479 0014 8360     		str	r3, [r0, #8]
 302:Src/tim.c     ****   htim6.Init.Period = 65535;
 480              		.loc 1 302 3 is_stmt 1 view .LVU148
 481              		.loc 1 302 21 is_stmt 0 view .LVU149
 482 0016 4FF6FF72 		movw	r2, #65535
 483 001a C260     		str	r2, [r0, #12]
 303:Src/tim.c     ****   htim6.Init.AutoReloadPreload = TIM_AUTORELOAD_PRELOAD_DISABLE;
 484              		.loc 1 303 3 is_stmt 1 view .LVU150
 485              		.loc 1 303 32 is_stmt 0 view .LVU151
 486 001c 8361     		str	r3, [r0, #24]
 304:Src/tim.c     ****   if (HAL_TIM_Base_Init(&htim6) != HAL_OK)
 487              		.loc 1 304 3 is_stmt 1 view .LVU152
 488              		.loc 1 304 7 is_stmt 0 view .LVU153
 489 001e FFF7FEFF 		bl	HAL_TIM_Base_Init
 490              	.LVL21:
 491              		.loc 1 304 6 view .LVU154
ARM GAS  C:\Users\simon\AppData\Local\Temp\ccaQjVzT.s 			page 15


 492 0022 50B9     		cbnz	r0, .L37
 493              	.L34:
 305:Src/tim.c     ****   {
 306:Src/tim.c     ****     Error_Handler();
 307:Src/tim.c     ****   }
 308:Src/tim.c     ****   sMasterConfig.MasterOutputTrigger = TIM_TRGO_RESET;
 494              		.loc 1 308 3 is_stmt 1 view .LVU155
 495              		.loc 1 308 37 is_stmt 0 view .LVU156
 496 0024 0023     		movs	r3, #0
 497 0026 0193     		str	r3, [sp, #4]
 309:Src/tim.c     ****   sMasterConfig.MasterSlaveMode = TIM_MASTERSLAVEMODE_DISABLE;
 498              		.loc 1 309 3 is_stmt 1 view .LVU157
 499              		.loc 1 309 33 is_stmt 0 view .LVU158
 500 0028 0393     		str	r3, [sp, #12]
 310:Src/tim.c     ****   if (HAL_TIMEx_MasterConfigSynchronization(&htim6, &sMasterConfig) != HAL_OK)
 501              		.loc 1 310 3 is_stmt 1 view .LVU159
 502              		.loc 1 310 7 is_stmt 0 view .LVU160
 503 002a 01A9     		add	r1, sp, #4
 504 002c 0648     		ldr	r0, .L39
 505 002e FFF7FEFF 		bl	HAL_TIMEx_MasterConfigSynchronization
 506              	.LVL22:
 507              		.loc 1 310 6 view .LVU161
 508 0032 28B9     		cbnz	r0, .L38
 509              	.L33:
 311:Src/tim.c     ****   {
 312:Src/tim.c     ****     Error_Handler();
 313:Src/tim.c     ****   }
 314:Src/tim.c     ****   /* USER CODE BEGIN TIM6_Init 2 */
 315:Src/tim.c     **** 
 316:Src/tim.c     ****   /* USER CODE END TIM6_Init 2 */
 317:Src/tim.c     **** 
 318:Src/tim.c     **** }
 510              		.loc 1 318 1 view .LVU162
 511 0034 05B0     		add	sp, sp, #20
 512              	.LCFI14:
 513              		.cfi_remember_state
 514              		.cfi_def_cfa_offset 4
 515              		@ sp needed
 516 0036 5DF804FB 		ldr	pc, [sp], #4
 517              	.L37:
 518              	.LCFI15:
 519              		.cfi_restore_state
 306:Src/tim.c     ****   }
 520              		.loc 1 306 5 is_stmt 1 view .LVU163
 521 003a FFF7FEFF 		bl	Error_Handler
 522              	.LVL23:
 523 003e F1E7     		b	.L34
 524              	.L38:
 312:Src/tim.c     ****   }
 525              		.loc 1 312 5 view .LVU164
 526 0040 FFF7FEFF 		bl	Error_Handler
 527              	.LVL24:
 528              		.loc 1 318 1 is_stmt 0 view .LVU165
 529 0044 F6E7     		b	.L33
 530              	.L40:
 531 0046 00BF     		.align	2
 532              	.L39:
ARM GAS  C:\Users\simon\AppData\Local\Temp\ccaQjVzT.s 			page 16


 533 0048 00000000 		.word	.LANCHOR3
 534 004c 00100040 		.word	1073745920
 535              		.cfi_endproc
 536              	.LFE336:
 538              		.section	.text.MX_TIM7_Init,"ax",%progbits
 539              		.align	1
 540              		.global	MX_TIM7_Init
 541              		.syntax unified
 542              		.thumb
 543              		.thumb_func
 545              	MX_TIM7_Init:
 546              	.LFB337:
 319:Src/tim.c     **** /* TIM7 init function */
 320:Src/tim.c     **** void MX_TIM7_Init(void)
 321:Src/tim.c     **** {
 547              		.loc 1 321 1 is_stmt 1 view -0
 548              		.cfi_startproc
 549              		@ args = 0, pretend = 0, frame = 16
 550              		@ frame_needed = 0, uses_anonymous_args = 0
 551 0000 00B5     		push	{lr}
 552              	.LCFI16:
 553              		.cfi_def_cfa_offset 4
 554              		.cfi_offset 14, -4
 555 0002 85B0     		sub	sp, sp, #20
 556              	.LCFI17:
 557              		.cfi_def_cfa_offset 24
 322:Src/tim.c     **** 
 323:Src/tim.c     ****   /* USER CODE BEGIN TIM7_Init 0 */
 324:Src/tim.c     **** 
 325:Src/tim.c     ****   /* USER CODE END TIM7_Init 0 */
 326:Src/tim.c     **** 
 327:Src/tim.c     ****   TIM_MasterConfigTypeDef sMasterConfig = {0};
 558              		.loc 1 327 3 view .LVU167
 559              		.loc 1 327 27 is_stmt 0 view .LVU168
 560 0004 0023     		movs	r3, #0
 561 0006 0193     		str	r3, [sp, #4]
 562 0008 0293     		str	r3, [sp, #8]
 563 000a 0393     		str	r3, [sp, #12]
 328:Src/tim.c     **** 
 329:Src/tim.c     ****   /* USER CODE BEGIN TIM7_Init 1 */
 330:Src/tim.c     **** 
 331:Src/tim.c     ****   /* USER CODE END TIM7_Init 1 */
 332:Src/tim.c     ****   htim7.Instance = TIM7;
 564              		.loc 1 332 3 is_stmt 1 view .LVU169
 565              		.loc 1 332 18 is_stmt 0 view .LVU170
 566 000c 0E48     		ldr	r0, .L47
 567 000e 0F4A     		ldr	r2, .L47+4
 568 0010 0260     		str	r2, [r0]
 333:Src/tim.c     ****   htim7.Init.Prescaler = 0;
 569              		.loc 1 333 3 is_stmt 1 view .LVU171
 570              		.loc 1 333 24 is_stmt 0 view .LVU172
 571 0012 4360     		str	r3, [r0, #4]
 334:Src/tim.c     ****   htim7.Init.CounterMode = TIM_COUNTERMODE_UP;
 572              		.loc 1 334 3 is_stmt 1 view .LVU173
 573              		.loc 1 334 26 is_stmt 0 view .LVU174
 574 0014 8360     		str	r3, [r0, #8]
 335:Src/tim.c     ****   htim7.Init.Period = 65535;
ARM GAS  C:\Users\simon\AppData\Local\Temp\ccaQjVzT.s 			page 17


 575              		.loc 1 335 3 is_stmt 1 view .LVU175
 576              		.loc 1 335 21 is_stmt 0 view .LVU176
 577 0016 4FF6FF72 		movw	r2, #65535
 578 001a C260     		str	r2, [r0, #12]
 336:Src/tim.c     ****   htim7.Init.AutoReloadPreload = TIM_AUTORELOAD_PRELOAD_DISABLE;
 579              		.loc 1 336 3 is_stmt 1 view .LVU177
 580              		.loc 1 336 32 is_stmt 0 view .LVU178
 581 001c 8361     		str	r3, [r0, #24]
 337:Src/tim.c     ****   if (HAL_TIM_Base_Init(&htim7) != HAL_OK)
 582              		.loc 1 337 3 is_stmt 1 view .LVU179
 583              		.loc 1 337 7 is_stmt 0 view .LVU180
 584 001e FFF7FEFF 		bl	HAL_TIM_Base_Init
 585              	.LVL25:
 586              		.loc 1 337 6 view .LVU181
 587 0022 50B9     		cbnz	r0, .L45
 588              	.L42:
 338:Src/tim.c     ****   {
 339:Src/tim.c     ****     Error_Handler();
 340:Src/tim.c     ****   }
 341:Src/tim.c     ****   sMasterConfig.MasterOutputTrigger = TIM_TRGO_RESET;
 589              		.loc 1 341 3 is_stmt 1 view .LVU182
 590              		.loc 1 341 37 is_stmt 0 view .LVU183
 591 0024 0023     		movs	r3, #0
 592 0026 0193     		str	r3, [sp, #4]
 342:Src/tim.c     ****   sMasterConfig.MasterSlaveMode = TIM_MASTERSLAVEMODE_DISABLE;
 593              		.loc 1 342 3 is_stmt 1 view .LVU184
 594              		.loc 1 342 33 is_stmt 0 view .LVU185
 595 0028 0393     		str	r3, [sp, #12]
 343:Src/tim.c     ****   if (HAL_TIMEx_MasterConfigSynchronization(&htim7, &sMasterConfig) != HAL_OK)
 596              		.loc 1 343 3 is_stmt 1 view .LVU186
 597              		.loc 1 343 7 is_stmt 0 view .LVU187
 598 002a 01A9     		add	r1, sp, #4
 599 002c 0648     		ldr	r0, .L47
 600 002e FFF7FEFF 		bl	HAL_TIMEx_MasterConfigSynchronization
 601              	.LVL26:
 602              		.loc 1 343 6 view .LVU188
 603 0032 28B9     		cbnz	r0, .L46
 604              	.L41:
 344:Src/tim.c     ****   {
 345:Src/tim.c     ****     Error_Handler();
 346:Src/tim.c     ****   }
 347:Src/tim.c     ****   /* USER CODE BEGIN TIM7_Init 2 */
 348:Src/tim.c     **** 
 349:Src/tim.c     ****   /* USER CODE END TIM7_Init 2 */
 350:Src/tim.c     **** 
 351:Src/tim.c     **** }
 605              		.loc 1 351 1 view .LVU189
 606 0034 05B0     		add	sp, sp, #20
 607              	.LCFI18:
 608              		.cfi_remember_state
 609              		.cfi_def_cfa_offset 4
 610              		@ sp needed
 611 0036 5DF804FB 		ldr	pc, [sp], #4
 612              	.L45:
 613              	.LCFI19:
 614              		.cfi_restore_state
 339:Src/tim.c     ****   }
ARM GAS  C:\Users\simon\AppData\Local\Temp\ccaQjVzT.s 			page 18


 615              		.loc 1 339 5 is_stmt 1 view .LVU190
 616 003a FFF7FEFF 		bl	Error_Handler
 617              	.LVL27:
 618 003e F1E7     		b	.L42
 619              	.L46:
 345:Src/tim.c     ****   }
 620              		.loc 1 345 5 view .LVU191
 621 0040 FFF7FEFF 		bl	Error_Handler
 622              	.LVL28:
 623              		.loc 1 351 1 is_stmt 0 view .LVU192
 624 0044 F6E7     		b	.L41
 625              	.L48:
 626 0046 00BF     		.align	2
 627              	.L47:
 628 0048 00000000 		.word	.LANCHOR4
 629 004c 00140040 		.word	1073746944
 630              		.cfi_endproc
 631              	.LFE337:
 633              		.section	.text.MX_TIM8_Init,"ax",%progbits
 634              		.align	1
 635              		.global	MX_TIM8_Init
 636              		.syntax unified
 637              		.thumb
 638              		.thumb_func
 640              	MX_TIM8_Init:
 641              	.LFB338:
 352:Src/tim.c     **** /* TIM8 init function */
 353:Src/tim.c     **** void MX_TIM8_Init(void)
 354:Src/tim.c     **** {
 642              		.loc 1 354 1 is_stmt 1 view -0
 643              		.cfi_startproc
 644              		@ args = 0, pretend = 0, frame = 48
 645              		@ frame_needed = 0, uses_anonymous_args = 0
 646 0000 00B5     		push	{lr}
 647              	.LCFI20:
 648              		.cfi_def_cfa_offset 4
 649              		.cfi_offset 14, -4
 650 0002 8DB0     		sub	sp, sp, #52
 651              	.LCFI21:
 652              		.cfi_def_cfa_offset 56
 355:Src/tim.c     **** 
 356:Src/tim.c     ****   /* USER CODE BEGIN TIM8_Init 0 */
 357:Src/tim.c     **** 
 358:Src/tim.c     ****   /* USER CODE END TIM8_Init 0 */
 359:Src/tim.c     **** 
 360:Src/tim.c     ****   TIM_Encoder_InitTypeDef sConfig = {0};
 653              		.loc 1 360 3 view .LVU194
 654              		.loc 1 360 27 is_stmt 0 view .LVU195
 655 0004 2422     		movs	r2, #36
 656 0006 0021     		movs	r1, #0
 657 0008 03A8     		add	r0, sp, #12
 658 000a FFF7FEFF 		bl	memset
 659              	.LVL29:
 361:Src/tim.c     ****   TIM_MasterConfigTypeDef sMasterConfig = {0};
 660              		.loc 1 361 3 is_stmt 1 view .LVU196
 661              		.loc 1 361 27 is_stmt 0 view .LVU197
 662 000e 0023     		movs	r3, #0
ARM GAS  C:\Users\simon\AppData\Local\Temp\ccaQjVzT.s 			page 19


 663 0010 0093     		str	r3, [sp]
 664 0012 0193     		str	r3, [sp, #4]
 665 0014 0293     		str	r3, [sp, #8]
 362:Src/tim.c     **** 
 363:Src/tim.c     ****   /* USER CODE BEGIN TIM8_Init 1 */
 364:Src/tim.c     **** 
 365:Src/tim.c     ****   /* USER CODE END TIM8_Init 1 */
 366:Src/tim.c     ****   htim8.Instance = TIM8;
 666              		.loc 1 366 3 is_stmt 1 view .LVU198
 667              		.loc 1 366 18 is_stmt 0 view .LVU199
 668 0016 1248     		ldr	r0, .L55
 669 0018 124A     		ldr	r2, .L55+4
 670 001a 0260     		str	r2, [r0]
 367:Src/tim.c     ****   htim8.Init.Prescaler = 0;
 671              		.loc 1 367 3 is_stmt 1 view .LVU200
 672              		.loc 1 367 24 is_stmt 0 view .LVU201
 673 001c 4360     		str	r3, [r0, #4]
 368:Src/tim.c     ****   htim8.Init.CounterMode = TIM_COUNTERMODE_UP;
 674              		.loc 1 368 3 is_stmt 1 view .LVU202
 675              		.loc 1 368 26 is_stmt 0 view .LVU203
 676 001e 8360     		str	r3, [r0, #8]
 369:Src/tim.c     ****   htim8.Init.Period = 65535;
 677              		.loc 1 369 3 is_stmt 1 view .LVU204
 678              		.loc 1 369 21 is_stmt 0 view .LVU205
 679 0020 4FF6FF72 		movw	r2, #65535
 680 0024 C260     		str	r2, [r0, #12]
 370:Src/tim.c     ****   htim8.Init.ClockDivision = TIM_CLOCKDIVISION_DIV1;
 681              		.loc 1 370 3 is_stmt 1 view .LVU206
 682              		.loc 1 370 28 is_stmt 0 view .LVU207
 683 0026 0361     		str	r3, [r0, #16]
 371:Src/tim.c     ****   htim8.Init.RepetitionCounter = 0;
 684              		.loc 1 371 3 is_stmt 1 view .LVU208
 685              		.loc 1 371 32 is_stmt 0 view .LVU209
 686 0028 4361     		str	r3, [r0, #20]
 372:Src/tim.c     ****   htim8.Init.AutoReloadPreload = TIM_AUTORELOAD_PRELOAD_DISABLE;
 687              		.loc 1 372 3 is_stmt 1 view .LVU210
 688              		.loc 1 372 32 is_stmt 0 view .LVU211
 689 002a 8361     		str	r3, [r0, #24]
 373:Src/tim.c     ****   sConfig.EncoderMode = TIM_ENCODERMODE_TI1;
 690              		.loc 1 373 3 is_stmt 1 view .LVU212
 691              		.loc 1 373 23 is_stmt 0 view .LVU213
 692 002c 0123     		movs	r3, #1
 693 002e 0393     		str	r3, [sp, #12]
 374:Src/tim.c     ****   sConfig.IC1Polarity = TIM_ICPOLARITY_RISING;
 694              		.loc 1 374 3 is_stmt 1 view .LVU214
 375:Src/tim.c     ****   sConfig.IC1Selection = TIM_ICSELECTION_DIRECTTI;
 695              		.loc 1 375 3 view .LVU215
 696              		.loc 1 375 24 is_stmt 0 view .LVU216
 697 0030 0593     		str	r3, [sp, #20]
 376:Src/tim.c     ****   sConfig.IC1Prescaler = TIM_ICPSC_DIV1;
 698              		.loc 1 376 3 is_stmt 1 view .LVU217
 377:Src/tim.c     ****   sConfig.IC1Filter = 0;
 699              		.loc 1 377 3 view .LVU218
 378:Src/tim.c     ****   sConfig.IC2Polarity = TIM_ICPOLARITY_RISING;
 700              		.loc 1 378 3 view .LVU219
 379:Src/tim.c     ****   sConfig.IC2Selection = TIM_ICSELECTION_DIRECTTI;
 701              		.loc 1 379 3 view .LVU220
ARM GAS  C:\Users\simon\AppData\Local\Temp\ccaQjVzT.s 			page 20


 702              		.loc 1 379 24 is_stmt 0 view .LVU221
 703 0032 0993     		str	r3, [sp, #36]
 380:Src/tim.c     ****   sConfig.IC2Prescaler = TIM_ICPSC_DIV1;
 704              		.loc 1 380 3 is_stmt 1 view .LVU222
 381:Src/tim.c     ****   sConfig.IC2Filter = 0;
 705              		.loc 1 381 3 view .LVU223
 382:Src/tim.c     ****   if (HAL_TIM_Encoder_Init(&htim8, &sConfig) != HAL_OK)
 706              		.loc 1 382 3 view .LVU224
 707              		.loc 1 382 7 is_stmt 0 view .LVU225
 708 0034 03A9     		add	r1, sp, #12
 709 0036 FFF7FEFF 		bl	HAL_TIM_Encoder_Init
 710              	.LVL30:
 711              		.loc 1 382 6 view .LVU226
 712 003a 58B9     		cbnz	r0, .L53
 713              	.L50:
 383:Src/tim.c     ****   {
 384:Src/tim.c     ****     Error_Handler();
 385:Src/tim.c     ****   }
 386:Src/tim.c     ****   sMasterConfig.MasterOutputTrigger = TIM_TRGO_RESET;
 714              		.loc 1 386 3 is_stmt 1 view .LVU227
 715              		.loc 1 386 37 is_stmt 0 view .LVU228
 716 003c 0023     		movs	r3, #0
 717 003e 0093     		str	r3, [sp]
 387:Src/tim.c     ****   sMasterConfig.MasterOutputTrigger2 = TIM_TRGO2_RESET;
 718              		.loc 1 387 3 is_stmt 1 view .LVU229
 719              		.loc 1 387 38 is_stmt 0 view .LVU230
 720 0040 0193     		str	r3, [sp, #4]
 388:Src/tim.c     ****   sMasterConfig.MasterSlaveMode = TIM_MASTERSLAVEMODE_DISABLE;
 721              		.loc 1 388 3 is_stmt 1 view .LVU231
 722              		.loc 1 388 33 is_stmt 0 view .LVU232
 723 0042 0293     		str	r3, [sp, #8]
 389:Src/tim.c     ****   if (HAL_TIMEx_MasterConfigSynchronization(&htim8, &sMasterConfig) != HAL_OK)
 724              		.loc 1 389 3 is_stmt 1 view .LVU233
 725              		.loc 1 389 7 is_stmt 0 view .LVU234
 726 0044 6946     		mov	r1, sp
 727 0046 0648     		ldr	r0, .L55
 728 0048 FFF7FEFF 		bl	HAL_TIMEx_MasterConfigSynchronization
 729              	.LVL31:
 730              		.loc 1 389 6 view .LVU235
 731 004c 28B9     		cbnz	r0, .L54
 732              	.L49:
 390:Src/tim.c     ****   {
 391:Src/tim.c     ****     Error_Handler();
 392:Src/tim.c     ****   }
 393:Src/tim.c     ****   /* USER CODE BEGIN TIM8_Init 2 */
 394:Src/tim.c     **** 
 395:Src/tim.c     ****   /* USER CODE END TIM8_Init 2 */
 396:Src/tim.c     **** 
 397:Src/tim.c     **** }
 733              		.loc 1 397 1 view .LVU236
 734 004e 0DB0     		add	sp, sp, #52
 735              	.LCFI22:
 736              		.cfi_remember_state
 737              		.cfi_def_cfa_offset 4
 738              		@ sp needed
 739 0050 5DF804FB 		ldr	pc, [sp], #4
 740              	.L53:
ARM GAS  C:\Users\simon\AppData\Local\Temp\ccaQjVzT.s 			page 21


 741              	.LCFI23:
 742              		.cfi_restore_state
 384:Src/tim.c     ****   }
 743              		.loc 1 384 5 is_stmt 1 view .LVU237
 744 0054 FFF7FEFF 		bl	Error_Handler
 745              	.LVL32:
 746 0058 F0E7     		b	.L50
 747              	.L54:
 391:Src/tim.c     ****   }
 748              		.loc 1 391 5 view .LVU238
 749 005a FFF7FEFF 		bl	Error_Handler
 750              	.LVL33:
 751              		.loc 1 397 1 is_stmt 0 view .LVU239
 752 005e F6E7     		b	.L49
 753              	.L56:
 754              		.align	2
 755              	.L55:
 756 0060 00000000 		.word	.LANCHOR5
 757 0064 00040140 		.word	1073808384
 758              		.cfi_endproc
 759              	.LFE338:
 761              		.section	.text.MX_TIM12_Init,"ax",%progbits
 762              		.align	1
 763              		.global	MX_TIM12_Init
 764              		.syntax unified
 765              		.thumb
 766              		.thumb_func
 768              	MX_TIM12_Init:
 769              	.LFB339:
 398:Src/tim.c     **** /* TIM12 init function */
 399:Src/tim.c     **** void MX_TIM12_Init(void)
 400:Src/tim.c     **** {
 770              		.loc 1 400 1 is_stmt 1 view -0
 771              		.cfi_startproc
 772              		@ args = 0, pretend = 0, frame = 40
 773              		@ frame_needed = 0, uses_anonymous_args = 0
 774 0000 00B5     		push	{lr}
 775              	.LCFI24:
 776              		.cfi_def_cfa_offset 4
 777              		.cfi_offset 14, -4
 778 0002 8BB0     		sub	sp, sp, #44
 779              	.LCFI25:
 780              		.cfi_def_cfa_offset 48
 401:Src/tim.c     **** 
 402:Src/tim.c     ****   /* USER CODE BEGIN TIM12_Init 0 */
 403:Src/tim.c     **** 
 404:Src/tim.c     ****   /* USER CODE END TIM12_Init 0 */
 405:Src/tim.c     **** 
 406:Src/tim.c     ****   TIM_SlaveConfigTypeDef sSlaveConfig = {0};
 781              		.loc 1 406 3 view .LVU241
 782              		.loc 1 406 26 is_stmt 0 view .LVU242
 783 0004 0023     		movs	r3, #0
 784 0006 0593     		str	r3, [sp, #20]
 785 0008 0693     		str	r3, [sp, #24]
 786 000a 0793     		str	r3, [sp, #28]
 787 000c 0893     		str	r3, [sp, #32]
 788 000e 0993     		str	r3, [sp, #36]
ARM GAS  C:\Users\simon\AppData\Local\Temp\ccaQjVzT.s 			page 22


 407:Src/tim.c     ****   TIM_IC_InitTypeDef sConfigIC = {0};
 789              		.loc 1 407 3 is_stmt 1 view .LVU243
 790              		.loc 1 407 22 is_stmt 0 view .LVU244
 791 0010 0193     		str	r3, [sp, #4]
 792 0012 0293     		str	r3, [sp, #8]
 793 0014 0393     		str	r3, [sp, #12]
 794 0016 0493     		str	r3, [sp, #16]
 408:Src/tim.c     **** 
 409:Src/tim.c     ****   /* USER CODE BEGIN TIM12_Init 1 */
 410:Src/tim.c     **** 
 411:Src/tim.c     ****   /* USER CODE END TIM12_Init 1 */
 412:Src/tim.c     ****   htim12.Instance = TIM12;
 795              		.loc 1 412 3 is_stmt 1 view .LVU245
 796              		.loc 1 412 19 is_stmt 0 view .LVU246
 797 0018 1E48     		ldr	r0, .L67
 798 001a 1F4A     		ldr	r2, .L67+4
 799 001c 0260     		str	r2, [r0]
 413:Src/tim.c     ****   htim12.Init.Prescaler = 0;
 800              		.loc 1 413 3 is_stmt 1 view .LVU247
 801              		.loc 1 413 25 is_stmt 0 view .LVU248
 802 001e 4360     		str	r3, [r0, #4]
 414:Src/tim.c     ****   htim12.Init.CounterMode = TIM_COUNTERMODE_UP;
 803              		.loc 1 414 3 is_stmt 1 view .LVU249
 804              		.loc 1 414 27 is_stmt 0 view .LVU250
 805 0020 8360     		str	r3, [r0, #8]
 415:Src/tim.c     ****   htim12.Init.Period = 65535;
 806              		.loc 1 415 3 is_stmt 1 view .LVU251
 807              		.loc 1 415 22 is_stmt 0 view .LVU252
 808 0022 4FF6FF72 		movw	r2, #65535
 809 0026 C260     		str	r2, [r0, #12]
 416:Src/tim.c     ****   htim12.Init.ClockDivision = TIM_CLOCKDIVISION_DIV1;
 810              		.loc 1 416 3 is_stmt 1 view .LVU253
 811              		.loc 1 416 29 is_stmt 0 view .LVU254
 812 0028 0361     		str	r3, [r0, #16]
 417:Src/tim.c     ****   htim12.Init.AutoReloadPreload = TIM_AUTORELOAD_PRELOAD_DISABLE;
 813              		.loc 1 417 3 is_stmt 1 view .LVU255
 814              		.loc 1 417 33 is_stmt 0 view .LVU256
 815 002a 8361     		str	r3, [r0, #24]
 418:Src/tim.c     ****   if (HAL_TIM_IC_Init(&htim12) != HAL_OK)
 816              		.loc 1 418 3 is_stmt 1 view .LVU257
 817              		.loc 1 418 7 is_stmt 0 view .LVU258
 818 002c FFF7FEFF 		bl	HAL_TIM_IC_Init
 819              	.LVL34:
 820              		.loc 1 418 6 view .LVU259
 821 0030 20BB     		cbnz	r0, .L63
 822              	.L58:
 419:Src/tim.c     ****   {
 420:Src/tim.c     ****     Error_Handler();
 421:Src/tim.c     ****   }
 422:Src/tim.c     ****   sSlaveConfig.SlaveMode = TIM_SLAVEMODE_RESET;
 823              		.loc 1 422 3 is_stmt 1 view .LVU260
 824              		.loc 1 422 26 is_stmt 0 view .LVU261
 825 0032 0423     		movs	r3, #4
 826 0034 0593     		str	r3, [sp, #20]
 423:Src/tim.c     ****   sSlaveConfig.InputTrigger = TIM_TS_TI1FP1;
 827              		.loc 1 423 3 is_stmt 1 view .LVU262
 828              		.loc 1 423 29 is_stmt 0 view .LVU263
ARM GAS  C:\Users\simon\AppData\Local\Temp\ccaQjVzT.s 			page 23


 829 0036 5023     		movs	r3, #80
 830 0038 0693     		str	r3, [sp, #24]
 424:Src/tim.c     ****   sSlaveConfig.TriggerPolarity = TIM_INPUTCHANNELPOLARITY_RISING;
 831              		.loc 1 424 3 is_stmt 1 view .LVU264
 832              		.loc 1 424 32 is_stmt 0 view .LVU265
 833 003a 0023     		movs	r3, #0
 834 003c 0793     		str	r3, [sp, #28]
 425:Src/tim.c     ****   sSlaveConfig.TriggerPrescaler = TIM_ICPSC_DIV1;
 835              		.loc 1 425 3 is_stmt 1 view .LVU266
 836              		.loc 1 425 33 is_stmt 0 view .LVU267
 837 003e 0893     		str	r3, [sp, #32]
 426:Src/tim.c     ****   sSlaveConfig.TriggerFilter = 0;
 838              		.loc 1 426 3 is_stmt 1 view .LVU268
 839              		.loc 1 426 30 is_stmt 0 view .LVU269
 840 0040 0993     		str	r3, [sp, #36]
 427:Src/tim.c     ****   if (HAL_TIM_SlaveConfigSynchro(&htim12, &sSlaveConfig) != HAL_OK)
 841              		.loc 1 427 3 is_stmt 1 view .LVU270
 842              		.loc 1 427 7 is_stmt 0 view .LVU271
 843 0042 05A9     		add	r1, sp, #20
 844 0044 1348     		ldr	r0, .L67
 845 0046 FFF7FEFF 		bl	HAL_TIM_SlaveConfigSynchro
 846              	.LVL35:
 847              		.loc 1 427 6 view .LVU272
 848 004a D0B9     		cbnz	r0, .L64
 849              	.L59:
 428:Src/tim.c     ****   {
 429:Src/tim.c     ****     Error_Handler();
 430:Src/tim.c     ****   }
 431:Src/tim.c     ****   sConfigIC.ICPolarity = TIM_INPUTCHANNELPOLARITY_RISING;
 850              		.loc 1 431 3 is_stmt 1 view .LVU273
 851              		.loc 1 431 24 is_stmt 0 view .LVU274
 852 004c 0022     		movs	r2, #0
 853 004e 0192     		str	r2, [sp, #4]
 432:Src/tim.c     ****   sConfigIC.ICSelection = TIM_ICSELECTION_DIRECTTI;
 854              		.loc 1 432 3 is_stmt 1 view .LVU275
 855              		.loc 1 432 25 is_stmt 0 view .LVU276
 856 0050 0123     		movs	r3, #1
 857 0052 0293     		str	r3, [sp, #8]
 433:Src/tim.c     ****   sConfigIC.ICPrescaler = TIM_ICPSC_DIV1;
 858              		.loc 1 433 3 is_stmt 1 view .LVU277
 859              		.loc 1 433 25 is_stmt 0 view .LVU278
 860 0054 0392     		str	r2, [sp, #12]
 434:Src/tim.c     ****   sConfigIC.ICFilter = 0;
 861              		.loc 1 434 3 is_stmt 1 view .LVU279
 862              		.loc 1 434 22 is_stmt 0 view .LVU280
 863 0056 0492     		str	r2, [sp, #16]
 435:Src/tim.c     ****   if (HAL_TIM_IC_ConfigChannel(&htim12, &sConfigIC, TIM_CHANNEL_1) != HAL_OK)
 864              		.loc 1 435 3 is_stmt 1 view .LVU281
 865              		.loc 1 435 7 is_stmt 0 view .LVU282
 866 0058 01A9     		add	r1, sp, #4
 867 005a 0E48     		ldr	r0, .L67
 868 005c FFF7FEFF 		bl	HAL_TIM_IC_ConfigChannel
 869              	.LVL36:
 870              		.loc 1 435 6 view .LVU283
 871 0060 90B9     		cbnz	r0, .L65
 872              	.L60:
 436:Src/tim.c     ****   {
ARM GAS  C:\Users\simon\AppData\Local\Temp\ccaQjVzT.s 			page 24


 437:Src/tim.c     ****     Error_Handler();
 438:Src/tim.c     ****   }
 439:Src/tim.c     ****   sConfigIC.ICPolarity = TIM_INPUTCHANNELPOLARITY_FALLING;
 873              		.loc 1 439 3 is_stmt 1 view .LVU284
 874              		.loc 1 439 24 is_stmt 0 view .LVU285
 875 0062 0223     		movs	r3, #2
 876 0064 0193     		str	r3, [sp, #4]
 440:Src/tim.c     ****   sConfigIC.ICSelection = TIM_ICSELECTION_INDIRECTTI;
 877              		.loc 1 440 3 is_stmt 1 view .LVU286
 878              		.loc 1 440 25 is_stmt 0 view .LVU287
 879 0066 0293     		str	r3, [sp, #8]
 441:Src/tim.c     ****   if (HAL_TIM_IC_ConfigChannel(&htim12, &sConfigIC, TIM_CHANNEL_2) != HAL_OK)
 880              		.loc 1 441 3 is_stmt 1 view .LVU288
 881              		.loc 1 441 7 is_stmt 0 view .LVU289
 882 0068 0422     		movs	r2, #4
 883 006a 0DEB0201 		add	r1, sp, r2
 884 006e 0948     		ldr	r0, .L67
 885 0070 FFF7FEFF 		bl	HAL_TIM_IC_ConfigChannel
 886              	.LVL37:
 887              		.loc 1 441 6 view .LVU290
 888 0074 58B9     		cbnz	r0, .L66
 889              	.L57:
 442:Src/tim.c     ****   {
 443:Src/tim.c     ****     Error_Handler();
 444:Src/tim.c     ****   }
 445:Src/tim.c     ****   /* USER CODE BEGIN TIM12_Init 2 */
 446:Src/tim.c     **** 
 447:Src/tim.c     ****   /* USER CODE END TIM12_Init 2 */
 448:Src/tim.c     **** 
 449:Src/tim.c     **** }
 890              		.loc 1 449 1 view .LVU291
 891 0076 0BB0     		add	sp, sp, #44
 892              	.LCFI26:
 893              		.cfi_remember_state
 894              		.cfi_def_cfa_offset 4
 895              		@ sp needed
 896 0078 5DF804FB 		ldr	pc, [sp], #4
 897              	.L63:
 898              	.LCFI27:
 899              		.cfi_restore_state
 420:Src/tim.c     ****   }
 900              		.loc 1 420 5 is_stmt 1 view .LVU292
 901 007c FFF7FEFF 		bl	Error_Handler
 902              	.LVL38:
 903 0080 D7E7     		b	.L58
 904              	.L64:
 429:Src/tim.c     ****   }
 905              		.loc 1 429 5 view .LVU293
 906 0082 FFF7FEFF 		bl	Error_Handler
 907              	.LVL39:
 908 0086 E1E7     		b	.L59
 909              	.L65:
 437:Src/tim.c     ****   }
 910              		.loc 1 437 5 view .LVU294
 911 0088 FFF7FEFF 		bl	Error_Handler
 912              	.LVL40:
 913 008c E9E7     		b	.L60
ARM GAS  C:\Users\simon\AppData\Local\Temp\ccaQjVzT.s 			page 25


 914              	.L66:
 443:Src/tim.c     ****   }
 915              		.loc 1 443 5 view .LVU295
 916 008e FFF7FEFF 		bl	Error_Handler
 917              	.LVL41:
 918              		.loc 1 449 1 is_stmt 0 view .LVU296
 919 0092 F0E7     		b	.L57
 920              	.L68:
 921              		.align	2
 922              	.L67:
 923 0094 00000000 		.word	.LANCHOR6
 924 0098 00180040 		.word	1073747968
 925              		.cfi_endproc
 926              	.LFE339:
 928              		.section	.text.MX_TIM13_Init,"ax",%progbits
 929              		.align	1
 930              		.global	MX_TIM13_Init
 931              		.syntax unified
 932              		.thumb
 933              		.thumb_func
 935              	MX_TIM13_Init:
 936              	.LFB340:
 450:Src/tim.c     **** /* TIM13 init function */
 451:Src/tim.c     **** void MX_TIM13_Init(void)
 452:Src/tim.c     **** {
 937              		.loc 1 452 1 is_stmt 1 view -0
 938              		.cfi_startproc
 939              		@ args = 0, pretend = 0, frame = 0
 940              		@ frame_needed = 0, uses_anonymous_args = 0
 941 0000 08B5     		push	{r3, lr}
 942              	.LCFI28:
 943              		.cfi_def_cfa_offset 8
 944              		.cfi_offset 3, -8
 945              		.cfi_offset 14, -4
 453:Src/tim.c     **** 
 454:Src/tim.c     ****   /* USER CODE BEGIN TIM13_Init 0 */
 455:Src/tim.c     **** 
 456:Src/tim.c     ****   /* USER CODE END TIM13_Init 0 */
 457:Src/tim.c     **** 
 458:Src/tim.c     ****   /* USER CODE BEGIN TIM13_Init 1 */
 459:Src/tim.c     **** 
 460:Src/tim.c     ****   /* USER CODE END TIM13_Init 1 */
 461:Src/tim.c     ****   htim13.Instance = TIM13;
 946              		.loc 1 461 3 view .LVU298
 947              		.loc 1 461 19 is_stmt 0 view .LVU299
 948 0002 0948     		ldr	r0, .L73
 949 0004 094B     		ldr	r3, .L73+4
 950 0006 0360     		str	r3, [r0]
 462:Src/tim.c     ****   htim13.Init.Prescaler = 0;
 951              		.loc 1 462 3 is_stmt 1 view .LVU300
 952              		.loc 1 462 25 is_stmt 0 view .LVU301
 953 0008 0023     		movs	r3, #0
 954 000a 4360     		str	r3, [r0, #4]
 463:Src/tim.c     ****   htim13.Init.CounterMode = TIM_COUNTERMODE_UP;
 955              		.loc 1 463 3 is_stmt 1 view .LVU302
 956              		.loc 1 463 27 is_stmt 0 view .LVU303
 957 000c 8360     		str	r3, [r0, #8]
ARM GAS  C:\Users\simon\AppData\Local\Temp\ccaQjVzT.s 			page 26


 464:Src/tim.c     ****   htim13.Init.Period = 65535;
 958              		.loc 1 464 3 is_stmt 1 view .LVU304
 959              		.loc 1 464 22 is_stmt 0 view .LVU305
 960 000e 4FF6FF72 		movw	r2, #65535
 961 0012 C260     		str	r2, [r0, #12]
 465:Src/tim.c     ****   htim13.Init.ClockDivision = TIM_CLOCKDIVISION_DIV1;
 962              		.loc 1 465 3 is_stmt 1 view .LVU306
 963              		.loc 1 465 29 is_stmt 0 view .LVU307
 964 0014 0361     		str	r3, [r0, #16]
 466:Src/tim.c     ****   htim13.Init.AutoReloadPreload = TIM_AUTORELOAD_PRELOAD_DISABLE;
 965              		.loc 1 466 3 is_stmt 1 view .LVU308
 966              		.loc 1 466 33 is_stmt 0 view .LVU309
 967 0016 8361     		str	r3, [r0, #24]
 467:Src/tim.c     ****   if (HAL_TIM_Base_Init(&htim13) != HAL_OK)
 968              		.loc 1 467 3 is_stmt 1 view .LVU310
 969              		.loc 1 467 7 is_stmt 0 view .LVU311
 970 0018 FFF7FEFF 		bl	HAL_TIM_Base_Init
 971              	.LVL42:
 972              		.loc 1 467 6 view .LVU312
 973 001c 00B9     		cbnz	r0, .L72
 974              	.L69:
 468:Src/tim.c     ****   {
 469:Src/tim.c     ****     Error_Handler();
 470:Src/tim.c     ****   }
 471:Src/tim.c     ****   /* USER CODE BEGIN TIM13_Init 2 */
 472:Src/tim.c     **** 
 473:Src/tim.c     ****   /* USER CODE END TIM13_Init 2 */
 474:Src/tim.c     **** 
 475:Src/tim.c     **** }
 975              		.loc 1 475 1 view .LVU313
 976 001e 08BD     		pop	{r3, pc}
 977              	.L72:
 469:Src/tim.c     ****   }
 978              		.loc 1 469 5 is_stmt 1 view .LVU314
 979 0020 FFF7FEFF 		bl	Error_Handler
 980              	.LVL43:
 981              		.loc 1 475 1 is_stmt 0 view .LVU315
 982 0024 FBE7     		b	.L69
 983              	.L74:
 984 0026 00BF     		.align	2
 985              	.L73:
 986 0028 00000000 		.word	.LANCHOR7
 987 002c 001C0040 		.word	1073748992
 988              		.cfi_endproc
 989              	.LFE340:
 991              		.section	.text.MX_TIM15_Init,"ax",%progbits
 992              		.align	1
 993              		.global	MX_TIM15_Init
 994              		.syntax unified
 995              		.thumb
 996              		.thumb_func
 998              	MX_TIM15_Init:
 999              	.LFB342:
 476:Src/tim.c     **** /* TIM14 init function */
 477:Src/tim.c     **** void MX_TIM14_Init(void)
 478:Src/tim.c     **** {
 479:Src/tim.c     **** 
ARM GAS  C:\Users\simon\AppData\Local\Temp\ccaQjVzT.s 			page 27


 480:Src/tim.c     ****   /* USER CODE BEGIN TIM14_Init 0 */
 481:Src/tim.c     **** 
 482:Src/tim.c     ****   /* USER CODE END TIM14_Init 0 */
 483:Src/tim.c     **** 
 484:Src/tim.c     ****   TIM_OC_InitTypeDef sConfigOC = {0};
 485:Src/tim.c     **** 
 486:Src/tim.c     ****   /* USER CODE BEGIN TIM14_Init 1 */
 487:Src/tim.c     **** 
 488:Src/tim.c     ****   /* USER CODE END TIM14_Init 1 */
 489:Src/tim.c     ****   htim14.Instance = TIM14;
 490:Src/tim.c     ****   htim14.Init.Prescaler = 0;
 491:Src/tim.c     ****   htim14.Init.CounterMode = TIM_COUNTERMODE_UP;
 492:Src/tim.c     ****   htim14.Init.Period = 65535;
 493:Src/tim.c     ****   htim14.Init.ClockDivision = TIM_CLOCKDIVISION_DIV1;
 494:Src/tim.c     ****   htim14.Init.AutoReloadPreload = TIM_AUTORELOAD_PRELOAD_DISABLE;
 495:Src/tim.c     ****   if (HAL_TIM_Base_Init(&htim14) != HAL_OK)
 496:Src/tim.c     ****   {
 497:Src/tim.c     ****     Error_Handler();
 498:Src/tim.c     ****   }
 499:Src/tim.c     ****   if (HAL_TIM_PWM_Init(&htim14) != HAL_OK)
 500:Src/tim.c     ****   {
 501:Src/tim.c     ****     Error_Handler();
 502:Src/tim.c     ****   }
 503:Src/tim.c     ****   sConfigOC.OCMode = TIM_OCMODE_PWM1;
 504:Src/tim.c     ****   sConfigOC.Pulse = 0;
 505:Src/tim.c     ****   sConfigOC.OCPolarity = TIM_OCPOLARITY_HIGH;
 506:Src/tim.c     ****   sConfigOC.OCFastMode = TIM_OCFAST_DISABLE;
 507:Src/tim.c     ****   if (HAL_TIM_PWM_ConfigChannel(&htim14, &sConfigOC, TIM_CHANNEL_1) != HAL_OK)
 508:Src/tim.c     ****   {
 509:Src/tim.c     ****     Error_Handler();
 510:Src/tim.c     ****   }
 511:Src/tim.c     ****   /* USER CODE BEGIN TIM14_Init 2 */
 512:Src/tim.c     **** 
 513:Src/tim.c     ****   /* USER CODE END TIM14_Init 2 */
 514:Src/tim.c     ****   HAL_TIM_MspPostInit(&htim14);
 515:Src/tim.c     **** 
 516:Src/tim.c     **** }
 517:Src/tim.c     **** /* TIM15 init function */
 518:Src/tim.c     **** void MX_TIM15_Init(void)
 519:Src/tim.c     **** {
 1000              		.loc 1 519 1 is_stmt 1 view -0
 1001              		.cfi_startproc
 1002              		@ args = 0, pretend = 0, frame = 32
 1003              		@ frame_needed = 0, uses_anonymous_args = 0
 1004 0000 00B5     		push	{lr}
 1005              	.LCFI29:
 1006              		.cfi_def_cfa_offset 4
 1007              		.cfi_offset 14, -4
 1008 0002 89B0     		sub	sp, sp, #36
 1009              	.LCFI30:
 1010              		.cfi_def_cfa_offset 40
 520:Src/tim.c     **** 
 521:Src/tim.c     ****   /* USER CODE BEGIN TIM15_Init 0 */
 522:Src/tim.c     **** 
 523:Src/tim.c     ****   /* USER CODE END TIM15_Init 0 */
 524:Src/tim.c     **** 
 525:Src/tim.c     ****   TIM_MasterConfigTypeDef sMasterConfig = {0};
ARM GAS  C:\Users\simon\AppData\Local\Temp\ccaQjVzT.s 			page 28


 1011              		.loc 1 525 3 view .LVU317
 1012              		.loc 1 525 27 is_stmt 0 view .LVU318
 1013 0004 0023     		movs	r3, #0
 1014 0006 0593     		str	r3, [sp, #20]
 1015 0008 0693     		str	r3, [sp, #24]
 1016 000a 0793     		str	r3, [sp, #28]
 526:Src/tim.c     ****   TIM_IC_InitTypeDef sConfigIC = {0};
 1017              		.loc 1 526 3 is_stmt 1 view .LVU319
 1018              		.loc 1 526 22 is_stmt 0 view .LVU320
 1019 000c 0193     		str	r3, [sp, #4]
 1020 000e 0293     		str	r3, [sp, #8]
 1021 0010 0393     		str	r3, [sp, #12]
 1022 0012 0493     		str	r3, [sp, #16]
 527:Src/tim.c     **** 
 528:Src/tim.c     ****   /* USER CODE BEGIN TIM15_Init 1 */
 529:Src/tim.c     **** 
 530:Src/tim.c     ****   /* USER CODE END TIM15_Init 1 */
 531:Src/tim.c     ****   htim15.Instance = TIM15;
 1023              		.loc 1 531 3 is_stmt 1 view .LVU321
 1024              		.loc 1 531 19 is_stmt 0 view .LVU322
 1025 0014 1748     		ldr	r0, .L83
 1026 0016 184A     		ldr	r2, .L83+4
 1027 0018 0260     		str	r2, [r0]
 532:Src/tim.c     ****   htim15.Init.Prescaler = 0;
 1028              		.loc 1 532 3 is_stmt 1 view .LVU323
 1029              		.loc 1 532 25 is_stmt 0 view .LVU324
 1030 001a 4360     		str	r3, [r0, #4]
 533:Src/tim.c     ****   htim15.Init.CounterMode = TIM_COUNTERMODE_UP;
 1031              		.loc 1 533 3 is_stmt 1 view .LVU325
 1032              		.loc 1 533 27 is_stmt 0 view .LVU326
 1033 001c 8360     		str	r3, [r0, #8]
 534:Src/tim.c     ****   htim15.Init.Period = 65535;
 1034              		.loc 1 534 3 is_stmt 1 view .LVU327
 1035              		.loc 1 534 22 is_stmt 0 view .LVU328
 1036 001e 4FF6FF72 		movw	r2, #65535
 1037 0022 C260     		str	r2, [r0, #12]
 535:Src/tim.c     ****   htim15.Init.ClockDivision = TIM_CLOCKDIVISION_DIV1;
 1038              		.loc 1 535 3 is_stmt 1 view .LVU329
 1039              		.loc 1 535 29 is_stmt 0 view .LVU330
 1040 0024 0361     		str	r3, [r0, #16]
 536:Src/tim.c     ****   htim15.Init.RepetitionCounter = 0;
 1041              		.loc 1 536 3 is_stmt 1 view .LVU331
 1042              		.loc 1 536 33 is_stmt 0 view .LVU332
 1043 0026 4361     		str	r3, [r0, #20]
 537:Src/tim.c     ****   htim15.Init.AutoReloadPreload = TIM_AUTORELOAD_PRELOAD_DISABLE;
 1044              		.loc 1 537 3 is_stmt 1 view .LVU333
 1045              		.loc 1 537 33 is_stmt 0 view .LVU334
 1046 0028 8361     		str	r3, [r0, #24]
 538:Src/tim.c     ****   if (HAL_TIM_IC_Init(&htim15) != HAL_OK)
 1047              		.loc 1 538 3 is_stmt 1 view .LVU335
 1048              		.loc 1 538 7 is_stmt 0 view .LVU336
 1049 002a FFF7FEFF 		bl	HAL_TIM_IC_Init
 1050              	.LVL44:
 1051              		.loc 1 538 6 view .LVU337
 1052 002e B8B9     		cbnz	r0, .L80
 1053              	.L76:
 539:Src/tim.c     ****   {
ARM GAS  C:\Users\simon\AppData\Local\Temp\ccaQjVzT.s 			page 29


 540:Src/tim.c     ****     Error_Handler();
 541:Src/tim.c     ****   }
 542:Src/tim.c     ****   sMasterConfig.MasterOutputTrigger = TIM_TRGO_RESET;
 1054              		.loc 1 542 3 is_stmt 1 view .LVU338
 1055              		.loc 1 542 37 is_stmt 0 view .LVU339
 1056 0030 0023     		movs	r3, #0
 1057 0032 0593     		str	r3, [sp, #20]
 543:Src/tim.c     ****   sMasterConfig.MasterSlaveMode = TIM_MASTERSLAVEMODE_DISABLE;
 1058              		.loc 1 543 3 is_stmt 1 view .LVU340
 1059              		.loc 1 543 33 is_stmt 0 view .LVU341
 1060 0034 0793     		str	r3, [sp, #28]
 544:Src/tim.c     ****   if (HAL_TIMEx_MasterConfigSynchronization(&htim15, &sMasterConfig) != HAL_OK)
 1061              		.loc 1 544 3 is_stmt 1 view .LVU342
 1062              		.loc 1 544 7 is_stmt 0 view .LVU343
 1063 0036 05A9     		add	r1, sp, #20
 1064 0038 0E48     		ldr	r0, .L83
 1065 003a FFF7FEFF 		bl	HAL_TIMEx_MasterConfigSynchronization
 1066              	.LVL45:
 1067              		.loc 1 544 6 view .LVU344
 1068 003e 90B9     		cbnz	r0, .L81
 1069              	.L77:
 545:Src/tim.c     ****   {
 546:Src/tim.c     ****     Error_Handler();
 547:Src/tim.c     ****   }
 548:Src/tim.c     ****   sConfigIC.ICPolarity = TIM_INPUTCHANNELPOLARITY_RISING;
 1070              		.loc 1 548 3 is_stmt 1 view .LVU345
 1071              		.loc 1 548 24 is_stmt 0 view .LVU346
 1072 0040 0023     		movs	r3, #0
 1073 0042 0193     		str	r3, [sp, #4]
 549:Src/tim.c     ****   sConfigIC.ICSelection = TIM_ICSELECTION_DIRECTTI;
 1074              		.loc 1 549 3 is_stmt 1 view .LVU347
 1075              		.loc 1 549 25 is_stmt 0 view .LVU348
 1076 0044 0122     		movs	r2, #1
 1077 0046 0292     		str	r2, [sp, #8]
 550:Src/tim.c     ****   sConfigIC.ICPrescaler = TIM_ICPSC_DIV1;
 1078              		.loc 1 550 3 is_stmt 1 view .LVU349
 1079              		.loc 1 550 25 is_stmt 0 view .LVU350
 1080 0048 0393     		str	r3, [sp, #12]
 551:Src/tim.c     ****   sConfigIC.ICFilter = 0;
 1081              		.loc 1 551 3 is_stmt 1 view .LVU351
 1082              		.loc 1 551 22 is_stmt 0 view .LVU352
 1083 004a 0493     		str	r3, [sp, #16]
 552:Src/tim.c     ****   if (HAL_TIM_IC_ConfigChannel(&htim15, &sConfigIC, TIM_CHANNEL_2) != HAL_OK)
 1084              		.loc 1 552 3 is_stmt 1 view .LVU353
 1085              		.loc 1 552 7 is_stmt 0 view .LVU354
 1086 004c 0422     		movs	r2, #4
 1087 004e 0DEB0201 		add	r1, sp, r2
 1088 0052 0848     		ldr	r0, .L83
 1089 0054 FFF7FEFF 		bl	HAL_TIM_IC_ConfigChannel
 1090              	.LVL46:
 1091              		.loc 1 552 6 view .LVU355
 1092 0058 40B9     		cbnz	r0, .L82
 1093              	.L75:
 553:Src/tim.c     ****   {
 554:Src/tim.c     ****     Error_Handler();
 555:Src/tim.c     ****   }
 556:Src/tim.c     ****   /* USER CODE BEGIN TIM15_Init 2 */
ARM GAS  C:\Users\simon\AppData\Local\Temp\ccaQjVzT.s 			page 30


 557:Src/tim.c     **** 
 558:Src/tim.c     ****   /* USER CODE END TIM15_Init 2 */
 559:Src/tim.c     **** 
 560:Src/tim.c     **** }
 1094              		.loc 1 560 1 view .LVU356
 1095 005a 09B0     		add	sp, sp, #36
 1096              	.LCFI31:
 1097              		.cfi_remember_state
 1098              		.cfi_def_cfa_offset 4
 1099              		@ sp needed
 1100 005c 5DF804FB 		ldr	pc, [sp], #4
 1101              	.L80:
 1102              	.LCFI32:
 1103              		.cfi_restore_state
 540:Src/tim.c     ****   }
 1104              		.loc 1 540 5 is_stmt 1 view .LVU357
 1105 0060 FFF7FEFF 		bl	Error_Handler
 1106              	.LVL47:
 1107 0064 E4E7     		b	.L76
 1108              	.L81:
 546:Src/tim.c     ****   }
 1109              		.loc 1 546 5 view .LVU358
 1110 0066 FFF7FEFF 		bl	Error_Handler
 1111              	.LVL48:
 1112 006a E9E7     		b	.L77
 1113              	.L82:
 554:Src/tim.c     ****   }
 1114              		.loc 1 554 5 view .LVU359
 1115 006c FFF7FEFF 		bl	Error_Handler
 1116              	.LVL49:
 1117              		.loc 1 560 1 is_stmt 0 view .LVU360
 1118 0070 F3E7     		b	.L75
 1119              	.L84:
 1120 0072 00BF     		.align	2
 1121              	.L83:
 1122 0074 00000000 		.word	.LANCHOR8
 1123 0078 00400140 		.word	1073823744
 1124              		.cfi_endproc
 1125              	.LFE342:
 1127              		.section	.text.MX_TIM16_Init,"ax",%progbits
 1128              		.align	1
 1129              		.global	MX_TIM16_Init
 1130              		.syntax unified
 1131              		.thumb
 1132              		.thumb_func
 1134              	MX_TIM16_Init:
 1135              	.LFB343:
 561:Src/tim.c     **** /* TIM16 init function */
 562:Src/tim.c     **** void MX_TIM16_Init(void)
 563:Src/tim.c     **** {
 1136              		.loc 1 563 1 is_stmt 1 view -0
 1137              		.cfi_startproc
 1138              		@ args = 0, pretend = 0, frame = 0
 1139              		@ frame_needed = 0, uses_anonymous_args = 0
 1140 0000 08B5     		push	{r3, lr}
 1141              	.LCFI33:
 1142              		.cfi_def_cfa_offset 8
ARM GAS  C:\Users\simon\AppData\Local\Temp\ccaQjVzT.s 			page 31


 1143              		.cfi_offset 3, -8
 1144              		.cfi_offset 14, -4
 564:Src/tim.c     **** 
 565:Src/tim.c     ****   /* USER CODE BEGIN TIM16_Init 0 */
 566:Src/tim.c     **** 
 567:Src/tim.c     ****   /* USER CODE END TIM16_Init 0 */
 568:Src/tim.c     **** 
 569:Src/tim.c     ****   /* USER CODE BEGIN TIM16_Init 1 */
 570:Src/tim.c     **** 
 571:Src/tim.c     ****   /* USER CODE END TIM16_Init 1 */
 572:Src/tim.c     ****   htim16.Instance = TIM16;
 1145              		.loc 1 572 3 view .LVU362
 1146              		.loc 1 572 19 is_stmt 0 view .LVU363
 1147 0002 0948     		ldr	r0, .L89
 1148 0004 094B     		ldr	r3, .L89+4
 1149 0006 0360     		str	r3, [r0]
 573:Src/tim.c     ****   htim16.Init.Prescaler = 0;
 1150              		.loc 1 573 3 is_stmt 1 view .LVU364
 1151              		.loc 1 573 25 is_stmt 0 view .LVU365
 1152 0008 0023     		movs	r3, #0
 1153 000a 4360     		str	r3, [r0, #4]
 574:Src/tim.c     ****   htim16.Init.CounterMode = TIM_COUNTERMODE_UP;
 1154              		.loc 1 574 3 is_stmt 1 view .LVU366
 1155              		.loc 1 574 27 is_stmt 0 view .LVU367
 1156 000c 8360     		str	r3, [r0, #8]
 575:Src/tim.c     ****   htim16.Init.Period = 65535;
 1157              		.loc 1 575 3 is_stmt 1 view .LVU368
 1158              		.loc 1 575 22 is_stmt 0 view .LVU369
 1159 000e 4FF6FF72 		movw	r2, #65535
 1160 0012 C260     		str	r2, [r0, #12]
 576:Src/tim.c     ****   htim16.Init.ClockDivision = TIM_CLOCKDIVISION_DIV1;
 1161              		.loc 1 576 3 is_stmt 1 view .LVU370
 1162              		.loc 1 576 29 is_stmt 0 view .LVU371
 1163 0014 0361     		str	r3, [r0, #16]
 577:Src/tim.c     ****   htim16.Init.RepetitionCounter = 0;
 1164              		.loc 1 577 3 is_stmt 1 view .LVU372
 1165              		.loc 1 577 33 is_stmt 0 view .LVU373
 1166 0016 4361     		str	r3, [r0, #20]
 578:Src/tim.c     ****   htim16.Init.AutoReloadPreload = TIM_AUTORELOAD_PRELOAD_DISABLE;
 1167              		.loc 1 578 3 is_stmt 1 view .LVU374
 1168              		.loc 1 578 33 is_stmt 0 view .LVU375
 1169 0018 8361     		str	r3, [r0, #24]
 579:Src/tim.c     ****   if (HAL_TIM_Base_Init(&htim16) != HAL_OK)
 1170              		.loc 1 579 3 is_stmt 1 view .LVU376
 1171              		.loc 1 579 7 is_stmt 0 view .LVU377
 1172 001a FFF7FEFF 		bl	HAL_TIM_Base_Init
 1173              	.LVL50:
 1174              		.loc 1 579 6 view .LVU378
 1175 001e 00B9     		cbnz	r0, .L88
 1176              	.L85:
 580:Src/tim.c     ****   {
 581:Src/tim.c     ****     Error_Handler();
 582:Src/tim.c     ****   }
 583:Src/tim.c     ****   /* USER CODE BEGIN TIM16_Init 2 */
 584:Src/tim.c     **** 
 585:Src/tim.c     ****   /* USER CODE END TIM16_Init 2 */
 586:Src/tim.c     **** 
ARM GAS  C:\Users\simon\AppData\Local\Temp\ccaQjVzT.s 			page 32


 587:Src/tim.c     **** }
 1177              		.loc 1 587 1 view .LVU379
 1178 0020 08BD     		pop	{r3, pc}
 1179              	.L88:
 581:Src/tim.c     ****   }
 1180              		.loc 1 581 5 is_stmt 1 view .LVU380
 1181 0022 FFF7FEFF 		bl	Error_Handler
 1182              	.LVL51:
 1183              		.loc 1 587 1 is_stmt 0 view .LVU381
 1184 0026 FBE7     		b	.L85
 1185              	.L90:
 1186              		.align	2
 1187              	.L89:
 1188 0028 00000000 		.word	.LANCHOR9
 1189 002c 00440140 		.word	1073824768
 1190              		.cfi_endproc
 1191              	.LFE343:
 1193              		.section	.text.MX_TIM17_Init,"ax",%progbits
 1194              		.align	1
 1195              		.global	MX_TIM17_Init
 1196              		.syntax unified
 1197              		.thumb
 1198              		.thumb_func
 1200              	MX_TIM17_Init:
 1201              	.LFB344:
 588:Src/tim.c     **** /* TIM17 init function */
 589:Src/tim.c     **** void MX_TIM17_Init(void)
 590:Src/tim.c     **** {
 1202              		.loc 1 590 1 is_stmt 1 view -0
 1203              		.cfi_startproc
 1204              		@ args = 0, pretend = 0, frame = 0
 1205              		@ frame_needed = 0, uses_anonymous_args = 0
 1206 0000 08B5     		push	{r3, lr}
 1207              	.LCFI34:
 1208              		.cfi_def_cfa_offset 8
 1209              		.cfi_offset 3, -8
 1210              		.cfi_offset 14, -4
 591:Src/tim.c     **** 
 592:Src/tim.c     ****   /* USER CODE BEGIN TIM17_Init 0 */
 593:Src/tim.c     **** 
 594:Src/tim.c     ****   /* USER CODE END TIM17_Init 0 */
 595:Src/tim.c     **** 
 596:Src/tim.c     ****   /* USER CODE BEGIN TIM17_Init 1 */
 597:Src/tim.c     **** 
 598:Src/tim.c     ****   /* USER CODE END TIM17_Init 1 */
 599:Src/tim.c     ****   htim17.Instance = TIM17;
 1211              		.loc 1 599 3 view .LVU383
 1212              		.loc 1 599 19 is_stmt 0 view .LVU384
 1213 0002 0948     		ldr	r0, .L95
 1214 0004 094B     		ldr	r3, .L95+4
 1215 0006 0360     		str	r3, [r0]
 600:Src/tim.c     ****   htim17.Init.Prescaler = 0;
 1216              		.loc 1 600 3 is_stmt 1 view .LVU385
 1217              		.loc 1 600 25 is_stmt 0 view .LVU386
 1218 0008 0023     		movs	r3, #0
 1219 000a 4360     		str	r3, [r0, #4]
 601:Src/tim.c     ****   htim17.Init.CounterMode = TIM_COUNTERMODE_UP;
ARM GAS  C:\Users\simon\AppData\Local\Temp\ccaQjVzT.s 			page 33


 1220              		.loc 1 601 3 is_stmt 1 view .LVU387
 1221              		.loc 1 601 27 is_stmt 0 view .LVU388
 1222 000c 8360     		str	r3, [r0, #8]
 602:Src/tim.c     ****   htim17.Init.Period = 65535;
 1223              		.loc 1 602 3 is_stmt 1 view .LVU389
 1224              		.loc 1 602 22 is_stmt 0 view .LVU390
 1225 000e 4FF6FF72 		movw	r2, #65535
 1226 0012 C260     		str	r2, [r0, #12]
 603:Src/tim.c     ****   htim17.Init.ClockDivision = TIM_CLOCKDIVISION_DIV1;
 1227              		.loc 1 603 3 is_stmt 1 view .LVU391
 1228              		.loc 1 603 29 is_stmt 0 view .LVU392
 1229 0014 0361     		str	r3, [r0, #16]
 604:Src/tim.c     ****   htim17.Init.RepetitionCounter = 0;
 1230              		.loc 1 604 3 is_stmt 1 view .LVU393
 1231              		.loc 1 604 33 is_stmt 0 view .LVU394
 1232 0016 4361     		str	r3, [r0, #20]
 605:Src/tim.c     ****   htim17.Init.AutoReloadPreload = TIM_AUTORELOAD_PRELOAD_DISABLE;
 1233              		.loc 1 605 3 is_stmt 1 view .LVU395
 1234              		.loc 1 605 33 is_stmt 0 view .LVU396
 1235 0018 8361     		str	r3, [r0, #24]
 606:Src/tim.c     ****   if (HAL_TIM_Base_Init(&htim17) != HAL_OK)
 1236              		.loc 1 606 3 is_stmt 1 view .LVU397
 1237              		.loc 1 606 7 is_stmt 0 view .LVU398
 1238 001a FFF7FEFF 		bl	HAL_TIM_Base_Init
 1239              	.LVL52:
 1240              		.loc 1 606 6 view .LVU399
 1241 001e 00B9     		cbnz	r0, .L94
 1242              	.L91:
 607:Src/tim.c     ****   {
 608:Src/tim.c     ****     Error_Handler();
 609:Src/tim.c     ****   }
 610:Src/tim.c     ****   /* USER CODE BEGIN TIM17_Init 2 */
 611:Src/tim.c     **** 
 612:Src/tim.c     ****   /* USER CODE END TIM17_Init 2 */
 613:Src/tim.c     **** 
 614:Src/tim.c     **** }
 1243              		.loc 1 614 1 view .LVU400
 1244 0020 08BD     		pop	{r3, pc}
 1245              	.L94:
 608:Src/tim.c     ****   }
 1246              		.loc 1 608 5 is_stmt 1 view .LVU401
 1247 0022 FFF7FEFF 		bl	Error_Handler
 1248              	.LVL53:
 1249              		.loc 1 614 1 is_stmt 0 view .LVU402
 1250 0026 FBE7     		b	.L91
 1251              	.L96:
 1252              		.align	2
 1253              	.L95:
 1254 0028 00000000 		.word	.LANCHOR10
 1255 002c 00480140 		.word	1073825792
 1256              		.cfi_endproc
 1257              	.LFE344:
 1259              		.section	.text.HAL_TIM_Base_MspInit,"ax",%progbits
 1260              		.align	1
 1261              		.global	HAL_TIM_Base_MspInit
 1262              		.syntax unified
 1263              		.thumb
ARM GAS  C:\Users\simon\AppData\Local\Temp\ccaQjVzT.s 			page 34


 1264              		.thumb_func
 1266              	HAL_TIM_Base_MspInit:
 1267              	.LVL54:
 1268              	.LFB345:
 615:Src/tim.c     **** 
 616:Src/tim.c     **** void HAL_TIM_Base_MspInit(TIM_HandleTypeDef* tim_baseHandle)
 617:Src/tim.c     **** {
 1269              		.loc 1 617 1 is_stmt 1 view -0
 1270              		.cfi_startproc
 1271              		@ args = 0, pretend = 0, frame = 56
 1272              		@ frame_needed = 0, uses_anonymous_args = 0
 1273              		.loc 1 617 1 is_stmt 0 view .LVU404
 1274 0000 00B5     		push	{lr}
 1275              	.LCFI35:
 1276              		.cfi_def_cfa_offset 4
 1277              		.cfi_offset 14, -4
 1278 0002 8FB0     		sub	sp, sp, #60
 1279              	.LCFI36:
 1280              		.cfi_def_cfa_offset 64
 618:Src/tim.c     **** 
 619:Src/tim.c     ****   GPIO_InitTypeDef GPIO_InitStruct = {0};
 1281              		.loc 1 619 3 is_stmt 1 view .LVU405
 1282              		.loc 1 619 20 is_stmt 0 view .LVU406
 1283 0004 0023     		movs	r3, #0
 1284 0006 0993     		str	r3, [sp, #36]
 1285 0008 0A93     		str	r3, [sp, #40]
 1286 000a 0B93     		str	r3, [sp, #44]
 1287 000c 0C93     		str	r3, [sp, #48]
 1288 000e 0D93     		str	r3, [sp, #52]
 620:Src/tim.c     ****   if(tim_baseHandle->Instance==TIM1)
 1289              		.loc 1 620 3 is_stmt 1 view .LVU407
 1290              		.loc 1 620 20 is_stmt 0 view .LVU408
 1291 0010 0368     		ldr	r3, [r0]
 1292              		.loc 1 620 5 view .LVU409
 1293 0012 594A     		ldr	r2, .L114
 1294 0014 9342     		cmp	r3, r2
 1295 0016 24D0     		beq	.L107
 621:Src/tim.c     ****   {
 622:Src/tim.c     ****   /* USER CODE BEGIN TIM1_MspInit 0 */
 623:Src/tim.c     **** 
 624:Src/tim.c     ****   /* USER CODE END TIM1_MspInit 0 */
 625:Src/tim.c     ****     /* TIM1 clock enable */
 626:Src/tim.c     ****     __HAL_RCC_TIM1_CLK_ENABLE();
 627:Src/tim.c     **** 
 628:Src/tim.c     ****     /* TIM1 interrupt Init */
 629:Src/tim.c     ****     HAL_NVIC_SetPriority(TIM1_UP_IRQn, 0, 0);
 630:Src/tim.c     ****     HAL_NVIC_EnableIRQ(TIM1_UP_IRQn);
 631:Src/tim.c     ****   /* USER CODE BEGIN TIM1_MspInit 1 */
 632:Src/tim.c     **** 
 633:Src/tim.c     ****   /* USER CODE END TIM1_MspInit 1 */
 634:Src/tim.c     ****   }
 635:Src/tim.c     ****   else if(tim_baseHandle->Instance==TIM4)
 1296              		.loc 1 635 8 is_stmt 1 view .LVU410
 1297              		.loc 1 635 10 is_stmt 0 view .LVU411
 1298 0018 584A     		ldr	r2, .L114+4
 1299 001a 9342     		cmp	r3, r2
 1300 001c 37D0     		beq	.L108
ARM GAS  C:\Users\simon\AppData\Local\Temp\ccaQjVzT.s 			page 35


 636:Src/tim.c     ****   {
 637:Src/tim.c     ****   /* USER CODE BEGIN TIM4_MspInit 0 */
 638:Src/tim.c     **** 
 639:Src/tim.c     ****   /* USER CODE END TIM4_MspInit 0 */
 640:Src/tim.c     ****     /* TIM4 clock enable */
 641:Src/tim.c     ****     __HAL_RCC_TIM4_CLK_ENABLE();
 642:Src/tim.c     **** 
 643:Src/tim.c     ****     __HAL_RCC_GPIOB_CLK_ENABLE();
 644:Src/tim.c     ****     /**TIM4 GPIO Configuration
 645:Src/tim.c     ****     PB8     ------> TIM4_CH3
 646:Src/tim.c     ****     */
 647:Src/tim.c     ****     GPIO_InitStruct.Pin = GPIO_PIN_8;
 648:Src/tim.c     ****     GPIO_InitStruct.Mode = GPIO_MODE_AF_PP;
 649:Src/tim.c     ****     GPIO_InitStruct.Pull = GPIO_NOPULL;
 650:Src/tim.c     ****     GPIO_InitStruct.Speed = GPIO_SPEED_FREQ_LOW;
 651:Src/tim.c     ****     GPIO_InitStruct.Alternate = GPIO_AF2_TIM4;
 652:Src/tim.c     ****     HAL_GPIO_Init(GPIOB, &GPIO_InitStruct);
 653:Src/tim.c     **** 
 654:Src/tim.c     ****     /* TIM4 interrupt Init */
 655:Src/tim.c     ****     HAL_NVIC_SetPriority(TIM4_IRQn, 0, 0);
 656:Src/tim.c     ****     HAL_NVIC_EnableIRQ(TIM4_IRQn);
 657:Src/tim.c     ****   /* USER CODE BEGIN TIM4_MspInit 1 */
 658:Src/tim.c     **** 
 659:Src/tim.c     ****   /* USER CODE END TIM4_MspInit 1 */
 660:Src/tim.c     ****   }
 661:Src/tim.c     ****   else if(tim_baseHandle->Instance==TIM6)
 1301              		.loc 1 661 8 is_stmt 1 view .LVU412
 1302              		.loc 1 661 10 is_stmt 0 view .LVU413
 1303 001e 584A     		ldr	r2, .L114+8
 1304 0020 9342     		cmp	r3, r2
 1305 0022 60D0     		beq	.L109
 662:Src/tim.c     ****   {
 663:Src/tim.c     ****   /* USER CODE BEGIN TIM6_MspInit 0 */
 664:Src/tim.c     **** 
 665:Src/tim.c     ****   /* USER CODE END TIM6_MspInit 0 */
 666:Src/tim.c     ****     /* TIM6 clock enable */
 667:Src/tim.c     ****     __HAL_RCC_TIM6_CLK_ENABLE();
 668:Src/tim.c     ****   /* USER CODE BEGIN TIM6_MspInit 1 */
 669:Src/tim.c     **** 
 670:Src/tim.c     ****   /* USER CODE END TIM6_MspInit 1 */
 671:Src/tim.c     ****   }
 672:Src/tim.c     ****   else if(tim_baseHandle->Instance==TIM7)
 1306              		.loc 1 672 8 is_stmt 1 view .LVU414
 1307              		.loc 1 672 10 is_stmt 0 view .LVU415
 1308 0024 574A     		ldr	r2, .L114+12
 1309 0026 9342     		cmp	r3, r2
 1310 0028 6DD0     		beq	.L110
 673:Src/tim.c     ****   {
 674:Src/tim.c     ****   /* USER CODE BEGIN TIM7_MspInit 0 */
 675:Src/tim.c     **** 
 676:Src/tim.c     ****   /* USER CODE END TIM7_MspInit 0 */
 677:Src/tim.c     ****     /* TIM7 clock enable */
 678:Src/tim.c     ****     __HAL_RCC_TIM7_CLK_ENABLE();
 679:Src/tim.c     ****   /* USER CODE BEGIN TIM7_MspInit 1 */
 680:Src/tim.c     **** 
 681:Src/tim.c     ****   /* USER CODE END TIM7_MspInit 1 */
 682:Src/tim.c     ****   }
ARM GAS  C:\Users\simon\AppData\Local\Temp\ccaQjVzT.s 			page 36


 683:Src/tim.c     ****   else if(tim_baseHandle->Instance==TIM13)
 1311              		.loc 1 683 8 is_stmt 1 view .LVU416
 1312              		.loc 1 683 10 is_stmt 0 view .LVU417
 1313 002a 574A     		ldr	r2, .L114+16
 1314 002c 9342     		cmp	r3, r2
 1315 002e 78D0     		beq	.L111
 684:Src/tim.c     ****   {
 685:Src/tim.c     ****   /* USER CODE BEGIN TIM13_MspInit 0 */
 686:Src/tim.c     **** 
 687:Src/tim.c     ****   /* USER CODE END TIM13_MspInit 0 */
 688:Src/tim.c     ****     /* TIM13 clock enable */
 689:Src/tim.c     ****     __HAL_RCC_TIM13_CLK_ENABLE();
 690:Src/tim.c     ****   /* USER CODE BEGIN TIM13_MspInit 1 */
 691:Src/tim.c     **** 
 692:Src/tim.c     ****   /* USER CODE END TIM13_MspInit 1 */
 693:Src/tim.c     ****   }
 694:Src/tim.c     ****   else if(tim_baseHandle->Instance==TIM14)
 1316              		.loc 1 694 8 is_stmt 1 view .LVU418
 1317              		.loc 1 694 10 is_stmt 0 view .LVU419
 1318 0030 564A     		ldr	r2, .L114+20
 1319 0032 9342     		cmp	r3, r2
 1320 0034 00F08380 		beq	.L112
 695:Src/tim.c     ****   {
 696:Src/tim.c     ****   /* USER CODE BEGIN TIM14_MspInit 0 */
 697:Src/tim.c     **** 
 698:Src/tim.c     ****   /* USER CODE END TIM14_MspInit 0 */
 699:Src/tim.c     ****     /* TIM14 clock enable */
 700:Src/tim.c     ****     __HAL_RCC_TIM14_CLK_ENABLE();
 701:Src/tim.c     ****   /* USER CODE BEGIN TIM14_MspInit 1 */
 702:Src/tim.c     **** 
 703:Src/tim.c     ****   /* USER CODE END TIM14_MspInit 1 */
 704:Src/tim.c     ****   }
 705:Src/tim.c     ****   else if(tim_baseHandle->Instance==TIM16)
 1321              		.loc 1 705 8 is_stmt 1 view .LVU420
 1322              		.loc 1 705 10 is_stmt 0 view .LVU421
 1323 0038 554A     		ldr	r2, .L114+24
 1324 003a 9342     		cmp	r3, r2
 1325 003c 00F08D80 		beq	.L113
 706:Src/tim.c     ****   {
 707:Src/tim.c     ****   /* USER CODE BEGIN TIM16_MspInit 0 */
 708:Src/tim.c     **** 
 709:Src/tim.c     ****   /* USER CODE END TIM16_MspInit 0 */
 710:Src/tim.c     ****     /* TIM16 clock enable */
 711:Src/tim.c     ****     __HAL_RCC_TIM16_CLK_ENABLE();
 712:Src/tim.c     ****   /* USER CODE BEGIN TIM16_MspInit 1 */
 713:Src/tim.c     **** 
 714:Src/tim.c     ****   /* USER CODE END TIM16_MspInit 1 */
 715:Src/tim.c     ****   }
 716:Src/tim.c     ****   else if(tim_baseHandle->Instance==TIM17)
 1326              		.loc 1 716 8 is_stmt 1 view .LVU422
 1327              		.loc 1 716 10 is_stmt 0 view .LVU423
 1328 0040 544A     		ldr	r2, .L114+28
 1329 0042 9342     		cmp	r3, r2
 1330 0044 5CD1     		bne	.L97
 717:Src/tim.c     ****   {
 718:Src/tim.c     ****   /* USER CODE BEGIN TIM17_MspInit 0 */
 719:Src/tim.c     **** 
ARM GAS  C:\Users\simon\AppData\Local\Temp\ccaQjVzT.s 			page 37


 720:Src/tim.c     ****   /* USER CODE END TIM17_MspInit 0 */
 721:Src/tim.c     ****     /* TIM17 clock enable */
 722:Src/tim.c     ****     __HAL_RCC_TIM17_CLK_ENABLE();
 1331              		.loc 1 722 5 is_stmt 1 view .LVU424
 1332              	.LBB2:
 1333              		.loc 1 722 5 view .LVU425
 1334              		.loc 1 722 5 view .LVU426
 1335 0046 544B     		ldr	r3, .L114+32
 1336 0048 D3F8F020 		ldr	r2, [r3, #240]
 1337 004c 42F48022 		orr	r2, r2, #262144
 1338 0050 C3F8F020 		str	r2, [r3, #240]
 1339              		.loc 1 722 5 view .LVU427
 1340 0054 D3F8F030 		ldr	r3, [r3, #240]
 1341 0058 03F48023 		and	r3, r3, #262144
 1342 005c 0893     		str	r3, [sp, #32]
 1343              		.loc 1 722 5 view .LVU428
 1344 005e 089B     		ldr	r3, [sp, #32]
 1345              	.LBE2:
 1346              		.loc 1 722 5 view .LVU429
 723:Src/tim.c     ****   /* USER CODE BEGIN TIM17_MspInit 1 */
 724:Src/tim.c     **** 
 725:Src/tim.c     ****   /* USER CODE END TIM17_MspInit 1 */
 726:Src/tim.c     ****   }
 727:Src/tim.c     **** }
 1347              		.loc 1 727 1 is_stmt 0 view .LVU430
 1348 0060 4EE0     		b	.L97
 1349              	.L107:
 626:Src/tim.c     **** 
 1350              		.loc 1 626 5 is_stmt 1 view .LVU431
 1351              	.LBB3:
 626:Src/tim.c     **** 
 1352              		.loc 1 626 5 view .LVU432
 626:Src/tim.c     **** 
 1353              		.loc 1 626 5 view .LVU433
 1354 0062 4D4B     		ldr	r3, .L114+32
 1355 0064 D3F8F020 		ldr	r2, [r3, #240]
 1356 0068 42F00102 		orr	r2, r2, #1
 1357 006c C3F8F020 		str	r2, [r3, #240]
 626:Src/tim.c     **** 
 1358              		.loc 1 626 5 view .LVU434
 1359 0070 D3F8F030 		ldr	r3, [r3, #240]
 1360 0074 03F00103 		and	r3, r3, #1
 1361 0078 0093     		str	r3, [sp]
 626:Src/tim.c     **** 
 1362              		.loc 1 626 5 view .LVU435
 1363 007a 009B     		ldr	r3, [sp]
 1364              	.LBE3:
 626:Src/tim.c     **** 
 1365              		.loc 1 626 5 view .LVU436
 629:Src/tim.c     ****     HAL_NVIC_EnableIRQ(TIM1_UP_IRQn);
 1366              		.loc 1 629 5 view .LVU437
 1367 007c 0022     		movs	r2, #0
 1368 007e 1146     		mov	r1, r2
 1369 0080 1920     		movs	r0, #25
 1370              	.LVL55:
 629:Src/tim.c     ****     HAL_NVIC_EnableIRQ(TIM1_UP_IRQn);
 1371              		.loc 1 629 5 is_stmt 0 view .LVU438
ARM GAS  C:\Users\simon\AppData\Local\Temp\ccaQjVzT.s 			page 38


 1372 0082 FFF7FEFF 		bl	HAL_NVIC_SetPriority
 1373              	.LVL56:
 630:Src/tim.c     ****   /* USER CODE BEGIN TIM1_MspInit 1 */
 1374              		.loc 1 630 5 is_stmt 1 view .LVU439
 1375 0086 1920     		movs	r0, #25
 1376 0088 FFF7FEFF 		bl	HAL_NVIC_EnableIRQ
 1377              	.LVL57:
 1378 008c 38E0     		b	.L97
 1379              	.LVL58:
 1380              	.L108:
 641:Src/tim.c     **** 
 1381              		.loc 1 641 5 view .LVU440
 1382              	.LBB4:
 641:Src/tim.c     **** 
 1383              		.loc 1 641 5 view .LVU441
 641:Src/tim.c     **** 
 1384              		.loc 1 641 5 view .LVU442
 1385 008e 424B     		ldr	r3, .L114+32
 1386 0090 D3F8E820 		ldr	r2, [r3, #232]
 1387 0094 42F00402 		orr	r2, r2, #4
 1388 0098 C3F8E820 		str	r2, [r3, #232]
 641:Src/tim.c     **** 
 1389              		.loc 1 641 5 view .LVU443
 1390 009c D3F8E820 		ldr	r2, [r3, #232]
 1391 00a0 02F00402 		and	r2, r2, #4
 1392 00a4 0192     		str	r2, [sp, #4]
 641:Src/tim.c     **** 
 1393              		.loc 1 641 5 view .LVU444
 1394 00a6 019A     		ldr	r2, [sp, #4]
 1395              	.LBE4:
 641:Src/tim.c     **** 
 1396              		.loc 1 641 5 view .LVU445
 643:Src/tim.c     ****     /**TIM4 GPIO Configuration
 1397              		.loc 1 643 5 view .LVU446
 1398              	.LBB5:
 643:Src/tim.c     ****     /**TIM4 GPIO Configuration
 1399              		.loc 1 643 5 view .LVU447
 643:Src/tim.c     ****     /**TIM4 GPIO Configuration
 1400              		.loc 1 643 5 view .LVU448
 1401 00a8 D3F8E020 		ldr	r2, [r3, #224]
 1402 00ac 42F00202 		orr	r2, r2, #2
 1403 00b0 C3F8E020 		str	r2, [r3, #224]
 643:Src/tim.c     ****     /**TIM4 GPIO Configuration
 1404              		.loc 1 643 5 view .LVU449
 1405 00b4 D3F8E030 		ldr	r3, [r3, #224]
 1406 00b8 03F00203 		and	r3, r3, #2
 1407 00bc 0293     		str	r3, [sp, #8]
 643:Src/tim.c     ****     /**TIM4 GPIO Configuration
 1408              		.loc 1 643 5 view .LVU450
 1409 00be 029B     		ldr	r3, [sp, #8]
 1410              	.LBE5:
 643:Src/tim.c     ****     /**TIM4 GPIO Configuration
 1411              		.loc 1 643 5 view .LVU451
 647:Src/tim.c     ****     GPIO_InitStruct.Mode = GPIO_MODE_AF_PP;
 1412              		.loc 1 647 5 view .LVU452
 647:Src/tim.c     ****     GPIO_InitStruct.Mode = GPIO_MODE_AF_PP;
 1413              		.loc 1 647 25 is_stmt 0 view .LVU453
ARM GAS  C:\Users\simon\AppData\Local\Temp\ccaQjVzT.s 			page 39


 1414 00c0 4FF48073 		mov	r3, #256
 1415 00c4 0993     		str	r3, [sp, #36]
 648:Src/tim.c     ****     GPIO_InitStruct.Pull = GPIO_NOPULL;
 1416              		.loc 1 648 5 is_stmt 1 view .LVU454
 648:Src/tim.c     ****     GPIO_InitStruct.Pull = GPIO_NOPULL;
 1417              		.loc 1 648 26 is_stmt 0 view .LVU455
 1418 00c6 0223     		movs	r3, #2
 1419 00c8 0A93     		str	r3, [sp, #40]
 649:Src/tim.c     ****     GPIO_InitStruct.Speed = GPIO_SPEED_FREQ_LOW;
 1420              		.loc 1 649 5 is_stmt 1 view .LVU456
 650:Src/tim.c     ****     GPIO_InitStruct.Alternate = GPIO_AF2_TIM4;
 1421              		.loc 1 650 5 view .LVU457
 651:Src/tim.c     ****     HAL_GPIO_Init(GPIOB, &GPIO_InitStruct);
 1422              		.loc 1 651 5 view .LVU458
 651:Src/tim.c     ****     HAL_GPIO_Init(GPIOB, &GPIO_InitStruct);
 1423              		.loc 1 651 31 is_stmt 0 view .LVU459
 1424 00ca 0D93     		str	r3, [sp, #52]
 652:Src/tim.c     **** 
 1425              		.loc 1 652 5 is_stmt 1 view .LVU460
 1426 00cc 09A9     		add	r1, sp, #36
 1427 00ce 3348     		ldr	r0, .L114+36
 1428              	.LVL59:
 652:Src/tim.c     **** 
 1429              		.loc 1 652 5 is_stmt 0 view .LVU461
 1430 00d0 FFF7FEFF 		bl	HAL_GPIO_Init
 1431              	.LVL60:
 655:Src/tim.c     ****     HAL_NVIC_EnableIRQ(TIM4_IRQn);
 1432              		.loc 1 655 5 is_stmt 1 view .LVU462
 1433 00d4 0022     		movs	r2, #0
 1434 00d6 1146     		mov	r1, r2
 1435 00d8 1E20     		movs	r0, #30
 1436 00da FFF7FEFF 		bl	HAL_NVIC_SetPriority
 1437              	.LVL61:
 656:Src/tim.c     ****   /* USER CODE BEGIN TIM4_MspInit 1 */
 1438              		.loc 1 656 5 view .LVU463
 1439 00de 1E20     		movs	r0, #30
 1440 00e0 FFF7FEFF 		bl	HAL_NVIC_EnableIRQ
 1441              	.LVL62:
 1442 00e4 0CE0     		b	.L97
 1443              	.LVL63:
 1444              	.L109:
 667:Src/tim.c     ****   /* USER CODE BEGIN TIM6_MspInit 1 */
 1445              		.loc 1 667 5 view .LVU464
 1446              	.LBB6:
 667:Src/tim.c     ****   /* USER CODE BEGIN TIM6_MspInit 1 */
 1447              		.loc 1 667 5 view .LVU465
 667:Src/tim.c     ****   /* USER CODE BEGIN TIM6_MspInit 1 */
 1448              		.loc 1 667 5 view .LVU466
 1449 00e6 2C4B     		ldr	r3, .L114+32
 1450 00e8 D3F8E820 		ldr	r2, [r3, #232]
 1451 00ec 42F01002 		orr	r2, r2, #16
 1452 00f0 C3F8E820 		str	r2, [r3, #232]
 667:Src/tim.c     ****   /* USER CODE BEGIN TIM6_MspInit 1 */
 1453              		.loc 1 667 5 view .LVU467
 1454 00f4 D3F8E830 		ldr	r3, [r3, #232]
 1455 00f8 03F01003 		and	r3, r3, #16
 1456 00fc 0393     		str	r3, [sp, #12]
ARM GAS  C:\Users\simon\AppData\Local\Temp\ccaQjVzT.s 			page 40


 667:Src/tim.c     ****   /* USER CODE BEGIN TIM6_MspInit 1 */
 1457              		.loc 1 667 5 view .LVU468
 1458 00fe 039B     		ldr	r3, [sp, #12]
 1459              	.LBE6:
 667:Src/tim.c     ****   /* USER CODE BEGIN TIM6_MspInit 1 */
 1460              		.loc 1 667 5 view .LVU469
 1461              	.LVL64:
 1462              	.L97:
 1463              		.loc 1 727 1 is_stmt 0 view .LVU470
 1464 0100 0FB0     		add	sp, sp, #60
 1465              	.LCFI37:
 1466              		.cfi_remember_state
 1467              		.cfi_def_cfa_offset 4
 1468              		@ sp needed
 1469 0102 5DF804FB 		ldr	pc, [sp], #4
 1470              	.LVL65:
 1471              	.L110:
 1472              	.LCFI38:
 1473              		.cfi_restore_state
 678:Src/tim.c     ****   /* USER CODE BEGIN TIM7_MspInit 1 */
 1474              		.loc 1 678 5 is_stmt 1 view .LVU471
 1475              	.LBB7:
 678:Src/tim.c     ****   /* USER CODE BEGIN TIM7_MspInit 1 */
 1476              		.loc 1 678 5 view .LVU472
 678:Src/tim.c     ****   /* USER CODE BEGIN TIM7_MspInit 1 */
 1477              		.loc 1 678 5 view .LVU473
 1478 0106 244B     		ldr	r3, .L114+32
 1479 0108 D3F8E820 		ldr	r2, [r3, #232]
 1480 010c 42F02002 		orr	r2, r2, #32
 1481 0110 C3F8E820 		str	r2, [r3, #232]
 678:Src/tim.c     ****   /* USER CODE BEGIN TIM7_MspInit 1 */
 1482              		.loc 1 678 5 view .LVU474
 1483 0114 D3F8E830 		ldr	r3, [r3, #232]
 1484 0118 03F02003 		and	r3, r3, #32
 1485 011c 0493     		str	r3, [sp, #16]
 678:Src/tim.c     ****   /* USER CODE BEGIN TIM7_MspInit 1 */
 1486              		.loc 1 678 5 view .LVU475
 1487 011e 049B     		ldr	r3, [sp, #16]
 1488              	.LBE7:
 678:Src/tim.c     ****   /* USER CODE BEGIN TIM7_MspInit 1 */
 1489              		.loc 1 678 5 view .LVU476
 1490 0120 EEE7     		b	.L97
 1491              	.L111:
 689:Src/tim.c     ****   /* USER CODE BEGIN TIM13_MspInit 1 */
 1492              		.loc 1 689 5 view .LVU477
 1493              	.LBB8:
 689:Src/tim.c     ****   /* USER CODE BEGIN TIM13_MspInit 1 */
 1494              		.loc 1 689 5 view .LVU478
 689:Src/tim.c     ****   /* USER CODE BEGIN TIM13_MspInit 1 */
 1495              		.loc 1 689 5 view .LVU479
 1496 0122 1D4B     		ldr	r3, .L114+32
 1497 0124 D3F8E820 		ldr	r2, [r3, #232]
 1498 0128 42F08002 		orr	r2, r2, #128
 1499 012c C3F8E820 		str	r2, [r3, #232]
 689:Src/tim.c     ****   /* USER CODE BEGIN TIM13_MspInit 1 */
 1500              		.loc 1 689 5 view .LVU480
 1501 0130 D3F8E830 		ldr	r3, [r3, #232]
ARM GAS  C:\Users\simon\AppData\Local\Temp\ccaQjVzT.s 			page 41


 1502 0134 03F08003 		and	r3, r3, #128
 1503 0138 0593     		str	r3, [sp, #20]
 689:Src/tim.c     ****   /* USER CODE BEGIN TIM13_MspInit 1 */
 1504              		.loc 1 689 5 view .LVU481
 1505 013a 059B     		ldr	r3, [sp, #20]
 1506              	.LBE8:
 689:Src/tim.c     ****   /* USER CODE BEGIN TIM13_MspInit 1 */
 1507              		.loc 1 689 5 view .LVU482
 1508 013c E0E7     		b	.L97
 1509              	.L112:
 700:Src/tim.c     ****   /* USER CODE BEGIN TIM14_MspInit 1 */
 1510              		.loc 1 700 5 view .LVU483
 1511              	.LBB9:
 700:Src/tim.c     ****   /* USER CODE BEGIN TIM14_MspInit 1 */
 1512              		.loc 1 700 5 view .LVU484
 700:Src/tim.c     ****   /* USER CODE BEGIN TIM14_MspInit 1 */
 1513              		.loc 1 700 5 view .LVU485
 1514 013e 164B     		ldr	r3, .L114+32
 1515 0140 D3F8E820 		ldr	r2, [r3, #232]
 1516 0144 42F48072 		orr	r2, r2, #256
 1517 0148 C3F8E820 		str	r2, [r3, #232]
 700:Src/tim.c     ****   /* USER CODE BEGIN TIM14_MspInit 1 */
 1518              		.loc 1 700 5 view .LVU486
 1519 014c D3F8E830 		ldr	r3, [r3, #232]
 1520 0150 03F48073 		and	r3, r3, #256
 1521 0154 0693     		str	r3, [sp, #24]
 700:Src/tim.c     ****   /* USER CODE BEGIN TIM14_MspInit 1 */
 1522              		.loc 1 700 5 view .LVU487
 1523 0156 069B     		ldr	r3, [sp, #24]
 1524              	.LBE9:
 700:Src/tim.c     ****   /* USER CODE BEGIN TIM14_MspInit 1 */
 1525              		.loc 1 700 5 view .LVU488
 1526 0158 D2E7     		b	.L97
 1527              	.L113:
 711:Src/tim.c     ****   /* USER CODE BEGIN TIM16_MspInit 1 */
 1528              		.loc 1 711 5 view .LVU489
 1529              	.LBB10:
 711:Src/tim.c     ****   /* USER CODE BEGIN TIM16_MspInit 1 */
 1530              		.loc 1 711 5 view .LVU490
 711:Src/tim.c     ****   /* USER CODE BEGIN TIM16_MspInit 1 */
 1531              		.loc 1 711 5 view .LVU491
 1532 015a 0F4B     		ldr	r3, .L114+32
 1533 015c D3F8F020 		ldr	r2, [r3, #240]
 1534 0160 42F40032 		orr	r2, r2, #131072
 1535 0164 C3F8F020 		str	r2, [r3, #240]
 711:Src/tim.c     ****   /* USER CODE BEGIN TIM16_MspInit 1 */
 1536              		.loc 1 711 5 view .LVU492
 1537 0168 D3F8F030 		ldr	r3, [r3, #240]
 1538 016c 03F40033 		and	r3, r3, #131072
 1539 0170 0793     		str	r3, [sp, #28]
 711:Src/tim.c     ****   /* USER CODE BEGIN TIM16_MspInit 1 */
 1540              		.loc 1 711 5 view .LVU493
 1541 0172 079B     		ldr	r3, [sp, #28]
 1542              	.LBE10:
 711:Src/tim.c     ****   /* USER CODE BEGIN TIM16_MspInit 1 */
 1543              		.loc 1 711 5 view .LVU494
 1544 0174 C4E7     		b	.L97
ARM GAS  C:\Users\simon\AppData\Local\Temp\ccaQjVzT.s 			page 42


 1545              	.L115:
 1546 0176 00BF     		.align	2
 1547              	.L114:
 1548 0178 00000140 		.word	1073807360
 1549 017c 00080040 		.word	1073743872
 1550 0180 00100040 		.word	1073745920
 1551 0184 00140040 		.word	1073746944
 1552 0188 001C0040 		.word	1073748992
 1553 018c 00200040 		.word	1073750016
 1554 0190 00440140 		.word	1073824768
 1555 0194 00480140 		.word	1073825792
 1556 0198 00440258 		.word	1476543488
 1557 019c 00040258 		.word	1476527104
 1558              		.cfi_endproc
 1559              	.LFE345:
 1561              		.section	.text.HAL_TIM_IC_MspInit,"ax",%progbits
 1562              		.align	1
 1563              		.global	HAL_TIM_IC_MspInit
 1564              		.syntax unified
 1565              		.thumb
 1566              		.thumb_func
 1568              	HAL_TIM_IC_MspInit:
 1569              	.LVL66:
 1570              	.LFB346:
 728:Src/tim.c     **** 
 729:Src/tim.c     **** void HAL_TIM_IC_MspInit(TIM_HandleTypeDef* tim_icHandle)
 730:Src/tim.c     **** {
 1571              		.loc 1 730 1 view -0
 1572              		.cfi_startproc
 1573              		@ args = 0, pretend = 0, frame = 48
 1574              		@ frame_needed = 0, uses_anonymous_args = 0
 1575              		.loc 1 730 1 is_stmt 0 view .LVU496
 1576 0000 30B5     		push	{r4, r5, lr}
 1577              	.LCFI39:
 1578              		.cfi_def_cfa_offset 12
 1579              		.cfi_offset 4, -12
 1580              		.cfi_offset 5, -8
 1581              		.cfi_offset 14, -4
 1582 0002 8DB0     		sub	sp, sp, #52
 1583              	.LCFI40:
 1584              		.cfi_def_cfa_offset 64
 731:Src/tim.c     **** 
 732:Src/tim.c     ****   GPIO_InitTypeDef GPIO_InitStruct = {0};
 1585              		.loc 1 732 3 is_stmt 1 view .LVU497
 1586              		.loc 1 732 20 is_stmt 0 view .LVU498
 1587 0004 0023     		movs	r3, #0
 1588 0006 0793     		str	r3, [sp, #28]
 1589 0008 0893     		str	r3, [sp, #32]
 1590 000a 0993     		str	r3, [sp, #36]
 1591 000c 0A93     		str	r3, [sp, #40]
 1592 000e 0B93     		str	r3, [sp, #44]
 733:Src/tim.c     ****   if(tim_icHandle->Instance==TIM2)
 1593              		.loc 1 733 3 is_stmt 1 view .LVU499
 1594              		.loc 1 733 18 is_stmt 0 view .LVU500
 1595 0010 0368     		ldr	r3, [r0]
 1596              		.loc 1 733 5 view .LVU501
 1597 0012 B3F1804F 		cmp	r3, #1073741824
ARM GAS  C:\Users\simon\AppData\Local\Temp\ccaQjVzT.s 			page 43


 1598 0016 07D0     		beq	.L121
 734:Src/tim.c     ****   {
 735:Src/tim.c     ****   /* USER CODE BEGIN TIM2_MspInit 0 */
 736:Src/tim.c     **** 
 737:Src/tim.c     ****   /* USER CODE END TIM2_MspInit 0 */
 738:Src/tim.c     ****     /* TIM2 clock enable */
 739:Src/tim.c     ****     __HAL_RCC_TIM2_CLK_ENABLE();
 740:Src/tim.c     **** 
 741:Src/tim.c     ****     __HAL_RCC_GPIOA_CLK_ENABLE();
 742:Src/tim.c     ****     __HAL_RCC_GPIOB_CLK_ENABLE();
 743:Src/tim.c     ****     /**TIM2 GPIO Configuration
 744:Src/tim.c     ****     PA0     ------> TIM2_CH1
 745:Src/tim.c     ****     PB10     ------> TIM2_CH3
 746:Src/tim.c     ****     */
 747:Src/tim.c     ****     GPIO_InitStruct.Pin = GPIO_PIN_0;
 748:Src/tim.c     ****     GPIO_InitStruct.Mode = GPIO_MODE_AF_PP;
 749:Src/tim.c     ****     GPIO_InitStruct.Pull = GPIO_NOPULL;
 750:Src/tim.c     ****     GPIO_InitStruct.Speed = GPIO_SPEED_FREQ_LOW;
 751:Src/tim.c     ****     GPIO_InitStruct.Alternate = GPIO_AF1_TIM2;
 752:Src/tim.c     ****     HAL_GPIO_Init(GPIOA, &GPIO_InitStruct);
 753:Src/tim.c     **** 
 754:Src/tim.c     ****     GPIO_InitStruct.Pin = GPIO_PIN_10;
 755:Src/tim.c     ****     GPIO_InitStruct.Mode = GPIO_MODE_AF_PP;
 756:Src/tim.c     ****     GPIO_InitStruct.Pull = GPIO_NOPULL;
 757:Src/tim.c     ****     GPIO_InitStruct.Speed = GPIO_SPEED_FREQ_LOW;
 758:Src/tim.c     ****     GPIO_InitStruct.Alternate = GPIO_AF1_TIM2;
 759:Src/tim.c     ****     HAL_GPIO_Init(GPIOB, &GPIO_InitStruct);
 760:Src/tim.c     **** 
 761:Src/tim.c     ****   /* USER CODE BEGIN TIM2_MspInit 1 */
 762:Src/tim.c     **** 
 763:Src/tim.c     ****   /* USER CODE END TIM2_MspInit 1 */
 764:Src/tim.c     ****   }
 765:Src/tim.c     ****   else if(tim_icHandle->Instance==TIM12)
 1599              		.loc 1 765 8 is_stmt 1 view .LVU502
 1600              		.loc 1 765 10 is_stmt 0 view .LVU503
 1601 0018 444A     		ldr	r2, .L124
 1602 001a 9342     		cmp	r3, r2
 1603 001c 3FD0     		beq	.L122
 766:Src/tim.c     ****   {
 767:Src/tim.c     ****   /* USER CODE BEGIN TIM12_MspInit 0 */
 768:Src/tim.c     **** 
 769:Src/tim.c     ****   /* USER CODE END TIM12_MspInit 0 */
 770:Src/tim.c     ****     /* TIM12 clock enable */
 771:Src/tim.c     ****     __HAL_RCC_TIM12_CLK_ENABLE();
 772:Src/tim.c     **** 
 773:Src/tim.c     ****     __HAL_RCC_GPIOH_CLK_ENABLE();
 774:Src/tim.c     ****     /**TIM12 GPIO Configuration
 775:Src/tim.c     ****     PH6     ------> TIM12_CH1
 776:Src/tim.c     ****     */
 777:Src/tim.c     ****     GPIO_InitStruct.Pin = GPIO_PIN_6;
 778:Src/tim.c     ****     GPIO_InitStruct.Mode = GPIO_MODE_AF_PP;
 779:Src/tim.c     ****     GPIO_InitStruct.Pull = GPIO_NOPULL;
 780:Src/tim.c     ****     GPIO_InitStruct.Speed = GPIO_SPEED_FREQ_LOW;
 781:Src/tim.c     ****     GPIO_InitStruct.Alternate = GPIO_AF2_TIM12;
 782:Src/tim.c     ****     HAL_GPIO_Init(GPIOH, &GPIO_InitStruct);
 783:Src/tim.c     **** 
 784:Src/tim.c     ****   /* USER CODE BEGIN TIM12_MspInit 1 */
ARM GAS  C:\Users\simon\AppData\Local\Temp\ccaQjVzT.s 			page 44


 785:Src/tim.c     **** 
 786:Src/tim.c     ****   /* USER CODE END TIM12_MspInit 1 */
 787:Src/tim.c     ****   }
 788:Src/tim.c     ****   else if(tim_icHandle->Instance==TIM15)
 1604              		.loc 1 788 8 is_stmt 1 view .LVU504
 1605              		.loc 1 788 10 is_stmt 0 view .LVU505
 1606 001e 444A     		ldr	r2, .L124+4
 1607 0020 9342     		cmp	r3, r2
 1608 0022 5FD0     		beq	.L123
 1609              	.LVL67:
 1610              	.L116:
 789:Src/tim.c     ****   {
 790:Src/tim.c     ****   /* USER CODE BEGIN TIM15_MspInit 0 */
 791:Src/tim.c     **** 
 792:Src/tim.c     ****   /* USER CODE END TIM15_MspInit 0 */
 793:Src/tim.c     ****     /* TIM15 clock enable */
 794:Src/tim.c     ****     __HAL_RCC_TIM15_CLK_ENABLE();
 795:Src/tim.c     **** 
 796:Src/tim.c     ****     __HAL_RCC_GPIOE_CLK_ENABLE();
 797:Src/tim.c     ****     /**TIM15 GPIO Configuration
 798:Src/tim.c     ****     PE6     ------> TIM15_CH2
 799:Src/tim.c     ****     */
 800:Src/tim.c     ****     GPIO_InitStruct.Pin = GPIO_PIN_6;
 801:Src/tim.c     ****     GPIO_InitStruct.Mode = GPIO_MODE_AF_PP;
 802:Src/tim.c     ****     GPIO_InitStruct.Pull = GPIO_NOPULL;
 803:Src/tim.c     ****     GPIO_InitStruct.Speed = GPIO_SPEED_FREQ_LOW;
 804:Src/tim.c     ****     GPIO_InitStruct.Alternate = GPIO_AF4_TIM15;
 805:Src/tim.c     ****     HAL_GPIO_Init(GPIOE, &GPIO_InitStruct);
 806:Src/tim.c     **** 
 807:Src/tim.c     ****   /* USER CODE BEGIN TIM15_MspInit 1 */
 808:Src/tim.c     **** 
 809:Src/tim.c     ****   /* USER CODE END TIM15_MspInit 1 */
 810:Src/tim.c     ****   }
 811:Src/tim.c     **** }
 1611              		.loc 1 811 1 view .LVU506
 1612 0024 0DB0     		add	sp, sp, #52
 1613              	.LCFI41:
 1614              		.cfi_remember_state
 1615              		.cfi_def_cfa_offset 12
 1616              		@ sp needed
 1617 0026 30BD     		pop	{r4, r5, pc}
 1618              	.LVL68:
 1619              	.L121:
 1620              	.LCFI42:
 1621              		.cfi_restore_state
 739:Src/tim.c     **** 
 1622              		.loc 1 739 5 is_stmt 1 view .LVU507
 1623              	.LBB11:
 739:Src/tim.c     **** 
 1624              		.loc 1 739 5 view .LVU508
 739:Src/tim.c     **** 
 1625              		.loc 1 739 5 view .LVU509
 1626 0028 424B     		ldr	r3, .L124+8
 1627 002a D3F8E820 		ldr	r2, [r3, #232]
 1628 002e 42F00102 		orr	r2, r2, #1
 1629 0032 C3F8E820 		str	r2, [r3, #232]
 739:Src/tim.c     **** 
ARM GAS  C:\Users\simon\AppData\Local\Temp\ccaQjVzT.s 			page 45


 1630              		.loc 1 739 5 view .LVU510
 1631 0036 D3F8E820 		ldr	r2, [r3, #232]
 1632 003a 02F00102 		and	r2, r2, #1
 1633 003e 0092     		str	r2, [sp]
 739:Src/tim.c     **** 
 1634              		.loc 1 739 5 view .LVU511
 1635 0040 009A     		ldr	r2, [sp]
 1636              	.LBE11:
 739:Src/tim.c     **** 
 1637              		.loc 1 739 5 view .LVU512
 741:Src/tim.c     ****     __HAL_RCC_GPIOB_CLK_ENABLE();
 1638              		.loc 1 741 5 view .LVU513
 1639              	.LBB12:
 741:Src/tim.c     ****     __HAL_RCC_GPIOB_CLK_ENABLE();
 1640              		.loc 1 741 5 view .LVU514
 741:Src/tim.c     ****     __HAL_RCC_GPIOB_CLK_ENABLE();
 1641              		.loc 1 741 5 view .LVU515
 1642 0042 D3F8E020 		ldr	r2, [r3, #224]
 1643 0046 42F00102 		orr	r2, r2, #1
 1644 004a C3F8E020 		str	r2, [r3, #224]
 741:Src/tim.c     ****     __HAL_RCC_GPIOB_CLK_ENABLE();
 1645              		.loc 1 741 5 view .LVU516
 1646 004e D3F8E020 		ldr	r2, [r3, #224]
 1647 0052 02F00102 		and	r2, r2, #1
 1648 0056 0192     		str	r2, [sp, #4]
 741:Src/tim.c     ****     __HAL_RCC_GPIOB_CLK_ENABLE();
 1649              		.loc 1 741 5 view .LVU517
 1650 0058 019A     		ldr	r2, [sp, #4]
 1651              	.LBE12:
 741:Src/tim.c     ****     __HAL_RCC_GPIOB_CLK_ENABLE();
 1652              		.loc 1 741 5 view .LVU518
 742:Src/tim.c     ****     /**TIM2 GPIO Configuration
 1653              		.loc 1 742 5 view .LVU519
 1654              	.LBB13:
 742:Src/tim.c     ****     /**TIM2 GPIO Configuration
 1655              		.loc 1 742 5 view .LVU520
 742:Src/tim.c     ****     /**TIM2 GPIO Configuration
 1656              		.loc 1 742 5 view .LVU521
 1657 005a D3F8E020 		ldr	r2, [r3, #224]
 1658 005e 42F00202 		orr	r2, r2, #2
 1659 0062 C3F8E020 		str	r2, [r3, #224]
 742:Src/tim.c     ****     /**TIM2 GPIO Configuration
 1660              		.loc 1 742 5 view .LVU522
 1661 0066 D3F8E030 		ldr	r3, [r3, #224]
 1662 006a 03F00203 		and	r3, r3, #2
 1663 006e 0293     		str	r3, [sp, #8]
 742:Src/tim.c     ****     /**TIM2 GPIO Configuration
 1664              		.loc 1 742 5 view .LVU523
 1665 0070 029B     		ldr	r3, [sp, #8]
 1666              	.LBE13:
 742:Src/tim.c     ****     /**TIM2 GPIO Configuration
 1667              		.loc 1 742 5 view .LVU524
 747:Src/tim.c     ****     GPIO_InitStruct.Mode = GPIO_MODE_AF_PP;
 1668              		.loc 1 747 5 view .LVU525
 747:Src/tim.c     ****     GPIO_InitStruct.Mode = GPIO_MODE_AF_PP;
 1669              		.loc 1 747 25 is_stmt 0 view .LVU526
 1670 0072 0124     		movs	r4, #1
ARM GAS  C:\Users\simon\AppData\Local\Temp\ccaQjVzT.s 			page 46


 1671 0074 0794     		str	r4, [sp, #28]
 748:Src/tim.c     ****     GPIO_InitStruct.Pull = GPIO_NOPULL;
 1672              		.loc 1 748 5 is_stmt 1 view .LVU527
 748:Src/tim.c     ****     GPIO_InitStruct.Pull = GPIO_NOPULL;
 1673              		.loc 1 748 26 is_stmt 0 view .LVU528
 1674 0076 0225     		movs	r5, #2
 1675 0078 0895     		str	r5, [sp, #32]
 749:Src/tim.c     ****     GPIO_InitStruct.Speed = GPIO_SPEED_FREQ_LOW;
 1676              		.loc 1 749 5 is_stmt 1 view .LVU529
 750:Src/tim.c     ****     GPIO_InitStruct.Alternate = GPIO_AF1_TIM2;
 1677              		.loc 1 750 5 view .LVU530
 751:Src/tim.c     ****     HAL_GPIO_Init(GPIOA, &GPIO_InitStruct);
 1678              		.loc 1 751 5 view .LVU531
 751:Src/tim.c     ****     HAL_GPIO_Init(GPIOA, &GPIO_InitStruct);
 1679              		.loc 1 751 31 is_stmt 0 view .LVU532
 1680 007a 0B94     		str	r4, [sp, #44]
 752:Src/tim.c     **** 
 1681              		.loc 1 752 5 is_stmt 1 view .LVU533
 1682 007c 07A9     		add	r1, sp, #28
 1683 007e 2E48     		ldr	r0, .L124+12
 1684              	.LVL69:
 752:Src/tim.c     **** 
 1685              		.loc 1 752 5 is_stmt 0 view .LVU534
 1686 0080 FFF7FEFF 		bl	HAL_GPIO_Init
 1687              	.LVL70:
 754:Src/tim.c     ****     GPIO_InitStruct.Mode = GPIO_MODE_AF_PP;
 1688              		.loc 1 754 5 is_stmt 1 view .LVU535
 754:Src/tim.c     ****     GPIO_InitStruct.Mode = GPIO_MODE_AF_PP;
 1689              		.loc 1 754 25 is_stmt 0 view .LVU536
 1690 0084 4FF48063 		mov	r3, #1024
 1691 0088 0793     		str	r3, [sp, #28]
 755:Src/tim.c     ****     GPIO_InitStruct.Pull = GPIO_NOPULL;
 1692              		.loc 1 755 5 is_stmt 1 view .LVU537
 755:Src/tim.c     ****     GPIO_InitStruct.Pull = GPIO_NOPULL;
 1693              		.loc 1 755 26 is_stmt 0 view .LVU538
 1694 008a 0895     		str	r5, [sp, #32]
 756:Src/tim.c     ****     GPIO_InitStruct.Speed = GPIO_SPEED_FREQ_LOW;
 1695              		.loc 1 756 5 is_stmt 1 view .LVU539
 756:Src/tim.c     ****     GPIO_InitStruct.Speed = GPIO_SPEED_FREQ_LOW;
 1696              		.loc 1 756 26 is_stmt 0 view .LVU540
 1697 008c 0023     		movs	r3, #0
 1698 008e 0993     		str	r3, [sp, #36]
 757:Src/tim.c     ****     GPIO_InitStruct.Alternate = GPIO_AF1_TIM2;
 1699              		.loc 1 757 5 is_stmt 1 view .LVU541
 757:Src/tim.c     ****     GPIO_InitStruct.Alternate = GPIO_AF1_TIM2;
 1700              		.loc 1 757 27 is_stmt 0 view .LVU542
 1701 0090 0A93     		str	r3, [sp, #40]
 758:Src/tim.c     ****     HAL_GPIO_Init(GPIOB, &GPIO_InitStruct);
 1702              		.loc 1 758 5 is_stmt 1 view .LVU543
 758:Src/tim.c     ****     HAL_GPIO_Init(GPIOB, &GPIO_InitStruct);
 1703              		.loc 1 758 31 is_stmt 0 view .LVU544
 1704 0092 0B94     		str	r4, [sp, #44]
 759:Src/tim.c     **** 
 1705              		.loc 1 759 5 is_stmt 1 view .LVU545
 1706 0094 07A9     		add	r1, sp, #28
 1707 0096 2948     		ldr	r0, .L124+16
 1708 0098 FFF7FEFF 		bl	HAL_GPIO_Init
ARM GAS  C:\Users\simon\AppData\Local\Temp\ccaQjVzT.s 			page 47


 1709              	.LVL71:
 1710 009c C2E7     		b	.L116
 1711              	.LVL72:
 1712              	.L122:
 771:Src/tim.c     **** 
 1713              		.loc 1 771 5 view .LVU546
 1714              	.LBB14:
 771:Src/tim.c     **** 
 1715              		.loc 1 771 5 view .LVU547
 771:Src/tim.c     **** 
 1716              		.loc 1 771 5 view .LVU548
 1717 009e 254B     		ldr	r3, .L124+8
 1718 00a0 D3F8E820 		ldr	r2, [r3, #232]
 1719 00a4 42F04002 		orr	r2, r2, #64
 1720 00a8 C3F8E820 		str	r2, [r3, #232]
 771:Src/tim.c     **** 
 1721              		.loc 1 771 5 view .LVU549
 1722 00ac D3F8E820 		ldr	r2, [r3, #232]
 1723 00b0 02F04002 		and	r2, r2, #64
 1724 00b4 0392     		str	r2, [sp, #12]
 771:Src/tim.c     **** 
 1725              		.loc 1 771 5 view .LVU550
 1726 00b6 039A     		ldr	r2, [sp, #12]
 1727              	.LBE14:
 771:Src/tim.c     **** 
 1728              		.loc 1 771 5 view .LVU551
 773:Src/tim.c     ****     /**TIM12 GPIO Configuration
 1729              		.loc 1 773 5 view .LVU552
 1730              	.LBB15:
 773:Src/tim.c     ****     /**TIM12 GPIO Configuration
 1731              		.loc 1 773 5 view .LVU553
 773:Src/tim.c     ****     /**TIM12 GPIO Configuration
 1732              		.loc 1 773 5 view .LVU554
 1733 00b8 D3F8E020 		ldr	r2, [r3, #224]
 1734 00bc 42F08002 		orr	r2, r2, #128
 1735 00c0 C3F8E020 		str	r2, [r3, #224]
 773:Src/tim.c     ****     /**TIM12 GPIO Configuration
 1736              		.loc 1 773 5 view .LVU555
 1737 00c4 D3F8E030 		ldr	r3, [r3, #224]
 1738 00c8 03F08003 		and	r3, r3, #128
 1739 00cc 0493     		str	r3, [sp, #16]
 773:Src/tim.c     ****     /**TIM12 GPIO Configuration
 1740              		.loc 1 773 5 view .LVU556
 1741 00ce 049B     		ldr	r3, [sp, #16]
 1742              	.LBE15:
 773:Src/tim.c     ****     /**TIM12 GPIO Configuration
 1743              		.loc 1 773 5 view .LVU557
 777:Src/tim.c     ****     GPIO_InitStruct.Mode = GPIO_MODE_AF_PP;
 1744              		.loc 1 777 5 view .LVU558
 777:Src/tim.c     ****     GPIO_InitStruct.Mode = GPIO_MODE_AF_PP;
 1745              		.loc 1 777 25 is_stmt 0 view .LVU559
 1746 00d0 4023     		movs	r3, #64
 1747 00d2 0793     		str	r3, [sp, #28]
 778:Src/tim.c     ****     GPIO_InitStruct.Pull = GPIO_NOPULL;
 1748              		.loc 1 778 5 is_stmt 1 view .LVU560
 778:Src/tim.c     ****     GPIO_InitStruct.Pull = GPIO_NOPULL;
 1749              		.loc 1 778 26 is_stmt 0 view .LVU561
ARM GAS  C:\Users\simon\AppData\Local\Temp\ccaQjVzT.s 			page 48


 1750 00d4 0223     		movs	r3, #2
 1751 00d6 0893     		str	r3, [sp, #32]
 779:Src/tim.c     ****     GPIO_InitStruct.Speed = GPIO_SPEED_FREQ_LOW;
 1752              		.loc 1 779 5 is_stmt 1 view .LVU562
 780:Src/tim.c     ****     GPIO_InitStruct.Alternate = GPIO_AF2_TIM12;
 1753              		.loc 1 780 5 view .LVU563
 781:Src/tim.c     ****     HAL_GPIO_Init(GPIOH, &GPIO_InitStruct);
 1754              		.loc 1 781 5 view .LVU564
 781:Src/tim.c     ****     HAL_GPIO_Init(GPIOH, &GPIO_InitStruct);
 1755              		.loc 1 781 31 is_stmt 0 view .LVU565
 1756 00d8 0B93     		str	r3, [sp, #44]
 782:Src/tim.c     **** 
 1757              		.loc 1 782 5 is_stmt 1 view .LVU566
 1758 00da 07A9     		add	r1, sp, #28
 1759 00dc 1848     		ldr	r0, .L124+20
 1760              	.LVL73:
 782:Src/tim.c     **** 
 1761              		.loc 1 782 5 is_stmt 0 view .LVU567
 1762 00de FFF7FEFF 		bl	HAL_GPIO_Init
 1763              	.LVL74:
 1764 00e2 9FE7     		b	.L116
 1765              	.LVL75:
 1766              	.L123:
 794:Src/tim.c     **** 
 1767              		.loc 1 794 5 is_stmt 1 view .LVU568
 1768              	.LBB16:
 794:Src/tim.c     **** 
 1769              		.loc 1 794 5 view .LVU569
 794:Src/tim.c     **** 
 1770              		.loc 1 794 5 view .LVU570
 1771 00e4 134B     		ldr	r3, .L124+8
 1772 00e6 D3F8F020 		ldr	r2, [r3, #240]
 1773 00ea 42F48032 		orr	r2, r2, #65536
 1774 00ee C3F8F020 		str	r2, [r3, #240]
 794:Src/tim.c     **** 
 1775              		.loc 1 794 5 view .LVU571
 1776 00f2 D3F8F020 		ldr	r2, [r3, #240]
 1777 00f6 02F48032 		and	r2, r2, #65536
 1778 00fa 0592     		str	r2, [sp, #20]
 794:Src/tim.c     **** 
 1779              		.loc 1 794 5 view .LVU572
 1780 00fc 059A     		ldr	r2, [sp, #20]
 1781              	.LBE16:
 794:Src/tim.c     **** 
 1782              		.loc 1 794 5 view .LVU573
 796:Src/tim.c     ****     /**TIM15 GPIO Configuration
 1783              		.loc 1 796 5 view .LVU574
 1784              	.LBB17:
 796:Src/tim.c     ****     /**TIM15 GPIO Configuration
 1785              		.loc 1 796 5 view .LVU575
 796:Src/tim.c     ****     /**TIM15 GPIO Configuration
 1786              		.loc 1 796 5 view .LVU576
 1787 00fe D3F8E020 		ldr	r2, [r3, #224]
 1788 0102 42F01002 		orr	r2, r2, #16
 1789 0106 C3F8E020 		str	r2, [r3, #224]
 796:Src/tim.c     ****     /**TIM15 GPIO Configuration
 1790              		.loc 1 796 5 view .LVU577
ARM GAS  C:\Users\simon\AppData\Local\Temp\ccaQjVzT.s 			page 49


 1791 010a D3F8E030 		ldr	r3, [r3, #224]
 1792 010e 03F01003 		and	r3, r3, #16
 1793 0112 0693     		str	r3, [sp, #24]
 796:Src/tim.c     ****     /**TIM15 GPIO Configuration
 1794              		.loc 1 796 5 view .LVU578
 1795 0114 069B     		ldr	r3, [sp, #24]
 1796              	.LBE17:
 796:Src/tim.c     ****     /**TIM15 GPIO Configuration
 1797              		.loc 1 796 5 view .LVU579
 800:Src/tim.c     ****     GPIO_InitStruct.Mode = GPIO_MODE_AF_PP;
 1798              		.loc 1 800 5 view .LVU580
 800:Src/tim.c     ****     GPIO_InitStruct.Mode = GPIO_MODE_AF_PP;
 1799              		.loc 1 800 25 is_stmt 0 view .LVU581
 1800 0116 4023     		movs	r3, #64
 1801 0118 0793     		str	r3, [sp, #28]
 801:Src/tim.c     ****     GPIO_InitStruct.Pull = GPIO_NOPULL;
 1802              		.loc 1 801 5 is_stmt 1 view .LVU582
 801:Src/tim.c     ****     GPIO_InitStruct.Pull = GPIO_NOPULL;
 1803              		.loc 1 801 26 is_stmt 0 view .LVU583
 1804 011a 0223     		movs	r3, #2
 1805 011c 0893     		str	r3, [sp, #32]
 802:Src/tim.c     ****     GPIO_InitStruct.Speed = GPIO_SPEED_FREQ_LOW;
 1806              		.loc 1 802 5 is_stmt 1 view .LVU584
 803:Src/tim.c     ****     GPIO_InitStruct.Alternate = GPIO_AF4_TIM15;
 1807              		.loc 1 803 5 view .LVU585
 804:Src/tim.c     ****     HAL_GPIO_Init(GPIOE, &GPIO_InitStruct);
 1808              		.loc 1 804 5 view .LVU586
 804:Src/tim.c     ****     HAL_GPIO_Init(GPIOE, &GPIO_InitStruct);
 1809              		.loc 1 804 31 is_stmt 0 view .LVU587
 1810 011e 0423     		movs	r3, #4
 1811 0120 0B93     		str	r3, [sp, #44]
 805:Src/tim.c     **** 
 1812              		.loc 1 805 5 is_stmt 1 view .LVU588
 1813 0122 07A9     		add	r1, sp, #28
 1814 0124 0748     		ldr	r0, .L124+24
 1815              	.LVL76:
 805:Src/tim.c     **** 
 1816              		.loc 1 805 5 is_stmt 0 view .LVU589
 1817 0126 FFF7FEFF 		bl	HAL_GPIO_Init
 1818              	.LVL77:
 1819              		.loc 1 811 1 view .LVU590
 1820 012a 7BE7     		b	.L116
 1821              	.L125:
 1822              		.align	2
 1823              	.L124:
 1824 012c 00180040 		.word	1073747968
 1825 0130 00400140 		.word	1073823744
 1826 0134 00440258 		.word	1476543488
 1827 0138 00000258 		.word	1476526080
 1828 013c 00040258 		.word	1476527104
 1829 0140 001C0258 		.word	1476533248
 1830 0144 00100258 		.word	1476530176
 1831              		.cfi_endproc
 1832              	.LFE346:
 1834              		.section	.text.HAL_TIM_PWM_MspInit,"ax",%progbits
 1835              		.align	1
 1836              		.global	HAL_TIM_PWM_MspInit
ARM GAS  C:\Users\simon\AppData\Local\Temp\ccaQjVzT.s 			page 50


 1837              		.syntax unified
 1838              		.thumb
 1839              		.thumb_func
 1841              	HAL_TIM_PWM_MspInit:
 1842              	.LVL78:
 1843              	.LFB347:
 812:Src/tim.c     **** 
 813:Src/tim.c     **** void HAL_TIM_PWM_MspInit(TIM_HandleTypeDef* tim_pwmHandle)
 814:Src/tim.c     **** {
 1844              		.loc 1 814 1 is_stmt 1 view -0
 1845              		.cfi_startproc
 1846              		@ args = 0, pretend = 0, frame = 8
 1847              		@ frame_needed = 0, uses_anonymous_args = 0
 1848              		@ link register save eliminated.
 815:Src/tim.c     **** 
 816:Src/tim.c     ****   if(tim_pwmHandle->Instance==TIM3)
 1849              		.loc 1 816 3 view .LVU592
 1850              		.loc 1 816 19 is_stmt 0 view .LVU593
 1851 0000 0268     		ldr	r2, [r0]
 1852              		.loc 1 816 5 view .LVU594
 1853 0002 0A4B     		ldr	r3, .L133
 1854 0004 9A42     		cmp	r2, r3
 1855 0006 00D0     		beq	.L132
 1856 0008 7047     		bx	lr
 1857              	.L132:
 814:Src/tim.c     **** 
 1858              		.loc 1 814 1 view .LVU595
 1859 000a 82B0     		sub	sp, sp, #8
 1860              	.LCFI43:
 1861              		.cfi_def_cfa_offset 8
 817:Src/tim.c     ****   {
 818:Src/tim.c     ****   /* USER CODE BEGIN TIM3_MspInit 0 */
 819:Src/tim.c     **** 
 820:Src/tim.c     ****   /* USER CODE END TIM3_MspInit 0 */
 821:Src/tim.c     ****     /* TIM3 clock enable */
 822:Src/tim.c     ****     __HAL_RCC_TIM3_CLK_ENABLE();
 1862              		.loc 1 822 5 is_stmt 1 view .LVU596
 1863              	.LBB18:
 1864              		.loc 1 822 5 view .LVU597
 1865              		.loc 1 822 5 view .LVU598
 1866 000c 084B     		ldr	r3, .L133+4
 1867 000e D3F8E820 		ldr	r2, [r3, #232]
 1868 0012 42F00202 		orr	r2, r2, #2
 1869 0016 C3F8E820 		str	r2, [r3, #232]
 1870              		.loc 1 822 5 view .LVU599
 1871 001a D3F8E830 		ldr	r3, [r3, #232]
 1872 001e 03F00203 		and	r3, r3, #2
 1873 0022 0193     		str	r3, [sp, #4]
 1874              		.loc 1 822 5 view .LVU600
 1875 0024 019B     		ldr	r3, [sp, #4]
 1876              	.LBE18:
 1877              		.loc 1 822 5 view .LVU601
 823:Src/tim.c     ****   /* USER CODE BEGIN TIM3_MspInit 1 */
 824:Src/tim.c     **** 
 825:Src/tim.c     ****   /* USER CODE END TIM3_MspInit 1 */
 826:Src/tim.c     ****   }
 827:Src/tim.c     **** }
ARM GAS  C:\Users\simon\AppData\Local\Temp\ccaQjVzT.s 			page 51


 1878              		.loc 1 827 1 is_stmt 0 view .LVU602
 1879 0026 02B0     		add	sp, sp, #8
 1880              	.LCFI44:
 1881              		.cfi_def_cfa_offset 0
 1882              		@ sp needed
 1883 0028 7047     		bx	lr
 1884              	.L134:
 1885 002a 00BF     		.align	2
 1886              	.L133:
 1887 002c 00040040 		.word	1073742848
 1888 0030 00440258 		.word	1476543488
 1889              		.cfi_endproc
 1890              	.LFE347:
 1892              		.section	.text.HAL_TIM_Encoder_MspInit,"ax",%progbits
 1893              		.align	1
 1894              		.global	HAL_TIM_Encoder_MspInit
 1895              		.syntax unified
 1896              		.thumb
 1897              		.thumb_func
 1899              	HAL_TIM_Encoder_MspInit:
 1900              	.LVL79:
 1901              	.LFB348:
 828:Src/tim.c     **** 
 829:Src/tim.c     **** void HAL_TIM_Encoder_MspInit(TIM_HandleTypeDef* tim_encoderHandle)
 830:Src/tim.c     **** {
 1902              		.loc 1 830 1 is_stmt 1 view -0
 1903              		.cfi_startproc
 1904              		@ args = 0, pretend = 0, frame = 40
 1905              		@ frame_needed = 0, uses_anonymous_args = 0
 1906              		.loc 1 830 1 is_stmt 0 view .LVU604
 1907 0000 00B5     		push	{lr}
 1908              	.LCFI45:
 1909              		.cfi_def_cfa_offset 4
 1910              		.cfi_offset 14, -4
 1911 0002 8BB0     		sub	sp, sp, #44
 1912              	.LCFI46:
 1913              		.cfi_def_cfa_offset 48
 831:Src/tim.c     **** 
 832:Src/tim.c     ****   GPIO_InitTypeDef GPIO_InitStruct = {0};
 1914              		.loc 1 832 3 is_stmt 1 view .LVU605
 1915              		.loc 1 832 20 is_stmt 0 view .LVU606
 1916 0004 0023     		movs	r3, #0
 1917 0006 0593     		str	r3, [sp, #20]
 1918 0008 0693     		str	r3, [sp, #24]
 1919 000a 0793     		str	r3, [sp, #28]
 1920 000c 0893     		str	r3, [sp, #32]
 1921 000e 0993     		str	r3, [sp, #36]
 833:Src/tim.c     ****   if(tim_encoderHandle->Instance==TIM5)
 1922              		.loc 1 833 3 is_stmt 1 view .LVU607
 1923              		.loc 1 833 23 is_stmt 0 view .LVU608
 1924 0010 0368     		ldr	r3, [r0]
 1925              		.loc 1 833 5 view .LVU609
 1926 0012 284A     		ldr	r2, .L141
 1927 0014 9342     		cmp	r3, r2
 1928 0016 05D0     		beq	.L139
 834:Src/tim.c     ****   {
 835:Src/tim.c     ****   /* USER CODE BEGIN TIM5_MspInit 0 */
ARM GAS  C:\Users\simon\AppData\Local\Temp\ccaQjVzT.s 			page 52


 836:Src/tim.c     **** 
 837:Src/tim.c     ****   /* USER CODE END TIM5_MspInit 0 */
 838:Src/tim.c     ****     /* TIM5 clock enable */
 839:Src/tim.c     ****     __HAL_RCC_TIM5_CLK_ENABLE();
 840:Src/tim.c     **** 
 841:Src/tim.c     ****     __HAL_RCC_GPIOH_CLK_ENABLE();
 842:Src/tim.c     ****     /**TIM5 GPIO Configuration
 843:Src/tim.c     ****     PH10     ------> TIM5_CH1
 844:Src/tim.c     ****     PH11     ------> TIM5_CH2
 845:Src/tim.c     ****     */
 846:Src/tim.c     ****     GPIO_InitStruct.Pin = GPIO_PIN_10|GPIO_PIN_11;
 847:Src/tim.c     ****     GPIO_InitStruct.Mode = GPIO_MODE_AF_PP;
 848:Src/tim.c     ****     GPIO_InitStruct.Pull = GPIO_NOPULL;
 849:Src/tim.c     ****     GPIO_InitStruct.Speed = GPIO_SPEED_FREQ_LOW;
 850:Src/tim.c     ****     GPIO_InitStruct.Alternate = GPIO_AF2_TIM5;
 851:Src/tim.c     ****     HAL_GPIO_Init(GPIOH, &GPIO_InitStruct);
 852:Src/tim.c     **** 
 853:Src/tim.c     ****   /* USER CODE BEGIN TIM5_MspInit 1 */
 854:Src/tim.c     **** 
 855:Src/tim.c     ****   /* USER CODE END TIM5_MspInit 1 */
 856:Src/tim.c     ****   }
 857:Src/tim.c     ****   else if(tim_encoderHandle->Instance==TIM8)
 1929              		.loc 1 857 8 is_stmt 1 view .LVU610
 1930              		.loc 1 857 10 is_stmt 0 view .LVU611
 1931 0018 274A     		ldr	r2, .L141+4
 1932 001a 9342     		cmp	r3, r2
 1933 001c 26D0     		beq	.L140
 1934              	.LVL80:
 1935              	.L135:
 858:Src/tim.c     ****   {
 859:Src/tim.c     ****   /* USER CODE BEGIN TIM8_MspInit 0 */
 860:Src/tim.c     **** 
 861:Src/tim.c     ****   /* USER CODE END TIM8_MspInit 0 */
 862:Src/tim.c     ****     /* TIM8 clock enable */
 863:Src/tim.c     ****     __HAL_RCC_TIM8_CLK_ENABLE();
 864:Src/tim.c     **** 
 865:Src/tim.c     ****     __HAL_RCC_GPIOI_CLK_ENABLE();
 866:Src/tim.c     ****     /**TIM8 GPIO Configuration
 867:Src/tim.c     ****     PI6     ------> TIM8_CH2
 868:Src/tim.c     ****     PI5     ------> TIM8_CH1
 869:Src/tim.c     ****     */
 870:Src/tim.c     ****     GPIO_InitStruct.Pin = GPIO_PIN_6|GPIO_PIN_5;
 871:Src/tim.c     ****     GPIO_InitStruct.Mode = GPIO_MODE_AF_PP;
 872:Src/tim.c     ****     GPIO_InitStruct.Pull = GPIO_NOPULL;
 873:Src/tim.c     ****     GPIO_InitStruct.Speed = GPIO_SPEED_FREQ_LOW;
 874:Src/tim.c     ****     GPIO_InitStruct.Alternate = GPIO_AF3_TIM8;
 875:Src/tim.c     ****     HAL_GPIO_Init(GPIOI, &GPIO_InitStruct);
 876:Src/tim.c     **** 
 877:Src/tim.c     ****   /* USER CODE BEGIN TIM8_MspInit 1 */
 878:Src/tim.c     **** 
 879:Src/tim.c     ****   /* USER CODE END TIM8_MspInit 1 */
 880:Src/tim.c     ****   }
 881:Src/tim.c     **** }
 1936              		.loc 1 881 1 view .LVU612
 1937 001e 0BB0     		add	sp, sp, #44
 1938              	.LCFI47:
 1939              		.cfi_remember_state
ARM GAS  C:\Users\simon\AppData\Local\Temp\ccaQjVzT.s 			page 53


 1940              		.cfi_def_cfa_offset 4
 1941              		@ sp needed
 1942 0020 5DF804FB 		ldr	pc, [sp], #4
 1943              	.LVL81:
 1944              	.L139:
 1945              	.LCFI48:
 1946              		.cfi_restore_state
 839:Src/tim.c     **** 
 1947              		.loc 1 839 5 is_stmt 1 view .LVU613
 1948              	.LBB19:
 839:Src/tim.c     **** 
 1949              		.loc 1 839 5 view .LVU614
 839:Src/tim.c     **** 
 1950              		.loc 1 839 5 view .LVU615
 1951 0024 254B     		ldr	r3, .L141+8
 1952 0026 D3F8E820 		ldr	r2, [r3, #232]
 1953 002a 42F00802 		orr	r2, r2, #8
 1954 002e C3F8E820 		str	r2, [r3, #232]
 839:Src/tim.c     **** 
 1955              		.loc 1 839 5 view .LVU616
 1956 0032 D3F8E820 		ldr	r2, [r3, #232]
 1957 0036 02F00802 		and	r2, r2, #8
 1958 003a 0192     		str	r2, [sp, #4]
 839:Src/tim.c     **** 
 1959              		.loc 1 839 5 view .LVU617
 1960 003c 019A     		ldr	r2, [sp, #4]
 1961              	.LBE19:
 839:Src/tim.c     **** 
 1962              		.loc 1 839 5 view .LVU618
 841:Src/tim.c     ****     /**TIM5 GPIO Configuration
 1963              		.loc 1 841 5 view .LVU619
 1964              	.LBB20:
 841:Src/tim.c     ****     /**TIM5 GPIO Configuration
 1965              		.loc 1 841 5 view .LVU620
 841:Src/tim.c     ****     /**TIM5 GPIO Configuration
 1966              		.loc 1 841 5 view .LVU621
 1967 003e D3F8E020 		ldr	r2, [r3, #224]
 1968 0042 42F08002 		orr	r2, r2, #128
 1969 0046 C3F8E020 		str	r2, [r3, #224]
 841:Src/tim.c     ****     /**TIM5 GPIO Configuration
 1970              		.loc 1 841 5 view .LVU622
 1971 004a D3F8E030 		ldr	r3, [r3, #224]
 1972 004e 03F08003 		and	r3, r3, #128
 1973 0052 0293     		str	r3, [sp, #8]
 841:Src/tim.c     ****     /**TIM5 GPIO Configuration
 1974              		.loc 1 841 5 view .LVU623
 1975 0054 029B     		ldr	r3, [sp, #8]
 1976              	.LBE20:
 841:Src/tim.c     ****     /**TIM5 GPIO Configuration
 1977              		.loc 1 841 5 view .LVU624
 846:Src/tim.c     ****     GPIO_InitStruct.Mode = GPIO_MODE_AF_PP;
 1978              		.loc 1 846 5 view .LVU625
 846:Src/tim.c     ****     GPIO_InitStruct.Mode = GPIO_MODE_AF_PP;
 1979              		.loc 1 846 25 is_stmt 0 view .LVU626
 1980 0056 4FF44063 		mov	r3, #3072
 1981 005a 0593     		str	r3, [sp, #20]
 847:Src/tim.c     ****     GPIO_InitStruct.Pull = GPIO_NOPULL;
ARM GAS  C:\Users\simon\AppData\Local\Temp\ccaQjVzT.s 			page 54


 1982              		.loc 1 847 5 is_stmt 1 view .LVU627
 847:Src/tim.c     ****     GPIO_InitStruct.Pull = GPIO_NOPULL;
 1983              		.loc 1 847 26 is_stmt 0 view .LVU628
 1984 005c 0223     		movs	r3, #2
 1985 005e 0693     		str	r3, [sp, #24]
 848:Src/tim.c     ****     GPIO_InitStruct.Speed = GPIO_SPEED_FREQ_LOW;
 1986              		.loc 1 848 5 is_stmt 1 view .LVU629
 849:Src/tim.c     ****     GPIO_InitStruct.Alternate = GPIO_AF2_TIM5;
 1987              		.loc 1 849 5 view .LVU630
 850:Src/tim.c     ****     HAL_GPIO_Init(GPIOH, &GPIO_InitStruct);
 1988              		.loc 1 850 5 view .LVU631
 850:Src/tim.c     ****     HAL_GPIO_Init(GPIOH, &GPIO_InitStruct);
 1989              		.loc 1 850 31 is_stmt 0 view .LVU632
 1990 0060 0993     		str	r3, [sp, #36]
 851:Src/tim.c     **** 
 1991              		.loc 1 851 5 is_stmt 1 view .LVU633
 1992 0062 05A9     		add	r1, sp, #20
 1993 0064 1648     		ldr	r0, .L141+12
 1994              	.LVL82:
 851:Src/tim.c     **** 
 1995              		.loc 1 851 5 is_stmt 0 view .LVU634
 1996 0066 FFF7FEFF 		bl	HAL_GPIO_Init
 1997              	.LVL83:
 1998 006a D8E7     		b	.L135
 1999              	.LVL84:
 2000              	.L140:
 863:Src/tim.c     **** 
 2001              		.loc 1 863 5 is_stmt 1 view .LVU635
 2002              	.LBB21:
 863:Src/tim.c     **** 
 2003              		.loc 1 863 5 view .LVU636
 863:Src/tim.c     **** 
 2004              		.loc 1 863 5 view .LVU637
 2005 006c 134B     		ldr	r3, .L141+8
 2006 006e D3F8F020 		ldr	r2, [r3, #240]
 2007 0072 42F00202 		orr	r2, r2, #2
 2008 0076 C3F8F020 		str	r2, [r3, #240]
 863:Src/tim.c     **** 
 2009              		.loc 1 863 5 view .LVU638
 2010 007a D3F8F020 		ldr	r2, [r3, #240]
 2011 007e 02F00202 		and	r2, r2, #2
 2012 0082 0392     		str	r2, [sp, #12]
 863:Src/tim.c     **** 
 2013              		.loc 1 863 5 view .LVU639
 2014 0084 039A     		ldr	r2, [sp, #12]
 2015              	.LBE21:
 863:Src/tim.c     **** 
 2016              		.loc 1 863 5 view .LVU640
 865:Src/tim.c     ****     /**TIM8 GPIO Configuration
 2017              		.loc 1 865 5 view .LVU641
 2018              	.LBB22:
 865:Src/tim.c     ****     /**TIM8 GPIO Configuration
 2019              		.loc 1 865 5 view .LVU642
 865:Src/tim.c     ****     /**TIM8 GPIO Configuration
 2020              		.loc 1 865 5 view .LVU643
 2021 0086 D3F8E020 		ldr	r2, [r3, #224]
 2022 008a 42F48072 		orr	r2, r2, #256
ARM GAS  C:\Users\simon\AppData\Local\Temp\ccaQjVzT.s 			page 55


 2023 008e C3F8E020 		str	r2, [r3, #224]
 865:Src/tim.c     ****     /**TIM8 GPIO Configuration
 2024              		.loc 1 865 5 view .LVU644
 2025 0092 D3F8E030 		ldr	r3, [r3, #224]
 2026 0096 03F48073 		and	r3, r3, #256
 2027 009a 0493     		str	r3, [sp, #16]
 865:Src/tim.c     ****     /**TIM8 GPIO Configuration
 2028              		.loc 1 865 5 view .LVU645
 2029 009c 049B     		ldr	r3, [sp, #16]
 2030              	.LBE22:
 865:Src/tim.c     ****     /**TIM8 GPIO Configuration
 2031              		.loc 1 865 5 view .LVU646
 870:Src/tim.c     ****     GPIO_InitStruct.Mode = GPIO_MODE_AF_PP;
 2032              		.loc 1 870 5 view .LVU647
 870:Src/tim.c     ****     GPIO_InitStruct.Mode = GPIO_MODE_AF_PP;
 2033              		.loc 1 870 25 is_stmt 0 view .LVU648
 2034 009e 6023     		movs	r3, #96
 2035 00a0 0593     		str	r3, [sp, #20]
 871:Src/tim.c     ****     GPIO_InitStruct.Pull = GPIO_NOPULL;
 2036              		.loc 1 871 5 is_stmt 1 view .LVU649
 871:Src/tim.c     ****     GPIO_InitStruct.Pull = GPIO_NOPULL;
 2037              		.loc 1 871 26 is_stmt 0 view .LVU650
 2038 00a2 0223     		movs	r3, #2
 2039 00a4 0693     		str	r3, [sp, #24]
 872:Src/tim.c     ****     GPIO_InitStruct.Speed = GPIO_SPEED_FREQ_LOW;
 2040              		.loc 1 872 5 is_stmt 1 view .LVU651
 873:Src/tim.c     ****     GPIO_InitStruct.Alternate = GPIO_AF3_TIM8;
 2041              		.loc 1 873 5 view .LVU652
 874:Src/tim.c     ****     HAL_GPIO_Init(GPIOI, &GPIO_InitStruct);
 2042              		.loc 1 874 5 view .LVU653
 874:Src/tim.c     ****     HAL_GPIO_Init(GPIOI, &GPIO_InitStruct);
 2043              		.loc 1 874 31 is_stmt 0 view .LVU654
 2044 00a6 0323     		movs	r3, #3
 2045 00a8 0993     		str	r3, [sp, #36]
 875:Src/tim.c     **** 
 2046              		.loc 1 875 5 is_stmt 1 view .LVU655
 2047 00aa 05A9     		add	r1, sp, #20
 2048 00ac 0548     		ldr	r0, .L141+16
 2049              	.LVL85:
 875:Src/tim.c     **** 
 2050              		.loc 1 875 5 is_stmt 0 view .LVU656
 2051 00ae FFF7FEFF 		bl	HAL_GPIO_Init
 2052              	.LVL86:
 2053              		.loc 1 881 1 view .LVU657
 2054 00b2 B4E7     		b	.L135
 2055              	.L142:
 2056              		.align	2
 2057              	.L141:
 2058 00b4 000C0040 		.word	1073744896
 2059 00b8 00040140 		.word	1073808384
 2060 00bc 00440258 		.word	1476543488
 2061 00c0 001C0258 		.word	1476533248
 2062 00c4 00200258 		.word	1476534272
 2063              		.cfi_endproc
 2064              	.LFE348:
 2066              		.section	.text.HAL_TIM_MspPostInit,"ax",%progbits
 2067              		.align	1
ARM GAS  C:\Users\simon\AppData\Local\Temp\ccaQjVzT.s 			page 56


 2068              		.global	HAL_TIM_MspPostInit
 2069              		.syntax unified
 2070              		.thumb
 2071              		.thumb_func
 2073              	HAL_TIM_MspPostInit:
 2074              	.LVL87:
 2075              	.LFB349:
 882:Src/tim.c     **** void HAL_TIM_MspPostInit(TIM_HandleTypeDef* timHandle)
 883:Src/tim.c     **** {
 2076              		.loc 1 883 1 is_stmt 1 view -0
 2077              		.cfi_startproc
 2078              		@ args = 0, pretend = 0, frame = 32
 2079              		@ frame_needed = 0, uses_anonymous_args = 0
 2080              		.loc 1 883 1 is_stmt 0 view .LVU659
 2081 0000 00B5     		push	{lr}
 2082              	.LCFI49:
 2083              		.cfi_def_cfa_offset 4
 2084              		.cfi_offset 14, -4
 2085 0002 89B0     		sub	sp, sp, #36
 2086              	.LCFI50:
 2087              		.cfi_def_cfa_offset 40
 884:Src/tim.c     **** 
 885:Src/tim.c     ****   GPIO_InitTypeDef GPIO_InitStruct = {0};
 2088              		.loc 1 885 3 is_stmt 1 view .LVU660
 2089              		.loc 1 885 20 is_stmt 0 view .LVU661
 2090 0004 0023     		movs	r3, #0
 2091 0006 0393     		str	r3, [sp, #12]
 2092 0008 0493     		str	r3, [sp, #16]
 2093 000a 0593     		str	r3, [sp, #20]
 2094 000c 0693     		str	r3, [sp, #24]
 2095 000e 0793     		str	r3, [sp, #28]
 886:Src/tim.c     ****   if(timHandle->Instance==TIM2)
 2096              		.loc 1 886 3 is_stmt 1 view .LVU662
 2097              		.loc 1 886 15 is_stmt 0 view .LVU663
 2098 0010 0368     		ldr	r3, [r0]
 2099              		.loc 1 886 5 view .LVU664
 2100 0012 B3F1804F 		cmp	r3, #1073741824
 2101 0016 08D0     		beq	.L148
 887:Src/tim.c     ****   {
 888:Src/tim.c     ****   /* USER CODE BEGIN TIM2_MspPostInit 0 */
 889:Src/tim.c     **** 
 890:Src/tim.c     ****   /* USER CODE END TIM2_MspPostInit 0 */
 891:Src/tim.c     ****     __HAL_RCC_GPIOA_CLK_ENABLE();
 892:Src/tim.c     ****     /**TIM2 GPIO Configuration
 893:Src/tim.c     ****     PA3     ------> TIM2_CH4
 894:Src/tim.c     ****     */
 895:Src/tim.c     ****     GPIO_InitStruct.Pin = GPIO_PIN_3;
 896:Src/tim.c     ****     GPIO_InitStruct.Mode = GPIO_MODE_AF_PP;
 897:Src/tim.c     ****     GPIO_InitStruct.Pull = GPIO_NOPULL;
 898:Src/tim.c     ****     GPIO_InitStruct.Speed = GPIO_SPEED_FREQ_LOW;
 899:Src/tim.c     ****     GPIO_InitStruct.Alternate = GPIO_AF1_TIM2;
 900:Src/tim.c     ****     HAL_GPIO_Init(GPIOA, &GPIO_InitStruct);
 901:Src/tim.c     **** 
 902:Src/tim.c     ****   /* USER CODE BEGIN TIM2_MspPostInit 1 */
 903:Src/tim.c     **** 
 904:Src/tim.c     ****   /* USER CODE END TIM2_MspPostInit 1 */
 905:Src/tim.c     ****   }
ARM GAS  C:\Users\simon\AppData\Local\Temp\ccaQjVzT.s 			page 57


 906:Src/tim.c     ****   else if(timHandle->Instance==TIM3)
 2102              		.loc 1 906 8 is_stmt 1 view .LVU665
 2103              		.loc 1 906 10 is_stmt 0 view .LVU666
 2104 0018 284A     		ldr	r2, .L151
 2105 001a 9342     		cmp	r3, r2
 2106 001c 1DD0     		beq	.L149
 907:Src/tim.c     ****   {
 908:Src/tim.c     ****   /* USER CODE BEGIN TIM3_MspPostInit 0 */
 909:Src/tim.c     **** 
 910:Src/tim.c     ****   /* USER CODE END TIM3_MspPostInit 0 */
 911:Src/tim.c     **** 
 912:Src/tim.c     ****     __HAL_RCC_GPIOA_CLK_ENABLE();
 913:Src/tim.c     ****     /**TIM3 GPIO Configuration
 914:Src/tim.c     ****     PA6     ------> TIM3_CH1
 915:Src/tim.c     ****     */
 916:Src/tim.c     ****     GPIO_InitStruct.Pin = GPIO_PIN_6;
 917:Src/tim.c     ****     GPIO_InitStruct.Mode = GPIO_MODE_AF_PP;
 918:Src/tim.c     ****     GPIO_InitStruct.Pull = GPIO_NOPULL;
 919:Src/tim.c     ****     GPIO_InitStruct.Speed = GPIO_SPEED_FREQ_LOW;
 920:Src/tim.c     ****     GPIO_InitStruct.Alternate = GPIO_AF2_TIM3;
 921:Src/tim.c     ****     HAL_GPIO_Init(GPIOA, &GPIO_InitStruct);
 922:Src/tim.c     **** 
 923:Src/tim.c     ****   /* USER CODE BEGIN TIM3_MspPostInit 1 */
 924:Src/tim.c     **** 
 925:Src/tim.c     ****   /* USER CODE END TIM3_MspPostInit 1 */
 926:Src/tim.c     ****   }
 927:Src/tim.c     ****   else if(timHandle->Instance==TIM14)
 2107              		.loc 1 927 8 is_stmt 1 view .LVU667
 2108              		.loc 1 927 10 is_stmt 0 view .LVU668
 2109 001e 284A     		ldr	r2, .L151+4
 2110 0020 9342     		cmp	r3, r2
 2111 0022 31D0     		beq	.L150
 2112              	.LVL88:
 2113              	.L143:
 928:Src/tim.c     ****   {
 929:Src/tim.c     ****   /* USER CODE BEGIN TIM14_MspPostInit 0 */
 930:Src/tim.c     **** 
 931:Src/tim.c     ****   /* USER CODE END TIM14_MspPostInit 0 */
 932:Src/tim.c     **** 
 933:Src/tim.c     ****     __HAL_RCC_GPIOF_CLK_ENABLE();
 934:Src/tim.c     ****     /**TIM14 GPIO Configuration
 935:Src/tim.c     ****     PF9     ------> TIM14_CH1
 936:Src/tim.c     ****     */
 937:Src/tim.c     ****     GPIO_InitStruct.Pin = GPIO_PIN_9;
 938:Src/tim.c     ****     GPIO_InitStruct.Mode = GPIO_MODE_AF_PP;
 939:Src/tim.c     ****     GPIO_InitStruct.Pull = GPIO_NOPULL;
 940:Src/tim.c     ****     GPIO_InitStruct.Speed = GPIO_SPEED_FREQ_LOW;
 941:Src/tim.c     ****     GPIO_InitStruct.Alternate = GPIO_AF9_TIM14;
 942:Src/tim.c     ****     HAL_GPIO_Init(GPIOF, &GPIO_InitStruct);
 943:Src/tim.c     **** 
 944:Src/tim.c     ****   /* USER CODE BEGIN TIM14_MspPostInit 1 */
 945:Src/tim.c     **** 
 946:Src/tim.c     ****   /* USER CODE END TIM14_MspPostInit 1 */
 947:Src/tim.c     ****   }
 948:Src/tim.c     **** 
 949:Src/tim.c     **** }
 2114              		.loc 1 949 1 view .LVU669
ARM GAS  C:\Users\simon\AppData\Local\Temp\ccaQjVzT.s 			page 58


 2115 0024 09B0     		add	sp, sp, #36
 2116              	.LCFI51:
 2117              		.cfi_remember_state
 2118              		.cfi_def_cfa_offset 4
 2119              		@ sp needed
 2120 0026 5DF804FB 		ldr	pc, [sp], #4
 2121              	.LVL89:
 2122              	.L148:
 2123              	.LCFI52:
 2124              		.cfi_restore_state
 891:Src/tim.c     ****     /**TIM2 GPIO Configuration
 2125              		.loc 1 891 5 is_stmt 1 view .LVU670
 2126              	.LBB23:
 891:Src/tim.c     ****     /**TIM2 GPIO Configuration
 2127              		.loc 1 891 5 view .LVU671
 891:Src/tim.c     ****     /**TIM2 GPIO Configuration
 2128              		.loc 1 891 5 view .LVU672
 2129 002a 264B     		ldr	r3, .L151+8
 2130 002c D3F8E020 		ldr	r2, [r3, #224]
 2131 0030 42F00102 		orr	r2, r2, #1
 2132 0034 C3F8E020 		str	r2, [r3, #224]
 891:Src/tim.c     ****     /**TIM2 GPIO Configuration
 2133              		.loc 1 891 5 view .LVU673
 2134 0038 D3F8E030 		ldr	r3, [r3, #224]
 2135 003c 03F00103 		and	r3, r3, #1
 2136 0040 0093     		str	r3, [sp]
 891:Src/tim.c     ****     /**TIM2 GPIO Configuration
 2137              		.loc 1 891 5 view .LVU674
 2138 0042 009B     		ldr	r3, [sp]
 2139              	.LBE23:
 891:Src/tim.c     ****     /**TIM2 GPIO Configuration
 2140              		.loc 1 891 5 view .LVU675
 895:Src/tim.c     ****     GPIO_InitStruct.Mode = GPIO_MODE_AF_PP;
 2141              		.loc 1 895 5 view .LVU676
 895:Src/tim.c     ****     GPIO_InitStruct.Mode = GPIO_MODE_AF_PP;
 2142              		.loc 1 895 25 is_stmt 0 view .LVU677
 2143 0044 0823     		movs	r3, #8
 2144 0046 0393     		str	r3, [sp, #12]
 896:Src/tim.c     ****     GPIO_InitStruct.Pull = GPIO_NOPULL;
 2145              		.loc 1 896 5 is_stmt 1 view .LVU678
 896:Src/tim.c     ****     GPIO_InitStruct.Pull = GPIO_NOPULL;
 2146              		.loc 1 896 26 is_stmt 0 view .LVU679
 2147 0048 0223     		movs	r3, #2
 2148 004a 0493     		str	r3, [sp, #16]
 897:Src/tim.c     ****     GPIO_InitStruct.Speed = GPIO_SPEED_FREQ_LOW;
 2149              		.loc 1 897 5 is_stmt 1 view .LVU680
 898:Src/tim.c     ****     GPIO_InitStruct.Alternate = GPIO_AF1_TIM2;
 2150              		.loc 1 898 5 view .LVU681
 899:Src/tim.c     ****     HAL_GPIO_Init(GPIOA, &GPIO_InitStruct);
 2151              		.loc 1 899 5 view .LVU682
 899:Src/tim.c     ****     HAL_GPIO_Init(GPIOA, &GPIO_InitStruct);
 2152              		.loc 1 899 31 is_stmt 0 view .LVU683
 2153 004c 0123     		movs	r3, #1
 2154 004e 0793     		str	r3, [sp, #28]
 900:Src/tim.c     **** 
 2155              		.loc 1 900 5 is_stmt 1 view .LVU684
 2156 0050 03A9     		add	r1, sp, #12
ARM GAS  C:\Users\simon\AppData\Local\Temp\ccaQjVzT.s 			page 59


 2157 0052 1D48     		ldr	r0, .L151+12
 2158              	.LVL90:
 900:Src/tim.c     **** 
 2159              		.loc 1 900 5 is_stmt 0 view .LVU685
 2160 0054 FFF7FEFF 		bl	HAL_GPIO_Init
 2161              	.LVL91:
 2162 0058 E4E7     		b	.L143
 2163              	.LVL92:
 2164              	.L149:
 912:Src/tim.c     ****     /**TIM3 GPIO Configuration
 2165              		.loc 1 912 5 is_stmt 1 view .LVU686
 2166              	.LBB24:
 912:Src/tim.c     ****     /**TIM3 GPIO Configuration
 2167              		.loc 1 912 5 view .LVU687
 912:Src/tim.c     ****     /**TIM3 GPIO Configuration
 2168              		.loc 1 912 5 view .LVU688
 2169 005a 1A4B     		ldr	r3, .L151+8
 2170 005c D3F8E020 		ldr	r2, [r3, #224]
 2171 0060 42F00102 		orr	r2, r2, #1
 2172 0064 C3F8E020 		str	r2, [r3, #224]
 912:Src/tim.c     ****     /**TIM3 GPIO Configuration
 2173              		.loc 1 912 5 view .LVU689
 2174 0068 D3F8E030 		ldr	r3, [r3, #224]
 2175 006c 03F00103 		and	r3, r3, #1
 2176 0070 0193     		str	r3, [sp, #4]
 912:Src/tim.c     ****     /**TIM3 GPIO Configuration
 2177              		.loc 1 912 5 view .LVU690
 2178 0072 019B     		ldr	r3, [sp, #4]
 2179              	.LBE24:
 912:Src/tim.c     ****     /**TIM3 GPIO Configuration
 2180              		.loc 1 912 5 view .LVU691
 916:Src/tim.c     ****     GPIO_InitStruct.Mode = GPIO_MODE_AF_PP;
 2181              		.loc 1 916 5 view .LVU692
 916:Src/tim.c     ****     GPIO_InitStruct.Mode = GPIO_MODE_AF_PP;
 2182              		.loc 1 916 25 is_stmt 0 view .LVU693
 2183 0074 4023     		movs	r3, #64
 2184 0076 0393     		str	r3, [sp, #12]
 917:Src/tim.c     ****     GPIO_InitStruct.Pull = GPIO_NOPULL;
 2185              		.loc 1 917 5 is_stmt 1 view .LVU694
 917:Src/tim.c     ****     GPIO_InitStruct.Pull = GPIO_NOPULL;
 2186              		.loc 1 917 26 is_stmt 0 view .LVU695
 2187 0078 0223     		movs	r3, #2
 2188 007a 0493     		str	r3, [sp, #16]
 918:Src/tim.c     ****     GPIO_InitStruct.Speed = GPIO_SPEED_FREQ_LOW;
 2189              		.loc 1 918 5 is_stmt 1 view .LVU696
 919:Src/tim.c     ****     GPIO_InitStruct.Alternate = GPIO_AF2_TIM3;
 2190              		.loc 1 919 5 view .LVU697
 920:Src/tim.c     ****     HAL_GPIO_Init(GPIOA, &GPIO_InitStruct);
 2191              		.loc 1 920 5 view .LVU698
 920:Src/tim.c     ****     HAL_GPIO_Init(GPIOA, &GPIO_InitStruct);
 2192              		.loc 1 920 31 is_stmt 0 view .LVU699
 2193 007c 0793     		str	r3, [sp, #28]
 921:Src/tim.c     **** 
 2194              		.loc 1 921 5 is_stmt 1 view .LVU700
 2195 007e 03A9     		add	r1, sp, #12
 2196 0080 1148     		ldr	r0, .L151+12
 2197              	.LVL93:
ARM GAS  C:\Users\simon\AppData\Local\Temp\ccaQjVzT.s 			page 60


 921:Src/tim.c     **** 
 2198              		.loc 1 921 5 is_stmt 0 view .LVU701
 2199 0082 FFF7FEFF 		bl	HAL_GPIO_Init
 2200              	.LVL94:
 2201 0086 CDE7     		b	.L143
 2202              	.LVL95:
 2203              	.L150:
 933:Src/tim.c     ****     /**TIM14 GPIO Configuration
 2204              		.loc 1 933 5 is_stmt 1 view .LVU702
 2205              	.LBB25:
 933:Src/tim.c     ****     /**TIM14 GPIO Configuration
 2206              		.loc 1 933 5 view .LVU703
 933:Src/tim.c     ****     /**TIM14 GPIO Configuration
 2207              		.loc 1 933 5 view .LVU704
 2208 0088 0E4B     		ldr	r3, .L151+8
 2209 008a D3F8E020 		ldr	r2, [r3, #224]
 2210 008e 42F02002 		orr	r2, r2, #32
 2211 0092 C3F8E020 		str	r2, [r3, #224]
 933:Src/tim.c     ****     /**TIM14 GPIO Configuration
 2212              		.loc 1 933 5 view .LVU705
 2213 0096 D3F8E030 		ldr	r3, [r3, #224]
 2214 009a 03F02003 		and	r3, r3, #32
 2215 009e 0293     		str	r3, [sp, #8]
 933:Src/tim.c     ****     /**TIM14 GPIO Configuration
 2216              		.loc 1 933 5 view .LVU706
 2217 00a0 029B     		ldr	r3, [sp, #8]
 2218              	.LBE25:
 933:Src/tim.c     ****     /**TIM14 GPIO Configuration
 2219              		.loc 1 933 5 view .LVU707
 937:Src/tim.c     ****     GPIO_InitStruct.Mode = GPIO_MODE_AF_PP;
 2220              		.loc 1 937 5 view .LVU708
 937:Src/tim.c     ****     GPIO_InitStruct.Mode = GPIO_MODE_AF_PP;
 2221              		.loc 1 937 25 is_stmt 0 view .LVU709
 2222 00a2 4FF40073 		mov	r3, #512
 2223 00a6 0393     		str	r3, [sp, #12]
 938:Src/tim.c     ****     GPIO_InitStruct.Pull = GPIO_NOPULL;
 2224              		.loc 1 938 5 is_stmt 1 view .LVU710
 938:Src/tim.c     ****     GPIO_InitStruct.Pull = GPIO_NOPULL;
 2225              		.loc 1 938 26 is_stmt 0 view .LVU711
 2226 00a8 0223     		movs	r3, #2
 2227 00aa 0493     		str	r3, [sp, #16]
 939:Src/tim.c     ****     GPIO_InitStruct.Speed = GPIO_SPEED_FREQ_LOW;
 2228              		.loc 1 939 5 is_stmt 1 view .LVU712
 940:Src/tim.c     ****     GPIO_InitStruct.Alternate = GPIO_AF9_TIM14;
 2229              		.loc 1 940 5 view .LVU713
 941:Src/tim.c     ****     HAL_GPIO_Init(GPIOF, &GPIO_InitStruct);
 2230              		.loc 1 941 5 view .LVU714
 941:Src/tim.c     ****     HAL_GPIO_Init(GPIOF, &GPIO_InitStruct);
 2231              		.loc 1 941 31 is_stmt 0 view .LVU715
 2232 00ac 0923     		movs	r3, #9
 2233 00ae 0793     		str	r3, [sp, #28]
 942:Src/tim.c     **** 
 2234              		.loc 1 942 5 is_stmt 1 view .LVU716
 2235 00b0 03A9     		add	r1, sp, #12
 2236 00b2 0648     		ldr	r0, .L151+16
 2237              	.LVL96:
 942:Src/tim.c     **** 
ARM GAS  C:\Users\simon\AppData\Local\Temp\ccaQjVzT.s 			page 61


 2238              		.loc 1 942 5 is_stmt 0 view .LVU717
 2239 00b4 FFF7FEFF 		bl	HAL_GPIO_Init
 2240              	.LVL97:
 2241              		.loc 1 949 1 view .LVU718
 2242 00b8 B4E7     		b	.L143
 2243              	.L152:
 2244 00ba 00BF     		.align	2
 2245              	.L151:
 2246 00bc 00040040 		.word	1073742848
 2247 00c0 00200040 		.word	1073750016
 2248 00c4 00440258 		.word	1476543488
 2249 00c8 00000258 		.word	1476526080
 2250 00cc 00140258 		.word	1476531200
 2251              		.cfi_endproc
 2252              	.LFE349:
 2254              		.section	.text.MX_TIM2_Init,"ax",%progbits
 2255              		.align	1
 2256              		.global	MX_TIM2_Init
 2257              		.syntax unified
 2258              		.thumb
 2259              		.thumb_func
 2261              	MX_TIM2_Init:
 2262              	.LFB332:
  86:Src/tim.c     **** 
 2263              		.loc 1 86 1 is_stmt 1 view -0
 2264              		.cfi_startproc
 2265              		@ args = 0, pretend = 0, frame = 56
 2266              		@ frame_needed = 0, uses_anonymous_args = 0
 2267 0000 00B5     		push	{lr}
 2268              	.LCFI53:
 2269              		.cfi_def_cfa_offset 4
 2270              		.cfi_offset 14, -4
 2271 0002 8FB0     		sub	sp, sp, #60
 2272              	.LCFI54:
 2273              		.cfi_def_cfa_offset 64
  92:Src/tim.c     ****   TIM_IC_InitTypeDef sConfigIC = {0};
 2274              		.loc 1 92 3 view .LVU720
  92:Src/tim.c     ****   TIM_IC_InitTypeDef sConfigIC = {0};
 2275              		.loc 1 92 27 is_stmt 0 view .LVU721
 2276 0004 0023     		movs	r3, #0
 2277 0006 0B93     		str	r3, [sp, #44]
 2278 0008 0C93     		str	r3, [sp, #48]
 2279 000a 0D93     		str	r3, [sp, #52]
  93:Src/tim.c     ****   TIM_OC_InitTypeDef sConfigOC = {0};
 2280              		.loc 1 93 3 is_stmt 1 view .LVU722
  93:Src/tim.c     ****   TIM_OC_InitTypeDef sConfigOC = {0};
 2281              		.loc 1 93 22 is_stmt 0 view .LVU723
 2282 000c 0793     		str	r3, [sp, #28]
 2283 000e 0893     		str	r3, [sp, #32]
 2284 0010 0993     		str	r3, [sp, #36]
 2285 0012 0A93     		str	r3, [sp, #40]
  94:Src/tim.c     **** 
 2286              		.loc 1 94 3 is_stmt 1 view .LVU724
  94:Src/tim.c     **** 
 2287              		.loc 1 94 22 is_stmt 0 view .LVU725
 2288 0014 0093     		str	r3, [sp]
 2289 0016 0193     		str	r3, [sp, #4]
ARM GAS  C:\Users\simon\AppData\Local\Temp\ccaQjVzT.s 			page 62


 2290 0018 0293     		str	r3, [sp, #8]
 2291 001a 0393     		str	r3, [sp, #12]
 2292 001c 0493     		str	r3, [sp, #16]
 2293 001e 0593     		str	r3, [sp, #20]
 2294 0020 0693     		str	r3, [sp, #24]
  99:Src/tim.c     ****   htim2.Init.Prescaler = 0;
 2295              		.loc 1 99 3 is_stmt 1 view .LVU726
  99:Src/tim.c     ****   htim2.Init.Prescaler = 0;
 2296              		.loc 1 99 18 is_stmt 0 view .LVU727
 2297 0022 2848     		ldr	r0, .L167
 2298 0024 4FF08042 		mov	r2, #1073741824
 2299 0028 0260     		str	r2, [r0]
 100:Src/tim.c     ****   htim2.Init.CounterMode = TIM_COUNTERMODE_UP;
 2300              		.loc 1 100 3 is_stmt 1 view .LVU728
 100:Src/tim.c     ****   htim2.Init.CounterMode = TIM_COUNTERMODE_UP;
 2301              		.loc 1 100 24 is_stmt 0 view .LVU729
 2302 002a 4360     		str	r3, [r0, #4]
 101:Src/tim.c     ****   htim2.Init.Period = 4294967295;
 2303              		.loc 1 101 3 is_stmt 1 view .LVU730
 101:Src/tim.c     ****   htim2.Init.Period = 4294967295;
 2304              		.loc 1 101 26 is_stmt 0 view .LVU731
 2305 002c 8360     		str	r3, [r0, #8]
 102:Src/tim.c     ****   htim2.Init.ClockDivision = TIM_CLOCKDIVISION_DIV1;
 2306              		.loc 1 102 3 is_stmt 1 view .LVU732
 102:Src/tim.c     ****   htim2.Init.ClockDivision = TIM_CLOCKDIVISION_DIV1;
 2307              		.loc 1 102 21 is_stmt 0 view .LVU733
 2308 002e 4FF0FF32 		mov	r2, #-1
 2309 0032 C260     		str	r2, [r0, #12]
 103:Src/tim.c     ****   htim2.Init.AutoReloadPreload = TIM_AUTORELOAD_PRELOAD_DISABLE;
 2310              		.loc 1 103 3 is_stmt 1 view .LVU734
 103:Src/tim.c     ****   htim2.Init.AutoReloadPreload = TIM_AUTORELOAD_PRELOAD_DISABLE;
 2311              		.loc 1 103 28 is_stmt 0 view .LVU735
 2312 0034 0361     		str	r3, [r0, #16]
 104:Src/tim.c     ****   if (HAL_TIM_IC_Init(&htim2) != HAL_OK)
 2313              		.loc 1 104 3 is_stmt 1 view .LVU736
 104:Src/tim.c     ****   if (HAL_TIM_IC_Init(&htim2) != HAL_OK)
 2314              		.loc 1 104 32 is_stmt 0 view .LVU737
 2315 0036 8361     		str	r3, [r0, #24]
 105:Src/tim.c     ****   {
 2316              		.loc 1 105 3 is_stmt 1 view .LVU738
 105:Src/tim.c     ****   {
 2317              		.loc 1 105 7 is_stmt 0 view .LVU739
 2318 0038 FFF7FEFF 		bl	HAL_TIM_IC_Init
 2319              	.LVL98:
 105:Src/tim.c     ****   {
 2320              		.loc 1 105 6 view .LVU740
 2321 003c 0028     		cmp	r0, #0
 2322 003e 2FD1     		bne	.L161
 2323              	.L154:
 109:Src/tim.c     ****   {
 2324              		.loc 1 109 3 is_stmt 1 view .LVU741
 109:Src/tim.c     ****   {
 2325              		.loc 1 109 7 is_stmt 0 view .LVU742
 2326 0040 2048     		ldr	r0, .L167
 2327 0042 FFF7FEFF 		bl	HAL_TIM_PWM_Init
 2328              	.LVL99:
 109:Src/tim.c     ****   {
ARM GAS  C:\Users\simon\AppData\Local\Temp\ccaQjVzT.s 			page 63


 2329              		.loc 1 109 6 view .LVU743
 2330 0046 0028     		cmp	r0, #0
 2331 0048 2DD1     		bne	.L162
 2332              	.L155:
 113:Src/tim.c     ****   sMasterConfig.MasterSlaveMode = TIM_MASTERSLAVEMODE_DISABLE;
 2333              		.loc 1 113 3 is_stmt 1 view .LVU744
 113:Src/tim.c     ****   sMasterConfig.MasterSlaveMode = TIM_MASTERSLAVEMODE_DISABLE;
 2334              		.loc 1 113 37 is_stmt 0 view .LVU745
 2335 004a 0023     		movs	r3, #0
 2336 004c 0B93     		str	r3, [sp, #44]
 114:Src/tim.c     ****   if (HAL_TIMEx_MasterConfigSynchronization(&htim2, &sMasterConfig) != HAL_OK)
 2337              		.loc 1 114 3 is_stmt 1 view .LVU746
 114:Src/tim.c     ****   if (HAL_TIMEx_MasterConfigSynchronization(&htim2, &sMasterConfig) != HAL_OK)
 2338              		.loc 1 114 33 is_stmt 0 view .LVU747
 2339 004e 0D93     		str	r3, [sp, #52]
 115:Src/tim.c     ****   {
 2340              		.loc 1 115 3 is_stmt 1 view .LVU748
 115:Src/tim.c     ****   {
 2341              		.loc 1 115 7 is_stmt 0 view .LVU749
 2342 0050 0BA9     		add	r1, sp, #44
 2343 0052 1C48     		ldr	r0, .L167
 2344 0054 FFF7FEFF 		bl	HAL_TIMEx_MasterConfigSynchronization
 2345              	.LVL100:
 115:Src/tim.c     ****   {
 2346              		.loc 1 115 6 view .LVU750
 2347 0058 40BB     		cbnz	r0, .L163
 2348              	.L156:
 119:Src/tim.c     ****   sConfigIC.ICSelection = TIM_ICSELECTION_DIRECTTI;
 2349              		.loc 1 119 3 is_stmt 1 view .LVU751
 119:Src/tim.c     ****   sConfigIC.ICSelection = TIM_ICSELECTION_DIRECTTI;
 2350              		.loc 1 119 24 is_stmt 0 view .LVU752
 2351 005a 0022     		movs	r2, #0
 2352 005c 0792     		str	r2, [sp, #28]
 120:Src/tim.c     ****   sConfigIC.ICPrescaler = TIM_ICPSC_DIV1;
 2353              		.loc 1 120 3 is_stmt 1 view .LVU753
 120:Src/tim.c     ****   sConfigIC.ICPrescaler = TIM_ICPSC_DIV1;
 2354              		.loc 1 120 25 is_stmt 0 view .LVU754
 2355 005e 0123     		movs	r3, #1
 2356 0060 0893     		str	r3, [sp, #32]
 121:Src/tim.c     ****   sConfigIC.ICFilter = 0;
 2357              		.loc 1 121 3 is_stmt 1 view .LVU755
 121:Src/tim.c     ****   sConfigIC.ICFilter = 0;
 2358              		.loc 1 121 25 is_stmt 0 view .LVU756
 2359 0062 0992     		str	r2, [sp, #36]
 122:Src/tim.c     ****   if (HAL_TIM_IC_ConfigChannel(&htim2, &sConfigIC, TIM_CHANNEL_1) != HAL_OK)
 2360              		.loc 1 122 3 is_stmt 1 view .LVU757
 122:Src/tim.c     ****   if (HAL_TIM_IC_ConfigChannel(&htim2, &sConfigIC, TIM_CHANNEL_1) != HAL_OK)
 2361              		.loc 1 122 22 is_stmt 0 view .LVU758
 2362 0064 0A92     		str	r2, [sp, #40]
 123:Src/tim.c     ****   {
 2363              		.loc 1 123 3 is_stmt 1 view .LVU759
 123:Src/tim.c     ****   {
 2364              		.loc 1 123 7 is_stmt 0 view .LVU760
 2365 0066 07A9     		add	r1, sp, #28
 2366 0068 1648     		ldr	r0, .L167
 2367 006a FFF7FEFF 		bl	HAL_TIM_IC_ConfigChannel
 2368              	.LVL101:
ARM GAS  C:\Users\simon\AppData\Local\Temp\ccaQjVzT.s 			page 64


 123:Src/tim.c     ****   {
 2369              		.loc 1 123 6 view .LVU761
 2370 006e 00BB     		cbnz	r0, .L164
 2371              	.L157:
 127:Src/tim.c     ****   {
 2372              		.loc 1 127 3 is_stmt 1 view .LVU762
 127:Src/tim.c     ****   {
 2373              		.loc 1 127 7 is_stmt 0 view .LVU763
 2374 0070 0822     		movs	r2, #8
 2375 0072 07A9     		add	r1, sp, #28
 2376 0074 1348     		ldr	r0, .L167
 2377 0076 FFF7FEFF 		bl	HAL_TIM_IC_ConfigChannel
 2378              	.LVL102:
 127:Src/tim.c     ****   {
 2379              		.loc 1 127 6 view .LVU764
 2380 007a E8B9     		cbnz	r0, .L165
 2381              	.L158:
 131:Src/tim.c     ****   sConfigOC.Pulse = 0;
 2382              		.loc 1 131 3 is_stmt 1 view .LVU765
 131:Src/tim.c     ****   sConfigOC.Pulse = 0;
 2383              		.loc 1 131 20 is_stmt 0 view .LVU766
 2384 007c 6023     		movs	r3, #96
 2385 007e 0093     		str	r3, [sp]
 132:Src/tim.c     ****   sConfigOC.OCPolarity = TIM_OCPOLARITY_HIGH;
 2386              		.loc 1 132 3 is_stmt 1 view .LVU767
 132:Src/tim.c     ****   sConfigOC.OCPolarity = TIM_OCPOLARITY_HIGH;
 2387              		.loc 1 132 19 is_stmt 0 view .LVU768
 2388 0080 0023     		movs	r3, #0
 2389 0082 0193     		str	r3, [sp, #4]
 133:Src/tim.c     ****   sConfigOC.OCFastMode = TIM_OCFAST_DISABLE;
 2390              		.loc 1 133 3 is_stmt 1 view .LVU769
 133:Src/tim.c     ****   sConfigOC.OCFastMode = TIM_OCFAST_DISABLE;
 2391              		.loc 1 133 24 is_stmt 0 view .LVU770
 2392 0084 0293     		str	r3, [sp, #8]
 134:Src/tim.c     ****   if (HAL_TIM_PWM_ConfigChannel(&htim2, &sConfigOC, TIM_CHANNEL_4) != HAL_OK)
 2393              		.loc 1 134 3 is_stmt 1 view .LVU771
 134:Src/tim.c     ****   if (HAL_TIM_PWM_ConfigChannel(&htim2, &sConfigOC, TIM_CHANNEL_4) != HAL_OK)
 2394              		.loc 1 134 24 is_stmt 0 view .LVU772
 2395 0086 0493     		str	r3, [sp, #16]
 135:Src/tim.c     ****   {
 2396              		.loc 1 135 3 is_stmt 1 view .LVU773
 135:Src/tim.c     ****   {
 2397              		.loc 1 135 7 is_stmt 0 view .LVU774
 2398 0088 0C22     		movs	r2, #12
 2399 008a 6946     		mov	r1, sp
 2400 008c 0D48     		ldr	r0, .L167
 2401 008e FFF7FEFF 		bl	HAL_TIM_PWM_ConfigChannel
 2402              	.LVL103:
 135:Src/tim.c     ****   {
 2403              		.loc 1 135 6 view .LVU775
 2404 0092 A0B9     		cbnz	r0, .L166
 2405              	.L159:
 142:Src/tim.c     **** 
 2406              		.loc 1 142 3 is_stmt 1 view .LVU776
 2407 0094 0B48     		ldr	r0, .L167
 2408 0096 FFF7FEFF 		bl	HAL_TIM_MspPostInit
 2409              	.LVL104:
ARM GAS  C:\Users\simon\AppData\Local\Temp\ccaQjVzT.s 			page 65


 144:Src/tim.c     **** /* TIM3 init function */
 2410              		.loc 1 144 1 is_stmt 0 view .LVU777
 2411 009a 0FB0     		add	sp, sp, #60
 2412              	.LCFI55:
 2413              		.cfi_remember_state
 2414              		.cfi_def_cfa_offset 4
 2415              		@ sp needed
 2416 009c 5DF804FB 		ldr	pc, [sp], #4
 2417              	.L161:
 2418              	.LCFI56:
 2419              		.cfi_restore_state
 107:Src/tim.c     ****   }
 2420              		.loc 1 107 5 is_stmt 1 view .LVU778
 2421 00a0 FFF7FEFF 		bl	Error_Handler
 2422              	.LVL105:
 2423 00a4 CCE7     		b	.L154
 2424              	.L162:
 111:Src/tim.c     ****   }
 2425              		.loc 1 111 5 view .LVU779
 2426 00a6 FFF7FEFF 		bl	Error_Handler
 2427              	.LVL106:
 2428 00aa CEE7     		b	.L155
 2429              	.L163:
 117:Src/tim.c     ****   }
 2430              		.loc 1 117 5 view .LVU780
 2431 00ac FFF7FEFF 		bl	Error_Handler
 2432              	.LVL107:
 2433 00b0 D3E7     		b	.L156
 2434              	.L164:
 125:Src/tim.c     ****   }
 2435              		.loc 1 125 5 view .LVU781
 2436 00b2 FFF7FEFF 		bl	Error_Handler
 2437              	.LVL108:
 2438 00b6 DBE7     		b	.L157
 2439              	.L165:
 129:Src/tim.c     ****   }
 2440              		.loc 1 129 5 view .LVU782
 2441 00b8 FFF7FEFF 		bl	Error_Handler
 2442              	.LVL109:
 2443 00bc DEE7     		b	.L158
 2444              	.L166:
 137:Src/tim.c     ****   }
 2445              		.loc 1 137 5 view .LVU783
 2446 00be FFF7FEFF 		bl	Error_Handler
 2447              	.LVL110:
 2448 00c2 E7E7     		b	.L159
 2449              	.L168:
 2450              		.align	2
 2451              	.L167:
 2452 00c4 00000000 		.word	.LANCHOR11
 2453              		.cfi_endproc
 2454              	.LFE332:
 2456              		.section	.text.MX_TIM3_Init,"ax",%progbits
 2457              		.align	1
 2458              		.global	MX_TIM3_Init
 2459              		.syntax unified
 2460              		.thumb
ARM GAS  C:\Users\simon\AppData\Local\Temp\ccaQjVzT.s 			page 66


 2461              		.thumb_func
 2463              	MX_TIM3_Init:
 2464              	.LFB333:
 147:Src/tim.c     **** 
 2465              		.loc 1 147 1 view -0
 2466              		.cfi_startproc
 2467              		@ args = 0, pretend = 0, frame = 40
 2468              		@ frame_needed = 0, uses_anonymous_args = 0
 2469 0000 00B5     		push	{lr}
 2470              	.LCFI57:
 2471              		.cfi_def_cfa_offset 4
 2472              		.cfi_offset 14, -4
 2473 0002 8BB0     		sub	sp, sp, #44
 2474              	.LCFI58:
 2475              		.cfi_def_cfa_offset 48
 153:Src/tim.c     ****   TIM_OC_InitTypeDef sConfigOC = {0};
 2476              		.loc 1 153 3 view .LVU785
 153:Src/tim.c     ****   TIM_OC_InitTypeDef sConfigOC = {0};
 2477              		.loc 1 153 27 is_stmt 0 view .LVU786
 2478 0004 0023     		movs	r3, #0
 2479 0006 0793     		str	r3, [sp, #28]
 2480 0008 0893     		str	r3, [sp, #32]
 2481 000a 0993     		str	r3, [sp, #36]
 154:Src/tim.c     **** 
 2482              		.loc 1 154 3 is_stmt 1 view .LVU787
 154:Src/tim.c     **** 
 2483              		.loc 1 154 22 is_stmt 0 view .LVU788
 2484 000c 0093     		str	r3, [sp]
 2485 000e 0193     		str	r3, [sp, #4]
 2486 0010 0293     		str	r3, [sp, #8]
 2487 0012 0393     		str	r3, [sp, #12]
 2488 0014 0493     		str	r3, [sp, #16]
 2489 0016 0593     		str	r3, [sp, #20]
 2490 0018 0693     		str	r3, [sp, #24]
 159:Src/tim.c     ****   htim3.Init.Prescaler = 0;
 2491              		.loc 1 159 3 is_stmt 1 view .LVU789
 159:Src/tim.c     ****   htim3.Init.Prescaler = 0;
 2492              		.loc 1 159 18 is_stmt 0 view .LVU790
 2493 001a 1748     		ldr	r0, .L177
 2494 001c 174A     		ldr	r2, .L177+4
 2495 001e 0260     		str	r2, [r0]
 160:Src/tim.c     ****   htim3.Init.CounterMode = TIM_COUNTERMODE_UP;
 2496              		.loc 1 160 3 is_stmt 1 view .LVU791
 160:Src/tim.c     ****   htim3.Init.CounterMode = TIM_COUNTERMODE_UP;
 2497              		.loc 1 160 24 is_stmt 0 view .LVU792
 2498 0020 4360     		str	r3, [r0, #4]
 161:Src/tim.c     ****   htim3.Init.Period = 65535;
 2499              		.loc 1 161 3 is_stmt 1 view .LVU793
 161:Src/tim.c     ****   htim3.Init.Period = 65535;
 2500              		.loc 1 161 26 is_stmt 0 view .LVU794
 2501 0022 8360     		str	r3, [r0, #8]
 162:Src/tim.c     ****   htim3.Init.ClockDivision = TIM_CLOCKDIVISION_DIV1;
 2502              		.loc 1 162 3 is_stmt 1 view .LVU795
 162:Src/tim.c     ****   htim3.Init.ClockDivision = TIM_CLOCKDIVISION_DIV1;
 2503              		.loc 1 162 21 is_stmt 0 view .LVU796
 2504 0024 4FF6FF72 		movw	r2, #65535
 2505 0028 C260     		str	r2, [r0, #12]
ARM GAS  C:\Users\simon\AppData\Local\Temp\ccaQjVzT.s 			page 67


 163:Src/tim.c     ****   htim3.Init.AutoReloadPreload = TIM_AUTORELOAD_PRELOAD_DISABLE;
 2506              		.loc 1 163 3 is_stmt 1 view .LVU797
 163:Src/tim.c     ****   htim3.Init.AutoReloadPreload = TIM_AUTORELOAD_PRELOAD_DISABLE;
 2507              		.loc 1 163 28 is_stmt 0 view .LVU798
 2508 002a 0361     		str	r3, [r0, #16]
 164:Src/tim.c     ****   if (HAL_TIM_PWM_Init(&htim3) != HAL_OK)
 2509              		.loc 1 164 3 is_stmt 1 view .LVU799
 164:Src/tim.c     ****   if (HAL_TIM_PWM_Init(&htim3) != HAL_OK)
 2510              		.loc 1 164 32 is_stmt 0 view .LVU800
 2511 002c 8361     		str	r3, [r0, #24]
 165:Src/tim.c     ****   {
 2512              		.loc 1 165 3 is_stmt 1 view .LVU801
 165:Src/tim.c     ****   {
 2513              		.loc 1 165 7 is_stmt 0 view .LVU802
 2514 002e FFF7FEFF 		bl	HAL_TIM_PWM_Init
 2515              	.LVL111:
 165:Src/tim.c     ****   {
 2516              		.loc 1 165 6 view .LVU803
 2517 0032 C0B9     		cbnz	r0, .L174
 2518              	.L170:
 169:Src/tim.c     ****   sMasterConfig.MasterSlaveMode = TIM_MASTERSLAVEMODE_DISABLE;
 2519              		.loc 1 169 3 is_stmt 1 view .LVU804
 169:Src/tim.c     ****   sMasterConfig.MasterSlaveMode = TIM_MASTERSLAVEMODE_DISABLE;
 2520              		.loc 1 169 37 is_stmt 0 view .LVU805
 2521 0034 0023     		movs	r3, #0
 2522 0036 0793     		str	r3, [sp, #28]
 170:Src/tim.c     ****   if (HAL_TIMEx_MasterConfigSynchronization(&htim3, &sMasterConfig) != HAL_OK)
 2523              		.loc 1 170 3 is_stmt 1 view .LVU806
 170:Src/tim.c     ****   if (HAL_TIMEx_MasterConfigSynchronization(&htim3, &sMasterConfig) != HAL_OK)
 2524              		.loc 1 170 33 is_stmt 0 view .LVU807
 2525 0038 0993     		str	r3, [sp, #36]
 171:Src/tim.c     ****   {
 2526              		.loc 1 171 3 is_stmt 1 view .LVU808
 171:Src/tim.c     ****   {
 2527              		.loc 1 171 7 is_stmt 0 view .LVU809
 2528 003a 07A9     		add	r1, sp, #28
 2529 003c 0E48     		ldr	r0, .L177
 2530 003e FFF7FEFF 		bl	HAL_TIMEx_MasterConfigSynchronization
 2531              	.LVL112:
 171:Src/tim.c     ****   {
 2532              		.loc 1 171 6 view .LVU810
 2533 0042 98B9     		cbnz	r0, .L175
 2534              	.L171:
 175:Src/tim.c     ****   sConfigOC.Pulse = 0;
 2535              		.loc 1 175 3 is_stmt 1 view .LVU811
 175:Src/tim.c     ****   sConfigOC.Pulse = 0;
 2536              		.loc 1 175 20 is_stmt 0 view .LVU812
 2537 0044 6023     		movs	r3, #96
 2538 0046 0093     		str	r3, [sp]
 176:Src/tim.c     ****   sConfigOC.OCPolarity = TIM_OCPOLARITY_HIGH;
 2539              		.loc 1 176 3 is_stmt 1 view .LVU813
 176:Src/tim.c     ****   sConfigOC.OCPolarity = TIM_OCPOLARITY_HIGH;
 2540              		.loc 1 176 19 is_stmt 0 view .LVU814
 2541 0048 0022     		movs	r2, #0
 2542 004a 0192     		str	r2, [sp, #4]
 177:Src/tim.c     ****   sConfigOC.OCFastMode = TIM_OCFAST_DISABLE;
 2543              		.loc 1 177 3 is_stmt 1 view .LVU815
ARM GAS  C:\Users\simon\AppData\Local\Temp\ccaQjVzT.s 			page 68


 177:Src/tim.c     ****   sConfigOC.OCFastMode = TIM_OCFAST_DISABLE;
 2544              		.loc 1 177 24 is_stmt 0 view .LVU816
 2545 004c 0292     		str	r2, [sp, #8]
 178:Src/tim.c     ****   if (HAL_TIM_PWM_ConfigChannel(&htim3, &sConfigOC, TIM_CHANNEL_1) != HAL_OK)
 2546              		.loc 1 178 3 is_stmt 1 view .LVU817
 178:Src/tim.c     ****   if (HAL_TIM_PWM_ConfigChannel(&htim3, &sConfigOC, TIM_CHANNEL_1) != HAL_OK)
 2547              		.loc 1 178 24 is_stmt 0 view .LVU818
 2548 004e 0492     		str	r2, [sp, #16]
 179:Src/tim.c     ****   {
 2549              		.loc 1 179 3 is_stmt 1 view .LVU819
 179:Src/tim.c     ****   {
 2550              		.loc 1 179 7 is_stmt 0 view .LVU820
 2551 0050 6946     		mov	r1, sp
 2552 0052 0948     		ldr	r0, .L177
 2553 0054 FFF7FEFF 		bl	HAL_TIM_PWM_ConfigChannel
 2554              	.LVL113:
 179:Src/tim.c     ****   {
 2555              		.loc 1 179 6 view .LVU821
 2556 0058 58B9     		cbnz	r0, .L176
 2557              	.L172:
 186:Src/tim.c     **** 
 2558              		.loc 1 186 3 is_stmt 1 view .LVU822
 2559 005a 0748     		ldr	r0, .L177
 2560 005c FFF7FEFF 		bl	HAL_TIM_MspPostInit
 2561              	.LVL114:
 188:Src/tim.c     **** /* TIM4 init function */
 2562              		.loc 1 188 1 is_stmt 0 view .LVU823
 2563 0060 0BB0     		add	sp, sp, #44
 2564              	.LCFI59:
 2565              		.cfi_remember_state
 2566              		.cfi_def_cfa_offset 4
 2567              		@ sp needed
 2568 0062 5DF804FB 		ldr	pc, [sp], #4
 2569              	.L174:
 2570              	.LCFI60:
 2571              		.cfi_restore_state
 167:Src/tim.c     ****   }
 2572              		.loc 1 167 5 is_stmt 1 view .LVU824
 2573 0066 FFF7FEFF 		bl	Error_Handler
 2574              	.LVL115:
 2575 006a E3E7     		b	.L170
 2576              	.L175:
 173:Src/tim.c     ****   }
 2577              		.loc 1 173 5 view .LVU825
 2578 006c FFF7FEFF 		bl	Error_Handler
 2579              	.LVL116:
 2580 0070 E8E7     		b	.L171
 2581              	.L176:
 181:Src/tim.c     ****   }
 2582              		.loc 1 181 5 view .LVU826
 2583 0072 FFF7FEFF 		bl	Error_Handler
 2584              	.LVL117:
 2585 0076 F0E7     		b	.L172
 2586              	.L178:
 2587              		.align	2
 2588              	.L177:
 2589 0078 00000000 		.word	.LANCHOR12
ARM GAS  C:\Users\simon\AppData\Local\Temp\ccaQjVzT.s 			page 69


 2590 007c 00040040 		.word	1073742848
 2591              		.cfi_endproc
 2592              	.LFE333:
 2594              		.section	.text.MX_TIM14_Init,"ax",%progbits
 2595              		.align	1
 2596              		.global	MX_TIM14_Init
 2597              		.syntax unified
 2598              		.thumb
 2599              		.thumb_func
 2601              	MX_TIM14_Init:
 2602              	.LFB341:
 478:Src/tim.c     **** 
 2603              		.loc 1 478 1 view -0
 2604              		.cfi_startproc
 2605              		@ args = 0, pretend = 0, frame = 32
 2606              		@ frame_needed = 0, uses_anonymous_args = 0
 2607 0000 00B5     		push	{lr}
 2608              	.LCFI61:
 2609              		.cfi_def_cfa_offset 4
 2610              		.cfi_offset 14, -4
 2611 0002 89B0     		sub	sp, sp, #36
 2612              	.LCFI62:
 2613              		.cfi_def_cfa_offset 40
 484:Src/tim.c     **** 
 2614              		.loc 1 484 3 view .LVU828
 484:Src/tim.c     **** 
 2615              		.loc 1 484 22 is_stmt 0 view .LVU829
 2616 0004 0023     		movs	r3, #0
 2617 0006 0193     		str	r3, [sp, #4]
 2618 0008 0293     		str	r3, [sp, #8]
 2619 000a 0393     		str	r3, [sp, #12]
 2620 000c 0493     		str	r3, [sp, #16]
 2621 000e 0593     		str	r3, [sp, #20]
 2622 0010 0693     		str	r3, [sp, #24]
 2623 0012 0793     		str	r3, [sp, #28]
 489:Src/tim.c     ****   htim14.Init.Prescaler = 0;
 2624              		.loc 1 489 3 is_stmt 1 view .LVU830
 489:Src/tim.c     ****   htim14.Init.Prescaler = 0;
 2625              		.loc 1 489 19 is_stmt 0 view .LVU831
 2626 0014 1548     		ldr	r0, .L187
 2627 0016 164A     		ldr	r2, .L187+4
 2628 0018 0260     		str	r2, [r0]
 490:Src/tim.c     ****   htim14.Init.CounterMode = TIM_COUNTERMODE_UP;
 2629              		.loc 1 490 3 is_stmt 1 view .LVU832
 490:Src/tim.c     ****   htim14.Init.CounterMode = TIM_COUNTERMODE_UP;
 2630              		.loc 1 490 25 is_stmt 0 view .LVU833
 2631 001a 4360     		str	r3, [r0, #4]
 491:Src/tim.c     ****   htim14.Init.Period = 65535;
 2632              		.loc 1 491 3 is_stmt 1 view .LVU834
 491:Src/tim.c     ****   htim14.Init.Period = 65535;
 2633              		.loc 1 491 27 is_stmt 0 view .LVU835
 2634 001c 8360     		str	r3, [r0, #8]
 492:Src/tim.c     ****   htim14.Init.ClockDivision = TIM_CLOCKDIVISION_DIV1;
 2635              		.loc 1 492 3 is_stmt 1 view .LVU836
 492:Src/tim.c     ****   htim14.Init.ClockDivision = TIM_CLOCKDIVISION_DIV1;
 2636              		.loc 1 492 22 is_stmt 0 view .LVU837
 2637 001e 4FF6FF72 		movw	r2, #65535
ARM GAS  C:\Users\simon\AppData\Local\Temp\ccaQjVzT.s 			page 70


 2638 0022 C260     		str	r2, [r0, #12]
 493:Src/tim.c     ****   htim14.Init.AutoReloadPreload = TIM_AUTORELOAD_PRELOAD_DISABLE;
 2639              		.loc 1 493 3 is_stmt 1 view .LVU838
 493:Src/tim.c     ****   htim14.Init.AutoReloadPreload = TIM_AUTORELOAD_PRELOAD_DISABLE;
 2640              		.loc 1 493 29 is_stmt 0 view .LVU839
 2641 0024 0361     		str	r3, [r0, #16]
 494:Src/tim.c     ****   if (HAL_TIM_Base_Init(&htim14) != HAL_OK)
 2642              		.loc 1 494 3 is_stmt 1 view .LVU840
 494:Src/tim.c     ****   if (HAL_TIM_Base_Init(&htim14) != HAL_OK)
 2643              		.loc 1 494 33 is_stmt 0 view .LVU841
 2644 0026 8361     		str	r3, [r0, #24]
 495:Src/tim.c     ****   {
 2645              		.loc 1 495 3 is_stmt 1 view .LVU842
 495:Src/tim.c     ****   {
 2646              		.loc 1 495 7 is_stmt 0 view .LVU843
 2647 0028 FFF7FEFF 		bl	HAL_TIM_Base_Init
 2648              	.LVL118:
 495:Src/tim.c     ****   {
 2649              		.loc 1 495 6 view .LVU844
 2650 002c A0B9     		cbnz	r0, .L184
 2651              	.L180:
 499:Src/tim.c     ****   {
 2652              		.loc 1 499 3 is_stmt 1 view .LVU845
 499:Src/tim.c     ****   {
 2653              		.loc 1 499 7 is_stmt 0 view .LVU846
 2654 002e 0F48     		ldr	r0, .L187
 2655 0030 FFF7FEFF 		bl	HAL_TIM_PWM_Init
 2656              	.LVL119:
 499:Src/tim.c     ****   {
 2657              		.loc 1 499 6 view .LVU847
 2658 0034 98B9     		cbnz	r0, .L185
 2659              	.L181:
 503:Src/tim.c     ****   sConfigOC.Pulse = 0;
 2660              		.loc 1 503 3 is_stmt 1 view .LVU848
 503:Src/tim.c     ****   sConfigOC.Pulse = 0;
 2661              		.loc 1 503 20 is_stmt 0 view .LVU849
 2662 0036 6023     		movs	r3, #96
 2663 0038 0193     		str	r3, [sp, #4]
 504:Src/tim.c     ****   sConfigOC.OCPolarity = TIM_OCPOLARITY_HIGH;
 2664              		.loc 1 504 3 is_stmt 1 view .LVU850
 504:Src/tim.c     ****   sConfigOC.OCPolarity = TIM_OCPOLARITY_HIGH;
 2665              		.loc 1 504 19 is_stmt 0 view .LVU851
 2666 003a 0022     		movs	r2, #0
 2667 003c 0292     		str	r2, [sp, #8]
 505:Src/tim.c     ****   sConfigOC.OCFastMode = TIM_OCFAST_DISABLE;
 2668              		.loc 1 505 3 is_stmt 1 view .LVU852
 505:Src/tim.c     ****   sConfigOC.OCFastMode = TIM_OCFAST_DISABLE;
 2669              		.loc 1 505 24 is_stmt 0 view .LVU853
 2670 003e 0392     		str	r2, [sp, #12]
 506:Src/tim.c     ****   if (HAL_TIM_PWM_ConfigChannel(&htim14, &sConfigOC, TIM_CHANNEL_1) != HAL_OK)
 2671              		.loc 1 506 3 is_stmt 1 view .LVU854
 506:Src/tim.c     ****   if (HAL_TIM_PWM_ConfigChannel(&htim14, &sConfigOC, TIM_CHANNEL_1) != HAL_OK)
 2672              		.loc 1 506 24 is_stmt 0 view .LVU855
 2673 0040 0592     		str	r2, [sp, #20]
 507:Src/tim.c     ****   {
 2674              		.loc 1 507 3 is_stmt 1 view .LVU856
 507:Src/tim.c     ****   {
ARM GAS  C:\Users\simon\AppData\Local\Temp\ccaQjVzT.s 			page 71


 2675              		.loc 1 507 7 is_stmt 0 view .LVU857
 2676 0042 01A9     		add	r1, sp, #4
 2677 0044 0948     		ldr	r0, .L187
 2678 0046 FFF7FEFF 		bl	HAL_TIM_PWM_ConfigChannel
 2679              	.LVL120:
 507:Src/tim.c     ****   {
 2680              		.loc 1 507 6 view .LVU858
 2681 004a 58B9     		cbnz	r0, .L186
 2682              	.L182:
 514:Src/tim.c     **** 
 2683              		.loc 1 514 3 is_stmt 1 view .LVU859
 2684 004c 0748     		ldr	r0, .L187
 2685 004e FFF7FEFF 		bl	HAL_TIM_MspPostInit
 2686              	.LVL121:
 516:Src/tim.c     **** /* TIM15 init function */
 2687              		.loc 1 516 1 is_stmt 0 view .LVU860
 2688 0052 09B0     		add	sp, sp, #36
 2689              	.LCFI63:
 2690              		.cfi_remember_state
 2691              		.cfi_def_cfa_offset 4
 2692              		@ sp needed
 2693 0054 5DF804FB 		ldr	pc, [sp], #4
 2694              	.L184:
 2695              	.LCFI64:
 2696              		.cfi_restore_state
 497:Src/tim.c     ****   }
 2697              		.loc 1 497 5 is_stmt 1 view .LVU861
 2698 0058 FFF7FEFF 		bl	Error_Handler
 2699              	.LVL122:
 2700 005c E7E7     		b	.L180
 2701              	.L185:
 501:Src/tim.c     ****   }
 2702              		.loc 1 501 5 view .LVU862
 2703 005e FFF7FEFF 		bl	Error_Handler
 2704              	.LVL123:
 2705 0062 E8E7     		b	.L181
 2706              	.L186:
 509:Src/tim.c     ****   }
 2707              		.loc 1 509 5 view .LVU863
 2708 0064 FFF7FEFF 		bl	Error_Handler
 2709              	.LVL124:
 2710 0068 F0E7     		b	.L182
 2711              	.L188:
 2712 006a 00BF     		.align	2
 2713              	.L187:
 2714 006c 00000000 		.word	.LANCHOR13
 2715 0070 00200040 		.word	1073750016
 2716              		.cfi_endproc
 2717              	.LFE341:
 2719              		.section	.text.HAL_TIM_Base_MspDeInit,"ax",%progbits
 2720              		.align	1
 2721              		.global	HAL_TIM_Base_MspDeInit
 2722              		.syntax unified
 2723              		.thumb
 2724              		.thumb_func
 2726              	HAL_TIM_Base_MspDeInit:
 2727              	.LVL125:
ARM GAS  C:\Users\simon\AppData\Local\Temp\ccaQjVzT.s 			page 72


 2728              	.LFB350:
 950:Src/tim.c     **** 
 951:Src/tim.c     **** void HAL_TIM_Base_MspDeInit(TIM_HandleTypeDef* tim_baseHandle)
 952:Src/tim.c     **** {
 2729              		.loc 1 952 1 view -0
 2730              		.cfi_startproc
 2731              		@ args = 0, pretend = 0, frame = 0
 2732              		@ frame_needed = 0, uses_anonymous_args = 0
 2733              		.loc 1 952 1 is_stmt 0 view .LVU865
 2734 0000 08B5     		push	{r3, lr}
 2735              	.LCFI65:
 2736              		.cfi_def_cfa_offset 8
 2737              		.cfi_offset 3, -8
 2738              		.cfi_offset 14, -4
 953:Src/tim.c     **** 
 954:Src/tim.c     ****   if(tim_baseHandle->Instance==TIM1)
 2739              		.loc 1 954 3 is_stmt 1 view .LVU866
 2740              		.loc 1 954 20 is_stmt 0 view .LVU867
 2741 0002 0368     		ldr	r3, [r0]
 2742              		.loc 1 954 5 view .LVU868
 2743 0004 314A     		ldr	r2, .L206
 2744 0006 9342     		cmp	r3, r2
 2745 0008 1CD0     		beq	.L199
 955:Src/tim.c     ****   {
 956:Src/tim.c     ****   /* USER CODE BEGIN TIM1_MspDeInit 0 */
 957:Src/tim.c     **** 
 958:Src/tim.c     ****   /* USER CODE END TIM1_MspDeInit 0 */
 959:Src/tim.c     ****     /* Peripheral clock disable */
 960:Src/tim.c     ****     __HAL_RCC_TIM1_CLK_DISABLE();
 961:Src/tim.c     **** 
 962:Src/tim.c     ****     /* TIM1 interrupt Deinit */
 963:Src/tim.c     ****     HAL_NVIC_DisableIRQ(TIM1_UP_IRQn);
 964:Src/tim.c     ****   /* USER CODE BEGIN TIM1_MspDeInit 1 */
 965:Src/tim.c     **** 
 966:Src/tim.c     ****   /* USER CODE END TIM1_MspDeInit 1 */
 967:Src/tim.c     ****   }
 968:Src/tim.c     ****   else if(tim_baseHandle->Instance==TIM4)
 2746              		.loc 1 968 8 is_stmt 1 view .LVU869
 2747              		.loc 1 968 10 is_stmt 0 view .LVU870
 2748 000a 314A     		ldr	r2, .L206+4
 2749 000c 9342     		cmp	r3, r2
 2750 000e 24D0     		beq	.L200
 969:Src/tim.c     ****   {
 970:Src/tim.c     ****   /* USER CODE BEGIN TIM4_MspDeInit 0 */
 971:Src/tim.c     **** 
 972:Src/tim.c     ****   /* USER CODE END TIM4_MspDeInit 0 */
 973:Src/tim.c     ****     /* Peripheral clock disable */
 974:Src/tim.c     ****     __HAL_RCC_TIM4_CLK_DISABLE();
 975:Src/tim.c     **** 
 976:Src/tim.c     ****     /**TIM4 GPIO Configuration
 977:Src/tim.c     ****     PB8     ------> TIM4_CH3
 978:Src/tim.c     ****     */
 979:Src/tim.c     ****     HAL_GPIO_DeInit(GPIOB, GPIO_PIN_8);
 980:Src/tim.c     **** 
 981:Src/tim.c     ****     /* TIM4 interrupt Deinit */
 982:Src/tim.c     ****     HAL_NVIC_DisableIRQ(TIM4_IRQn);
 983:Src/tim.c     ****   /* USER CODE BEGIN TIM4_MspDeInit 1 */
ARM GAS  C:\Users\simon\AppData\Local\Temp\ccaQjVzT.s 			page 73


 984:Src/tim.c     **** 
 985:Src/tim.c     ****   /* USER CODE END TIM4_MspDeInit 1 */
 986:Src/tim.c     ****   }
 987:Src/tim.c     ****   else if(tim_baseHandle->Instance==TIM6)
 2751              		.loc 1 987 8 is_stmt 1 view .LVU871
 2752              		.loc 1 987 10 is_stmt 0 view .LVU872
 2753 0010 304A     		ldr	r2, .L206+8
 2754 0012 9342     		cmp	r3, r2
 2755 0014 31D0     		beq	.L201
 988:Src/tim.c     ****   {
 989:Src/tim.c     ****   /* USER CODE BEGIN TIM6_MspDeInit 0 */
 990:Src/tim.c     **** 
 991:Src/tim.c     ****   /* USER CODE END TIM6_MspDeInit 0 */
 992:Src/tim.c     ****     /* Peripheral clock disable */
 993:Src/tim.c     ****     __HAL_RCC_TIM6_CLK_DISABLE();
 994:Src/tim.c     ****   /* USER CODE BEGIN TIM6_MspDeInit 1 */
 995:Src/tim.c     **** 
 996:Src/tim.c     ****   /* USER CODE END TIM6_MspDeInit 1 */
 997:Src/tim.c     ****   }
 998:Src/tim.c     ****   else if(tim_baseHandle->Instance==TIM7)
 2756              		.loc 1 998 8 is_stmt 1 view .LVU873
 2757              		.loc 1 998 10 is_stmt 0 view .LVU874
 2758 0016 304A     		ldr	r2, .L206+12
 2759 0018 9342     		cmp	r3, r2
 2760 001a 36D0     		beq	.L202
 999:Src/tim.c     ****   {
1000:Src/tim.c     ****   /* USER CODE BEGIN TIM7_MspDeInit 0 */
1001:Src/tim.c     **** 
1002:Src/tim.c     ****   /* USER CODE END TIM7_MspDeInit 0 */
1003:Src/tim.c     ****     /* Peripheral clock disable */
1004:Src/tim.c     ****     __HAL_RCC_TIM7_CLK_DISABLE();
1005:Src/tim.c     ****   /* USER CODE BEGIN TIM7_MspDeInit 1 */
1006:Src/tim.c     **** 
1007:Src/tim.c     ****   /* USER CODE END TIM7_MspDeInit 1 */
1008:Src/tim.c     ****   }
1009:Src/tim.c     ****   else if(tim_baseHandle->Instance==TIM13)
 2761              		.loc 1 1009 8 is_stmt 1 view .LVU875
 2762              		.loc 1 1009 10 is_stmt 0 view .LVU876
 2763 001c 2F4A     		ldr	r2, .L206+16
 2764 001e 9342     		cmp	r3, r2
 2765 0020 3BD0     		beq	.L203
1010:Src/tim.c     ****   {
1011:Src/tim.c     ****   /* USER CODE BEGIN TIM13_MspDeInit 0 */
1012:Src/tim.c     **** 
1013:Src/tim.c     ****   /* USER CODE END TIM13_MspDeInit 0 */
1014:Src/tim.c     ****     /* Peripheral clock disable */
1015:Src/tim.c     ****     __HAL_RCC_TIM13_CLK_DISABLE();
1016:Src/tim.c     ****   /* USER CODE BEGIN TIM13_MspDeInit 1 */
1017:Src/tim.c     **** 
1018:Src/tim.c     ****   /* USER CODE END TIM13_MspDeInit 1 */
1019:Src/tim.c     ****   }
1020:Src/tim.c     ****   else if(tim_baseHandle->Instance==TIM14)
 2766              		.loc 1 1020 8 is_stmt 1 view .LVU877
 2767              		.loc 1 1020 10 is_stmt 0 view .LVU878
 2768 0022 2F4A     		ldr	r2, .L206+20
 2769 0024 9342     		cmp	r3, r2
 2770 0026 40D0     		beq	.L204
ARM GAS  C:\Users\simon\AppData\Local\Temp\ccaQjVzT.s 			page 74


1021:Src/tim.c     ****   {
1022:Src/tim.c     ****   /* USER CODE BEGIN TIM14_MspDeInit 0 */
1023:Src/tim.c     **** 
1024:Src/tim.c     ****   /* USER CODE END TIM14_MspDeInit 0 */
1025:Src/tim.c     ****     /* Peripheral clock disable */
1026:Src/tim.c     ****     __HAL_RCC_TIM14_CLK_DISABLE();
1027:Src/tim.c     ****   /* USER CODE BEGIN TIM14_MspDeInit 1 */
1028:Src/tim.c     **** 
1029:Src/tim.c     ****   /* USER CODE END TIM14_MspDeInit 1 */
1030:Src/tim.c     ****   }
1031:Src/tim.c     ****   else if(tim_baseHandle->Instance==TIM16)
 2771              		.loc 1 1031 8 is_stmt 1 view .LVU879
 2772              		.loc 1 1031 10 is_stmt 0 view .LVU880
 2773 0028 2E4A     		ldr	r2, .L206+24
 2774 002a 9342     		cmp	r3, r2
 2775 002c 45D0     		beq	.L205
1032:Src/tim.c     ****   {
1033:Src/tim.c     ****   /* USER CODE BEGIN TIM16_MspDeInit 0 */
1034:Src/tim.c     **** 
1035:Src/tim.c     ****   /* USER CODE END TIM16_MspDeInit 0 */
1036:Src/tim.c     ****     /* Peripheral clock disable */
1037:Src/tim.c     ****     __HAL_RCC_TIM16_CLK_DISABLE();
1038:Src/tim.c     ****   /* USER CODE BEGIN TIM16_MspDeInit 1 */
1039:Src/tim.c     **** 
1040:Src/tim.c     ****   /* USER CODE END TIM16_MspDeInit 1 */
1041:Src/tim.c     ****   }
1042:Src/tim.c     ****   else if(tim_baseHandle->Instance==TIM17)
 2776              		.loc 1 1042 8 is_stmt 1 view .LVU881
 2777              		.loc 1 1042 10 is_stmt 0 view .LVU882
 2778 002e 2E4A     		ldr	r2, .L206+28
 2779 0030 9342     		cmp	r3, r2
 2780 0032 29D1     		bne	.L189
1043:Src/tim.c     ****   {
1044:Src/tim.c     ****   /* USER CODE BEGIN TIM17_MspDeInit 0 */
1045:Src/tim.c     **** 
1046:Src/tim.c     ****   /* USER CODE END TIM17_MspDeInit 0 */
1047:Src/tim.c     ****     /* Peripheral clock disable */
1048:Src/tim.c     ****     __HAL_RCC_TIM17_CLK_DISABLE();
 2781              		.loc 1 1048 5 is_stmt 1 view .LVU883
 2782 0034 2D4A     		ldr	r2, .L206+32
 2783 0036 D2F8F030 		ldr	r3, [r2, #240]
 2784 003a 23F48023 		bic	r3, r3, #262144
 2785 003e C2F8F030 		str	r3, [r2, #240]
1049:Src/tim.c     ****   /* USER CODE BEGIN TIM17_MspDeInit 1 */
1050:Src/tim.c     **** 
1051:Src/tim.c     ****   /* USER CODE END TIM17_MspDeInit 1 */
1052:Src/tim.c     ****   }
1053:Src/tim.c     **** }
 2786              		.loc 1 1053 1 is_stmt 0 view .LVU884
 2787 0042 21E0     		b	.L189
 2788              	.L199:
 960:Src/tim.c     **** 
 2789              		.loc 1 960 5 is_stmt 1 view .LVU885
 2790 0044 294A     		ldr	r2, .L206+32
 2791 0046 D2F8F030 		ldr	r3, [r2, #240]
 2792 004a 23F00103 		bic	r3, r3, #1
 2793 004e C2F8F030 		str	r3, [r2, #240]
ARM GAS  C:\Users\simon\AppData\Local\Temp\ccaQjVzT.s 			page 75


 963:Src/tim.c     ****   /* USER CODE BEGIN TIM1_MspDeInit 1 */
 2794              		.loc 1 963 5 view .LVU886
 2795 0052 1920     		movs	r0, #25
 2796              	.LVL126:
 963:Src/tim.c     ****   /* USER CODE BEGIN TIM1_MspDeInit 1 */
 2797              		.loc 1 963 5 is_stmt 0 view .LVU887
 2798 0054 FFF7FEFF 		bl	HAL_NVIC_DisableIRQ
 2799              	.LVL127:
 2800 0058 16E0     		b	.L189
 2801              	.LVL128:
 2802              	.L200:
 974:Src/tim.c     **** 
 2803              		.loc 1 974 5 is_stmt 1 view .LVU888
 2804 005a 244A     		ldr	r2, .L206+32
 2805 005c D2F8E830 		ldr	r3, [r2, #232]
 2806 0060 23F00403 		bic	r3, r3, #4
 2807 0064 C2F8E830 		str	r3, [r2, #232]
 979:Src/tim.c     **** 
 2808              		.loc 1 979 5 view .LVU889
 2809 0068 4FF48071 		mov	r1, #256
 2810 006c 2048     		ldr	r0, .L206+36
 2811              	.LVL129:
 979:Src/tim.c     **** 
 2812              		.loc 1 979 5 is_stmt 0 view .LVU890
 2813 006e FFF7FEFF 		bl	HAL_GPIO_DeInit
 2814              	.LVL130:
 982:Src/tim.c     ****   /* USER CODE BEGIN TIM4_MspDeInit 1 */
 2815              		.loc 1 982 5 is_stmt 1 view .LVU891
 2816 0072 1E20     		movs	r0, #30
 2817 0074 FFF7FEFF 		bl	HAL_NVIC_DisableIRQ
 2818              	.LVL131:
 2819 0078 06E0     		b	.L189
 2820              	.LVL132:
 2821              	.L201:
 993:Src/tim.c     ****   /* USER CODE BEGIN TIM6_MspDeInit 1 */
 2822              		.loc 1 993 5 view .LVU892
 2823 007a 1C4A     		ldr	r2, .L206+32
 2824 007c D2F8E830 		ldr	r3, [r2, #232]
 2825 0080 23F01003 		bic	r3, r3, #16
 2826 0084 C2F8E830 		str	r3, [r2, #232]
 2827              	.LVL133:
 2828              	.L189:
 2829              		.loc 1 1053 1 is_stmt 0 view .LVU893
 2830 0088 08BD     		pop	{r3, pc}
 2831              	.LVL134:
 2832              	.L202:
1004:Src/tim.c     ****   /* USER CODE BEGIN TIM7_MspDeInit 1 */
 2833              		.loc 1 1004 5 is_stmt 1 view .LVU894
 2834 008a 184A     		ldr	r2, .L206+32
 2835 008c D2F8E830 		ldr	r3, [r2, #232]
 2836 0090 23F02003 		bic	r3, r3, #32
 2837 0094 C2F8E830 		str	r3, [r2, #232]
 2838 0098 F6E7     		b	.L189
 2839              	.L203:
1015:Src/tim.c     ****   /* USER CODE BEGIN TIM13_MspDeInit 1 */
 2840              		.loc 1 1015 5 view .LVU895
 2841 009a 144A     		ldr	r2, .L206+32
ARM GAS  C:\Users\simon\AppData\Local\Temp\ccaQjVzT.s 			page 76


 2842 009c D2F8E830 		ldr	r3, [r2, #232]
 2843 00a0 23F08003 		bic	r3, r3, #128
 2844 00a4 C2F8E830 		str	r3, [r2, #232]
 2845 00a8 EEE7     		b	.L189
 2846              	.L204:
1026:Src/tim.c     ****   /* USER CODE BEGIN TIM14_MspDeInit 1 */
 2847              		.loc 1 1026 5 view .LVU896
 2848 00aa 104A     		ldr	r2, .L206+32
 2849 00ac D2F8E830 		ldr	r3, [r2, #232]
 2850 00b0 23F48073 		bic	r3, r3, #256
 2851 00b4 C2F8E830 		str	r3, [r2, #232]
 2852 00b8 E6E7     		b	.L189
 2853              	.L205:
1037:Src/tim.c     ****   /* USER CODE BEGIN TIM16_MspDeInit 1 */
 2854              		.loc 1 1037 5 view .LVU897
 2855 00ba 0C4A     		ldr	r2, .L206+32
 2856 00bc D2F8F030 		ldr	r3, [r2, #240]
 2857 00c0 23F40033 		bic	r3, r3, #131072
 2858 00c4 C2F8F030 		str	r3, [r2, #240]
 2859 00c8 DEE7     		b	.L189
 2860              	.L207:
 2861 00ca 00BF     		.align	2
 2862              	.L206:
 2863 00cc 00000140 		.word	1073807360
 2864 00d0 00080040 		.word	1073743872
 2865 00d4 00100040 		.word	1073745920
 2866 00d8 00140040 		.word	1073746944
 2867 00dc 001C0040 		.word	1073748992
 2868 00e0 00200040 		.word	1073750016
 2869 00e4 00440140 		.word	1073824768
 2870 00e8 00480140 		.word	1073825792
 2871 00ec 00440258 		.word	1476543488
 2872 00f0 00040258 		.word	1476527104
 2873              		.cfi_endproc
 2874              	.LFE350:
 2876              		.section	.text.HAL_TIM_IC_MspDeInit,"ax",%progbits
 2877              		.align	1
 2878              		.global	HAL_TIM_IC_MspDeInit
 2879              		.syntax unified
 2880              		.thumb
 2881              		.thumb_func
 2883              	HAL_TIM_IC_MspDeInit:
 2884              	.LVL135:
 2885              	.LFB351:
1054:Src/tim.c     **** 
1055:Src/tim.c     **** void HAL_TIM_IC_MspDeInit(TIM_HandleTypeDef* tim_icHandle)
1056:Src/tim.c     **** {
 2886              		.loc 1 1056 1 view -0
 2887              		.cfi_startproc
 2888              		@ args = 0, pretend = 0, frame = 0
 2889              		@ frame_needed = 0, uses_anonymous_args = 0
 2890              		.loc 1 1056 1 is_stmt 0 view .LVU899
 2891 0000 08B5     		push	{r3, lr}
 2892              	.LCFI66:
 2893              		.cfi_def_cfa_offset 8
 2894              		.cfi_offset 3, -8
 2895              		.cfi_offset 14, -4
ARM GAS  C:\Users\simon\AppData\Local\Temp\ccaQjVzT.s 			page 77


1057:Src/tim.c     **** 
1058:Src/tim.c     ****   if(tim_icHandle->Instance==TIM2)
 2896              		.loc 1 1058 3 is_stmt 1 view .LVU900
 2897              		.loc 1 1058 18 is_stmt 0 view .LVU901
 2898 0002 0368     		ldr	r3, [r0]
 2899              		.loc 1 1058 5 view .LVU902
 2900 0004 B3F1804F 		cmp	r3, #1073741824
 2901 0008 06D0     		beq	.L213
1059:Src/tim.c     ****   {
1060:Src/tim.c     ****   /* USER CODE BEGIN TIM2_MspDeInit 0 */
1061:Src/tim.c     **** 
1062:Src/tim.c     ****   /* USER CODE END TIM2_MspDeInit 0 */
1063:Src/tim.c     ****     /* Peripheral clock disable */
1064:Src/tim.c     ****     __HAL_RCC_TIM2_CLK_DISABLE();
1065:Src/tim.c     **** 
1066:Src/tim.c     ****     /**TIM2 GPIO Configuration
1067:Src/tim.c     ****     PA0     ------> TIM2_CH1
1068:Src/tim.c     ****     PB10     ------> TIM2_CH3
1069:Src/tim.c     ****     PA3     ------> TIM2_CH4
1070:Src/tim.c     ****     */
1071:Src/tim.c     ****     HAL_GPIO_DeInit(GPIOA, GPIO_PIN_0|GPIO_PIN_3);
1072:Src/tim.c     **** 
1073:Src/tim.c     ****     HAL_GPIO_DeInit(GPIOB, GPIO_PIN_10);
1074:Src/tim.c     **** 
1075:Src/tim.c     ****   /* USER CODE BEGIN TIM2_MspDeInit 1 */
1076:Src/tim.c     **** 
1077:Src/tim.c     ****   /* USER CODE END TIM2_MspDeInit 1 */
1078:Src/tim.c     ****   }
1079:Src/tim.c     ****   else if(tim_icHandle->Instance==TIM12)
 2902              		.loc 1 1079 8 is_stmt 1 view .LVU903
 2903              		.loc 1 1079 10 is_stmt 0 view .LVU904
 2904 000a 184A     		ldr	r2, .L216
 2905 000c 9342     		cmp	r3, r2
 2906 000e 14D0     		beq	.L214
1080:Src/tim.c     ****   {
1081:Src/tim.c     ****   /* USER CODE BEGIN TIM12_MspDeInit 0 */
1082:Src/tim.c     **** 
1083:Src/tim.c     ****   /* USER CODE END TIM12_MspDeInit 0 */
1084:Src/tim.c     ****     /* Peripheral clock disable */
1085:Src/tim.c     ****     __HAL_RCC_TIM12_CLK_DISABLE();
1086:Src/tim.c     **** 
1087:Src/tim.c     ****     /**TIM12 GPIO Configuration
1088:Src/tim.c     ****     PH6     ------> TIM12_CH1
1089:Src/tim.c     ****     */
1090:Src/tim.c     ****     HAL_GPIO_DeInit(GPIOH, GPIO_PIN_6);
1091:Src/tim.c     **** 
1092:Src/tim.c     ****   /* USER CODE BEGIN TIM12_MspDeInit 1 */
1093:Src/tim.c     **** 
1094:Src/tim.c     ****   /* USER CODE END TIM12_MspDeInit 1 */
1095:Src/tim.c     ****   }
1096:Src/tim.c     ****   else if(tim_icHandle->Instance==TIM15)
 2907              		.loc 1 1096 8 is_stmt 1 view .LVU905
 2908              		.loc 1 1096 10 is_stmt 0 view .LVU906
 2909 0010 174A     		ldr	r2, .L216+4
 2910 0012 9342     		cmp	r3, r2
 2911 0014 1DD0     		beq	.L215
 2912              	.LVL136:
ARM GAS  C:\Users\simon\AppData\Local\Temp\ccaQjVzT.s 			page 78


 2913              	.L208:
1097:Src/tim.c     ****   {
1098:Src/tim.c     ****   /* USER CODE BEGIN TIM15_MspDeInit 0 */
1099:Src/tim.c     **** 
1100:Src/tim.c     ****   /* USER CODE END TIM15_MspDeInit 0 */
1101:Src/tim.c     ****     /* Peripheral clock disable */
1102:Src/tim.c     ****     __HAL_RCC_TIM15_CLK_DISABLE();
1103:Src/tim.c     **** 
1104:Src/tim.c     ****     /**TIM15 GPIO Configuration
1105:Src/tim.c     ****     PE6     ------> TIM15_CH2
1106:Src/tim.c     ****     */
1107:Src/tim.c     ****     HAL_GPIO_DeInit(GPIOE, GPIO_PIN_6);
1108:Src/tim.c     **** 
1109:Src/tim.c     ****   /* USER CODE BEGIN TIM15_MspDeInit 1 */
1110:Src/tim.c     **** 
1111:Src/tim.c     ****   /* USER CODE END TIM15_MspDeInit 1 */
1112:Src/tim.c     ****   }
1113:Src/tim.c     **** }
 2914              		.loc 1 1113 1 view .LVU907
 2915 0016 08BD     		pop	{r3, pc}
 2916              	.LVL137:
 2917              	.L213:
1064:Src/tim.c     **** 
 2918              		.loc 1 1064 5 is_stmt 1 view .LVU908
 2919 0018 164A     		ldr	r2, .L216+8
 2920 001a D2F8E830 		ldr	r3, [r2, #232]
 2921 001e 23F00103 		bic	r3, r3, #1
 2922 0022 C2F8E830 		str	r3, [r2, #232]
1071:Src/tim.c     **** 
 2923              		.loc 1 1071 5 view .LVU909
 2924 0026 0921     		movs	r1, #9
 2925 0028 1348     		ldr	r0, .L216+12
 2926              	.LVL138:
1071:Src/tim.c     **** 
 2927              		.loc 1 1071 5 is_stmt 0 view .LVU910
 2928 002a FFF7FEFF 		bl	HAL_GPIO_DeInit
 2929              	.LVL139:
1073:Src/tim.c     **** 
 2930              		.loc 1 1073 5 is_stmt 1 view .LVU911
 2931 002e 4FF48061 		mov	r1, #1024
 2932 0032 1248     		ldr	r0, .L216+16
 2933 0034 FFF7FEFF 		bl	HAL_GPIO_DeInit
 2934              	.LVL140:
 2935 0038 EDE7     		b	.L208
 2936              	.LVL141:
 2937              	.L214:
1085:Src/tim.c     **** 
 2938              		.loc 1 1085 5 view .LVU912
 2939 003a 0E4A     		ldr	r2, .L216+8
 2940 003c D2F8E830 		ldr	r3, [r2, #232]
 2941 0040 23F04003 		bic	r3, r3, #64
 2942 0044 C2F8E830 		str	r3, [r2, #232]
1090:Src/tim.c     **** 
 2943              		.loc 1 1090 5 view .LVU913
 2944 0048 4021     		movs	r1, #64
 2945 004a 0D48     		ldr	r0, .L216+20
 2946              	.LVL142:
ARM GAS  C:\Users\simon\AppData\Local\Temp\ccaQjVzT.s 			page 79


1090:Src/tim.c     **** 
 2947              		.loc 1 1090 5 is_stmt 0 view .LVU914
 2948 004c FFF7FEFF 		bl	HAL_GPIO_DeInit
 2949              	.LVL143:
 2950 0050 E1E7     		b	.L208
 2951              	.LVL144:
 2952              	.L215:
1102:Src/tim.c     **** 
 2953              		.loc 1 1102 5 is_stmt 1 view .LVU915
 2954 0052 084A     		ldr	r2, .L216+8
 2955 0054 D2F8F030 		ldr	r3, [r2, #240]
 2956 0058 23F48033 		bic	r3, r3, #65536
 2957 005c C2F8F030 		str	r3, [r2, #240]
1107:Src/tim.c     **** 
 2958              		.loc 1 1107 5 view .LVU916
 2959 0060 4021     		movs	r1, #64
 2960 0062 0848     		ldr	r0, .L216+24
 2961              	.LVL145:
1107:Src/tim.c     **** 
 2962              		.loc 1 1107 5 is_stmt 0 view .LVU917
 2963 0064 FFF7FEFF 		bl	HAL_GPIO_DeInit
 2964              	.LVL146:
 2965              		.loc 1 1113 1 view .LVU918
 2966 0068 D5E7     		b	.L208
 2967              	.L217:
 2968 006a 00BF     		.align	2
 2969              	.L216:
 2970 006c 00180040 		.word	1073747968
 2971 0070 00400140 		.word	1073823744
 2972 0074 00440258 		.word	1476543488
 2973 0078 00000258 		.word	1476526080
 2974 007c 00040258 		.word	1476527104
 2975 0080 001C0258 		.word	1476533248
 2976 0084 00100258 		.word	1476530176
 2977              		.cfi_endproc
 2978              	.LFE351:
 2980              		.section	.text.HAL_TIM_PWM_MspDeInit,"ax",%progbits
 2981              		.align	1
 2982              		.global	HAL_TIM_PWM_MspDeInit
 2983              		.syntax unified
 2984              		.thumb
 2985              		.thumb_func
 2987              	HAL_TIM_PWM_MspDeInit:
 2988              	.LVL147:
 2989              	.LFB352:
1114:Src/tim.c     **** 
1115:Src/tim.c     **** void HAL_TIM_PWM_MspDeInit(TIM_HandleTypeDef* tim_pwmHandle)
1116:Src/tim.c     **** {
 2990              		.loc 1 1116 1 is_stmt 1 view -0
 2991              		.cfi_startproc
 2992              		@ args = 0, pretend = 0, frame = 0
 2993              		@ frame_needed = 0, uses_anonymous_args = 0
 2994              		@ link register save eliminated.
1117:Src/tim.c     **** 
1118:Src/tim.c     ****   if(tim_pwmHandle->Instance==TIM3)
 2995              		.loc 1 1118 3 view .LVU920
 2996              		.loc 1 1118 19 is_stmt 0 view .LVU921
ARM GAS  C:\Users\simon\AppData\Local\Temp\ccaQjVzT.s 			page 80


 2997 0000 0268     		ldr	r2, [r0]
 2998              		.loc 1 1118 5 view .LVU922
 2999 0002 064B     		ldr	r3, .L221
 3000 0004 9A42     		cmp	r2, r3
 3001 0006 00D0     		beq	.L220
 3002              	.L218:
1119:Src/tim.c     ****   {
1120:Src/tim.c     ****   /* USER CODE BEGIN TIM3_MspDeInit 0 */
1121:Src/tim.c     **** 
1122:Src/tim.c     ****   /* USER CODE END TIM3_MspDeInit 0 */
1123:Src/tim.c     ****     /* Peripheral clock disable */
1124:Src/tim.c     ****     __HAL_RCC_TIM3_CLK_DISABLE();
1125:Src/tim.c     ****   /* USER CODE BEGIN TIM3_MspDeInit 1 */
1126:Src/tim.c     **** 
1127:Src/tim.c     ****   /* USER CODE END TIM3_MspDeInit 1 */
1128:Src/tim.c     ****   }
1129:Src/tim.c     **** }
 3003              		.loc 1 1129 1 view .LVU923
 3004 0008 7047     		bx	lr
 3005              	.L220:
1124:Src/tim.c     ****   /* USER CODE BEGIN TIM3_MspDeInit 1 */
 3006              		.loc 1 1124 5 is_stmt 1 view .LVU924
 3007 000a 054A     		ldr	r2, .L221+4
 3008 000c D2F8E830 		ldr	r3, [r2, #232]
 3009 0010 23F00203 		bic	r3, r3, #2
 3010 0014 C2F8E830 		str	r3, [r2, #232]
 3011              		.loc 1 1129 1 is_stmt 0 view .LVU925
 3012 0018 F6E7     		b	.L218
 3013              	.L222:
 3014 001a 00BF     		.align	2
 3015              	.L221:
 3016 001c 00040040 		.word	1073742848
 3017 0020 00440258 		.word	1476543488
 3018              		.cfi_endproc
 3019              	.LFE352:
 3021              		.section	.text.HAL_TIM_Encoder_MspDeInit,"ax",%progbits
 3022              		.align	1
 3023              		.global	HAL_TIM_Encoder_MspDeInit
 3024              		.syntax unified
 3025              		.thumb
 3026              		.thumb_func
 3028              	HAL_TIM_Encoder_MspDeInit:
 3029              	.LVL148:
 3030              	.LFB353:
1130:Src/tim.c     **** 
1131:Src/tim.c     **** void HAL_TIM_Encoder_MspDeInit(TIM_HandleTypeDef* tim_encoderHandle)
1132:Src/tim.c     **** {
 3031              		.loc 1 1132 1 is_stmt 1 view -0
 3032              		.cfi_startproc
 3033              		@ args = 0, pretend = 0, frame = 0
 3034              		@ frame_needed = 0, uses_anonymous_args = 0
 3035              		.loc 1 1132 1 is_stmt 0 view .LVU927
 3036 0000 08B5     		push	{r3, lr}
 3037              	.LCFI67:
 3038              		.cfi_def_cfa_offset 8
 3039              		.cfi_offset 3, -8
 3040              		.cfi_offset 14, -4
ARM GAS  C:\Users\simon\AppData\Local\Temp\ccaQjVzT.s 			page 81


1133:Src/tim.c     **** 
1134:Src/tim.c     ****   if(tim_encoderHandle->Instance==TIM5)
 3041              		.loc 1 1134 3 is_stmt 1 view .LVU928
 3042              		.loc 1 1134 23 is_stmt 0 view .LVU929
 3043 0002 0368     		ldr	r3, [r0]
 3044              		.loc 1 1134 5 view .LVU930
 3045 0004 0F4A     		ldr	r2, .L229
 3046 0006 9342     		cmp	r3, r2
 3047 0008 03D0     		beq	.L227
1135:Src/tim.c     ****   {
1136:Src/tim.c     ****   /* USER CODE BEGIN TIM5_MspDeInit 0 */
1137:Src/tim.c     **** 
1138:Src/tim.c     ****   /* USER CODE END TIM5_MspDeInit 0 */
1139:Src/tim.c     ****     /* Peripheral clock disable */
1140:Src/tim.c     ****     __HAL_RCC_TIM5_CLK_DISABLE();
1141:Src/tim.c     **** 
1142:Src/tim.c     ****     /**TIM5 GPIO Configuration
1143:Src/tim.c     ****     PH10     ------> TIM5_CH1
1144:Src/tim.c     ****     PH11     ------> TIM5_CH2
1145:Src/tim.c     ****     */
1146:Src/tim.c     ****     HAL_GPIO_DeInit(GPIOH, GPIO_PIN_10|GPIO_PIN_11);
1147:Src/tim.c     **** 
1148:Src/tim.c     ****   /* USER CODE BEGIN TIM5_MspDeInit 1 */
1149:Src/tim.c     **** 
1150:Src/tim.c     ****   /* USER CODE END TIM5_MspDeInit 1 */
1151:Src/tim.c     ****   }
1152:Src/tim.c     ****   else if(tim_encoderHandle->Instance==TIM8)
 3048              		.loc 1 1152 8 is_stmt 1 view .LVU931
 3049              		.loc 1 1152 10 is_stmt 0 view .LVU932
 3050 000a 0F4A     		ldr	r2, .L229+4
 3051 000c 9342     		cmp	r3, r2
 3052 000e 0DD0     		beq	.L228
 3053              	.LVL149:
 3054              	.L223:
1153:Src/tim.c     ****   {
1154:Src/tim.c     ****   /* USER CODE BEGIN TIM8_MspDeInit 0 */
1155:Src/tim.c     **** 
1156:Src/tim.c     ****   /* USER CODE END TIM8_MspDeInit 0 */
1157:Src/tim.c     ****     /* Peripheral clock disable */
1158:Src/tim.c     ****     __HAL_RCC_TIM8_CLK_DISABLE();
1159:Src/tim.c     **** 
1160:Src/tim.c     ****     /**TIM8 GPIO Configuration
1161:Src/tim.c     ****     PI6     ------> TIM8_CH2
1162:Src/tim.c     ****     PI5     ------> TIM8_CH1
1163:Src/tim.c     ****     */
1164:Src/tim.c     ****     HAL_GPIO_DeInit(GPIOI, GPIO_PIN_6|GPIO_PIN_5);
1165:Src/tim.c     **** 
1166:Src/tim.c     ****   /* USER CODE BEGIN TIM8_MspDeInit 1 */
1167:Src/tim.c     **** 
1168:Src/tim.c     ****   /* USER CODE END TIM8_MspDeInit 1 */
1169:Src/tim.c     ****   }
1170:Src/tim.c     **** }
 3055              		.loc 1 1170 1 view .LVU933
 3056 0010 08BD     		pop	{r3, pc}
 3057              	.LVL150:
 3058              	.L227:
1140:Src/tim.c     **** 
ARM GAS  C:\Users\simon\AppData\Local\Temp\ccaQjVzT.s 			page 82


 3059              		.loc 1 1140 5 is_stmt 1 view .LVU934
 3060 0012 0E4A     		ldr	r2, .L229+8
 3061 0014 D2F8E830 		ldr	r3, [r2, #232]
 3062 0018 23F00803 		bic	r3, r3, #8
 3063 001c C2F8E830 		str	r3, [r2, #232]
1146:Src/tim.c     **** 
 3064              		.loc 1 1146 5 view .LVU935
 3065 0020 4FF44061 		mov	r1, #3072
 3066 0024 0A48     		ldr	r0, .L229+12
 3067              	.LVL151:
1146:Src/tim.c     **** 
 3068              		.loc 1 1146 5 is_stmt 0 view .LVU936
 3069 0026 FFF7FEFF 		bl	HAL_GPIO_DeInit
 3070              	.LVL152:
 3071 002a F1E7     		b	.L223
 3072              	.LVL153:
 3073              	.L228:
1158:Src/tim.c     **** 
 3074              		.loc 1 1158 5 is_stmt 1 view .LVU937
 3075 002c 074A     		ldr	r2, .L229+8
 3076 002e D2F8F030 		ldr	r3, [r2, #240]
 3077 0032 23F00203 		bic	r3, r3, #2
 3078 0036 C2F8F030 		str	r3, [r2, #240]
1164:Src/tim.c     **** 
 3079              		.loc 1 1164 5 view .LVU938
 3080 003a 6021     		movs	r1, #96
 3081 003c 0548     		ldr	r0, .L229+16
 3082              	.LVL154:
1164:Src/tim.c     **** 
 3083              		.loc 1 1164 5 is_stmt 0 view .LVU939
 3084 003e FFF7FEFF 		bl	HAL_GPIO_DeInit
 3085              	.LVL155:
 3086              		.loc 1 1170 1 view .LVU940
 3087 0042 E5E7     		b	.L223
 3088              	.L230:
 3089              		.align	2
 3090              	.L229:
 3091 0044 000C0040 		.word	1073744896
 3092 0048 00040140 		.word	1073808384
 3093 004c 00440258 		.word	1476543488
 3094 0050 001C0258 		.word	1476533248
 3095 0054 00200258 		.word	1476534272
 3096              		.cfi_endproc
 3097              	.LFE353:
 3099              		.global	htim17
 3100              		.global	htim16
 3101              		.global	htim15
 3102              		.global	htim14
 3103              		.global	htim13
 3104              		.global	htim12
 3105              		.global	htim8
 3106              		.global	htim7
 3107              		.global	htim6
 3108              		.global	htim5
 3109              		.global	htim4
 3110              		.global	htim3
 3111              		.global	htim2
ARM GAS  C:\Users\simon\AppData\Local\Temp\ccaQjVzT.s 			page 83


 3112              		.global	htim1
 3113              		.section	.bss.htim1,"aw",%nobits
 3114              		.align	2
 3115              		.set	.LANCHOR0,. + 0
 3118              	htim1:
 3119 0000 00000000 		.space	76
 3119      00000000 
 3119      00000000 
 3119      00000000 
 3119      00000000 
 3120              		.section	.bss.htim12,"aw",%nobits
 3121              		.align	2
 3122              		.set	.LANCHOR6,. + 0
 3125              	htim12:
 3126 0000 00000000 		.space	76
 3126      00000000 
 3126      00000000 
 3126      00000000 
 3126      00000000 
 3127              		.section	.bss.htim13,"aw",%nobits
 3128              		.align	2
 3129              		.set	.LANCHOR7,. + 0
 3132              	htim13:
 3133 0000 00000000 		.space	76
 3133      00000000 
 3133      00000000 
 3133      00000000 
 3133      00000000 
 3134              		.section	.bss.htim14,"aw",%nobits
 3135              		.align	2
 3136              		.set	.LANCHOR13,. + 0
 3139              	htim14:
 3140 0000 00000000 		.space	76
 3140      00000000 
 3140      00000000 
 3140      00000000 
 3140      00000000 
 3141              		.section	.bss.htim15,"aw",%nobits
 3142              		.align	2
 3143              		.set	.LANCHOR8,. + 0
 3146              	htim15:
 3147 0000 00000000 		.space	76
 3147      00000000 
 3147      00000000 
 3147      00000000 
 3147      00000000 
 3148              		.section	.bss.htim16,"aw",%nobits
 3149              		.align	2
 3150              		.set	.LANCHOR9,. + 0
 3153              	htim16:
 3154 0000 00000000 		.space	76
 3154      00000000 
 3154      00000000 
 3154      00000000 
 3154      00000000 
 3155              		.section	.bss.htim17,"aw",%nobits
 3156              		.align	2
ARM GAS  C:\Users\simon\AppData\Local\Temp\ccaQjVzT.s 			page 84


 3157              		.set	.LANCHOR10,. + 0
 3160              	htim17:
 3161 0000 00000000 		.space	76
 3161      00000000 
 3161      00000000 
 3161      00000000 
 3161      00000000 
 3162              		.section	.bss.htim2,"aw",%nobits
 3163              		.align	2
 3164              		.set	.LANCHOR11,. + 0
 3167              	htim2:
 3168 0000 00000000 		.space	76
 3168      00000000 
 3168      00000000 
 3168      00000000 
 3168      00000000 
 3169              		.section	.bss.htim3,"aw",%nobits
 3170              		.align	2
 3171              		.set	.LANCHOR12,. + 0
 3174              	htim3:
 3175 0000 00000000 		.space	76
 3175      00000000 
 3175      00000000 
 3175      00000000 
 3175      00000000 
 3176              		.section	.bss.htim4,"aw",%nobits
 3177              		.align	2
 3178              		.set	.LANCHOR1,. + 0
 3181              	htim4:
 3182 0000 00000000 		.space	76
 3182      00000000 
 3182      00000000 
 3182      00000000 
 3182      00000000 
 3183              		.section	.bss.htim5,"aw",%nobits
 3184              		.align	2
 3185              		.set	.LANCHOR2,. + 0
 3188              	htim5:
 3189 0000 00000000 		.space	76
 3189      00000000 
 3189      00000000 
 3189      00000000 
 3189      00000000 
 3190              		.section	.bss.htim6,"aw",%nobits
 3191              		.align	2
 3192              		.set	.LANCHOR3,. + 0
 3195              	htim6:
 3196 0000 00000000 		.space	76
 3196      00000000 
 3196      00000000 
 3196      00000000 
 3196      00000000 
 3197              		.section	.bss.htim7,"aw",%nobits
 3198              		.align	2
 3199              		.set	.LANCHOR4,. + 0
 3202              	htim7:
 3203 0000 00000000 		.space	76
ARM GAS  C:\Users\simon\AppData\Local\Temp\ccaQjVzT.s 			page 85


 3203      00000000 
 3203      00000000 
 3203      00000000 
 3203      00000000 
 3204              		.section	.bss.htim8,"aw",%nobits
 3205              		.align	2
 3206              		.set	.LANCHOR5,. + 0
 3209              	htim8:
 3210 0000 00000000 		.space	76
 3210      00000000 
 3210      00000000 
 3210      00000000 
 3210      00000000 
 3211              		.text
 3212              	.Letext0:
 3213              		.file 2 "d:\\nes\\arm\\arm-none-eabi\\include\\machine\\_default_types.h"
 3214              		.file 3 "d:\\nes\\arm\\arm-none-eabi\\include\\sys\\_stdint.h"
 3215              		.file 4 "Drivers/CMSIS/Device/ST/STM32H7xx/Include/stm32h743xx.h"
 3216              		.file 5 "Drivers/STM32H7xx_HAL_Driver/Inc/stm32h7xx_hal_def.h"
 3217              		.file 6 "Drivers/STM32H7xx_HAL_Driver/Inc/stm32h7xx_hal_gpio.h"
 3218              		.file 7 "Drivers/STM32H7xx_HAL_Driver/Inc/stm32h7xx_hal_dma.h"
 3219              		.file 8 "Drivers/STM32H7xx_HAL_Driver/Inc/stm32h7xx_hal_tim.h"
 3220              		.file 9 "Inc/tim.h"
 3221              		.file 10 "Drivers/STM32H7xx_HAL_Driver/Inc/stm32h7xx_hal_cortex.h"
 3222              		.file 11 "Inc/main.h"
 3223              		.file 12 "Drivers/STM32H7xx_HAL_Driver/Inc/stm32h7xx_hal_tim_ex.h"
 3224              		.file 13 "<built-in>"
ARM GAS  C:\Users\simon\AppData\Local\Temp\ccaQjVzT.s 			page 86


DEFINED SYMBOLS
                            *ABS*:00000000 tim.c
C:\Users\simon\AppData\Local\Temp\ccaQjVzT.s:19     .text.MX_TIM1_Init:00000000 $t
C:\Users\simon\AppData\Local\Temp\ccaQjVzT.s:25     .text.MX_TIM1_Init:00000000 MX_TIM1_Init
C:\Users\simon\AppData\Local\Temp\ccaQjVzT.s:144    .text.MX_TIM1_Init:00000070 $d
C:\Users\simon\AppData\Local\Temp\ccaQjVzT.s:150    .text.MX_TIM4_Init:00000000 $t
C:\Users\simon\AppData\Local\Temp\ccaQjVzT.s:156    .text.MX_TIM4_Init:00000000 MX_TIM4_Init
C:\Users\simon\AppData\Local\Temp\ccaQjVzT.s:316    .text.MX_TIM4_Init:000000a0 $d
C:\Users\simon\AppData\Local\Temp\ccaQjVzT.s:322    .text.MX_TIM5_Init:00000000 $t
C:\Users\simon\AppData\Local\Temp\ccaQjVzT.s:328    .text.MX_TIM5_Init:00000000 MX_TIM5_Init
C:\Users\simon\AppData\Local\Temp\ccaQjVzT.s:438    .text.MX_TIM5_Init:0000005c $d
C:\Users\simon\AppData\Local\Temp\ccaQjVzT.s:444    .text.MX_TIM6_Init:00000000 $t
C:\Users\simon\AppData\Local\Temp\ccaQjVzT.s:450    .text.MX_TIM6_Init:00000000 MX_TIM6_Init
C:\Users\simon\AppData\Local\Temp\ccaQjVzT.s:533    .text.MX_TIM6_Init:00000048 $d
C:\Users\simon\AppData\Local\Temp\ccaQjVzT.s:539    .text.MX_TIM7_Init:00000000 $t
C:\Users\simon\AppData\Local\Temp\ccaQjVzT.s:545    .text.MX_TIM7_Init:00000000 MX_TIM7_Init
C:\Users\simon\AppData\Local\Temp\ccaQjVzT.s:628    .text.MX_TIM7_Init:00000048 $d
C:\Users\simon\AppData\Local\Temp\ccaQjVzT.s:634    .text.MX_TIM8_Init:00000000 $t
C:\Users\simon\AppData\Local\Temp\ccaQjVzT.s:640    .text.MX_TIM8_Init:00000000 MX_TIM8_Init
C:\Users\simon\AppData\Local\Temp\ccaQjVzT.s:756    .text.MX_TIM8_Init:00000060 $d
C:\Users\simon\AppData\Local\Temp\ccaQjVzT.s:762    .text.MX_TIM12_Init:00000000 $t
C:\Users\simon\AppData\Local\Temp\ccaQjVzT.s:768    .text.MX_TIM12_Init:00000000 MX_TIM12_Init
C:\Users\simon\AppData\Local\Temp\ccaQjVzT.s:923    .text.MX_TIM12_Init:00000094 $d
C:\Users\simon\AppData\Local\Temp\ccaQjVzT.s:929    .text.MX_TIM13_Init:00000000 $t
C:\Users\simon\AppData\Local\Temp\ccaQjVzT.s:935    .text.MX_TIM13_Init:00000000 MX_TIM13_Init
C:\Users\simon\AppData\Local\Temp\ccaQjVzT.s:986    .text.MX_TIM13_Init:00000028 $d
C:\Users\simon\AppData\Local\Temp\ccaQjVzT.s:992    .text.MX_TIM15_Init:00000000 $t
C:\Users\simon\AppData\Local\Temp\ccaQjVzT.s:998    .text.MX_TIM15_Init:00000000 MX_TIM15_Init
C:\Users\simon\AppData\Local\Temp\ccaQjVzT.s:1122   .text.MX_TIM15_Init:00000074 $d
C:\Users\simon\AppData\Local\Temp\ccaQjVzT.s:1128   .text.MX_TIM16_Init:00000000 $t
C:\Users\simon\AppData\Local\Temp\ccaQjVzT.s:1134   .text.MX_TIM16_Init:00000000 MX_TIM16_Init
C:\Users\simon\AppData\Local\Temp\ccaQjVzT.s:1188   .text.MX_TIM16_Init:00000028 $d
C:\Users\simon\AppData\Local\Temp\ccaQjVzT.s:1194   .text.MX_TIM17_Init:00000000 $t
C:\Users\simon\AppData\Local\Temp\ccaQjVzT.s:1200   .text.MX_TIM17_Init:00000000 MX_TIM17_Init
C:\Users\simon\AppData\Local\Temp\ccaQjVzT.s:1254   .text.MX_TIM17_Init:00000028 $d
C:\Users\simon\AppData\Local\Temp\ccaQjVzT.s:1260   .text.HAL_TIM_Base_MspInit:00000000 $t
C:\Users\simon\AppData\Local\Temp\ccaQjVzT.s:1266   .text.HAL_TIM_Base_MspInit:00000000 HAL_TIM_Base_MspInit
C:\Users\simon\AppData\Local\Temp\ccaQjVzT.s:1548   .text.HAL_TIM_Base_MspInit:00000178 $d
C:\Users\simon\AppData\Local\Temp\ccaQjVzT.s:1562   .text.HAL_TIM_IC_MspInit:00000000 $t
C:\Users\simon\AppData\Local\Temp\ccaQjVzT.s:1568   .text.HAL_TIM_IC_MspInit:00000000 HAL_TIM_IC_MspInit
C:\Users\simon\AppData\Local\Temp\ccaQjVzT.s:1824   .text.HAL_TIM_IC_MspInit:0000012c $d
C:\Users\simon\AppData\Local\Temp\ccaQjVzT.s:1835   .text.HAL_TIM_PWM_MspInit:00000000 $t
C:\Users\simon\AppData\Local\Temp\ccaQjVzT.s:1841   .text.HAL_TIM_PWM_MspInit:00000000 HAL_TIM_PWM_MspInit
C:\Users\simon\AppData\Local\Temp\ccaQjVzT.s:1887   .text.HAL_TIM_PWM_MspInit:0000002c $d
C:\Users\simon\AppData\Local\Temp\ccaQjVzT.s:1893   .text.HAL_TIM_Encoder_MspInit:00000000 $t
C:\Users\simon\AppData\Local\Temp\ccaQjVzT.s:1899   .text.HAL_TIM_Encoder_MspInit:00000000 HAL_TIM_Encoder_MspInit
C:\Users\simon\AppData\Local\Temp\ccaQjVzT.s:2058   .text.HAL_TIM_Encoder_MspInit:000000b4 $d
C:\Users\simon\AppData\Local\Temp\ccaQjVzT.s:2067   .text.HAL_TIM_MspPostInit:00000000 $t
C:\Users\simon\AppData\Local\Temp\ccaQjVzT.s:2073   .text.HAL_TIM_MspPostInit:00000000 HAL_TIM_MspPostInit
C:\Users\simon\AppData\Local\Temp\ccaQjVzT.s:2246   .text.HAL_TIM_MspPostInit:000000bc $d
C:\Users\simon\AppData\Local\Temp\ccaQjVzT.s:2255   .text.MX_TIM2_Init:00000000 $t
C:\Users\simon\AppData\Local\Temp\ccaQjVzT.s:2261   .text.MX_TIM2_Init:00000000 MX_TIM2_Init
C:\Users\simon\AppData\Local\Temp\ccaQjVzT.s:2452   .text.MX_TIM2_Init:000000c4 $d
C:\Users\simon\AppData\Local\Temp\ccaQjVzT.s:2457   .text.MX_TIM3_Init:00000000 $t
C:\Users\simon\AppData\Local\Temp\ccaQjVzT.s:2463   .text.MX_TIM3_Init:00000000 MX_TIM3_Init
C:\Users\simon\AppData\Local\Temp\ccaQjVzT.s:2589   .text.MX_TIM3_Init:00000078 $d
C:\Users\simon\AppData\Local\Temp\ccaQjVzT.s:2595   .text.MX_TIM14_Init:00000000 $t
ARM GAS  C:\Users\simon\AppData\Local\Temp\ccaQjVzT.s 			page 87


C:\Users\simon\AppData\Local\Temp\ccaQjVzT.s:2601   .text.MX_TIM14_Init:00000000 MX_TIM14_Init
C:\Users\simon\AppData\Local\Temp\ccaQjVzT.s:2714   .text.MX_TIM14_Init:0000006c $d
C:\Users\simon\AppData\Local\Temp\ccaQjVzT.s:2720   .text.HAL_TIM_Base_MspDeInit:00000000 $t
C:\Users\simon\AppData\Local\Temp\ccaQjVzT.s:2726   .text.HAL_TIM_Base_MspDeInit:00000000 HAL_TIM_Base_MspDeInit
C:\Users\simon\AppData\Local\Temp\ccaQjVzT.s:2863   .text.HAL_TIM_Base_MspDeInit:000000cc $d
C:\Users\simon\AppData\Local\Temp\ccaQjVzT.s:2877   .text.HAL_TIM_IC_MspDeInit:00000000 $t
C:\Users\simon\AppData\Local\Temp\ccaQjVzT.s:2883   .text.HAL_TIM_IC_MspDeInit:00000000 HAL_TIM_IC_MspDeInit
C:\Users\simon\AppData\Local\Temp\ccaQjVzT.s:2970   .text.HAL_TIM_IC_MspDeInit:0000006c $d
C:\Users\simon\AppData\Local\Temp\ccaQjVzT.s:2981   .text.HAL_TIM_PWM_MspDeInit:00000000 $t
C:\Users\simon\AppData\Local\Temp\ccaQjVzT.s:2987   .text.HAL_TIM_PWM_MspDeInit:00000000 HAL_TIM_PWM_MspDeInit
C:\Users\simon\AppData\Local\Temp\ccaQjVzT.s:3016   .text.HAL_TIM_PWM_MspDeInit:0000001c $d
C:\Users\simon\AppData\Local\Temp\ccaQjVzT.s:3022   .text.HAL_TIM_Encoder_MspDeInit:00000000 $t
C:\Users\simon\AppData\Local\Temp\ccaQjVzT.s:3028   .text.HAL_TIM_Encoder_MspDeInit:00000000 HAL_TIM_Encoder_MspDeInit
C:\Users\simon\AppData\Local\Temp\ccaQjVzT.s:3091   .text.HAL_TIM_Encoder_MspDeInit:00000044 $d
C:\Users\simon\AppData\Local\Temp\ccaQjVzT.s:3160   .bss.htim17:00000000 htim17
C:\Users\simon\AppData\Local\Temp\ccaQjVzT.s:3153   .bss.htim16:00000000 htim16
C:\Users\simon\AppData\Local\Temp\ccaQjVzT.s:3146   .bss.htim15:00000000 htim15
C:\Users\simon\AppData\Local\Temp\ccaQjVzT.s:3139   .bss.htim14:00000000 htim14
C:\Users\simon\AppData\Local\Temp\ccaQjVzT.s:3132   .bss.htim13:00000000 htim13
C:\Users\simon\AppData\Local\Temp\ccaQjVzT.s:3125   .bss.htim12:00000000 htim12
C:\Users\simon\AppData\Local\Temp\ccaQjVzT.s:3209   .bss.htim8:00000000 htim8
C:\Users\simon\AppData\Local\Temp\ccaQjVzT.s:3202   .bss.htim7:00000000 htim7
C:\Users\simon\AppData\Local\Temp\ccaQjVzT.s:3195   .bss.htim6:00000000 htim6
C:\Users\simon\AppData\Local\Temp\ccaQjVzT.s:3188   .bss.htim5:00000000 htim5
C:\Users\simon\AppData\Local\Temp\ccaQjVzT.s:3181   .bss.htim4:00000000 htim4
C:\Users\simon\AppData\Local\Temp\ccaQjVzT.s:3174   .bss.htim3:00000000 htim3
C:\Users\simon\AppData\Local\Temp\ccaQjVzT.s:3167   .bss.htim2:00000000 htim2
C:\Users\simon\AppData\Local\Temp\ccaQjVzT.s:3118   .bss.htim1:00000000 htim1
C:\Users\simon\AppData\Local\Temp\ccaQjVzT.s:3114   .bss.htim1:00000000 $d
C:\Users\simon\AppData\Local\Temp\ccaQjVzT.s:3121   .bss.htim12:00000000 $d
C:\Users\simon\AppData\Local\Temp\ccaQjVzT.s:3128   .bss.htim13:00000000 $d
C:\Users\simon\AppData\Local\Temp\ccaQjVzT.s:3135   .bss.htim14:00000000 $d
C:\Users\simon\AppData\Local\Temp\ccaQjVzT.s:3142   .bss.htim15:00000000 $d
C:\Users\simon\AppData\Local\Temp\ccaQjVzT.s:3149   .bss.htim16:00000000 $d
C:\Users\simon\AppData\Local\Temp\ccaQjVzT.s:3156   .bss.htim17:00000000 $d
C:\Users\simon\AppData\Local\Temp\ccaQjVzT.s:3163   .bss.htim2:00000000 $d
C:\Users\simon\AppData\Local\Temp\ccaQjVzT.s:3170   .bss.htim3:00000000 $d
C:\Users\simon\AppData\Local\Temp\ccaQjVzT.s:3177   .bss.htim4:00000000 $d
C:\Users\simon\AppData\Local\Temp\ccaQjVzT.s:3184   .bss.htim5:00000000 $d
C:\Users\simon\AppData\Local\Temp\ccaQjVzT.s:3191   .bss.htim6:00000000 $d
C:\Users\simon\AppData\Local\Temp\ccaQjVzT.s:3198   .bss.htim7:00000000 $d
C:\Users\simon\AppData\Local\Temp\ccaQjVzT.s:3205   .bss.htim8:00000000 $d

UNDEFINED SYMBOLS
HAL_TIM_Base_Init
HAL_TIM_ConfigClockSource
HAL_TIMEx_MasterConfigSynchronization
Error_Handler
HAL_TIM_IC_Init
HAL_TIM_IC_ConfigChannel
memset
HAL_TIM_Encoder_Init
HAL_TIM_SlaveConfigSynchro
HAL_NVIC_SetPriority
HAL_NVIC_EnableIRQ
HAL_GPIO_Init
HAL_TIM_PWM_Init
ARM GAS  C:\Users\simon\AppData\Local\Temp\ccaQjVzT.s 			page 88


HAL_TIM_PWM_ConfigChannel
HAL_NVIC_DisableIRQ
HAL_GPIO_DeInit
