:020000040800F2
:100000000000082475C70008EB300008ED30000838
:10001000EF300008F1300008F33000080000000065
:10002000000000000000000000000000F5300008A3
:10003000F730000800000000F9300008FB3000082D
:10004000C5C70008C5C70008C5C70008C5C7000860
:10005000C5C70008C5C70008C5C70008C5C7000850
:10006000C5C70008C5C70008C5C700080531000896
:1000700015310008253100083531000845310008E8
:10008000553100086531000875310008C5C7000802
:10009000C5C70008C5C70008C5C70008C5C7000810
:1000A000C5C700088D310008C5C70008C5C70008CE
:1000B000C5C70008C5C70008C5C70008C5C70008F0
:1000C000C5C700089D310008AD310008C5C700084C
:1000D000C5C70008C5C70008C5C70008C5C70008D0
:1000E000C5C70008C5C7000800000000C5C7000854
:1000F000C5C70008C5C70008C5C70008C5C70008B0
:10010000C5C70008C5C70008C5C70008C5C700089F
:10011000BD310008C5C70008C5C70008C5C700082D
:10012000C5C70008C5C70008C5C70008C5C700087F
:10013000C5C70008C5C70008C5C70008C5C700086F
:1001400000000000000000000000000000000000AF
:10015000C5C70008C5C70008C5C70008C5C700084F
:10016000C5C70008C5C70008C5C70008C5C700083F
:10017000C5C70008C5C70008C5C7000800000000C3
:10018000C5C70008C5C70008C5C70008C5C700081F
:10019000C5C70008C5C70008C5C70008C5C700080F
:1001A000C5C70008C5C70008C5C70008C5C70008FF
:1001B000C5C70008C5C70008C5C70008C5C70008EF
:1001C000C5C70008C5C70008C5C70008C5C70008DF
:1001D000C5C70008C5C70008C5C70008C5C70008CF
:1001E000C5C70008C5C70008C5C70008C5C70008BF
:1001F000C5C70008C5C70008C5C70008C5C70008AF
:10020000C5C70008C5C70008C5C70008C5C700089E
:10021000C5C70008C5C70008C5C70008C5C700088E
:10022000C5C70008C5C70008C5C700080000000012
:10023000C5C70008C5C7000800000000C5C7000802
:10024000C5C70008C5C70008C5C70008C5C700085E
:10025000C5C70008C5C70008C5C70008C5C700084E
:10026000C5C70008C5C70008C5C70008C5C700083E
:10027000C5C70008C5C70008C5C7000800000000C2
:10028000C5C70008C5C70008C5C7000800000000B2
:0802900000000000C5C70008D2
:1002A00010B5054C237833B9044B13B10448AFF3B0
:1002B00000800123237010BDE00100240000000035
:1002C000A8F4000808B5034B1BB103490348AFF37A
:1002D000008008BD00000000E4010024A8F400082C
:1002E000034613F8012B002AFBD1181A0138704776
:1002F00001F0FF01102A2BDB10F0070F08D010F8D7
:10030000013B013A8B422DD010F0070F42B3F6D1DA
:10031000F0B441EA012141EA014122F007047FF0F3
:1003200000070023F0E80256083C85EA010586EA4A
:10033000010685FA47F5A3FA87F586FA47F6A5FA86
:1003400087F68EB9EED1F0BC01F0FF0102F0070292
:1003500032B110F8013B013A83EA010313B1F8D13D
:100360000020704701387047002D06BF354603381E
:10037000073815F0010F07D1013015F4807F02BF57
:10038000013015F4C03F0130F0BC0138704700BFA8
:1003900053B94AB9002908BF00281CBF4FF0FF31EC
:1003A0004FF0FF3000F074B9ADF1080C6DE904CEE8
:1003B00000F006F8DDF804E0DDE9022304B0704740
:1003C0002DE9F047089D04468E46002B4DD18A4208
:1003D000944669D9B2FA82F252B101FA02F3C2F13B
:1003E000200120FA01F10CFA02FC41EA030E9440CC
:1003F0004FEA1C48210CBEFBF8F61FFA8CF708FBED
:1004000016E341EA034306FB07F199420AD91CEBC4
:10041000030306F1FF3080F01F81994240F21C81F6
:10042000023E63445B1AA4B2B3FBF8F008FB10333E
:1004300044EA034400FB07F7A7420AD91CEB040473
:1004400000F1FF3380F00A81A74240F20781644443
:10045000023840EA0640E41B00261DB1D4400023C8
:10046000C5E900433146BDE8F0878B4209D9002D2C
:1004700000F0EF800026C5E9000130463146BDE8B6
:10048000F087B3FA83F6002E4AD18B4202D3824220
:1004900000F2F980841A61EB030301209E46002DCF
:1004A000E0D0C5E9004EDDE702B9FFDEB2FA82F224
:1004B000002A40F09280A1EB0C014FEA1C471FFA82
:1004C0008CFE0126200CB1FBF7F307FB131140EA69
:1004D00001410EFB03F0884208D91CEB010103F136
:1004E000FF3802D2884200F2CB804346091AA4B2F8
:1004F000B1FBF7F007FB101144EA01440EFB00FECC
:10050000A64508D91CEB040400F1FF3102D2A64530
:1005100000F2BB800846A4EB0E0440EA03409CE7CF
:10052000C6F12007B34022FA07FC4CEA030C20FA7C
:1005300007F401FA06F31C43F9404FEA1C4900FA9C
:1005400006F3B1FBF9F8200C1FFA8CFE09FB181119
:1005500040EA014108FB0EF0884202FA06F20BD98C
:100560001CEB010108F1FF3A80F08880884240F2DC
:100570008580A8F102086144091AA4B2B1FBF9F020
:1005800009FB101144EA014100FB0EFE8E4508D91B
:100590001CEB010100F1FF346CD28E456AD90238A0
:1005A000614440EA0840A0FB0294A1EB0E01A14285
:1005B000C846A64656D353D05DB1B3EB080261EBF3
:1005C0000E0101FA07F722FA06F3F1401F43C5E9CD
:1005D000007100263146BDE8F087C2F12003D84003
:1005E0000CFA02FC21FA03F3914001434FEA1C4745
:1005F0001FFA8CFEB3FBF7F007FB10360B0C43EA37
:10060000064300FB0EF69E4204FA02F408D91CEBE6
:10061000030300F1FF382FD29E422DD902386344E4
:100620009B1B89B2B3FBF7F607FB163341EA034184
:1006300006FB0EF38B4208D91CEB010106F1FF38D3
:1006400016D28B4214D9023E6144C91A46EA0046CA
:1006500038E72E46284605E70646E3E61846F8E65C
:100660004B45A9D2B9EB020864EB0C0E0138A3E7A5
:100670004646EAE7204694E74046D1E7D0467BE786
:10068000023B614432E7304609E76444023842E7FE
:10069000704700BF10B59CB0044600210391602252
:1006A00004A80CF0BBF80623019300940123282230
:1006B0003D210F4807F064FE08B91CB010BD0DF1D4
:1006C0000C0C0C4C0FCCACE80F000FCCACE80F00BE
:1006D00023682CF8023B1B0C8CF8003003A8FFF7B2
:1006E000FFFD82B203A9044809F0B4FBE5E700BFAF
:1006F000BC060024C0F40008B009002410B59CB06A
:10070000044600210391602204A80CF087F804231A
:1007100001930094012320223C210D4807F07CFD29
:1007200008B91CB010BD0DF10C0C0A4C0FCCACE894
:100730000F000FCCACE80F002368CCF8003003A802
:10074000FFF7CEFD82B203A9034809F083FBE8E777
:10075000BC060024E4F40008B009002402681A4B27
:100760009A4200D0704710B588B008F0A7FDB8B91C
:10077000164B59781A7842EA012215490A80D9782D
:100780009A7842EA012213490A805A791B7943EA8E
:100790000223114A1380114B01221A7008B010BDB8
:1007A0000DF1040C0E4C0FCCACE80F0094E80700E0
:1007B0008CE8070001A8FFF793FD82B201A9094860
:1007C00009F048FBEAE700BF00580040040200249B
:1007D000FC010024FE010024000200240202002487
:1007E00008F50008B009002408B50268034B9A42D6
:1007F00000D008BD0248FFF74DFFFAE7005800405F
:100800000402002472B6FEE700B59DB04C22002120
:1008100009A80CF003F82022002101A80BF0FEFF2C
:10082000022007F0C1F9002300932B4BDA6A22F073
:100830000102DA62DB6A03F001030093274A93693D
:1008400023F4404343F480439361936903F44043AA
:100850000093009B214B9B6913F4005FFAD0204A60
:10086000936A23F0030343F002039362292309935D
:100870004FF480330A9301220E920F9202231293B7
:1008800013931492092215921693179318930C221E
:1008900019921A934FF440631B9309A803F028FBA5
:1008A000A8B93F23019303230293002303930493E6
:1008B0004023059306934FF4806207920893012129
:1008C00001A803F033FF20B91DB05DF804FBFFF76A
:1008D00099FFFFF797FF00BF000400580048025837
:1008E0000044025800B5B1B0BC22002101A80BF0B1
:1008F00095FF4FF4002301930123029309230393EF
:1009000004230493022305930693C0230793202313
:1009100008934FF44063099301A804F0A3F910B9B8
:1009200031B05DF804FBFFF76DFF000000B59FB02C
:10093000644B5B6913F4003F13D1BFF34F8FBFF3D8
:100940006F8F604B0022C3F85022BFF34F8FBFF36D
:100950006F8F5A6942F400325A61BFF34F8FBFF371
:100960006F8F07F0DDF9FFF74FFFFFF7BBFF00F0D8
:10097000BBF800F0CFFC00F0FDF900F04FFA00F0FA
:1009800093FA00F01BFC00F093FD00F06DFE00F008
:100990002DFF00F057FF00F081FF01F0C1F801F0DA
:1009A000F5F801F027F901F059F901F08BF901F0A0
:1009B000BDF901F00FFC01F04DFC01F077FC01F0F6
:1009C000A1FC01F0CBFC01F035FE02F0AFFA02F021
:1009D00011FB01F06BFE01F0BDFE01F0EDFE01F038
:1009E00013FF01F039FF01F06BFF01F0B7FF02F0D8
:1009F00041FB01F0CBFF02F007F802F01DF802F016
:100A000073FBFC238DF8743040238DF87530002182
:100A10008DF876100C238DF877300491602205A8AC
:100A20000BF0FCFE1DA8FFF769FE04A8FFF758FCB9
:100A3000642382B204A924480AF021F8234B1B78CE
:100A4000002BF2D0224BB3F9003007EE103AB8EE8B
:100A5000C77ADFED207AC7EE275A1F4BB3F9003073
:100A600006EE903AF8EEE66A86EEA77A1B4BB3F9EB
:100A7000003006EE903AF8EEE66A86EEA76AB7EE28
:100A8000C66A8DED026BB7EEC77A8DED007BB7EECF
:100A9000E57A53EC172B124904A80CF00BFB04A8C1
:100AA000FFF71EFC82B204A9074809F0D3F94FF4FE
:100AB000FA7007F075F9054B00221A700948FFF724
:100AC000E9FDB2E700ED00E0B009002402020024D5
:100AD000FC01002400C00E45FE0100240002002499
:100AE00024F50008040200242DE9F04F91B0002401
:100AF0000B940C940D940E940F94934BD3F8E02028
:100B000042F48072C3F8E020D3F8E02002F480724F
:100B10000092009AD3F8E02042F48062C3F8E0200B
:100B2000D3F8E02002F480620192019AD3F8E02029
:100B300042F04002C3F8E020D3F8E02002F0400287
:100B40000292029AD3F8E02042F00802C3F8E020B3
:100B5000D3F8E02002F008020392039AD3F8E020D1
:100B600042F00102C3F8E020D3F8E02002F00102D5
:100B70000492049AD3F8E02042F01002C3F8E02077
:100B8000D3F8E02002F010020592059AD3F8E02095
:100B900042F00202C3F8E020D3F8E02002F00202A3
:100BA0000692069AD3F8E02042F40072C3F8E020DF
:100BB000D3F8E02002F400720792079AD3F8E020FD
:100BC00042F08002C3F8E020D3F8E02002F0800277
:100BD0000892089AD3F8E02042F00402C3F8E0201B
:100BE000D3F8E02002F004020992099AD3F8E02039
:100BF00042F02002C3F8E020D3F8E03003F02003F5
:100C00000A930A9B514E22464FF29051304605F00E
:100C100019FCDFF850B12246FC21584605F012FCC1
:100C2000DFF844A1224640F60801504605F00AFCD0
:100C3000DFF8389122464FF40041484605F002FCA7
:100C4000DFF82C8122460421404605F0FBFB404F93
:100C5000224647F2FF01384605F0F4FB2246082100
:100C60003C4805F0EFFB4FF290530B9301250C9598
:100C70000D940E940BA9304605F0E6FAFC230B9375
:100C80000C950D940E940BA9584605F0DDFA4FF41F
:100C9000004BCDF82CB0304B0C930D940BA938467B
:100CA00005F0D2FA40F608030B930C950D940E94C0
:100CB0000BA9504605F0C8FACDF82CB00C950D9450
:100CC0000E940BA9484605F0BFFA04230B930C952C
:100CD0000D940E940BA9404605F0B6FA47F2FF03B7
:100CE0000B930C950D940E940BA9384605F0ACFAB5
:100CF0004FF4E0530B9302230C930D940E940A23AC
:100D00000F930BA9154805F09FFA4FF400530B936E
:100D10000C940D950BA9124805F096FA4FF4006358
:100D20000B930D4B0C930D940BA9304605F08CFAE8
:100D300008230B930C950D940E940BA9054805F010
:100D400083FA11B0BDE8F08F004402580020025829
:100D50000024025800180258000011110000025827
:100D60000008025800280258000C0258001C0258C3
:100D70000010025800B58BB0002307930893099325
:100D800000930193029303930493059306932048E1
:100D9000204A026043608360C360042202610375DD
:100DA00043750122826103774FF4A46141624FF4DD
:100DB00080618162C2620363436380F8383002F06D
:100DC000ADFEE0B90023079307A9114802F0DEFF4A
:100DD000C0B9114B0093062301930023029340F204
:100DE000FF7203920422049205938DF8193069462C
:100DF000074802F06DFB40B90BB05DF804FBFFF74C
:100E000001FDDFE7FFF7FEFCE3E7FFF7FBFCF3E79D
:100E100010020024002002400200300400B589B016
:100E2000002301930293039304930593069307937E
:100E300019481A4A026043608360C3600422026159
:100E40000375437501228261037743628362C36243
:100E50000363436380F8383002F060FEA8B9104B9A
:100E6000019306230293002303930E4A0492042263
:100E7000059206938DF81D300DEB0201064802F035
:100E800027FB28B909B05DF804FBFFF7BBFCE6E7D8
:100E9000FFF7B8FCF6E700BF74020024002102400F
:100EA000020030040000FF4700B589B00023019321
:100EB0000293039304930593069307931B481C4ADC
:100EC000026043608360C36004220261037543755E
:100ED0000122826103774FF4986242624FF480628C
:100EE0008262C3620363436380F8383002F016FE07
:100EF000A8B9104B019306230293002303930E4AD3
:100F000004920422059206938DF81D300DEB020128
:100F1000064802F0DDFA28B909B05DF804FBFFF7D6
:100F200071FCE6E7FFF76EFCF6E700BFD80200248D
:100F300000600258020030040000FF4730B591B055
:100F400000230B930C930D930E930F930368914A18
:100F5000934208D0904A93427ED0904A934200F048
:100F6000D78011B030BD04468D4A13680133136039
:100F7000012B60D08B4BD3F8E02042F00402C3F881
:100F8000E020D3F8E02002F004020192019AD3F8A5
:100F9000E02042F00102C3F8E020D3F8E02002F0A4
:100FA00001020292029AD3F8E02042F00202C3F852
:100FB000E020D3F8E03003F002030393039B0C23FB
:100FC0000B9303250C950BA9774805F03DF90B957C
:100FD0000C9500250D950BA9744805F035F94FF0D7
:100FE0008071084606F0F6FE4FF00071084606F0E4
:100FF000F1FE6F486F4B0360092343608560C56055
:101000004FF4806303614FF4805343614FF4804396
:101010008361C5610562456205F02EFCC8B9644B69
:10102000E3649C6300221146122006F0F9FD1220B1
:1010300006F02CFE95E75B4BD3F8D82042F0200257
:10104000C3F8D820D3F8D83003F020030093009BD6
:1010500090E7FFF7D7FBE2E7514A136801331360CB
:10106000012B47D04F4BD3F8E02042F00402C3F8E5
:10107000E020D3F8E02002F004020592059AD3F8AC
:10108000E02042F00102C3F8E020D3F8E02002F0B3
:1010900001020692069AD3F8E02042F00202C3F859
:1010A000E020D3F8E03003F002030793079B0C2302
:1010B0000B9303240C940BA93B4805F0C5F80B9443
:1010C0000C9400240D940BA9384805F0BDF84FF09E
:1010D0008071084606F07EFE4FF00071084606F06B
:1010E00079FE22462146122006F09AFD122006F0D3
:1010F000CDFD36E72B4BD3F8D82042F02002C3F8C1
:10110000D820D3F8D83003F020030493049BA9E738
:10111000244BD3F8E02042F08072C3F8E020D3F8EB
:10112000E02002F080720892089AD3F8E02042F0A2
:101130002002C3F8E020D3F8E02002F02002099258
:10114000099AD3F8E02042F00402C3F8E020D3F873
:10115000E03003F004030A930A9B4FF480630B937F
:1011600003240C940BA9144805F06EF804230B9388
:101170000C9400230D930BA90B4805F065F84FF074
:101180008061084606F026FE4FF00061084606F032
:1011900021FEE6E6002002400021024000600258E5
:1011A0000C020024004402580008025800040258AF
:1011B0003C030024700002400014025800B58BB0BC
:1011C0002422002101A80BF029FB1248124B0360D6
:1011D00008F0D0F8A8B900220192062302930392E6
:1011E00002230493059201A90A4808F0D5F858B9DA
:1011F000102201A9074808F0CFF840B90BB05DF8FC
:1012000004FBFFF7FFFAE6E7FFF7FCFAF0E7FFF76A
:10121000F9FAF3E7B40300240074004010B588B075
:101220000023039304930593069307930268324BBC
:101230009A4201D008B010BD0446304BD3F8E820E4
:1012400042F00052C3F8E820D3F8E82002F0005240
:101250000192019AD3F8E02042F00102C3F8E020A5
:10126000D3F8E03003F001030293029B3023039391
:101270000323049303A9224804F0E6FF2148224BEC
:10128000036043234360402383600023C3604FF423
:10129000806202614FF4805242614FF48042826169
:1012A000C3610362436205F0E7FAF0B9154BA3602E
:1012B0009C631648164B03604423436040238360BD
:1012C0000023C3604FF4806202614FF48052426198
:1012D0004FF480428261C3610362436205F0CCFA3D
:1012E00030B90A4BE3609C63A4E7FFF78BFADDE7B4
:1012F000FFF788FAF5E700BF007400400044025889
:1013000000000258C80300244000024040040024AA
:101310005800024000B583B0234BD3F8D82042F0E8
:101320000102C3F8D820D3F8D83003F001030193A9
:10133000019B002211460B2006F072FC0B2006F0E8
:10134000A5FC002211460C2006F06AFC0C2006F0D9
:101350009DFC002211460D2006F062FC0D2006F0D7
:1013600095FC002211460E2006F05AFC0E2006F0D5
:101370008DFC002211460F2006F052FC0F2006F0D3
:1013800085FC00221146102006F04AFC102006F0D1
:101390007DFC00221146112006F042FC112006F0CF
:1013A00075FC03B05DF804FB00440258F0B5B7B01B
:1013B000002331933293339334933593344B1B682A
:1013C0000BB137B0F0BD324B01221A60BC220021B4
:1013D00002A80BF023FA4FF08073029302A803F0E7
:1013E00041FC002850D12B4BD3F8D42042F480523A
:1013F000C3F8D420D3F8D43003F480530193019B75
:1014000048F237133193022732970026339603258B
:1014100034950C24359431A91F4804F015FF4CF283
:1014200003733193329733963495359431A91B4821
:1014300004F00AFF4FF63F03319332973396349509
:10144000359431A9164804F0FFFE012331933297F9
:1014500033963495359431A9124804F0F5FE319451
:10146000329733963495359431A90F4804F0ECFE49
:101470004FF680733193329733963495359431A972
:101480000A4804F0E1FE9CE7FFF7BCF9ABE700BFB8
:10149000B80400240044025800180258000C0258F6
:1014A0000014025800080258001C0258001002588C
:1014B00000B589B00023019302930393049305932D
:1014C000069307931048114A026043608360082224
:1014D000C260102202614021416180218161C361AB
:1014E0000362436283620192029203920492059224
:1014F0000692079201A908F08BF810B909B05DF8BF
:1015000004FBFFF77FF9F9E7BC04002440410052D7
:1015100008B5FFF74BFF08BD10B5B6B00446002173
:1015200031913291339134913591BC2202A80BF064
:1015300075F922681A4B9A4201D036B010BD4FF0AF
:101540008053029302A803F08DFB28BB154BD3F800
:10155000F02042F00052C3F8F020D3F8F02002F05F
:1015600000520092009AD3F8E02042F00802C3F83B
:10157000E020D3F8E03003F008030193019B10232F
:10158000319302233293002233923492359331A95E
:10159000054804F059FED0E7FFF734F9D6E700BF5D
:1015A0000074014000440258000C0258F0B589B0A4
:1015B0000023039304930593069307930268254B36
:1015C0009A4201D009B0F0BD234BD3F8E02042F09D
:1015D0001002C3F8E020D3F8E02002F010020092DD
:1015E000009AD3F8E02042F00402C3F8E020D3F8D8
:1015F000E02002F004020192019AD3F8E02042F0C8
:101600004002C3F8E020D3F8E03003F04003029337
:10161000029B02240394049406940325079503A9CE
:101620000E4804F011FEC027039704940026059687
:1016300006950123079303A9094804F005FE0397C3
:10164000049405960695079403A9064804F0FCFD4A
:10165000B8E700BF0074014000440258001002586F
:10166000000802580018025810B5A6B000242294B1
:101670002394249425941E941F94209421945422FE
:10168000214609A80BF0CAF82022214601A80BF038
:10169000C5F85448544B03604460846008F096F9E0
:1016A00000287ED100214F4808F0E0FA00287BD1C5
:1016B00000232293022223922493259322AA042119
:1016C000484808F00BFA002871D1464C0122042149
:1016D000204608F0F1FA4FF6FD731E9300211F918A
:1016E00005232093082321931EAA204608F0DCF945
:1016F00000285FD1002109910A910B910C910123DF
:101700000D930E910F9110911191129113911491CB
:10171000159116911791189119911A911B911C917D
:101720001D9109AA2F4808F016FB002845D1002377
:101730001A9309AA04212B4808F00DFB00283FD179
:101740000021019102910391049105910691079165
:10175000089101AB0122234808F035FB98BB01AB8F
:101760004FF4807204211F4808F02DFB70BB01ABC1
:10177000022200211B4808F026FB50BB01AB4FF4AE
:1017800000720421174808F01EFB28BB1EAA042182
:10179000144808F089F910BB1248FFF707FF26B07C
:1017A00010BDFFF72FF87DE7FFF72CF880E7FFF774
:1017B00029F88AE7FFF726F89CE7FFF723F8B6E752
:1017C000FFF720F8BCE7FFF71DF8C8E7FFF71AF8A6
:1017D000CDE7FFF717F8D1E7FFF714F8D6E7FFF7E3
:1017E00011F8D9E7F00400240074014008B512484C
:1017F000124B0360124B4360002383600122C260DE
:10180000036143618361C361036206F0A7FC50B9C1
:101810000021094807F054FD40B90021064807F0AF
:101820007DFD30B908BDFEF7EDFFF1E7FEF7EAFFF9
:10183000F3E7FEF7E7FFF5E7BC0600240058004099
:10184000CE9F900008B51248124B0360124B4360C4
:10185000002383600122C260036143618361C3612D
:10186000036206F07BFC50B90021094807F028FD0F
:1018700040B90021064807F051FD30B908BDFEF718
:10188000C1FFF1E7FEF7BEFFF3E7FEF7BBFFF5E7A9
:1018900008070024005C0040CE9F900008B5124865
:1018A000124B0360124B4360002383600122C2602D
:1018B000036143618361C361036206F04FFC50B969
:1018C0000021094807F0FCFC40B90021064807F058
:1018D00025FD30B908BDFEF795FFF1E7FEF792FF51
:1018E000F3E7FEF78FFFF5E754070024001C0058CC
:1018F000CE9F9000F0B5BDB00446002137913891DD
:1019000039913A913B91BC2208A80AF087FF2368DD
:10191000794A934208D0794A934270D0784A9342E8
:1019200000F09F803DB0F0BD0823089308A803F0A5
:1019300099F900285AD1734ED6F8E03043F080036D
:10194000C6F8E030D6F8E03003F080030193019B45
:101950003023379312233893002539953A95042381
:101960003B9337A9684804F06FFCD6F8E83043F49D
:101970008003C6F8E830D6F8E83003F48003029319
:10198000029B6248624B0360232343608560C5600D
:101990004FF48063036145618561C56105624562FD
:1019A00004F06AFF28BB594BE3639C6359485A4BC8
:1019B000036024234360402383600023C3604FF40B
:1019C0008062026143618361C3610362436204F028
:1019D00053FF88B94F4BA3639C630022114621201B
:1019E00006F01EF9212006F051F99BE7FEF70AFFE9
:1019F000A1E7FEF707FFD6E7FEF704FFEAE70823B3
:101A0000089308A803F02EF940BB3E4CD4F8E03010
:101A100043F08003C4F8E030D4F8E03003F08003F2
:101A20000393039B4FF4C07337931223389301231E
:101A3000399300233A9304233B9337A9324804F0A7
:101A400003FCD4F8E83043F40003C4F8E830D4F8D9
:101A5000E83003F400030493049B63E7FEF7D2FE2F
:101A6000D3E71023089308A803F0FCF800283FD11F
:101A7000244CD4F8E03043F00203C4F8E030D4F84A
:101A8000E03003F002030593059BD4F8E03043F007
:101A90008003C4F8E030D4F8E03003F0800306930C
:101AA000069B402337931227389701263996002545
:101AB0003A9506233B9337A9184804F0C5FB4FF429
:101AC00080533793389739963A9504233B9337A937
:101AD0000D4804F0B9FBD4F8F43043F08003C4F8A7
:101AE000F430D4F8F43003F080030793079B19E730
:101AF000FEF788FEBCE700BF00580040005C0040D5
:101B0000001C005800440258001C0258CC05002458
:101B1000100002404406002428000240000402583D
:101B200008B51748174B0360174B436000238360C9
:101B3000C36003610C22426183610362436283627A
:101B4000436609F043F870B900210D4809F0BAF86E
:101B500060B900210A4809F0DAF850B9084809F0DC
:101B600092F848B908BDFEF74DFEEDE7FEF74AFED4
:101B7000EFE7FEF747FEF1E7FEF744FEF2E700BFAE
:101B800090080024000C00582433030008B51748BF
:101B9000174B03604FF4E133436000238360C3605D
:101BA00003610C2242618361C36103624362836209
:101BB00009F00CF870B900210C4809F083F860B9FD
:101BC00000210A4809F0A3F850B9084809F05BF869
:101BD00048B908BDFEF716FEEDE7FEF713FEEFE786
:101BE000FEF710FEF1E7FEF70DFEF2E7B009002464
:101BF000004C004008B51748174B03604FF4E13321
:101C0000436000238360C36003610C2242618361EF
:101C1000C36103624362836208F0D8FF70B9002198
:101C20000C4809F04FF860B900210A4809F06FF834
:101C300050B9084809F027F848B908BDFEF7E2FD99
:101C4000EDE7FEF7DFFDEFE7FEF7DCFDF1E7FEF77E
:101C5000D9FDF2E7400A00240078004008B5174893
:101C6000174B03604FF4E133436000238360C3608C
:101C700003610C2242618361C36103624362836238
:101C800008F0A4FF70B900210C4809F01BF860B9F6
:101C900000210A4809F03BF850B9084808F0F3FF62
:101CA00048B908BDFEF7AEFDEDE7FEF7ABFDEFE787
:101CB000FEF7A8FDF1E7FEF7A5FDF2E7D00A002444
:101CC000007C004008B51748174B03604FF4E13320
:101CD000436000238360C36003610C22426183611F
:101CE000C36103624362036409F082FB70B900219F
:101CF0000C4809F0ECFB60B900210A4809F00BFC24
:101D000050B9084809F0C4FB48B908BDFEF77AFD90
:101D1000EDE7FEF777FDEFE7FEF774FDF1E7FEF77D
:101D200071FDF2E7600B00240010014008B5174870
:101D3000174B03604FF4E133436000238360C360BB
:101D400003610C2242618361C36103624362836267
:101D500008F03CFF70B900210C4808F0B3FF60B9EF
:101D600000210A4808F0D3FF50B9084808F08BFF5B
:101D700048B908BDFEF746FDEDE7FEF743FDEFE786
:101D8000FEF740FDF1E7FEF73DFDF2E720090024F4
:101D900000440040F0B5C3B0044600213D913E919F
:101DA0003F9140914191BC220EA80AF037FD236873
:101DB000AB4A934210D0AB4A934256D0AA4A9342C0
:101DC00000F0D580A94A934200F00181A84A9342CD
:101DD00000F0668143B0F0BD04230E930EA802F01C
:101DE00041FF00283ED1A34BD3F8F42042F0080273
:101DF000C3F8F420D3F8F42002F008020192019A0B
:101E0000D3F8E02042F00202C3F8E020D3F8E0204B
:101E100002F002020292029AD3F8E02042F001029C
:101E2000C3F8E020D3F8E03003F001030393039BF1
:101E300080233D9302253E9500243F94409408233F
:101E400041933DA98C4804F0FFF94FF400733D9392
:101E50003E953F944094032341933DA9874804F065
:101E6000F3F9B7E7FEF7CEFCBDE702230E930EA809
:101E700002F0F8FE002871D17E4BD3F8E82042F43E
:101E80000022C3F8E820D3F8E82002F400220492EC
:101E9000049AD3F8E02042F08002C3F8E020D3F89F
:101EA000E02002F080020592059AD3F8E02042F08B
:101EB0000202C3F8E020D3F8E03003F002030693F7
:101EC000069B4FF480433D9302273E9700253F95A4
:101ED0004095082641963DA9694804F0B5F94FF4AC
:101EE00000733D933E973F95409541963DA96248CA
:101EF00004F0AAF96348644B03603F2343608560A4
:101F0000C5604FF48063036145618561C561056209
:101F1000456204F0B1FC20BB5A4BE3679C635B480D
:101F20005B4B03604023436083600023C3604FF436
:101F30008062026143618361C3610362436204F0B2
:101F40009BFC88B9514BA3679C6300221146342047
:101F500005F066FE342005F099FE3BE7FEF752FCE3
:101F60008AE7FEF74FFCD7E7FEF74CFCEAE70223CF
:101F70000E930EA802F076FE30BB3E4BD3F8E8205D
:101F800042F08042C3F8E820D3F8E82002F0804213
:101F90000792079AD3F8E02042F02002C3F8E0202D
:101FA000D3F8E03003F020030893089BC0233D934F
:101FB00002233E9300233F934093072341933DA97F
:101FC000344804F041F905E7FEF71CFCD5E702238D
:101FD0000E930EA802F046FE00283DD1254BD3F803
:101FE000E82042F00042C3F8E820D3F8E82002F0ED
:101FF00000420992099AD3F8E02042F01002C3F897
:10200000E020D3F8E02002F010020A920A9AD3F8F6
:10201000E02042F40072C3F8E020D3F8E03003F48B
:1020200000730B930B9B01233D9302263E960024E5
:102030003F944094082541953DA9174804F004F9C0
:102040004FF480733D933E963F94409441953DA953
:10205000124804F0F9F8BDE6FEF7D4FBBEE700BF76
:10206000000C0058004C004000780040007C00400C
:102070000044004000440258000402580000025886
:10208000001C0258A0070024880002401808002401
:10209000A000024000140258001002580024025808
:1020A00002230E930EA802F0DDFD30BB144BD3F8D3
:1020B000E82042F40032C3F8E820D3F8E82002F424
:1020C00000320C920C9AD3F8E02042F00802C3F8D8
:1020D000E020D3F8E03003F008030D930D9B60235C
:1020E0003D9302233E9300233F9340930723419364
:1020F0003DA9044804F0A8F86CE6FEF783FBD5E799
:1021000000440258000C025830B5B9B00446002112
:1021100033913491359136913791BC2204A80AF05D
:102120007DFB2268274B9A4201D039B030BD012394
:10213000049304A802F096FD00283FD1224BD3F867
:10214000F02042F01002C3F8F020D3F8F02002F0A3
:1021500010020192019AD3F8E02042F00102C3F884
:10216000E020D3F8E02002F001020292029AD3F8B4
:10217000E02042F00202C3F8E020D3F8E03003F0A0
:1021800002030393039B4FF480733393022534952A
:102190000024359436940723379333A90B4804F071
:1021A00053F84FF4404333933495359436940423D5
:1021B000379333A9064804F047F8B6E7FEF722FB49
:1021C000BCE700BF00100140004402580000025864
:1021D0000004025808B50A480A4B03600023436014
:1021E0007F228260FF22C26003618361C361436119
:1021F00009F016FA00B908BDFEF704FBFBE700BFC3
:10220000C00B00240040005810B5B0B00446BC22FA
:10221000002101A80AF002FB22680C4B9A4201D06F
:1022200030B010BD4FF4800301934FF400732D9331
:1022300001A802F017FD28B9054A136F43F40043C3
:102240001367EDE7FEF7DEFAF6E700BF004000583F
:102250000044025808B51348134B03604FF4800341
:102260004360002383600322C260036143614FF037
:10227000005282614FF08042C26103624362836216
:10228000C36242638363C363036443648364C3645C
:1022900003654365836509F017FA00B908BDFEF7C9
:1022A000B1FAFBE7E40B00240030014008B5134805
:1022B000134B03604FF480034360002383600322C9
:1022C000C260036143614FF0005282614FF080426F
:1022D000C261036243628362C36242638363C36316
:1022E000036443648364C36403654365836509F0E1
:1022F000EBF900B908BDFEF785FAFBE76C0C00248A
:102300000038004008B51348134B03604FF48003B6
:102310004360002383600322C260036143614FF086
:1023200080628261C361036243628362C3624FF071
:10233000804242638363C363036443648364C3640E
:1023400003654365836509F0BFF900B908BDFEF771
:1023500059FAFBE7F40C00240050014008B513487B
:10236000134B03604FF48003436000238360032218
:10237000C260036143614FF080628261C3610362A6
:1023800043628362C3624FF0804242638363C363EC
:10239000036443648364C36403654365836509F030
:1023A00093F900B908BDFEF72DFAFBE77C0D002478
:1023B0000014005870B5C0B0044600213B913C9118
:1023C0003D913E913F91BC220CA80AF027FA236868
:1023D0008D4A93420BD08D4A934251D08C4A9342FE
:1023E0007FD08C4A934200F0DC8040B070BD4FF447
:1023F00080530C930CA802F035FC00283DD1864B8D
:10240000D3F8F02042F48052C3F8F020D3F8F02043
:1024100002F480520192019AD3F8E02042F0400287
:10242000C3F8E020D3F8E02002F040020292029AC2
:10243000D3F8E02042F00802C3F8E020D3F8E030FF
:1024400003F008030393039B4FF460633B9302265E
:102450003C9600243D943E9405253F953BA96F484A
:1024600003F0F2FE80233B933C963D943E943F95CF
:102470003BA96B4803F0E8FEB7E7FEF7C3F9BEE7F8
:102480004FF480530C930CA802F0ECFB30BB624B72
:10249000D3F8E82042F48042C3F8E820D3F8E820DB
:1024A00002F480420492049AD3F8E02042F480724D
:1024B000C3F8E020D3F8E03003F480730593059B64
:1024C0000F233B9302233C9300233D933E9305232C
:1024D0003F933BA9534803F0B7FE86E7FEF792F916
:1024E000D5E74FF400530C930CA802F0BBFB002877
:1024F00054D1494BD3F8F02042F48012C3F8F020B5
:10250000D3F8F02002F480120692069AD3F8E02065
:1025100042F48062C3F8E020D3F8E02002F4806245
:102520000792079AD3F8E02042F02002C3F8E02097
:10253000D3F8E02002F020020892089AD3F8E020B5
:1025400042F40072C3F8E020D3F8E03003F40073E3
:102550000993099B01233B9302263C9600243D945A
:102560003E9405253F953BA92F4803F06DFE4FF49F
:1025700080733B933C963D943E943F953BA92B48FA
:1025800003F062FE4FF480633B933C963D943E948F
:102590003F953BA9264803F057FE26E7FEF732F9A0
:1025A000A7E74FF480430C930CA802F05BFB38BB09
:1025B000194BD3F8F42042F02002C3F8F420D3F8EA
:1025C000F42002F020020A920A9AD3F8E02042F0A6
:1025D0004002C3F8E020D3F8E03003F040030B934F
:1025E0000B9B4FF4E0433B9302233C9300233D932A
:1025F0003E9305233F933BA9084803F025FEF4E6EC
:10260000FEF700F9D4E700BF003001400038004079
:1026100000500140001400580044025800180258AD
:10262000000C0258002002580028025800140258DA
:102630000024025800B589B0002304930593069343
:1026400007930193029303931648174A026040F2DE
:102650005722426083600922C26003614361836143
:1026600009F0FCFBA0B94FF48053049304A90D4872
:1026700009F06EFE78B9202301930023029303939F
:1026800001A9084809F05EFF40B909B05DF804FBF4
:10269000FEF7B8F8E7E7FEF7B5F8ECE7FEF7B2F8B3
:1026A000F3E700BF040E00240000014000B591B024
:1026B0002422002107A80AF0B1F80023049305930F
:1026C000069300930193029303932048204A0260EB
:1026D000436083604FF6FF72C2600361836109F05B
:1026E0001DFC30BB012207920023089309920A9334
:1026F0000B930C930D920E930F9307A9134809F0B7
:102700003DFCC8B900230493069304A90F4809F0BF
:1027100019FFA0B9002300930122019202930393B1
:1027200008226946094809F0ABFD58B911B05DF8B7
:1027300004FBFEF767F8D5E7FEF764F8E2E7FEF77B
:1027400061F8E7E7FEF75EF8F0E700BFB01000249D
:102750000008004000B58DB02422002103A80AF033
:102760005DF800230093019302931148114A02601F
:10277000436083604FF0FF32C260036183610123D5
:1027800003930593099303A909F0F8FB50B90023BB
:10279000009302936946064809F0D4FE28B90DB0AB
:1027A0005DF804FBFEF72EF8F1E7FEF72BF8F6E7ED
:1027B000FC100024000C004000B585B000230193FC
:1027C000029303930E480F4A0260436083604FF602
:1027D000FF72C260836109F041FB50B9002301938D
:1027E000039301A9064809F0ADFE28B905B05DF8CC
:1027F00004FBFEF707F8F1E7FEF704F8F6E700BF81
:10280000481100240010004000B585B0002301935A
:10281000029303930E480F4A0260436083604FF6B1
:10282000FF72C260836109F019FB50B90023019364
:10283000039301A9064809F085FE28B905B05DF8A3
:1028400004FBFDF7DFFFF1E7FDF7DCFFF6E700BF74
:10285000941100240014004000B58DB02422002102
:1028600003A809F0DBFF00230093019302931248B1
:10287000124A0260436083604FF6FF72C2600361D8
:1028800043618361012303930593099303A909F02D
:1028900075FB58B9002300930193029369460648DB
:1028A00009F050FE28B90DB05DF804FBFDF7AAFF52
:1028B000F0E7FDF7A7FFF6E7E01100240004014070
:1028C00000B58BB0002305930693079308930993F3
:1028D00001930293039304931E481F4A02604360CE
:1028E00083604FF6FF72C2600361836109F016FBDB
:1028F00020BB0423059350230693002307930893DA
:10290000099305A9134809F0F3FDD0B900220192FB
:10291000012302930392049201A90E4809F0B0FC2E
:1029200090B902230193029304220DEB020109489E
:1029300009F0A6FC58B90BB05DF804FBFDF762FF87
:10294000D7E7FDF75FFFE1E7FDF75CFFE9E7FDF79C
:1029500059FFF0E7500E00240018004008B5094860
:10296000094B03600023436083604FF6FF72C2602F
:102970000361836109F072FA00B908BDFDF742FFF7
:10298000FBE700BF9C0E0024001C004000B589B08E
:1029900000230593069307930193029303930493F3
:1029A0001748184A0260436083604FF6FF72C260A6
:1029B00003614361836109F0B1FAB8B9002305935B
:1029C000079305A90E4809F0BDFD90B900230193B6
:1029D000012202920393049304220DEB02010848A2
:1029E00009F04EFC40B909B05DF804FBFDF70AFFA1
:1029F000E4E7FDF707FFE9E7FDF704FFF3E700BFB2
:102A0000340F00240040014008B50948094B036019
:102A10000023436083604FF6FF72C260036143612D
:102A2000836109F01BFA00B908BDFDF7EBFEFBE777
:102A3000800F00240044014008B50948094B036099
:102A40000023436083604FF6FF72C26003614361FD
:102A5000836109F003FA00B908BDFDF7D3FEFBE777
:102A6000CC0F00240048014000B589B00368404AFB
:102A700093421FD03F4A934232D03F4A93423FD0C5
:102A80003E4A93424AD03E4A934255D03D4A9342F1
:102A900060D03D4A934230D13C4BD3F8F02042F411
:102AA0008022C3F8F020D3F8F03003F4802307939A
:102AB000079B22E0354BD3F8F02042F00102C3F827
:102AC000F020D3F8F03003F001030193019B0022C2
:102AD0001146192005F0A4F8192005F0D7F80CE0EC
:102AE0002A4BD3F8E82042F01002C3F8E820D3F8CC
:102AF000E83003F010030293029B09B05DF804FB79
:102B0000224BD3F8E82042F02002C3F8E820D3F8A3
:102B1000E83003F020030393039BEEE71B4BD3F84D
:102B2000E82042F08002C3F8E820D3F8E83003F050
:102B300080030493049BE0E7144BD3F8E82042F4AD
:102B40008072C3F8E820D3F8E83003F4807305936B
:102B5000059BD2E70D4BD3F8F02042F40032C3F8C6
:102B6000F020D3F8F03003F400330693069BC4E75B
:102B7000000001400010004000140040001C004014
:102B80000020004000440140004801400044025839
:102B900030B591B000230B930C930D930E930F93CC
:102BA0000368B3F1804F0BD0644A934243D0644A28
:102BB00093427CD0634A934200F09C8011B030BDB8
:102BC000614BD3F8E82042F00102C3F8E820D3F8C3
:102BD000E82002F001020192019AD3F8E02042F0CD
:102BE0000102C3F8E020D3F8E02002F001020292D3
:102BF000029AD3F8E02042F00202C3F8E020D3F8B2
:102C0000E03003F002030393039B01240B9402259D
:102C10000C950F940BA94D4803F016FB4FF48063FD
:102C20000B930C9500230D930E930F940BA948481A
:102C300003F00AFBC2E7444BD3F8E82042F0040259
:102C4000C3F8E820D3F8E82002F004020492049AC2
:102C5000D3F8E02042F00202C3F8E020D3F8E020ED
:102C600002F002020592059AD3F8E02042F0080231
:102C7000C3F8E020D3F8E03003F008030693069B86
:102C80004FF480730B9302240C940F940BA93048DB
:102C900003F0DAFA4FF440530B930C9400230D9396
:102CA0000E930F940BA92B4803F0CEFA86E7264B20
:102CB000D3F8E82042F04002C3F8E820D3F8E82037
:102CC00002F040020792079AD3F8E02042F0800217
:102CD000C3F8E020D3F8E03003F080030893089BAA
:102CE00040230B9302230C930F930BA91A4803F074
:102CF000ABFA63E7144BD3F8F02042F48032C3F808
:102D0000F020D3F8F02002F480320992099AD3F827
:102D1000E02042F01002C3F8E020D3F8E03003F0E6
:102D200010030A930A9B40230B9302230C93042362
:102D30000F930BA9094803F087FA3FE7000800400A
:102D400000180040004001400044025800000258B2
:102D500000040258000C0258001C025800100258CF
:102D600002680A4B9A4200D0704782B0084BD3F8F1
:102D7000E82042F00202C3F8E820D3F8E83003F07C
:102D800002030193019B02B0704700BF00040040A2
:102D90000044025800B58BB00023059306930793B7
:102DA000089309930368284A934205D0274A93421F
:102DB00026D00BB05DF804FB254BD3F8E82042F099
:102DC0000802C3F8E820D3F8E82002F008020192D4
:102DD000019AD3F8E02042F08002C3F8E020D3F853
:102DE000E03003F080030293029B4FF440630593AD
:102DF00002230693099305A9164803F025FAD8E79C
:102E0000134BD3F8F02042F00202C3F8F020D3F8BD
:102E1000F02002F002020392039AD3F8E02042F479
:102E20008072C3F8E020D3F8E03003F48073049399
:102E3000049B60230593022306930323099305A9AA
:102E4000054803F001FAB4E7000C0040000401401B
:102E500000440258001C02580020025800B589B0F6
:102E60000023039304930593069307930368B3F138
:102E7000804F08D0284A93421DD0284A934231D02F
:102E800009B05DF804FB264BD3F8E02042F00102C4
:102E9000C3F8E020D3F8E03003F001030093009B77
:102EA00008230393022304930123079303A91D48D6
:102EB00003F0CAF9E4E71A4BD3F8E02042F001022C
:102EC000C3F8E020D3F8E03003F001030193019B45
:102ED0004023039302230493079303A9114803F0AB
:102EE000B3F9CDE70E4BD3F8E02042F02002C3F84F
:102EF000E020D3F8E03003F020030293029B4FF46C
:102F000000730393022304930923079303A906483C
:102F100003F09AF9B4E700BF00040040002000402D
:102F200000440258000002580014025800B58FB047
:102F300000230B930C930D930793089309930A9323
:102F400000930193029303930493059306932848F7
:102F50004FF080420260436083604FF0FF32C260F6
:102F60000361836108F0DAFF00282FD1204808F0C0
:102F7000A5FF00282DD100230B930D930BA91C480E
:102F800009F0E0FA40BB002207920123089309925E
:102F90000A9207A9164809F073F900BB082207A98D
:102FA000134809F06DF9E8B96023009300230193F9
:102FB000029304930C2269460D4809F083F8A0B9E6
:102FC0000B48FFF74BFF0FB05DF804FBFDF71AFC51
:102FD000CCE7FDF717FCCEE7FDF714FCD3E7FDF7D0
:102FE00011FCDBE7FDF70EFCDEE7FDF70BFCE7E786
:102FF0001810002400B58BB00023079308930993A1
:103000000093019302930393049305930693174847
:10301000174A0260436083604FF6FF72C26003612B
:10302000836108F04BFFC0B900230793099307A9F8
:103030000E4809F087FA98B96023009300220192A4
:10304000029204926946094809F03CF858B90748C9
:10305000FFF704FF0BB05DF804FBFDF7D3FBE3E7DC
:10306000FDF7D0FBE8E7FDF7CDFBF0E764100024A7
:103070000004004000B589B000230193029303933C
:1030800004930593069307931548164A026043601C
:1030900083604FF6FF72C2600361836108F0DEFE59
:1030A000A0B90F4808F00AFF98B9602301930022E5
:1030B00002920392059201A9094809F003F858B950
:1030C0000748FFF7CBFE09B05DF804FBFDF79AFB5C
:1030D000E7E7FDF797FBE8E7FDF794FBF0E700BFB4
:1030E000E80E0024002000407047FEE7FEE7FEE700
:1030F000FEE7FEE770477047704708B504F03EFEF4
:1031000008BD000008B5024804F0ACF908BD00BFD6
:10311000CC05002408B5024804F0A4F908BD00BF9E
:103120004406002408B5024804F09CF908BD00BF1D
:10313000C803002408B5024804F094F908BD00BF94
:103140004004002408B5024804F08CF908BD00BF13
:103150003C03002408B5024804F084F908BD00BF10
:10316000A007002408B5024804F07CF908BD00BFA0
:103170001808002408B5034800F03EF8024800F0A3
:103180003BF808BD100200247402002408B5024870
:1031900008F015FD08BD00BF040E002408B5024864
:1031A00005F0A4F908BD00BFBC06002408B502481C
:1031B00006F042F808BD00BFBC06002408B502486E
:1031C00006F002FF08BD00BFB009002482B0074B23
:1031D000D3F8F42042F00202C3F8F420D3F8F4301C
:1031E00003F002030193019B02B0704700440258B0
:1031F0007047704770470000F8B5044603681D68C3
:103200005E689649964A934218BF8B4240D1954BCF
:103210009F6807F01F0715F0020F10D016F0020F7D
:103220000DD0636D13F0100F03D1636D43F4006391
:103230006365204600F0A8FD236802221A6015F09D
:10324000040F02D016F0040F05D115F0080F4FD06F
:1032500016F0080F4CD0636D13F0100F03D1636D9F
:1032600043F4007363652368DA6812F4406F39D160
:103270007B4A93420ED01A4693420ED0052F14BFBC
:10328000002101214FB141B9092F06D0D26805E0D4
:10329000754BBDE7A2F58072EEE7DA6812F4005FC5
:1032A00020D11A6812F0080F1CD09A6812F0040F8F
:1032B00010D15A6822F00C025A60636D23F48073B7
:1032C0006365636D13F4805F0CD1636D43F001039C
:1032D000636507E0636D43F010036365A36D43F01E
:1032E0000103A3652046FFF783FF23680C221A60C1
:1032F00015F0200F02D016F0200F05D115F0400F69
:1033000063D016F0400F60D0636D13F0100F03D13F
:10331000636D43F4005363652368DA6C12F4C07F75
:1033200019D10121DA6812F4406F16D101204C4AFC
:10333000934214D01A46934214D0062F14BF4FF074
:10334000000C4FF0010C6FB1BCF1000F0AD1072F38
:1033500008D0D26807E00021E4E70020E7E7A2F503
:103360008072E8E7DA6831B912F0007F27D130B314
:1033700012F4005F23D1196811F0400F1FD012F42E
:10338000001F1CD19A6812F0080F10D15A6822F061
:1033900060025A60636D23F480536365636D13F4B8
:1033A000807F0CD1636D43F00103636507E0636DBB
:1033B00043F010036365A36D43F00103A36520464A
:1033C00000F0DEFC236860221A6015F0800F02D046
:1033D00016F0800F36D115F4807F02D016F4807F6E
:1033E00044D115F4007F02D016F4007F4AD115F0C5
:1033F000100F20D016F0100F1DD0236B6BB1002FD3
:103400004ED023681549164A934218BF8B4245D1C6
:10341000144B9B6813F4404F0AD0636D43F48063F0
:103420006365A36D43F00203A3652046FFF7E2FE48
:10343000236810221A6015F4806F02D016F4806F92
:1034400034D1F8BD636D43F4803363652046FFF7E4
:10345000D0FE236880221A60BDE700BF0020024032
:10346000002102400023024000630258636D43F4D0
:1034700000336365204600F085FC23684FF48072BA
:103480001A60AEE7636D43F480236365204600F065
:103490007AFC23684FF400721A60A8E70B4BB8E778
:1034A0002368DB6813F0030FC2D0B6E7636D43F403
:1034B00080436365A36D43F00803A36523684FF45D
:1034C00080621A60204600F05CFCBAE70063025894
:1034D000F0B583B00022019290F85020012A00F04C
:1034E00055820346012280F850200068826812F05D
:1034F000040F09D05A6D42F020025A6501200022C3
:1035000083F8502003B0F0BD0A68C2F31304002C06
:103510004ED1C2F3846201249440C2692243C26145
:103520001D684C683035220A920002F00C02A8583F
:1035300004F01F0E1F2404FA0EF420EA04000C68A5
:10354000C4F3846C0CFA0EFC40EA0C00A8501C6812
:10355000A26812F0040200D00122A06810F0080056
:1035600000D0012002432FD01868826812F0010FAA
:1035700040F008820A68CD68D0F8C040C2F3130654
:1035800024EA060405F0180CB24D25FA0CF52A4081
:10359000C2F313022243C0F8C020C868AE4A90426A
:1035A00000F0B0800A68002AC0F26B810020A6E714
:1035B00092FAA2F232B1B2FA82F202F01F020124B0
:1035C0009440AAE72022F8E70F688D681434780E3B
:1035D000800000F004002658C7F3045E4FF0070C8B
:1035E0000CFA0EFC26EA0C0C05FA0EF54CEA050561
:1035F00025509A48006800F07040B0F1805F0BD011
:103600001C68E06810F0100F39D14869E468C4F311
:1036100082046400A04006E048691C68E468C4F3C2
:1036200082046400A0400D69042D36D01F680E6826
:10363000603757F8254004F0004406F0F846304360
:10364000204347F8250018680E694C7E012C1ED0D7
:103650001546603050F8264024F000442C4340F8D2
:1036600026401D680C69087E012813D0286920F4C3
:10367000F04004F01F04A24002432A6174E7486945
:10368000E468A40804F004046400A040CBE74FF011
:103690000045DEE74FF40062E8E71868026E02F0CA
:1036A000F8420C68B2EB846F1DD01868426E02F0CD
:1036B000F8420C68B2EB846F1AD01868826E02F080
:1036C000F8420C68B2EB846F17D01868C26E02F033
:1036D000F8420C68B2EB846F7FF446AFC26E22F002
:1036E0000042C26640E7026E22F000420266DCE75A
:1036F000426E22F000424266DFE7826E22F0004214
:103700008266E2E71C680A68C2F31305002D34D113
:10371000900E013000F01F0009288CBF002001200E
:10372000002861D0002D37D1900E0130800600F0C6
:10373000F840002D3CD1960E013606F01F070126F9
:10374000BE403043002D41D1920E013202F01F02E3
:1037500002EB42021205024388681434550EAD0094
:1037600005F004056659C2F304520727974026EA7C
:10377000070690403043605114E792FAA2F048B136
:10378000B0FA80F0013000F01F0009288CBF002043
:103790000120C5E72020F5E792FAA2F030B1B0FA97
:1037A00080F00130800600F0F840C2E72020F8E702
:1037B00092FAA2F646B1B6FA86F6013606F01F0670
:1037C000012707FA06F6BCE72026F6E792FAA2F2EE
:1037D00042B1B2FA82F2013202F01F0202EB42025F
:1037E0001205B8E72022F6E7CDB9900E0130800629
:1037F00000F0F840FDB9960E013606F01F070126CD
:10380000BE40304365BB920E013202F01F0202EB54
:1038100042021E3A120542F0007202439CE792FAFD
:10382000A2F030B1B0FA80F00130800600F0F8402C
:10383000E0E72020F8E792FAA2F646B1B6FA86F65B
:10384000013606F01F06012707FA06F6D9E72026FB
:10385000F6E700BFFFFF0F000000FF470010005C0D
:1038600092FAA2F25AB1B2FA82F2013202F01F02C7
:1038700002EB42021E3A120542F00072CDE720220E
:10388000F3E719684248434CA14218BF81420CBF7C
:103890000120002021D1404EB56805F0E077F0B15D
:1038A0003B48806810F0010000D00120394CA4682A
:1038B00014F0010400D0012420430CBF012000209B
:1038C000002859D03548824212D03548824231D042
:1038D000344882423FD0002011E6334EDCE73348C3
:1038E000806810F0010000D0012080F00100E7E7BF
:1038F00015F4000FE9D12D4A914201D00020FEE5D8
:1039000047F40002B16821F0E0710A43B260284A2E
:10391000126892092749A1FB021292090132520052
:10392000019202E0019A013A0192019A002AF9D12A
:103930000020E4E515F0807FCAD11C4A914201D0F5
:103940000020DCE547F08072B16821F0E0710A43A5
:10395000B2600020D3E515F4800F15D1134A9142CF
:1039600001D00020CBE547F48002B16821F0E0717E
:103970000A43B2600020C2E55A6D42F020025A6547
:103980000120BCE50020BAE50020B8E50220B9E539
:10399000002002400021024000230240000084CBAE
:1039A000000052C70000B8CF006302580060025800
:1039B00008000024632D3E0538B5044603684F49CE
:1039C0004F4A934218BF8B4223D14E4B9B6813F44E
:1039D000403F14BF012300234BB300F0F1FF054625
:1039E0006368B3F5003F1CD0B3F5403F1DD0B3F57D
:1039F000803F16D004F0E8F941F20303984257D80B
:103A0000414B9D424ED92268936843F48073936082
:103A100038BD3E4B9B6813F4403F14BF0123002385
:103A2000DAE71B0CB5FBF3F5E4E78508E2E74FF4B2
:103A3000002002F0FFF805466368B3F5101F2DD093
:103A400022D8B3F5E01F27D004D9B3F5001FD1D198
:103A50004509CFE7B3F5801F0DD006D9B3F5A01FF8
:103A600009D0B3F5C01F06D0C4E7B3F5002F02D0CC
:103A7000B3F5402F04D19B0C5B00B5FBF3F5B9E720
:103A8000B3F5802FF7D0B5E7B3F5201F08D0B3F515
:103A9000301FAFD1050AADE70509ABE78509A9E7F6
:103AA000C509A7E72268936823F480739360AFE7A2
:103AB000174B9D4205D82268936823F440739360A6
:103AC000A6E7144B9D4207D82268936823F44073FD
:103AD00043F4807393609BE70F4B9D4207D82268A5
:103AE000936823F4407343F40073936090E7226873
:103AF000936843F4407393608AE700BF002002405C
:103B00000021024000230240002D310100630258D1
:103B100021BCBE0041787D0181F0FA0230B583B04E
:103B200000230193002800F010810446436DEBB19F
:103B300023689A6812F0005F03D09968844A0A40AB
:103B40009A6023689A6812F0805F1CD19968814A54
:103B50000A4042F080529A607F4B1B689B097F4A63
:103B6000A2FB03239B090133019309E0FDF7E6F96A
:103B70000023A36584F85030DAE7019B013B0193F1
:103B8000019B002BF9D12268936813F0805F40F00D
:103B90009C80636D43F010036365A36D43F00103E4
:103BA000A3650125936813F0040300D00123616D20
:103BB00011F0100F40F0C180002B40F0BE80636D0B
:103BC00023F4817343F002036365936813F0010FDC
:103BD00021D16349634B9A4218BF8A420CBF01222C
:103BE000002274D18B6813F0010300D001235D49DA
:103BF000896811F0010100D001210B430CBF0123A2
:103C0000002343B1002A6BD0574963688A6822F4C5
:103C10007C1213438B6004F0D7F841F203039842FF
:103C200002D9A368102B5DD0627D236B43EA423337
:103C3000A2681343227F43EA0243227F012A5CD019
:103C4000626A22B102F47872A16A0A4313432168BE
:103C5000C868464A02401343CB6021688B6813F062
:103C6000040300D001238A6812F0080200D0012268
:103C700013431BD1227DE36A43EA8232C8683C4B7E
:103C800003401343CB6094F83830012B3AD02268BC
:103C9000136923F0010313612268136923F0704351
:103CA000616B0B4313612046FFF786FEE368012B2F
:103CB0003AD02268136B23F00F031363636D23F074
:103CC000030343F0010363653CE000256AE7294BE9
:103CD0009B6813F0010300D0012383F0010390E7F8
:103CE000254992E7617D226B42EA41321343227FEC
:103CF00043EA024343F00C039FE7226A013A43EA96
:103D000042439DE7206802691C4B1340E26B511E41
:103D1000226C42EA0142616C0A43A16C0A431343DC
:103D200043F001030361B7E721680B6B23F00F0336
:103D3000A269013A13430B63C0E7636D43F01003BC
:103D400063650125284603B030BD0125FAE700BFB1
:103D5000C0FFFF5FC0FFFF6F08000024632D3E051A
:103D600000200240002102400023024003C0F0FF77
:103D7000FCBFFFFF00600258006302581EF800FC01
:103D800070477047704770477047000090F85020A8
:103D9000012A00F0A18030B49AB00346012280F8D5
:103DA000502000221692179200684C4A904242D04E
:103DB00000220192019A002A41D0926812F0040276
:103DC00000D00122846814F0040F76D1002A74D147
:103DD000424C434A904218BFA04239D102F50072CA
:103DE000086800283FD0906820F440404C68204389
:103DF00090601868394D3A4CA04218BFA84229D1AA
:103E0000A86810F0010000D00120354CA46814F01F
:103E1000010400D0012420430CBF01200020002811
:103E200056D094682F4820400C6889682143084385
:103E30009060002046E002F580720192BAE75A6D68
:103E400042F020025A65002283F8502001203CE015
:103E5000254AC5E72548806810F0010000D0012000
:103E600080F00100DBE7916821F44041916019681E
:103E70001A4C1B48814218BFA14215D1A16811F00C
:103E8000010100D001211648806810F0010000D027
:103E9000012001430CBF01210021D9B190681149D3
:103EA0000140916000200DE01049896811F0010186
:103EB00000D0012181F00101EFE75A6D42F02002AC
:103EC0005A650120002283F850201AB030BC704798
:103ED0000020F7E70020F5E70220704700200240AD
:103EE00000210240E0F0FFFF00630258006002582A
:103EF000002800F0028338B50446036813F0010F70
:103F000025D09C4A136903F03803926A102B15D010
:103F1000182B0FD06368B3F5803F3FD0002B53D1EF
:103F2000944B1A6822F480321A601A6822F48022B4
:103F30001A6038E002F00302022AEBD18D4B1B68B5
:103F400013F4003F03D06368002B00F0D88223688D
:103F500013F0020F00F08B80864A1369926A13F007
:103F600038035AD0182B55D0E368002B00F0C880D6
:103F700080490A6822F0190213430B6003F00AFF1C
:103F800005467C4B1B6813F0040F40F0978003F04C
:103F900001FF401B0228F4D90320B7E2754A1368D9
:103FA00043F48033136063682BB303F0F3FE0546DC
:103FB000704B1B6813F4003FC9D103F0EBFE401BAC
:103FC0006428F5D90320A1E2B3F5A02F09D0694BED
:103FD0001A6822F480321A601A6822F480221A6069
:103FE000E1E7644B1A6842F480221A601A6842F4CE
:103FF00080321A60D7E703F0CDFE05465D4B1B68A3
:1040000013F4003FA3D003F0C5FE401B6428F5D98C
:1040100003207BE212F0030FA6D1564B1B6813F06E
:10402000040F03D0E368002B00F06B8203F0CCFE9A
:1040300041F20303984212D82269402A07D04D4921
:104040004B6823F47C3343EA02334B600FE0494A68
:10405000536823F47C3343F40033536007E0454A4C
:10406000536823F0FE43216943EA016353602368E8
:1040700013F0100F00F088803E4A136903F03803F4
:10408000926A082B54D0182B4ED0E369002B00F015
:10409000B880384A136843F08003136003F07AFE57
:1040A0000546344B1B6813F4807F40F0888003F092
:1040B00071FE401B0228F4D9032027E203F084FE9E
:1040C00041F20303984212D82269402A07D02949B5
:1040D0004B6823F47C3343EA02334B60C7E7254A3D
:1040E000536823F47C3343F400335360BFE7214A21
:1040F000536823F0FE43216943EA01635360B6E746
:104100001C4A136823F00103136003F043FE0546C5
:10411000184B1B6813F0040FA9D003F03BFE401BA3
:104120000228F5D90320F1E102F00302012AACD103
:10413000104B1B6813F4807F03D0E369802B40F0A1
:10414000E28103F041FE41F20303984214D8226A4F
:10415000202A07D007494B6823F0F84343EA8263DB
:104160004B6011E0034A536823F0F84343F0804367
:10417000536009E0004402589A4AD36823F07C5304
:10418000216A43EA0163D360236813F0080F60D00B
:104190006369002B49D0934A536F43F0010353677F
:1041A00003F0F8FD05468F4B5B6F13F0020F50D103
:1041B00003F0F0FD401B0228F5D90320A6E103F02F
:1041C00003FE41F20303984212D8226A202A07D044
:1041D00084494B6823F0F84343EA82634B60D3E79A
:1041E000804A536823F0F84343F080435360CBE7A1
:1041F0007C4AD36823F07C53216A43EA0163D3608D
:10420000C2E7784A136823F08003136003F0C2FD0D
:104210000546744B1B6813F4807FB5D003F0BAFDDC
:10422000401B0228F5D9032070E16E4A536F23F03A
:104230000103536703F0AEFD05466A4B5B6F13F055
:10424000020F06D003F0A6FD401B0228F5D903207B
:104250005CE1236813F0200F29D0A3699BB1614A68
:10426000136843F48053136003F094FD05465D4BDF
:104270001B6813F4005F1AD103F08CFD401B022869
:10428000F5D9032042E1574A136823F480531360A1
:1042900003F080FD0546534B1B6813F4005F06D006
:1042A00003F078FD401B0228F5D903202EE1236896
:1042B00013F0040F21D1636A002B00F02681494AD4
:1042C000126902F03802182A00F0EE80022B75D035
:1042D000444A136823F08073136003F05BFD0446C7
:1042E000404B1B6813F0007F00F0DC8003F052FDB0
:1042F000001B0228F4D9032008E13B4A136843F469
:104300008073136003F046FD0546374B1B6813F4BA
:10431000807F06D103F03EFD401B6428F5D90320C1
:10432000F4E0A368012B0AD00BBB2E4B1A6F22F0CE
:1043300001021A671A6F22F004021A6704E0294A80
:10434000136F43F001031367A36833B303F022FD37
:104350000546244B1B6F13F0020FACD103F01AFD7E
:10436000401B41F288339842F3D90320CEE0052B5D
:1043700009D01C4B1A6F22F001021A671A6F22F043
:1043800004021A67E0E7174B1A6F42F004021A673B
:104390001A6F42F001021A67D6E703F0FBFC0546EC
:1043A000104B1B6F13F0020F85D003F0F3FC401B82
:1043B00041F288339842F3D90320A7E0094A1368F1
:1043C00023F08073136003F0E5FC0546054B1B6882
:1043D00013F0007F0AD003F0DDFC401B0228F5D962
:1043E000032093E000440258004802584F4B996A5A
:1043F0004F4A0A40A16AE06A41EA00110A439A6200
:10440000226B013AC2F30802616B0139490289B299
:104410000A43A16B0139090401F4FE010A43E16B6F
:104420000139090601F0FE410A431A63DA6A22F0F3
:104430000102DA62596B3F4A0A40A16C42EAC102AA
:104440005A63DA6A22F00C02216C0A43DA62DA6AF1
:1044500022F00202616C0A43DA62DA6A42F48032C4
:10446000DA62DA6A42F40032DA62DA6A42F480220C
:10447000DA62DA6A42F00102DA621A6842F08072A5
:104480001A6003F087FC0446284B1B6813F0007F7A
:1044900006D103F07FFC001B0228F5D9032035E08C
:1044A000002033E0002031E0204A916A106B012B9C
:1044B0002DD001F00303A26A93422AD1C1F3051162
:1044C000E36A994227D1C0F30802236B013B9A4269
:1044D00023D1C0F34622636B013B9A421FD1C0F344
:1044E0000642A36B013B9A421BD1C0F30660E36B0B
:1044F000013B984217D1002008E0012070470120BD
:1045000004E0012002E0012000E0002038BD01208D
:10451000FCE70120FAE70120F8E70120F6E7012097
:10452000F4E70120F2E70120F0E700BF0044025861
:104530000CFCFFFF0700FFFF744B1B6903F03803FF
:10454000102B00F0DE80182B10D00BB17048704794
:104550006E4B1B6813F0200F00F0D5806B4B186872
:10456000C0F3C1006B4B23FA00F0704710B4674AE8
:10457000916A01F00301946AC4F30510D36A03F051
:10458000010C536BC3F3CC030CFB03F307EE903A1F
:10459000F8EE677A14F47C7F00F09380012965D0EF
:1045A000022900F09180E1B107EE100AF8EE476AA7
:1045B0009FED596A86EE267A544B1B6BC3F30803B2
:1045C00006EE903AF8EE666A9FED546A67EE867AD8
:1045D00076EEA77AF7EE006A77EEA67A27EE277ACC
:1045E00060E0136813F0200F23D011461268C2F365
:1045F000C102484BD34007EE103AF8EE476A07EE87
:10460000100AB8EE476A86EE867A0B6BC3F308038E
:1046100006EE903AF8EE666A9FED406A67EE867A9B
:1046200076EEA77AF7EE006A77EEA67A27EE277A7B
:1046300038E007EE100AF8EE476A9FED396A86EE19
:10464000267A324B1B6BC3F3080306EE903AF8EE62
:10465000666A9FED326A67EE867A76EEA77AF7EEA3
:10466000006A77EEA67A27EE277A1BE007EE100A9B
:10467000F8EE476A9FED286A86EE267A234B1B6B7D
:10468000C3F3080306EE903AF8EE666A9FED236ADC
:1046900067EE867A76EEA77AF7EE006A77EEA67A6C
:1046A00027EE277A194B1B6BC3F34623013307EE22
:1046B000903AF8EE677AC7EE276AFCEEE67A17EED4
:1046C000900A5DF8044B704707EE100AF8EE476A4F
:1046D0009FED146A86EE267A0C4B1B6BC3F308031E
:1046E00006EE903AF8EE666A9FED0C6A67EE867AFF
:1046F00076EEA77AF7EE006A77EEA67A27EE277AAB
:10470000D0E7094870470348704700BF004402588B
:1047100000093D000090D0030024744A00000039D5
:104720000024744C0024744B0024F400002800F092
:10473000328170B50D4604469B4B1B6803F00F0396
:104740008B420BD2984A136823F00F030B4313607C
:10475000136803F00F038B4240F01F81236813F0AE
:10476000040F0CD02269914B9B6903F070039A42AD
:1047700005D98E498B6923F070031A438A61236837
:1047800013F0080F0CD06269884BDB6903F07003EB
:104790009A4205D98549CB6923F070031A43CA614F
:1047A000236813F0100F0CD0A269804BDB6903F46F
:1047B000E0639A4205D97D49CB6923F4E0631A434B
:1047C000CA61236813F0200F0CD0E269774B1B6A93
:1047D00003F070039A4205D974490B6A23F0700301
:1047E0001A430A62236813F0020F0CD0E2686F4B81
:1047F0009B6903F00F039A4205D96C498B6923F03A
:104800000F031A438A61236813F0010F41D0674AEE
:10481000936923F47063A1680B4393616368022B6F
:104820000AD0032B27D0012B2CD0604A126812F03B
:10483000040F06D10120ADE0126812F4003F00F031
:10484000AE805A490A6922F0070213430B6103F054
:10485000A1FA0646554B1B6903F038036268B3EBB7
:10486000C20F16D003F096FA801B41F288339842AB
:10487000F0D903208EE04D4A126812F0007FE0D19B
:10488000012087E0494A126812F4807FD9D10120C3
:1048900080E0236813F0020F0CD0E268434B9B6961
:1048A00003F00F039A4205D240498B6923F00F03AE
:1048B0001A438A613C4B1B6803F00F03AB420AD9D1
:1048C000394A136823F00F032B431360136803F076
:1048D0000F03AB4265D1236813F0040F0CD022699B
:1048E000324B9B6903F070039A4205D22F498B69C2
:1048F00023F070031A438A61236813F0080F0CD069
:1049000062692A4BDB6903F070039A4205D227499A
:10491000CB6923F070031A43CA61236813F0100FA8
:104920000CD0A269214BDB6903F4E0639A4205D203
:104930001E49CB6923F4E0631A43CA61236813F06C
:10494000200F0CD0E269194B1B6A03F070039A42E6
:1049500005D216490B6A23F070031A430A62FFF767
:10496000EBFD12498B69C3F30323114AD35C03F0B7
:104970001F03D8408B6903F00F03D35C03F01F03C0
:1049800020FA03F30B4A13600B4B18600B4B1868AB
:1049900003F09EF970BD012070470120FAE7012065
:1049A000F8E70120F6E700BF00200052004402585B
:1049B00094F500080C0000240800002404000024E2
:1049C00008B5FFF7B9FD0B4A9369C3F303230A49FE
:1049D000CB5C03F01F0320FA03F3926902F00F028D
:1049E000885C00F01F0023FA00F0044A1060044ABB
:1049F000136008BD0044025894F500080C00002420
:104A00000800002408B5FFF7DBFF054BDB69C3F3A3
:104A10000213044AD35C03F01F03D84008BD00BF53
:104A20000044025894F5000808B5FFF7C9FF054B8C
:104A3000DB69C3F30223044AD35C03F01F03D840AD
:104A400008BD00BF0044025894F50008404B9B6A23
:104A500003F00303032B79D070B505460E463C4A9C
:104A6000136823F08063136003F094F90446384B15
:104A70001B6813F0006F06D003F08CF9031B022BA8
:104A8000F5D9032070BD324B9A6A22F47C32296832
:104A900042EA01329A626A68013AC2F30802A968DE
:104AA0000139490289B20A43E9680139090401F46C
:104AB000FE010A4329690139090601F0FE410A4352
:104AC0009A63DA6A22F0C00269690A43DA62DA6A32
:104AD00022F02002A9690A43DA62DA6A22F010029F
:104AE000DA62D96B1B4A0A40E96942EAC102DA6319
:104AF000DA6A42F01002DA62C6B91A46DB6A43F497
:104B00000023D362124A136843F08063136003F0FA
:104B100041F904460E4B1B6813F0006F14D103F0EB
:104B200039F9001B0228F5D90320ABE7012E05D087
:104B3000074AD36A43F40013D362E3E7044AD36A13
:104B400043F48013D362DDE700209BE70120704728
:104B5000004402580700FFFF404B9B6A03F0030329
:104B6000032B79D070B505460E463C4A136823F0F6
:104B70008053136003F00EF90446384B1B6813F0A2
:104B8000005F06D003F006F9031B022BF5D90320C2
:104B900070BD324B9A6A22F07C72296842EA015257
:104BA0009A626A68013AC2F30802A96801394902A7
:104BB00089B20A43E9680139090401F4FE010A4394
:104BC00029690139090601F0FE410A431A64DA6ACB
:104BD00022F4406269690A43DA62DA6A22F40072F6
:104BE000A9690A43DA62DA6A22F48072DA62596CDD
:104BF0001B4A0A40E96942EAC1025A64DA6A42F48D
:104C00008072DA62C6B91A46DB6A43F48003D36263
:104C1000124A136843F08053136003F0BBF8044654
:104C20000E4B1B6813F0005F14D103F0B3F8001BA8
:104C30000228F5D90320ABE7012E05D0074AD36A35
:104C400043F08073D362E3E7044AD36A43F400037A
:104C5000D362DDE700209BE7012070470044025843
:104C60000700FFFFF8B50446036813F0006F30D06B
:104C7000436EB3F5001F26D00ED8EBB1B3F5801FFD
:104C800007D102210430FFF7E1FE054645B12E466B
:104C900021E0012635461EE0B3F5401F09D100256D
:104CA000954A136D23F44013616E0B431365002680
:104CB00011E0012635460EE08F4AD36A43F40033F3
:104CC000D3620025ECE702212430FFF745FF0546BB
:104CD000DCE700263546236813F4807F14D0636D2B
:104CE000042B30D8DFE803F0032228080800824AAA
:104CF000D36A43F40033D36245BB7F4A136D23F07C
:104D00000703616D0B431365236813F4007F2FD0F5
:104D1000A36D802B49D01ED8002B40D0402B17D13B
:104D20000021201DFFF792FE054619E00021201DFD
:104D3000FFF78CFE0546DFE7002104F12400FFF7B2
:104D40000BFF0546D8E701263546DDE72E46DBE7B3
:104D5000012635460CE0C02B02D0B3F5807F1BD175
:104D600055BB654A136D23F4E073A16D0B431365C6
:104D7000236813F4806F45D0D4F8A430B3F5800FC6
:104D800038D01ED883B3B3F5001F17D10021201DE2
:104D9000FFF75CFE05461AE001263546E8E7564A6D
:104DA000D36A43F40033D362DAE7002104F124002C
:104DB000FFF7D2FE0546D3E72E46D9E70126354652
:104DC00020E0B3F5C00F02D0B3F5000F09D1C5B98B
:104DD000494A936D23F46003D4F8A4100B43936500
:104DE00010E0012635460DE0434AD36A43F4003310
:104DF000D362ECE7002104F12400FFF7ADFE054685
:104E0000E5E72E46236813F4006F23D0D4F8A830CA
:104E1000B3F1007F41D00DD8002B38D0B3F1807FA3
:104E200005D10021201DFFF711FE054608E00126EF
:104E300035460FE0B3F1407F02D0B3F1806F23D14C
:104E4000002D31D12C4A936D23F0E063D4F8A810E3
:104E50000B439365236813F0007F2ED0A36C202BA7
:104E60003FD026D833B1102B20D1234AD36A43F444
:104E70000033D362002D3AD11F4AD36C23F03003A4
:104E8000A16C0B43D36418E001263546E2E71A4AC9
:104E9000D36A43F40033D362D2E7002104F1240043
:104EA000FFF75AFE0546CBE72E46D3E701263546E7
:104EB00003E0302BDED001263546236813F4805FF3
:104EC0002BD0E36DB3F5005F4CD017D8002B43D047
:104ED000B3F5805F0DD10021201DFFF7B7FD05461A
:104EE00012E00221201DFFF7B1FD0546C2E72E4664
:104EF000E3E70126354610E000440258B3F5405F71
:104F000002D0B3F5804F24D1002D32D1754A136DF4
:104F100023F4E043E16D0B431365236813F4005F52
:104F200037D0236EB3F5003F51D027D83BB1B3F54E
:104F3000803F20D10121201DFFF788FD0546002D6F
:104F40004CD1684A136D23F4E023216E0B431365A3
:104F50001FE001263546E0E7624AD36A43F4003396
:104F6000D362D1E7002104F12400FFF7F5FD0546E7
:104F7000CAE72E46D1E7012635460AE0B3F5802F71
:104F8000DDD0B3F5A02FDAD0B3F5403FD7D001265E
:104F90003546236813F4804F30D0D4F8AC30B3F1E9
:104FA000005F44D01FD83BB1B3F1805F18D101211D
:104FB000201DFFF74BFD0546002D3FD1494A936D5B
:104FC00023F0E043D4F8AC100B43936516E00121C5
:104FD00004F12400FFF7C0FD0546B0E72E46D8E7F0
:104FE000012635460AE0B3F1804FE5D0B3F1A04F7A
:104FF000E2D0B3F1405FDFD001263546236813F4D9
:10500000004F09D0E36EB3F1805F19D0B3F1005FB8
:1050100024D0D3B101263546236813F0807F32D0E7
:10502000636C032B59D8DFE803F0262152260121B7
:1050300004F12400FFF790FD0546BDE72E46DDE7AD
:10504000284AD36A43F40033D3626DB9254A136DFD
:1050500023F04053E16E0B431365DDE70121201D72
:10506000FFF7F4FC0546F0E72E46D5E71D4AD36A64
:1050700043F40033D3629DBB1A4AD36C23F003037D
:10508000616C0B43D364236813F4800F2CD1236825
:1050900013F0010F00F0A380A36F282B00F29D8076
:1050A000DFE803F08B9B9B9B9B9B9B9B869B9B9B27
:1050B0009B9B9B9B949B9B9B9B9B9B9B8B9B9B9B57
:1050C0009B9B9B9B8B9B9B9B9B9B9B9B8B000221FE
:1050D000201DFFF7BBFC0546CDE701263546D2E78C
:1050E0002E46D0E7004402588F4A136843F4807379
:1050F000136002F04FFE07468B4B1B6813F4807F52
:1051000005D102F047FEC01B6428F5D90325002D08
:105110004AD1864B1B6FD4F8B020534013F4407F24
:105120000CD0824B1A6F22F44072196F41F4803117
:105130001967196F21F4803119671A67D4F8B030F4
:10514000B3F5807F15D08DBBD4F8B03003F4407236
:10515000B2F5407F1ED0754A136923F47C53136166
:1051600072490B6FD4F8B020C2F30B0213430B67E4
:105170008DE702F00FFE07466C4B1B6F13F0020F1A
:10518000E1D102F007FEC01B41F288339842F3D907
:105190000325D8E76548026922F47C52644901EA94
:1051A000131313430361DBE72E4670E72E466EE7C9
:1051B0000121201DFFF74AFC0546E5B95B4A536D06
:1051C00023F03803A16F0B43536508E0012104F17C
:1051D0002400FFF7C1FC0546EFE7012635462368AA
:1051E00013F0020F16D0636F052B27D8DFE803F00A
:1051F0000A051F0A0A0A2E46F1E70121201DFFF7C2
:1052000025FC0546EDB9494A536D23F00703616F4C
:105210000B435365236813F0040F22D0D4F8903069
:10522000052B43D8DFE803F0140F3B1414140121BD
:1052300004F12400FFF790FC0546E3E7012635461C
:10524000E8E72E46E6E70121201DFFF7FFFB0546B4
:105250007DBB364A936D23F00703D4F890100B43BF
:105260009365236813F0200F33D0D4F88C30B3F15A
:10527000005F4CD022D83BB1B3F1805F1BD100213D
:10528000201DFFF7E3FB0546002D47D1274A536D4C
:1052900023F0E043D4F88C100B43536519E001214F
:1052A00004F12400FFF758FC0546D1E701263546F6
:1052B000D7E72E46D5E7012635460AE0B3F1804F01
:1052C000E2D0B3F1A04FDFD0B3F1405FDCD00126D4
:1052D0003546236813F0400F37D0D4F89830B3F533
:1052E000006F52D026D83BB1B3F5806F18D10021A2
:1052F000201DFFF7ABFB0546002D4DD10B4A936DEA
:1053000023F4E053D4F898100B4393651DE0022179
:1053100004F12400FFF720FC0546B5E72E46D8E748
:105320000126354611E000BF0048025800440258EB
:10533000CFFFFF00B3F5805FDED0B3F5A05FDBD019
:10534000B3F5406FD8D001263546236813F0800F9F
:1053500032D0D4F89C30B3F5804F00F09D8020D837
:105360003BB1B3F5005F19D10021201DFFF76EFBA3
:105370000546002D40F09780A54A936D23F46043C5
:10538000D4F89C100B43936516E0022104F124002D
:10539000FFF7E2FB0546AFE72E46D6E70126354686
:1053A0000AE0B3F5004FE4D0B3F5204FE1D0B3F5F8
:1053B000C04FDED001263546236813F0080F0CD00D
:1053C000D4F88030B3F5805F6FD0914A536D23F4E9
:1053D0004053D4F880100B435365236813F0100F2B
:1053E0000CD0D4F89430B3F5807F67D0884A936DA1
:1053F00023F44073D4F894100B439365236813F49B
:10540000002F0BD0D4F8A030B3F5803F6ED0B3F5A9
:10541000003F61D0002B5AD001263546236813F493
:10542000802F0CD0D4F88430B3F5001F76D0B3F5BC
:10543000401F69D0B3F5801F61D00126354623682F
:1054400013F4803F07D0E36C002B70D0B3F5803F9E
:105450007BD001263546236813F0005F7DD1236899
:1054600013F4003F00F08680E36FB3F5807F00F017
:10547000C6807CD9B3F5007F03D0B3F5407F40F000
:10548000BC80002D40F0C180614A536D23F440730D
:10549000E16F0B4353656DE0022104F12400FFF737
:1054A0005BFB054665E72E4686E7022104F12400F2
:1054B000FFF752FB002888D0012686E7022104F17D
:1054C0002400FFF749FB002890D001268EE7002139
:1054D000201DFFF7BBFA05467DB94D4A936D23F4B5
:1054E0004033D4F8A0100B43936597E7022104F1F1
:1054F0002400FFF731FB0546EEE72E468EE7444ACF
:10550000D36A43F40033D3627DB9414A536D23F427
:105510004013D4F884100B43536590E7012104F144
:105520002400FFF719FB0546EEE72E4687E7384AC9
:10553000D36A43F40033D3626DB9354AD36C23F494
:105540008033E16C0B43D36485E70221201DFFF714
:105550007DFA0546F0E72E467DE7022104F124009E
:10556000FFF7FAFA00283FF47AAF012677E7002B1D
:1055700087D00126236813F4801F06D0244A136DB8
:1055800023F00043216F0B431365236813F0805F02
:1055900007D01F4A136923F48043D4F8B4100B4397
:1055A0001361236813F4001F06D0194A136D23F00A
:1055B0008073A16E0B431365236813F0804F09D0ED
:1055C000134B1A6922F400421A611A69D4F8B81010
:1055D0000A431A612368002B1CDB236813F4000FB5
:1055E00007D00B4A536D23F44003D4F888100B43C3
:1055F000536506B101263046F8BD0126BAE7044AD4
:10560000D36A43F40033D3623BE72E46B2E700BFD0
:1056100000440258034AD36C23F04053216D0B43DE
:10562000D364DAE70044025808B5FFF7C9F9054B1F
:105630001B6AC3F30213044AD35C03F01F03D84070
:1056400008BD00BF0044025894F5000810B5774A21
:10565000916A946AC4F3053ED36AC3F3001CD36B0A
:10566000C3F3CC030CFB03F314F47C3F00F0D880AD
:1056700001F0030107EE903AF8EE677A012965D050
:10568000022900F0B080E1B107EE10EAB8EE477AE7
:105690009FED676AC6EE076A644B9B6BC3F3080312
:1056A00007EE103AB8EE477A9FED626A67EE867AA7
:1056B00077EE277AB7EE007A77EE877A66EEA76AFA
:1056C00060E0136813F0200F23D011461268C2F374
:1056D000C102594BD34007EE103AB8EE477A06EEB6
:1056E00090EAB8EE666AC7EE066A8B6BC3F30803EE
:1056F00007EE103AB8EE477A9FED4E6A67EE867A6B
:1057000077EE277AB7EE007A77EE877A66EEA76AA9
:1057100038E007EE10EAB8EE477A9FED486AC6EE29
:10572000076A424B9B6BC3F3080307EE103AB8EECF
:10573000477A9FED406A67EE867A77EE277AB7EE72
:10574000007A77EE877A66EEA76A1BE007EE10EA2A
:10575000B8EE477A9FED366AC6EE076A334B9B6B0D
:10576000C3F3080307EE103AB8EE477A9FED316AAB
:1057700067EE867A77EE277AB7EE007A77EE877A49
:1057800066EEA76A294A936BC3F3462307EE103AE5
:10579000B8EE477AB7EE006A37EE067AC6EE877A39
:1057A000FCEEE77AC0ED007A936BC3F3064307EE95
:1057B000103AB8EE477A37EE067AC6EE877AFCEEF4
:1057C000E77AC0ED017A936BC3F3066307EE903A74
:1057D000F8EE677A77EE867A86EEA77ABCEEC77A1D
:1057E00080ED027A10BD07EE10EAB8EE477A9FED21
:1057F000146AC6EE076A0D4B9B6BC3F3080307EEF2
:10580000103AB8EE477A9FED0B6A67EE867A77EE2C
:10581000277AB7EE007A77EE877A66EEA76AB1E765
:105820000023036043608360DCE700BF004402584C
:105830000024744A000000390090D0030024744C06
:105840000024744B10B5774A916A946AC4F3055EDC
:10585000D36AC3F3002C536CC3F3CC030CFB03F3E8
:1058600014F07C7F00F0D88001F0030107EE903A3D
:10587000F8EE677A012965D0022900F0B080E1B125
:1058800007EE10EAB8EE477A9FED676AC6EE076A40
:10589000644B1B6CC3F3080307EE103AB8EE477A6B
:1058A0009FED626A67EE867A77EE277AB7EE007A26
:1058B00077EE877A66EEA76A60E0136813F0200F30
:1058C00023D011461268C2F3C102594BD34007EEF0
:1058D000103AB8EE477A06EE90EAB8EE666AC7EE7E
:1058E000066A0B6CC3F3080307EE103AB8EE477A6A
:1058F0009FED4E6A67EE867A77EE277AB7EE007AEA
:1059000077EE877A66EEA76A38E007EE10EAB8EE1F
:10591000477A9FED486AC6EE076A424B1B6CC3F399
:10592000080307EE103AB8EE477A9FED406A67EE3B
:10593000867A77EE277AB7EE007A77EE877A66EE88
:10594000A76A1BE007EE10EAB8EE477A9FED366AC9
:10595000C6EE076A334B1B6CC3F3080307EE103A1D
:10596000B8EE477A9FED316A67EE867A77EE277A4E
:10597000B7EE007A77EE877A66EEA76A294A136C4B
:10598000C3F3462307EE103AB8EE477AB7EE006A43
:1059900037EE067AC6EE877AFCEEE77AC0ED007A3B
:1059A000136CC3F3064307EE103AB8EE477A37EEAE
:1059B000067AC6EE877AFCEEE77AC0ED017A136CC0
:1059C000C3F3066307EE903AF8EE677A77EE867ACD
:1059D00086EEA77ABCEEC77A80ED027A10BD07EE9C
:1059E00010EAB8EE477A9FED146AC6EE076A0D4BCF
:1059F0001B6CC3F3080307EE103AB8EE477A9FED2D
:105A00000B6A67EE867A77EE277AB7EE007A77EE42
:105A1000877A66EEA76AB1E700230360436083607C
:105A2000DCE700BF004402580024744A000000393B
:105A30000090D0030024744C0024744B10B5774AB6
:105A4000916A946AC4F3051ED36A03F0010C536B88
:105A5000C3F3CC030CFB03F314F47C7F00F0D88079
:105A600001F0030107EE903AF8EE677A012965D05C
:105A7000022900F0B080E1B107EE10EAB8EE477AF3
:105A80009FED676AC6EE076A644B1B6BC3F308039E
:105A900007EE103AB8EE477A9FED626A67EE867AB3
:105AA00077EE277AB7EE007A77EE877A66EEA76A06
:105AB00060E0136813F0200F23D011461268C2F380
:105AC000C102594BD34007EE103AB8EE477A06EEC2
:105AD00090EAB8EE666AC7EE066A0B6BC3F308037A
:105AE00007EE103AB8EE477A9FED4E6A67EE867A77
:105AF00077EE277AB7EE007A77EE877A66EEA76AB6
:105B000038E007EE10EAB8EE477A9FED456AC6EE38
:105B1000076A424B1B6BC3F3080307EE103AB8EE5B
:105B2000477A9FED406A67EE867A77EE277AB7EE7E
:105B3000007A77EE877A66EEA76A1BE007EE10EA36
:105B4000B8EE477A9FED396AC6EE076A334B1B6B96
:105B5000C3F3080307EE103AB8EE477A9FED316AB7
:105B600067EE867A77EE277AB7EE007A77EE877A55
:105B700066EEA76A294A136BC3F3462307EE103A71
:105B8000B8EE477AB7EE006A37EE067AC6EE877A45
:105B9000FCEEE77AC0ED007A136BC3F3064307EE21
:105BA000103AB8EE477A37EE067AC6EE877AFCEE00
:105BB000E77AC0ED017A136BC3F3066307EE903A00
:105BC000F8EE677A77EE867A86EEA77ABCEEC77A29
:105BD00080ED027A10BD07EE10EAB8EE477A9FED2D
:105BE000146AC6EE076A0D4B1B6BC3F3080307EE7E
:105BF000103AB8EE477A9FED0B6A67EE867A77EE39
:105C0000277AB7EE007A77EE877A66EEA76AB1E771
:105C10000023036043608360DCE700BF0044025858
:105C20000024744C000000390090D0030024744A12
:105C30000024744B00B58BB0B0F5807F20D0B0F558
:105C4000007F71D0B0F5806F00F0C880B0F5006FB4
:105C500000F02181B0F5805F00F08281B0F5002F67
:105C600000F0DB81B0F5803F00F01F82B0F5804F7F
:105C700000F03982B0F5004F00F084820020B2E2DB
:105C8000954B1B6D03F00703042B00F2A382DFE8A2
:105C900003F005101B0326009048A4E28E4B186801
:105CA00010F0007000F09F8207A8FFF7C7FE089869
:105CB00099E2894B186810F0006000F0948204A803
:105CC000FFF7C4FC04988EE2834B186810F0005074
:105CD00000F0898201A8FFF7B5FD019883E27E4AB2
:105CE000D36C03F04053126812F0040F07D033B99D
:105CF000794B1B68C3F3C1037948D84073E2764AF5
:105D0000126812F4807F03D0B3F1805F00F06482E8
:105D1000714A126812F4003F00F06082B3F1005F34
:105D200000F05E8200205EE26B4B1B6D03F4E073BB
:105D3000802B33D015D9C02B00F05482B3F5807F6F
:105D40001FD1654AD36C03F04053126812F0040F60
:105D50002FD073BB604B1B68C3F3C1036048D840AE
:105D600041E283B1402B0AD15B4B186810F0006010
:105D700000F0398204A8FFF769FC049833E20020A0
:105D800031E200202FE2544B186810F0007000F050
:105D90002A8207A8FFF752FE089824E24E4B1868A3
:105DA00010F0005000F01F8201A8FFF74BFD019892
:105DB00019E2494A126812F4807F03D0B3F1805F80
:105DC00000F01482444A126812F4003F00F010827E
:105DD000B3F1005F00F00E82002004E23E4B9B6DA9
:105DE00003F46003B3F5800F35D016D9B3F5C00FB7
:105DF00000F00282B3F5000F20D1374AD36C03F0D4
:105E00004053126812F0040F30D07BBB324B1B683A
:105E1000C3F3C1033248D840E5E18BB1B3F5001FAD
:105E20000AD12D4B186810F0006000F0DC8104A846
:105E3000FFF70CFC0498D6E10020D4E10020D2E169
:105E4000254B186810F0007000F0CD8107A8FFF70F
:105E5000F5FD0898C7E1204B186810F0005000F0DD
:105E6000C28101A8FFF7EEFC0198BCE11A4A126852
:105E700012F4807F03D0B3F1805F00F0BF81164A37
:105E8000126812F4003F00F0BB81B3F1005F00F034
:105E9000B9810020A7E1104B9B6D03F0E063B3F1E3
:105EA000007F3DD01ED9B3F1407F00F0AD81B3F14A
:105EB000806F28D1084AD36C03F04053126812F067
:105EC000040F38D0002B36D1034B1B68C3F3C1033A
:105ED0000348D84087E100BF004402580080BB005F
:105EE0000090D0038BB1B3F1807F0AD1994B186831
:105EF00010F0006000F0778104A8FFF7A7FB04987A
:105F000071E100206FE100206DE1924B186810F004
:105F1000007000F0688107A8FFF790FD089862E123
:105F20008C4B186810F0005000F05D8101A8FFF75D
:105F300089FC019857E1874A126812F4807F03D0E8
:105F4000B3F1805F00F06281824A126812F4003F70
:105F500000F05E81B3F1005F00F05C81002042E15F
:105F60007C4B1B6D03F4E043B3F5005F35D016D9CD
:105F7000B3F5405F00F05081B3F5804F20D1754AF2
:105F8000D36C03F04053126812F0040F30D07BBB87
:105F9000704B1B68C3F3C1036F48D84023E18BB13A
:105FA000B3F5805F0AD16B4B186810F0006000F009
:105FB0001A8104A8FFF74AFB049814E1002012E1BB
:105FC000002010E1634B186810F0007000F00B81A6
:105FD00007A8FFF733FD089805E15E4B186810F03D
:105FE000005000F0008101A8FFF72CFC0198FAE0B6
:105FF000584A126812F4807F03D0B3F1805F00F03A
:106000000D81544A126812F4003F00F00981B3F187
:10601000005F00F007810020E5E04E4B9B6D03F42C
:106020004033B3F5803F10D0B3F5003F18D00BB12B
:106030000020D8E0474B186810F0006000F0D380D3
:1060400004A8FFF703FB0498CDE0424B186810F05A
:10605000005000F0C88001A8FFF7F4FB0398C2E0ED
:106060003C4AD36C03F04053126812F0040F07D07F
:1060700033B9384B1B68C3F3C1033748D840B2E08B
:10608000344A126812F4807F03D0B3F1805F00F0CD
:10609000CB80304A126812F4003F00F0C780B3F1A1
:1060A000005F00F0C58000209DE02A4BDB6C13F4FC
:1060B000803302D063B9002095E0264B186810F0B9
:1060C000007000F0908007A8FFF7B8FC08988AE0FD
:1060D000204B186810F0006000F0858004A8FFF7DE
:1060E000B5FA06987FE01B4B9B6D03F0E043B3F1DC
:1060F000405F35D015D8B3F1805F21D0B3F1005F98
:1061000009D1144B186810F000506CD001A8FFF7AB
:1061100099FB029867E013B9FFF786FA63E0002065
:1061200061E0B3F1804F26D0B3F1A04F06D1094B07
:10613000186810F4003056D0084854E0002052E0AF
:10614000044B186810F000604DD004A8FFF77EFAE9
:10615000059848E0004402580090D0030024F40061
:10616000344B186810F004003DD01B68C3F3C10322
:106170003148D84037E02F4B186810F4807032D087
:106180002E4830E02B4B1B6D03F04053B3F1805F82
:106190000CD0B3F1005F13D00BB1002023E0254BEE
:1061A000186810F400301ED025481CE0214B1868F8
:1061B00010F0007017D007A8FFF740FC089812E015
:1061C0001C4B186810F000600DD004A8FFF73EFAD1
:1061D000059808E0002006E0184804E0002002E0EE
:1061E000174800E017480BB05DF804FB1348FAE7C6
:1061F0000020F8E71248F6E71248F4E70F48F2E704
:106200000020F0E70E48EEE70E48ECE70B48EAE71F
:106210000020E8E70A48E6E70A48E4E70748E2E73B
:106220000020E0E70648DEE70448DCE70020DAE784
:106230000348D8E7004402580090D00300093D000D
:106240000024F4000080BB00F0B583B0002340E0E0
:10625000092400E00024B44044EA0C040235764EE0
:1062600046F825404FF0B044D4F88050D44325EA96
:1062700002064F6817F4803F01D042EA05064FF04E
:10628000B045C5F88060D5F8845004EA05064F682B
:1062900017F4003F01D042EA05064FF0B045C5F8BB
:1062A00084602D6804EA05064F6817F4801F01D04A
:1062B00042EA05064FF0B0452E606D682C404E68EE
:1062C00016F4001F01D042EA05044FF0B0425460BA
:1062D00001330A6832FA03F400F0AB804FF0010C8E
:1062E0000CFA03FC1CEA0202F2D04C68651E112C69
:1062F00018BF012D01D9122C13D185685E0003242B
:10630000B44025EA0405CC68B4402C43846044685A
:1063100024EA0C0C4C68C4F300149C4044EA0C04BE
:106320004460C6684FEA430C032505FA0CF5EC43BC
:1063300026EA050E8D6805FA0CF545EA0E05C560DE
:106340004D68122D18BF022D12D1DE08083650F804
:10635000267003F007054FEA850E0F2505FA0EF5A6
:1063600027EA05070D6905FA0EF53D4340F826506A
:10637000056825404C6804F0030404FA0CF42C432F
:1063800004604C6814F0805FA2D02C4CD4F8F45018
:1063900045F00205C4F8F450D4F8F44004F00204C7
:1063A0000194019C9D08AE1C234C54F8267003F008
:1063B0000304A6000F24B44027EA040C204CA0429A
:1063C0003FF448AF04F58064A04222D004F5806415
:1063D000A04220D004F58064A0421ED004F5806461
:1063E000A0421CD004F58064A0421AD004F5806459
:1063F000A04218D004F58064A04216D004F5806451
:10640000A04214D004F58064A0423FF421AF0A24D6
:1064100021E701241FE702241DE703241BE70424CE
:1064200019E7052417E7062415E7072413E70824CE
:1064300011E703B0F0BD00BF00040058004402584B
:10644000000002580AB181617047090481617047F8
:10645000F0B4876D0468664E664DAC4218BFB44216
:1064600042D01835AC423FD01835AC423CD018353C
:10647000AC4239D01835AC4236D01835AC4233D0A6
:106480001835AC4230D005F55675AC422CD01835D5
:10649000AC4229D01835AC4226D01835AC4223D0B6
:1064A0001835AC4220D01835AC421DD01835AC425E
:1064B0001AD01835AC4217D04F4DAC4214D0143519
:1064C000AC4211D01435AC420ED01435AC420BD0D6
:1064D0001435AC4208D01435AC4205D01435AC426A
:1064E00002D01435AC4207D1446E856E6560C46E2F
:1064F00014B1046F456F656004683D4E3D4DAC427C
:1065000018BFB44252D01835AC424FD01835AC4207
:106510004CD01835AC4249D01835AC4246D018356D
:10652000AC4243D01835AC4240D005F55675AC426C
:106530003CD01835AC4239D01835AC4236D018357D
:10654000AC4233D01835AC4230D01835AC422DD0E7
:106550001835AC422AD01835AC4227D0264E274DEC
:10656000AC4218BFB44211D0254DAC420ED0143508
:10657000AC420BD01435AC4208D01435AC4205D037
:106580001435AC4202D01435AC4224D1C46D04F0B1
:106590001F050124AC407C60046863608368402B65
:1065A00020D0036899600368DA6014E0C46D04F0D9
:1065B0001F0C3F2404FA0CF4BC6005682C6824F41A
:1065C00080242C60046863608368402B05D00368D6
:1065D00099600368DA60F0BC704703689A600368EA
:1065E000D960F8E703689A600368D960F3E700BFF1
:1065F0001000024028000240085402581C5402585F
:106600003054025803682749274A934218BF8B42E7
:106610002FD0183293422CD01832934229D01832FE
:10662000934226D01832934223D01832934220D07E
:10663000183293421DD002F55672934219D0183287
:10664000934216D01832934213D01832934210D08E
:10665000183293420DD0183293420AD01832934226
:1066600007D01832934204D023F0FF038365806D76
:10667000704710B4D9B210390C4AA2FB0142C2F3E0
:1066800002120B4CA25CC2655F2907D9094A1A4065
:1066900004328265806D5DF8044B7047054A1A40EC
:1066A0008265F7E71000024028000240ABAAAAAAC0
:1066B00054F5000800FCFFFF83699BB9836A012B36
:1066C0000AD0022B02D00BB100207047C36A13F02E
:1066D000807F2AD100207047C36AB3F1C07F26D0E3
:1066E00000207047B3F5005F0AD0836A022B26D9D9
:1066F000032B26D1C36A13F0807F24D1002070477A
:10670000836A032B03D8DFE803F01404140A002083
:106710007047C36A13F0807F0DD100207047C36AB1
:10672000B3F1C07F09D000207047012070470120DD
:1067300070470120704701207047012070470120F9
:10674000704700207047012070470000036822490D
:10675000224A934218BF8B4228D01432934225D04C
:106760001432934222D0143293421FD014329342F7
:106770001CD01432934219D01432934216D0DAB29C
:10678000103A1749A1FB0212120916491944A82907
:106790001FD9154B13449B000366144B436602F04C
:1067A0001F02012303FA02F282667047DBB2083B44
:1067B0000F4AA2FB03230F4A02EB13129200026658
:1067C0000D4A4266C3F30413012202FA03F38366FF
:1067D00070470832DDE700BF085402581C540258C5
:1067E000ABAAAAAAF0FBFDBF0082001080080240FD
:1067F000CDCCCCCC009600168058025801794A1EA8
:10680000072A2CD830B40368154D164CA34218BF84
:10681000AB4218D01434A34215D01434A34212D082
:106820001434A3420FD01434A3420CD01434A34226
:1068300009D01434A34206D00B4B0B449B00C36613
:106840000A4B036705E00A4B0B449B00C366094BE8
:106850000367012303FA02F2426730BC70477047B6
:10686000085402581C5402583F820010400902404C
:106870003F9600164059025870B5044601F08AFA56
:10688000002C00F0B681054623685349534A9342D1
:1068900018BF8B420CBF0122002250D030318B42F6
:1068A0004DD018318B424AD018318B4247D0183125
:1068B0008B4244D018318B4241D018318B423ED0AC
:1068C00001F556718B423AD018318B4237D01831CE
:1068D0008B4234D018318B4231D018318B422ED0BC
:1068E00018318B422BD018318B4228D018318B4273
:1068F00025D03B493B4A934218BF8B4200F031817F
:10690000394A934200F02D811432934200F02981DC
:106910001432934200F025811432934200F0218119
:106920001432934200F01D811432934200F0198119
:1069300040236365032384F8353001204AE00021B9
:1069400084F83410022184F835107ABB274A934228
:106950002CD01832934229D01832934226D01832C4
:10696000934223D01832934220D0183293421DD044
:1069700002F55672934219D01832934216D018324B
:10698000934213D01832934210D0183293420DD054
:10699000183293420AD01832934207D018329342E9
:1069A00004D01A6822F001021A6003E01A6822F08B
:1069B00001021A6023681A6812F0010F18D001F062
:1069C000E9F9431B052BF5D920236365032384F8DC
:1069D0003530012070BD00BF100002402800024089
:1069E000085402581C5402583054025840000240C7
:1069F0001A6881481040A168E2680A4321690A4385
:106A000061690A43A1690A43E1690A43216A0A43A9
:106A10000243616A042900F099807849086878493E
:106A20000140B1F1005F11D36168A1F12905A1F125
:106A30003F00032888BF052D06D9A1F14700012892
:106A400002D94F39032901D842F480121A6026680E
:106A5000756925F00705636A1D43042B08D1A36AF5
:106A60001D43E36A23B12046FFF726FE002872D1BA
:106A700075612046FFF7C6FDE36D03F01F023F235B
:106A80009340836023685F495F4A934218BF8B42FB
:106A900042D0183293423FD0183293423CD0183241
:106AA000934239D01832934236D01832934233D0C1
:106AB0001832934230D002F5567293422CD01832DD
:106AC000934229D01832934226D01832934223D0D1
:106AD0001832934220D0183293421DD0183293427C
:106AE0001AD01832934217D0484A934214D0143225
:106AF000934211D0143293420ED0143293420BD0F1
:106B00001432934208D01432934205D01432934287
:106B100002D01432934213D12046FFF717FEA36828
:106B2000802B59D0236E22791A60636EA26E5A6050
:106B30006368013B072B52D90023E3662367636731
:106B400000206065012384F8353043E7E16A206B5B
:106B500001430A4361E740236365012084F835005F
:106B600038E7002284F83420022284F835201A689D
:106B700027491140A268402A2CD0802A27D0002221
:106B8000E06842EAD002206942EAD002606942EA43
:106B9000D002A06942EAD002E06942EAD002206A4B
:106BA00042EA10120A431A6022681A4B13441A4A26
:106BB000A2FB03231B099B00E3652046FFF722FD90
:106BC000E26D02F01F0101228A4042605AE74FF451
:106BD0008042D5E71022D3E700236360A2E7204676
:106BE000FFF70CFEE36E00221A60236F626F5A609B
:106BF000A6E70120EEE600BF3F8010FE0010005C1B
:106C00000000FFFF10000240280002400854025814
:106C10000F00FEFFF8ABFDA7CDCCCCCC002800F0D8
:106C20003E8170B5044690F83400012800F03981A7
:106C3000012084F8340094F83500C0B2012807D050
:106C4000002384F834304FF400636365012070BD85
:106C5000022084F83500002060652068924E934D34
:106C6000A84218BFB0422FD01835A8422CD01835F2
:106C7000A84229D01835A84226D01835A84223D0DA
:106C80001835A84220D01835A8421DD005F55675F4
:106C9000A84219D01835A84216D01835A84213D0EA
:106CA0001835A84210D01835A8420DD01835A84282
:106CB0000AD01835A84207D01835A84204D0056874
:106CC00025F00105056003E0056825F00105056074
:106CD0002046FFF7BDFB23687349744A934218BFEF
:106CE0008B4238D01832934235D01832934232D08A
:106CF000183293422FD0183293422CD0183293423C
:106D000029D01832934226D002F55672934222D0EF
:106D1000183293421FD0183293421CD0183293423B
:106D200019D01832934216D01832934213D0183229
:106D3000934210D0183293420DD01A6822F00E02FE
:106D400042F00A021A60236C93B12268136843F080
:106D5000040313600CE01A6822F01E0242F01602CF
:106D60001A60236C23B12268136843F00803136090
:106D700023684D494D4A934218BF8B4242D0183286
:106D800093423FD0183293423CD01832934239D0CC
:106D90001832934236D01832934233D0183293428D
:106DA00030D002F5567293422CD01832934229D03B
:106DB0001832934226D01832934223D0183293428D
:106DC00020D0183293421DD0183293421AD0183274
:106DD000934217D0364A934214D01432934211D0C2
:106DE000143293420ED0143293420BD01432934299
:106DF00008D01432934205D01432934202D0143298
:106E000093420ED1236E1A6812F4803F03D01A68A1
:106E100042F480721A60E36E1BB11A6842F4807209
:106E20001A6023682049214A934218BF8B4230D010
:106E3000183293422DD0183293422AD018329342FE
:106E400027D01832934224D01832934221D01832DE
:106E500093421ED002F5567293421AD018329342D2
:106E600017D01832934214D01832934211D01832EE
:106E700093420ED0183293420BD01832934208D06E
:106E80001832934205D01A6842F001021A600020BD
:106E9000DDE61A6842F001021A600020D7E6012000
:106EA00070470220D3E600BF1000024028000240D5
:106EB0000854025870B5044600F06CFF002C00F036
:106EC0009181054694F83530DBB2022B06D0802341
:106ED0006365002384F83430012070BD23688C4939
:106EE0008C4A934218BF8B4230D0183293422DD037
:106EF000183293422AD01832934227D01832934244
:106F000024D01832934221D0183293421ED002F579
:106F1000567293421AD01832934217D018329342C5
:106F200014D01832934211D0183293420ED0183236
:106F300093420BD01832934208D01832934205D0B6
:106F40001A6822F00E021A60266809E01A6822F018
:106F50001E021A602268536923F080035361266879
:106F600023686B496B4A934218BF8B4242D0183258
:106F700093423FD0183293423CD01832934239D0DA
:106F80001832934236D01832934233D0183293429B
:106F900030D002F5567293422CD01832934229D049
:106FA0001832934226D01832934223D0183293429B
:106FB00020D0183293421DD0183293421AD0183282
:106FC000934217D0544A934214D01432934211D0B2
:106FD000143293420ED0143293420BD014329342A7
:106FE00008D01432934205D01432934202D01432A6
:106FF000934204D1226E136823F4807313602368D4
:107000004349444A934218BF8B422FD018329342CF
:107010002CD01832934229D01832934226D01832FD
:10702000934223D01832934220D0183293421DD07D
:1070300002F55672934219D01832934216D0183284
:10704000934213D01832934210D0183293420DD08D
:10705000183293420AD01832934207D01832934222
:1070600004D01A6822F001021A6003E01A6822F0C4
:1070700001021A60336813F0010F0ED000F08AFE8F
:10708000431B052BF6D920236365002384F8343095
:10709000032384F8353001201FE723681C491D4A6B
:1070A000934218BF8B4239D01832934236D01832EF
:1070B000934233D01832934230D0183293422DD0BD
:1070C000183293422AD01832934227D002F55672D2
:1070D000934223D01832934220D0183293421DD0CD
:1070E000183293421AD01832934217D01832934272
:1070F00014D01832934211D0183293420ED0A16DA1
:10710000E36D03F01F02012393404B600DE000BFCD
:10711000100002402800024008540258A16DE36D9F
:1071200003F01F023F2393408B6023682E492F4AB0
:10713000934218BF8B4242D0183293423FD018324C
:1071400093423CD01832934239D01832934236D011
:107150001832934233D01832934230D002F556722F
:1071600093422CD01832934229D01832934226D021
:107170001832934223D01832934220D018329342CF
:107180001DD0183293421AD01832934217D0184AA1
:10719000934214D01432934211D0143293420ED041
:1071A000143293420BD01432934208D014329342DB
:1071B00005D01432934202D0143293420BD1636E45
:1071C000A26E5A60E36E33B11A6822F480721A60BC
:1071D000236F626F5A60002084F83400012384F822
:1071E00035307AE6012078E610000240280002409F
:1071F00008540258002800F0298108B5024690F88A
:107200003530DBB2022B03D080234365012008BD5B
:107210000368904890498B4218BF83420CBF0121FC
:10722000002166D03030834263D01830834260D072
:10723000183083425DD0183083425AD018308342D0
:1072400057D01830834254D000F55670834250D046
:10725000183083424DD0183083424AD018308342D0
:1072600047D01830834244D01830834241D0183080
:1072700083423ED0183083423BD0196821F00E0182
:1072800019601368A0F5956073498B4218BF83425B
:107290006AD072498B4267D018318B4264D0183162
:1072A0008B4261D018318B425ED018318B425BD05B
:1072B00018318B4258D001F556718B4254D0183199
:1072C0008B4251D018318B424ED018318B424BD06B
:1072D00018318B4248D018318B4245D018318B423F
:1072E00042D018318B423FD0196821F0010119605A
:1072F0003EE0042082F8350081BB584A93422DD0ED
:10730000183293422AD01832934227D0183293422F
:1073100024D01832934221D0183293421ED002F565
:10732000567293421AD01832934217D018329342B1
:1073300014D01832934211D0183293420ED0183222
:1073400093420BD01832934208D01832934205D0A2
:107350001A6822F001021A60002058E71A6822F029
:1073600001021A60002052E7196821F0010119603A
:107370001368384838498B4218BF834242D01831CD
:107380008B423FD018318B423CD018318B4239D0E0
:1073900018318B4236D018318B4233D018318B42A2
:1073A00030D001F556718B422CD018318B4229D048
:1073B00018318B4226D018318B4223D018318B42A2
:1073C00020D018318B421DD018318B421AD0183181
:1073D0008B4217D022498B4214D014318B4211D0EA
:1073E00014318B420ED014318B420BD014318B42AE
:1073F00008D014318B4205D014318B4202D01431A5
:107400008B4217D1116E0B6823F480730B60906D63
:10741000D36D03F01F0101238B404360536E916EC7
:107420005960D36E33B1196821F480711960136FFC
:10743000516F5960002382F83430012382F83530CF
:10744000136D2BB1104698470020E0E601207047ED
:107450000020DCE61000024028000240400002400C
:1074600008540258F0B583B00446002301937D4BC5
:107470001D687D4BA3FB0535AD0A876D3E68D7F8C7
:1074800000C0036879497A48834218BF8B420CBF19
:107490000120002061D0774A93425ED01832934297
:1074A0005BD01832934258D01832934255D01832DC
:1074B000934252D0183293424FD002F55672934203
:1074C0004BD01832934248D01832934245D01832EC
:1074D000934242D0183293423FD0183293423CD06C
:1074E0001832934239D01832934236D06249634AF7
:1074F000934218BF8B4212D0614A93420FD014328C
:1075000093420CD01432934209D01432934206D0E5
:107510001432934203D01432934240F061821A68CD
:10752000E16D01F01F010420884010EA0C0F00F00B
:10753000A78212F0040F00F0A382786012F4004FCB
:1075400000F05A8212F4803F40F05082A36C002B6E
:1075500000F046822046984742E2E26D02F01F01A9
:1075600008228A40324241D070BB424A93422BD01B
:107570001832934228D01832934225D018329342C1
:1075800022D0183293421FD0183293421CD002F5F9
:107590005672934218D01832934215D01832934243
:1075A00012D0183293420FD0183293420CD01832B6
:1075B000934209D01832934206D01832934203D036
:1075C0001A68C2F3C00202E01A68C2F380026AB10C
:1075D0001A6822F004021A60E36D03F01F02082308
:1075E0009340BB60636D43F001036365E26D02F09D
:1075F0001F0226FA02F313F0010F47D023681B483D
:107600001B498B4218BF83423CD018318B4239D082
:1076100018318B4236D018318B4233D018318B421F
:1076200030D018318B422DD018318B422AD001F541
:1076300056718B4226D018318B4223D018318B42A1
:1076400020D018318B421DD018318B421AD01831FE
:107650008B4217D018318B4214D018318B4211D085
:107660001B6813E008000024B5814E1B1000024087
:107670002800024040000240085402581C5402589E
:10768000305402585B6913F0800F3BD1E36D03F077
:107690001F03042202FA03F3334240D022689648C3
:1076A00096498A4218BF824235D018318A4232D078
:1076B00018318A422FD018318A422CD018318A4290
:1076C00029D018318A4226D018318A4223D001F5B8
:1076D00056718A421FD018318A421CD018318A4212
:1076E00019D018318A4216D018318A4213D0183175
:1076F0008A4210D018318A420DD018318A420AD0FD
:1077000013680CE0012303FA02F2BA60636D43F0E0
:1077100002036365BAE7126812F0020F3DD1E36D10
:1077200003F01F03102202FA03F333425FD02268F2
:10773000714872498A4218BF824234D018318A4255
:1077400031D018318A422ED018318A422BD01831CC
:107750008A4228D018318A4225D018318A4222D054
:1077600001F556718A421ED018318A421BD0183159
:107770008A4218D018318A4215D018318A4212D064
:1077800018318A420FD018318A420CD018318A42FF
:1077900009D01268C2F3800208E0BB60636D43F059
:1077A00004036365BBE71268C2F3C002FAB1BB60B1
:1077B00023681A6812F4802F0DD01B6813F4002F71
:1077C00004D1236C9BB12046984710E0A36C73B1A1
:1077D000204698470BE01A6812F4807F03D11A689C
:1077E00022F008021A60236C0BB120469847E36D23
:1077F00003F01F03202202FA03F3334200F09280C9
:1078000022683D483D498A4218BF82422ED0183135
:107810008A422BD018318A4228D018318A4225D08A
:1078200018318A4222D018318A421FD018318A4238
:107830001CD001F556718A4218D018318A4215D0F1
:1078400018318A4212D018318A420FD018318A4238
:107850000CD018318A4209D018318A4206D018312A
:107860008A4203D01268C2F3400202E01268C2F3F7
:107870000012002A56D0BB6094F83530DBB2042BDE
:107880000ED023681A6812F4802F39D01B6813F4C5
:10789000002F2CD1636C002B44D02046984741E048
:1078A0002268136823F0160313602268536923F0DB
:1078B00080035361236CB3B12268136823F008037B
:1078C0001360E36D03F01F023F239340BB6000236E
:1078D00084F83430012384F83530236D002B7FD0B9
:1078E000204698477CE0A36C002BE5D1E9E7E36BE9
:1078F000C3B12046984715E010000240280002401E
:107900001A6812F4807F09D11A6822F010021A60F6
:10791000002384F83430012384F83530E36B0BB155
:1079200020469847636D002B5AD0636D13F0010F0A
:1079300052D0042384F8353023689649964A9342FE
:1079400018BF8B422FD0183293422CD0183293425A
:1079500029D01832934226D01832934223D01832BD
:10796000934220D0183293421DD002F556729342B2
:1079700019D01832934216D01832934213D01832CD
:10798000934210D0183293420DD0183293420AD04D
:107990001832934207D01832934204D01A6822F06A
:1079A00001021A6003E01A6822F001021A60019BCA
:1079B00001330193AB4204D823681B6813F0010F15
:1079C000F5D1002384F8343023681B6813F0010FCD
:1079D00008D0032384F83530E36C0BB12046984778
:1079E00003B0F0BD012384F83530F5E7236C002B9C
:1079F000F6D020469847F3E712F0200F3AD12368DB
:107A00006449654A934218BF8B422FD01832934283
:107A10002CD01832934229D01832934226D01832F3
:107A2000934223D01832934220D0183293421DD073
:107A300002F55672934219D01832934216D018327A
:107A4000934213D01832934210D0183293420DD083
:107A5000183293420AD01832934207D01832934218
:107A600004D01A6822F004021A6003E01A6822F0B7
:107A700008021A60236C002BB2D020469847AFE76B
:107A80000220884010EA0C0F60D012F0020F5DD087
:107A9000786012F4004F0ED012F4803F05D1636C71
:107AA000002B9DD0204698479AE7E36B002B97D098
:107AB0002046984794E712F0200F40D123683549BB
:107AC000354A934218BF8B422FD0183293422CD0A4
:107AD0001832934229D01832934226D0183293425A
:107AE00023D01832934220D0183293421DD002F591
:107AF0005672934219D01832934216D018329342DC
:107B000013D01832934210D0183293420DD018324D
:107B100093420AD01832934207D01832934204D0CD
:107B20001A6822F00A021A6003E01A6822F01402AE
:107B30001A60002384F83430012384F83530E36B75
:107B4000002B3FF44DAF2046984749E7082000FA44
:107B500001F111EA0C0F3FF443AF12F0080F3FF4AC
:107B60003FAF1A6822F00E021A60E36D03F01F03A4
:107B7000012202FA03F37B606265002384F834304B
:107B800084F83520E36C002B3FF42AAF2046984759
:107B900026E700BF100002402800024090F83500A0
:107BA0007047406D70470000134BDB6813F0040F03
:107BB00007D1114BDB6803F0070383421AD0012081
:107BC000704710B50C4AD36823F007031843D06000
:107BD00000F0E0F80446084B5B6813F4005F07D13F
:107BE00000F0D8F8001BB0F57A7FF4D9012000E04E
:107BF000002010BD00207047004802580649CB689D
:107C000023F4E0631B041B0C000200F4E060034358
:107C1000024A1A43CA60704700ED00E00000FA050E
:107C200000B5174BDB68C3F30223C3F1070CBCF1AB
:107C3000040F28BF4FF0040C03F1040EBEF1060F31
:107C400014D9033B4FF0FF3E0EFA0CFC21EA0C0165
:107C500099400EFA03F322EA03031943002807DBD5
:107C60000901C9B2074B19545DF804FB0023E9E789
:107C700000F00F000901C9B2034B1954F4E700BF2B
:107C800000ED00E000E400E014ED00E0002807DB78
:107C900000F01F02400901239340024A42F82030BD
:107CA000704700BF00E100E00138B0F1807F0BD2E7
:107CB0004FF0E0235861054AF02182F8231000209C
:107CC000986107221A6170470120704700ED00E0BB
:107CD000104B1B780BB90120704710B504464FF4C8
:107CE0007A70B0FBF3F30C4A1068B0FBF3F0FFF7C7
:107CF000DBFF68B90F2C01D901200AE000222146E0
:107D00004FF0FF30FFF78CFF044B1C60002000E0B9
:107D1000012010BD000000240800002404000024FD
:107D200010B50320FFF76AFFFCF706FC0F498B69CB
:107D3000C3F303230E4AD35C03F01F03D8408B69BF
:107D400003F00F03D35C03F01F0320FA03F3094A87
:107D50001360094B18600020FFF7BAFF10B101242F
:107D6000204610BD0446FBF731FAF9E700440258FB
:107D700094F500080C00002408000024034B1B7835
:107D8000034A11680B441360704700BF00000024D1
:107D90002C120024014B1868704700BF2C120024DD
:107DA00038B50446FFF7F6FF0546B4F1FF3F02D0B1
:107DB000044B1B781C44FFF7EDFF401BA042FAD395
:107DC00038BD00BF00000024014B1868000C70474C
:107DD0000010005C034A536823EA00030B4353601E
:107DE000704700BF0004005803689A6912F0020F40
:107DF00001D000229A6203689A6912F0010F03D140
:107E00009A6942F001029A61704730B4029D046899
:107E100060684FEA555C0CF4806C4CF07F7C4CF44D
:107E2000583C4CF47F7C4CF0030C20EA0C00C1F36E
:107E3000090141EA0241194329430143616030BC11
:107E400070470000436B1A4A934215D0194A934277
:107E500012D011F4004F29D1002311F0010F01D0ED
:107E600043F0F20311F0020F01D043F0F403202994
:107E70000CD143F0200309E011F4004F0BD1002393
:107E800010290AD020290BD040290CD001680A689B
:107E900013430B607047B823F2E743F09003F1E718
:107EA00043F06003F0E743F04003EFE7B823D4E783
:107EB000098F0008E98C000811F0010F09D090F833
:107EC000413003F02803282B01D0F22302E04223A3
:107ED00000E0002311F0020F09D043F0440C90F8A9
:107EE000412002F02802282A10D043F0F40311F4B4
:107EF000004F0DD110290ED020290FD0402910D0CD
:107F000001680A6822EA03030B6070476346EEE7E4
:107F100043F0B803EEE743F09003EDE743F02003AE
:107F2000ECE743F04003EBE7F8B505460E4617468D
:107F300003689B6913F0100F01D10020F8BD2B6876
:107F40009C6914F0200F17D1B6F1FF3FF7D0FFF76F
:107F500021FFC01BB04201D8002EF0D16B6C43F062
:107F600020036B64202385F84130002385F84230DC
:107F700085F840300120E1E71022DA612B682024E7
:107F8000DC612846FFF730FF2A68536823F0FF734F
:107F900023F48B3323F4FF7323F0010353606B6CE2
:107FA00043F004036B6485F84140002385F84230B8
:107FB00085F840300120C1E770B504460D461646ED
:107FC00023689B6913F0020F1DD1324629462046D3
:107FD000FFF7AAFFC8B9B5F1FF3FF1D0FFF7DAFE0E
:107FE000801BA84201D8002DEAD1636C43F0200326
:107FF0006364202384F84130002384F8423084F8FD
:108000004030012000E0002070BD0120FCE72DE998
:10801000F0410646884617461D463468A46938EA8A
:1080200004030CBF4FF0010C4FF0000CBC4518D1FD
:10803000B5F1FF3FF1D0FFF7ADFE069BC01AA84295
:1080400001D8002DE9D1736C43F020037364202321
:1080500086F84130002386F8423086F8403001200F
:1080600000E00020BDE8F0812DE9F04182B0044637
:1080700090461D46089E099F194B00934FF0807350
:10808000EAB2FFF7C2FE3A4631462046FFF794FFB8
:10809000F8B9012D0ED123685FFA88F29A62009731
:1080A0003346002280212046FFF7B1FFA8B902B075
:1080B000BDE8F08123684FEA18229A623A463146B9
:1080C0002046FFF779FF30B923685FFA88F29A6299
:1080D000E5E70120EBE70120E9E70120E7E700BF42
:1080E000002000802DE9F04182B0044690461D46F4
:1080F000089E099F184B00930023EAB2FFF785FE04
:108100003A4631462046FFF757FFF8B9012D0ED108
:1081100023685FFA88F29A62009733460022402172
:108120002046FFF774FFA8B902B0BDE8F0812368CC
:108130004FEA18229A623A4631462046FFF73CFF42
:1081400030B923685FFA88F29A62E5E70120EBE72D
:108150000120E9E70120E7E700200080002857D050
:1081600010B5044690F84130002B41D0242384F808
:1081700041302268136823F00103136063682268AA
:1081800023F0706313612268936823F400439360C3
:10819000E368012B31D0A368226843F40443936061
:1081A000E368022B2FD0226851681A4B0B435360AF
:1081B0002268D36823F40043D360236962691343C0
:1081C000A169226843EA0123D360E369216A226836
:1081D0000B4313602268136843F00103136000200F
:1081E0006064202384F84130206384F8420010BD8D
:1081F00080F84030F9F77EFBB8E7A368226843F4C3
:1082000000439360CCE723684FF400625A60CAE7EA
:1082100001207047008000022DE9F04383B004463E
:108220000A9DBDF82C9090F84100C0B2202840F083
:1082300097800E4690461F46B9F1000F18BF002DDB
:1082400056D023689B6913F4004F40F08E8094F859
:108250004030012B00F08B80012384F84030FFF781
:1082600099FD212384F84130402384F842300023D3
:1082700063646562A4F82A90A3F58033E3623D4B02
:108280006363638D9BB2FF2B37D9FF2323854FF0A8
:1082900080790190192300933B464246314620469F
:1082A000FFF7E2FE00282DD1A36B002B2FD0324A1E
:1082B000DA63A36B314ADA64A26B00231364A26B06
:1082C00013652268238D28322946A06BFEF7A6FC91
:1082D000054650B3202384F84130002284F8422020
:1082E000636C43F01003636484F84020012538E098
:1082F0004FF400736364012533E0638D23854FF0F1
:108300000079C6E7002384F84030012529E02023C6
:1083100084F84130002284F84220636C43F08003EB
:10832000636484F8402001251BE0002700974B463A
:1083300094F8282031462046FFF767FD638D9BB2F5
:10834000228D9B1A9BB2638584F8407010212046D1
:10835000FFF778FD2268136843F48043136000E060
:108360000225284603B0BDE8F0830225F9E702257F
:10837000F7E700BF098F0008859100084D900008BD
:108380002DE9F04383B004460A9DBDF82C9090F887
:108390004100C0B2202840F098800E4690461F460B
:1083A000B9F1000F18BF002D56D023689B6913F454
:1083B000004F40F08F8094F84030012B00F08C800B
:1083C000012384F84030FFF7E5FC222384F8413094
:1083D000402384F84230002363646562A4F82A9045
:1083E000A3F58033E3623D4B6363638D9BB2FF2B48
:1083F00037D9FF2323854FF080790190192300930B
:108400003B46424631462046FFF76CFE00282DD100
:10841000E36B002B2FD0324ADA63E36B314ADA6424
:10842000E26B00231364E26B13652168238D2A46F7
:108430002431E06BFEF7F2FB054650B3202384F8AD
:108440004130002284F84220636C43F010036364DF
:1084500084F84020012539E04FF40073636401255E
:1084600034E0638D23854FF00079C6E7002384F85C
:10847000403001252AE0202384F84130002284F88E
:108480004220636C43F08003636484F8402001253C
:108490001CE0154B00934B4694F8282031462046AB
:1084A000FFF7B3FC638D9BB2228D9B1A9BB2638551
:1084B000002384F8403010212046FFF7C3FC2268D7
:1084C000136843F40043136000E00225284603B01C
:1084D000BDE8F0830225F9E70225F7E7098F0008D8
:1084E000DF9100084D9000080024008008B5036863
:1084F00099691A68436B03B1984708BD7047704784
:1085000038B50446002380F8423090F84130DBB2A1
:10851000212B0FD0202380F8413012230363002544
:1085200045630221FFF7C8FC84F840502046FFF75E
:10853000E6FF38BD202380F8413011230363002576
:1085400045630121FFF7B8FC84F840502046FFF74F
:10855000D5FFEEE77047704710B5044603681A6808
:10856000002180F8421012F4804F0ED01A6822F4D5
:1085700080421A6094F84130DBB2292B0DD094F878
:108580004130DBB22A2B18D010BD12F4004FF1D0CD
:108590001A6822F400421A60ECE7282384F841307C
:1085A0002123236301212046FFF786FC002384F862
:1085B00040302046FFF7CEFFE6E7282384F841301D
:1085C0002223236302212046FFF776FC002384F850
:1085D00040302046FFF7BFFFD6E77047F8B50446A6
:1085E00090F8413003F02803282B06D003680822B6
:1085F000DA61002380F84030F8BD03689E69C6F355
:1086000000469A69120C02F0FE059A68C2F309024C
:10861000DF6807F0FE07C168022922D185EAD2157A
:1086200015F0060F10D1816C01318164816C022933
:10863000E2D1002181640820D86184F840103146DD
:108640002046FFF7CAFFD7E74FF40041FFF734FC9D
:10865000002384F840303A4631462046FFF7BDFFFC
:10866000CAE74FF40041FFF727FC002384F84030AD
:108670002A4631462046FFF7B0FFBDE770470000AD
:1086800010B50446174BC36200230363202280F811
:10869000412080F84230436311F0040F13D0036887
:1086A0005A6A436A1A70436A01334362038D53B1B5
:1086B000013B0385438D9BB2013B9BB24385436CD9
:1086C00043F00403436448F203012046FFF7F4FB40
:1086D00023681022DA61002384F840302046FFF737
:1086E000CDFF10BD0000FFFF7047704708B590F840
:1086F0004130DBB2602B06D00023036380F84030AA
:10870000FFF7F2FF08BD202380F841300023036308
:1087100080F84030FFF7E9FFF4E7000010B50446A9
:1087200090F84130002084F842003B4AE2626085C4
:10873000626C0A436264283BDBB2022B2DD8032112
:108740002046FFF7B9FB282384F84130334B63639D
:10875000236BA26B002A34D0212B18BF112B30D1F0
:1087600023681A6812F4804F03D01A6822F48042FA
:108770001A60A06BFFF712FA01281ED0A36B284ADB
:108780001A65002384F84030A06BFEF733FD002803
:1087900040D0A06B036D98473CE048F203012046AF
:1087A000FFF78AFB94F84130DBB2602B02D0202324
:1087B00084F8413000236363CAE72046FFF796FF41
:1087C00028E0E26B1AB3222B18BF122B1FD12368AB
:1087D0001A6812F4004F03D01A6822F400421A609B
:1087E000E06BFFF7DBF901280DD0E36B0C4A1A654B
:1087F000002384F84030E06BFEF7FCFC50B1E06BE6
:10880000036D984706E02046FFF770FF02E0204620
:10881000FFF76CFF10BD00BF0000FFFF698A000872
:10882000A392000870B504460D460268166890F8D9
:108830004130DBB22021D161292B18BF212B57D029
:108840002A2B18BF222B5AD02268536843F40043C6
:1088500053602268536823F0FF7323F48B3323F4AF
:10886000FF7323F0010353602046FFF7BDFA16F4AF
:10887000804F00F085802268136823F480431360E2
:10888000A36B002B45D01B687449754A934218BFEF
:108890008B423BD01832934238D01832934235D0B5
:1088A0001832934232D0183293422FD0183293426A
:1088B0002CD01832934229D002F55672934225D01B
:1088C0001832934222D0183293421FD0183293426A
:1088D0001CD01832934219D01832934216D0183255
:1088E000934213D01832934210D05B689BB20FE0D2
:1088F00048F20101FFF7E0FA21232363A4E748F2DD
:108900000201FFF7D9FA222323639DE75B689BB23C
:10891000638515F0040F11D025F0040523685A6A09
:10892000636A1A70636A01336362238D33B1013B5A
:108930002385638D9BB2013B9BB26385638D9BB2A4
:108940001BB1636C43F004036364002384F842307A
:108950006363636C002B57D1E36A13F5803F61D1E9
:1089600094F84130DBB2222B6CD0202384F84130C4
:108970000023236384F840302046FFF7EBFD60E0DE
:1089800016F4004FC5D02268136823F40043136027
:10899000E36B002BBDD01B683049314A934218BFAE
:1089A0008B422DD0183293422AD01832934227D0CE
:1089B0001832934224D01832934221D01832934275
:1089C0001ED0183293421BD002F55672934217D034
:1089D0001832934214D01832934211D01832934275
:1089E0000ED0183293420BD01832934208D018326E
:1089F000934205D01832934202D05B689BB201E0EB
:108A00005B689BB2638584E7616C2046FFF786FE56
:108A100094F84130DBB2282B13D129462046FFF7CA
:108A20002FFE0EE02046FFF797FD0E4BE36220235A
:108A300084F841300023236384F840302046FFF758
:108A40001DFE70BD202384F841300023236384F889
:108A500040302046FFF77FFDF3E700BF10000240E3
:108A6000280002400000FFFFF8B5C76A90F84030C8
:108A7000012B00F09F8004460D461646012380F826
:108A8000403011F0200F02D012F0200F19D115F054
:108A9000100F3FD016F0100F3CD0638D9BB243BB3C
:108AA00094F84130DBB2282B0ED094F84130DBB281
:108AB000292B11D023681022DA61002084F84000AD
:108AC000F8BDFFF7AFFEE2E7B7F1007FEDD1294631
:108AD0002046FFF7D5FDF0E717F5803FEAD0236881
:108AE0001022DA612046FFF77FF92046FFF734FDB8
:108AF000E3E723681022DA61636C43F004036364E4
:108B0000B7F1807F18BF002FD7D1616C2046FFF7E7
:108B100005FED2E715F0040F1FD016F0040F1CD08D
:108B2000638D9BB273B123685A6A636A1A70636A71
:108B300001336362238D013B2385638D9BB2013B2F
:108B40009BB26385638D9BB2002BB6D117F5803F36
:108B5000B3D02046FFF700FDAFE715F0080F02D0B5
:108B600016F0080F18D115F0020FA6D016F0020F5C
:108B7000A3D0638D9BB2A3B1626A236812789A6214
:108B8000636A01336362638D9BB2013B9BB2638571
:108B9000238D013B238590E729462046FFF71EFDE4
:108BA0008BE7002F18BFB7F1807F86D12046FFF7F3
:108BB000D3FC82E7022083E730B583B004460D463C
:108BC00003682022DA6190F84130DBB2212B33D0E8
:108BD00090F84130DBB2222B34D02268536823F066
:108BE000FF7323F48B3323F4FF7323F001035360EB
:108BF00000236363A3F58033E36215F0100F06D002
:108C000023681022DA61636C43F00403636494F810
:108C10004130DBB2602B1BD02046FFF7E5F8626CD9
:108C200094F84130DBB2602B00D0D2B1616C2046A9
:108C3000FFF774FD03B030BD0121FFF73DF91123AB
:108C40002363CAE70221FFF737F912232363C4E73E
:108C500015F0040FE0D023685B6ADBB20193019B3F
:108C6000DAE794F84130DBB2212B17D094F8413089
:108C7000DBB2222BDED1202384F841300023236392
:108C800094F84230DBB2402B24D0002384F84230E9
:108C900084F840302046FFF732FCCBE7202384F8ED
:108CA00041300023236394F84230DBB2402B08D0DC
:108CB000002384F8423084F840302046FFF71EFC41
:108CC000B8E7002384F8423084F840302046F7F7B4
:108CD0008BFDAFE7002384F8423084F84030204613
:108CE000F7F73CFDA6E70000F8B5C76A90F84030FA
:108CF000012B00F0038104460D461646012380F83F
:108D0000403011F0200F02D012F0200F4DD115F09D
:108D1000100F00F0E48016F0100F00F0E080C6F3B2
:108D2000803216F4804F03D116F4004F00F0D38048
:108D3000E36B002B44D016F4004F43D01B687048FF
:108D400070498B4218BF834232D018318B422FD0EA
:108D500018318B422CD018318B4229D018318B42DC
:108D600026D018318B4223D018318B4220D001F508
:108D700056718B421CD018318B4219D018318B425E
:108D800016D018318B4213D018318B4210D01831C5
:108D90008B420DD018318B420AD018318B4207D04C
:108DA0005B68B3FA83F35B0906E0FFF73BFDAEE7D0
:108DB0005B68B3FA83F35B09002B40D1002102E02A
:108DC000002100E00021A36B002B3FD0002A3DD002
:108DD0001B684B484B4A934218BF834231D018322C
:108DE00093422ED0183293422BD01832934228D07F
:108DF0001832934225D01832934222D0183293422F
:108E00001FD002F5567293421BD01832934218D0ED
:108E10001832934215D01832934212D0183293422E
:108E20000FD0183293420CD01832934209D0183226
:108E3000934206D05B68B3FA83F35B0905E0012136
:108E4000C1E75B68B3FA83F35B09D3B9C9B9236897
:108E50001022DA61636C43F00403636494F84130D8
:108E6000DBB2B7F1807F18BF002F3ED1292B18BF8E
:108E7000212B29D121232363616C2046FFF74EFC6F
:108E800033E094F84130DBB2282B08D094F841301D
:108E9000DBB2292B0BD023681022DA6125E0B7F171
:108EA000007FF3D129462046FFF7EAFB1DE017F5C6
:108EB000803FF0D023681022DA612046FEF794FF4D
:108EC0002046FFF749FB10E02A2B18BF222BD3D1F5
:108ED00022232363D0E723681022DA6105E015F02E
:108EE000080F02D016F0080F03D1002084F84000CC
:108EF000F8BD29462046FFF771FBF6E70220F7E7A9
:108F0000100002402800024090F84030012B00F091
:108F10009A8010B582B00446012380F8403011F0E9
:108F2000100F02D012F0100F32D111F0800F60D06C
:108F300012F0400F5DD02268136823F040031360E5
:108F4000638D9BB2002B46D023685968C1F3090199
:108F5000638D9BB2FF2B2DD9FF2323854FF08073A8
:108F60000022009294F828202046FEF74EFF638DE1
:108F70009BB2228D9B1A9BB2638594F84130DBB281
:108F8000222B22D02268136843F4804313600CE044
:108F900003681022DA61436C43F004034364202128
:108FA000FEF750FF2046FEF71FFF002084F8400028
:108FB00002B010BD638D2385E36A13F5803F01D0B5
:108FC000E36ACDE74FF00073CAE72268136843F401
:108FD00000431360E9E723685B6813F0007F03D167
:108FE0002046FFF78DFAE0E740212046FFF796FB89
:108FF000DBE711F0400F1CD012F0400F19D0638D49
:109000009BB28BB923685A6812F0007FCDD1E26A17
:1090100012F5803F04D15A6842F480425A60C4E796
:109020002046FFF76DFAC0E740212046FFF776FBA8
:10903000BBE711F0200FB8D012F0200FB5D02046BA
:10904000FFF7BAFDB1E702207047000038B5846B26
:10905000A36B002B77D01B684849494A934218BF3D
:109060008B422FD0183293422CD01832934229D001
:109070001832934226D01832934223D018329342AA
:1090800020D0183293421DD002F55672934219D067
:109090001832934216D01832934213D018329342AA
:1090A00010D0183293420DD0183293420AD01832A1
:1090B000934207D01832934204D05B68B3FA83F32B
:1090C0005B0903E05B68B3FA83F35B09002B3CD1D7
:1090D0000025E36B002B40D01B682849284A9342A7
:1090E00018BF8B4233D01832934230D0183293429B
:1090F0002DD0183293422AD01832934227D01832FA
:10910000934224D01832934221D002F556729342F2
:109110001DD0183293421AD01832934217D0183209
:10912000934214D01832934211D0183293420ED089
:10913000183293420BD01832934208D05B68B3FACE
:1091400083F35B0907E00025C3E70125C1E75B68FE
:10915000B3FA83F35B0903B10125FEF722FD022870
:1091600000D005B938BD2268536843F4004353600A
:1091700010212046FFF7D2FAF4E700BF10000240AA
:109180002800024010B5846B2268136823F48043E2
:109190001360638D9BB2ABB1238D616A1944616228
:1091A000638D9BB2FF2B12D9FF2323852268238D69
:1091B0002832A06BFDF732FD60B110212046FFF789
:1091C000ADFA10BD20212046FEF73CFEF9E7638D85
:1091D0002385EBE740212046FEF734FEF1E710B58A
:1091E000846B2268136823F400431360638D9BB281
:1091F000ABB1238D626A1A446262638D9BB2FF2B0E
:1092000012D9FF2323852168238D2431E06BFDF7DC
:1092100005FD60B110212046FFF780FA10BD202126
:109220002046FEF70FFEF9E7638D2385EBE740212B
:109230002046FEF707FEF1E710B502689369116852
:1092400013F4807F09D011F0800F06D0446C44F0F5
:10925000010444644FF48074D46113F4806F0AD025
:1092600011F0800F07D0426C42F00802426402689D
:109270004FF48064D46113F4007F0AD011F0800FA2
:1092800007D0436C43F00203436403684FF4007259
:10929000DA61416C11F00B0F00D110BDFFF73EFAFF
:1092A000FBE708B5806B836B0BB100221A65C36BBB
:1092B0000BB100221A65FFF719FA08BD406C704720
:1092C00090F84130DBB2202B24D190F84030012BB4
:1092D00022D0012380F84030242380F841300268F6
:1092E000136823F0010313600268136823F48053AA
:1092F000136002681368194311600268136843F031
:1093000001031360202380F84130002380F84030AF
:1093100018467047022070470220704790F841308D
:10932000DBB2202B22D190F84030012B20D001233A
:1093300080F84030242380F841300268136823F01D
:10934000010313600268136823F4706343EA012188
:1093500011600268136843F001031360202380F852
:109360004130002380F84030184670470220704793
:109370000220704770B110B50446037933B102235F
:109380002371002020610123237110BD4371F7F781
:1093900045FFF4E701207047F8B54379012B00F051
:1093A000A48004460D46164601234371022303712F
:1093B0000B68042B16D02B69012B5DD02068C36B82
:1093C00006F010020721914023EA0101EB68012B0E
:1093D0005FD0022B00F08580AB68002B40F08380CB
:1093E000012757E0FEF7D6FC07467EB123685B6B8A
:1093F000002B3ADAFEF7CEFCC01B0128F6D9236910
:1094000043F0080323610320207169E023685A6B4D
:10941000374B13405BB1FEF7BDFCC01B0128F5D9EB
:10942000236943F0080323610320207158E00120E1
:10943000FEF7B6FC2368AA691A642068826C06F0FD
:10944000100140F2FF338B4022EA0302EB698B40AC
:109450001A4382642068C36CFF228A4023EA020315
:109460002A6A8A401343C364A5E70120FEF798FCEB
:109470002368AA695A64E0E721688A6B06F0100045
:109480001F23834022EA03026B69834013438B63EB
:1094900094E700272B68AE6833433B4393400B436C
:1094A000C363206803684FF48041914023EA0103BD
:1094B00003602068036840F6FE71914023EA0101D1
:1094C0006B6893400B43036020680368C02101FA76
:1094D00002F223EA0202026001232371002060717C
:1094E000F8BD0127D6E70027D4E70220F8E700BF40
:1094F0000080002010B40B68CBB90368194A1A40E9
:109500004B688C682343CC6823430C6923434C6924
:1095100023438C692343CC6923430C6A2343496A60
:109520000B431343036000205DF8044B704703684E
:1095300023F4F843CA690C6A22434C6A224313435A
:1095400003604368074A1A404B688C682343CC6821
:1095500023430C6923434C69234389690B43134319
:109560004360E0E70080FFFF10B43ABB826802F07E
:1095700070420B68013B4C6804F1FF3C43EA0C135A
:109580008C6804F1FF3C43EA0C23CC6804F1FF3CF7
:1095900043EA0C330C6904F1FF3C43EA0C434C6989
:1095A00004F1FF3C43EA0C538969013943EA016342
:1095B0001343836000205DF8044B70478368134AAF
:1095C0001A40CB6803F1FF3C4B69013B1B0543EAA2
:1095D0000C3313438360C26802F070420B68013B96
:1095E0004C6804F1FF3C43EA0C138C6804F1FF3C27
:1095F00043EA0C230C6904F1FF3C43EA0C438969FC
:10960000013943EA01631343C360D3E7FF0F0FFF40
:1096100008B338B50D46044690F82C30B3B1022398
:1096200084F82C30214651F8040BFFF763FF626881
:1096300029462068FFF798FF084A136843F0004363
:109640001360012384F82C30002038BD80F82D30C1
:10965000F7F75EFFE3E70120704700BF00400052CC
:1096600010B40468226822F007028B68134323F0C9
:109670001803CA681343236003680A685A610368C1
:109680004A689A615DF8044B704730B5046801F18F
:10969000010C4FEACC1C54F80C3023F0070E9368F1
:1096A00043EA0E0323F01803D5682B4344F80C302B
:1096B0000368146803EBC113C3F89440036852684D
:1096C00003EBC111C1F8982030BD30B404682268A2
:1096D000D4F8A05322F020024B69134323F4006313
:1096E0008A691A4322F48063CA691A4322F0C0626D
:1096F0000B6A134323F000624B6A134323F0404389
:109700008A6A43EA820323F000530A6B134325F469
:109710008035CA6A154323600368C3F8A05330BC80
:1097200070472DE9F04105684B1CDB01EC5824F033
:109730007044EC500668F35806EBC114D4F8E87096
:10974000D4F8E440D6F8A08323F0200C536943EA10
:109750000C0323F4006C936943EA0C0323F4806C3C
:10976000D36943EA0C0323F0C06C136A43EA0C0389
:1097700023F0006C536A43EA0C0323F0704C936AA5
:1097800043EA0C0323F40033156BB5F1005F37D0C7
:1097900023F04003D2F834C04CEA030323F48023BF
:1097A000156D2B4323F0FC73956C2B4327F01F0E94
:1097B000976B07F01F0747EA0E0727F00047D56BA6
:1097C0002F43BCF1000F03D124F48074156C2C439B
:1097D000D2F844E0BEF5606F18BFBEF5F05F02D16D
:1097E000BCF1400F03D124F4F0544EEA0404D2F843
:1097F0004CC004290CD8DFE801F00622282E3400E2
:1098000043F40033C4E728F40035D26A45EA42083D
:109810004A1CD201B350036803EBC113C3F8E870CC
:10982000036803EBC113C3F8E440036803EBC11101
:10983000C1F8D4C00368C3F8A083BDE8F08128F460
:109840008025D26A45EA8208E2E728F40025D26A38
:1098500045EAC208DCE728F48015D26A45EA021816
:10986000D6E728F40015D26A45EA4218D0E770B46A
:10987000066806EBC115D5F8E440D5F8B850202AA3
:1098800017D80AB900223EE0013A1F2A3AD8DFE889
:1098900002F02C1D392C3939391D3939393939390A
:1098A000392C393939393939393939393939393935
:1098B000391DB2F5807F18D004D9B2F5007F05D0EC
:1098C000002220E0402A10D0802A0CD15A6806EBF2
:1098D000C116C6F8C42002689E6802EBC112C2F825
:1098E000C86010220FE000220DE05A6806EBC11696
:1098F000C6F8BC2002689E6802EBC112C2F8C060C4
:10990000002200E000224FF0FE0C0CFA02FC24EAD8
:109910000C0C1C68944044EA0C0CDC68944044EA4B
:109920000C041E6906FA02FC4CEA040C5C699440C3
:1099300044EA0C0C9C69944044EA0C04082E06D0BE
:10994000036803EBC111C1F8E44070BC704715F027
:10995000022FF5D1DB6903FA02F21443F0E705297F
:1099600033D8DFE801F00B131B232B030268D2F876
:10997000843343F00103C2F8843370470268D2F89D
:10998000843343F00203C2F8843370470268D2F88C
:10999000843343F00403C2F8843370470268D2F87A
:1099A000843343F00803C2F8843370470268D2F866
:1099B000843343F01003C2F8843370470268D2F84E
:1099C000843343F02003C2F884337047002864D006
:1099D00010B582B00446022380F8C1300023C0F8DD
:1099E000C430C0F8C830C0F8CC30C0F8D030C0F8AF
:1099F000D430C0F8D830836813F0010F12D0026859
:109A0000274B9A4225D021680A6822F440422369F4
:109A100003F44043134323F44053626902F4405279
:109A200013430B602046F7F777FDA36813F0020F8E
:109A300008D021680A6822F44072E36803F4407396
:109A400013430B60012384F8C130002384F8C03035
:109A50001EE0144BD3F8F02042F00052C3F8F0207F
:109A6000D3F8F03003F000530193019BCBE7C3EB35
:109A7000C30204EB820200219161D1611162516243
:109A80009162C3EBC30204EB820211630133DBB2C8
:109A9000052BECD9002002B010BD0120704700BF9B
:109AA000007401400044025810B5044690F8C1000B
:109AB000C0B202280BD0022384F8C130052907D098
:109AC0002046FFF7E2FD012384F8C130002010BDDD
:109AD00011462046FFF7C4FDF5E70000034690F865
:109AE000C100C0B2022800F0BD8093F8C000012878
:109AF00000F0B48030B4012083F8C000022083F865
:109B0000C1001C68D4F8D003D4F8D45301390F290C
:109B100000F29D80DFE801F008429B599B9B9B70FF
:109B20009B9B9B9B9B9B9B8720F0FE00516801F0B9
:109B300002010843116801F004010843916801F033
:109B400078010143D06800F08000084393F8C11009
:109B5000C9B2072900F0848000F07F32C4F8D02316
:109B60001A6841492940C2F8D4131A68D2F8D013B0
:109B700000F080300843C2F8D0031868D0F8D4133E
:109B800048F280022A400A43C0F8D423012283F815
:109B9000C120002083F8C00030BC704720F47E4014
:109BA0005168090201F4007101431068000200F4D9
:109BB000806008439168090201F4F0410143D068D4
:109BC000000200F400400843C0E720F47E00516822
:109BD000090401F4003101431068000400F48020FE
:109BE00008439168090401F4F0010143D0680004BE
:109BF00000F400000843A9E720F07E405168090600
:109C000001F0007101431068000600F08060084315
:109C10009168090601F0F0410143D068000600F0A8
:109C20000040084392E725F0FE05516801F002016B
:109C30000D43116801F004010D43916801F07801B2
:109C40002943D26802F0800242EA01057EE707223A
:109C500083F8C120002283F8C02077E702207047F4
:109C6000012099E7704700BF7F7FFFFF034690F810
:109C7000C100C0B202281ED093F8C020012A18D01B
:109C800010B4012083F8C000022283F8C1201C68B0
:109C9000D4F8D42322F0407201F040711143C4F88B
:109CA000D41383F8C100002083F8C0005DF8044B92
:109CB000704702207047704710B411F0010F0AD0AE
:109CC0000468D4F8D03323F0010302F0010C43EA16
:109CD0000C03C4F8D03311F0020F0CD00468D4F890
:109CE000D03323F480734FEA022C0CF4807C43EAD7
:109CF0000C03C4F8D03311F0040F0CD00468D4F86E
:109D0000D03323F480334FEA024C0CF4803C43EA16
:109D10000C03C4F8D03311F0080F0CD00468D4F849
:109D2000D03323F080734FEA026C0CF0807C43EA5E
:109D30000C03C4F8D03311F0100F09D00168D1F82A
:109D4000D43323F0010302F001021A43C1F8D423F3
:109D50005DF8044B704770B5044690F8C100C0B27E
:109D6000022828D00E46154694F8C030012B28D082
:109D7000012384F8C030022384F8C13005291BD0A8
:109D80002046FFF7CEFC2A68C6EBC60304EB83032C
:109D90001A626A685A62AA689A62EA68DA622A698A
:109DA0001A6331462046FFF7DAFD012384F8C130FB
:109DB000002084F8C00070BD11462046FFF785FCE6
:109DC000E1E70220F7E738B5044690F8C100C0B2D9
:109DD000022811D094F8C00001280ED0012584F883
:109DE000C050022084F8C1002046FFF740FD84F8EF
:109DF000C150002084F8C00038BD0220FCE7026892
:109E0000136823F0C00313600268936823F400030F
:109E100093602023C0F88430704700000268136804
:109E200023F49073136002689168094B0B409360B0
:109E3000C36E012B06D02023C0F888300023C366F0
:109E4000036770470268136823F010031360F2E79A
:109E5000FEFFFFEF1346D0F88420202A42D110B530
:109E60000446002B18BF00293ED090F88020012A1C
:109E70003CD0012280F880200165A0F85430A0F881
:109E800056300022C0F88C202122C0F88420826F36
:109E9000E2B11749D163826F16491164826F164986
:109EA000D164826F0021116502682832016D806FD4
:109EB000FCF7B4FE50B11023C4F88C30002384F8B2
:109EC00080302023C4F8843001200AE02368402237
:109ED0001A62002084F880002268936843F08003AF
:109EE000936010BD022070470120FAE70220F8E7D6
:109EF000FF9E00084D9F0008599F0008704708B555
:109F0000836BC269B2F5807F0DD00022A3F8562082
:109F100019688A6822F080028A601A68136843F020
:109F20004003136008BD1846FFF7E8FFFAE708B5DD
:109F300001680A6822F040020A602022C0F88420EA
:109F400000224267FFF7DAFF08BD704708B5806B53
:109F5000FFF7FBFF08BD704738B5846BD4F8842049
:109F6000D4F8885023689B6813F0800F01D0212A11
:109F700010D023689B6813F0400F01D0222D10D021
:109F8000D4F88C3043F01003C4F88C302046FFF72F
:109F9000E2FF38BD0023A4F856302046FFF72FFF1C
:109FA000E7E70023A4F85E302046FFF737FFE7E736
:109FB00008B5806B0023A0F85E30A0F85630FFF79C
:109FC000CAFF08BD7047000070B504460168CB6940
:109FD00008688D6840F60F021A4008D113F0200F70
:109FE00005D010F0200F34D115F0805F31D12AB1A7
:109FF000A04A2A4033D1A04E304230D1E26E012A2D
:10A0000000F0BB8013F4801F03D015F4800F40F0E4
:10A01000638113F0800F07D010F0800F40F0638150
:10A0200015F4000F40F05F8113F0400F03D010F0E3
:10A03000400F40F05F8113F4000F03D010F0804F09
:10A0400040F05C8113F0807F02D00028C0F25A817A
:10A0500070BD236F002BFBD020469847F8E713F024
:10A06000010F09D010F4807F06D001260E62D4F8CB
:10A070008C103143C4F88C1013F0020F0BD015F084
:10A08000010F08D0216802260E62D4F88C1041F02E
:10A090000401C4F88C1013F0040F0BD015F0010F5D
:10A0A00008D0216804260E62D4F88C1041F0020119
:10A0B000C4F88C1013F0080F0BD010F0200F00D153
:10A0C0003AB1226808211162D4F88C200A43C4F8FE
:10A0D0008C2013F4006F0CD010F0806F09D0226830
:10A0E0004FF400611162D4F88C2042F02002C4F8D1
:10A0F0008C20D4F88C20002AAAD013F0200F09D08D
:10A1000010F0200F02D115F0805F03D0236F0BB148
:10A1100020469847D4F88C2023689B6813F0400FA2
:10A1200002D112F0280F21D02046FFF777FE2368D6
:10A130009A6812F0400F15D09A6822F040029A6097
:10A14000E36F5BB14D4A1A65E06FFDF753F80028E5
:10A150003FF47EAFE06F036D984779E72046FFF745
:10A16000FAFE75E72046FFF7F6FE71E72046FFF797
:10A17000F2FE0023C4F88C306AE713F0100F3FF4AE
:10A1800041AF10F0100F3FF43DAF10230B62226877
:10A19000936813F0400F77D0E16F0B68384D394862
:10A1A000834218BFAB422DD0183083422AD01830DA
:10A1B000834227D01830834224D01830834221D0E4
:10A1C000183083421ED0183083421BD000F55670E1
:10A1D000834217D01830834214D01830834211D0F4
:10A1E000183083420ED0183083420BD0183083428F
:10A1F00008D01830834205D01830834202D05B6803
:10A200009BB201E05B689BB2002B3FF421AFB4F836
:10A210005C0098427FF61CAFA4F85E30CB69B3F5C2
:10A22000807F0AD1B4F85C10B4F85E309BB2C91AD2
:10A2300089B22046FFF7C6FE0AE7136823F480734D
:10A2400013602268936823F0010393602268936887
:10A2500023F0400393602023C4F888300023E36692
:10A260002268136823F010031360E06FFCF722FEEE
:10A27000D8E700BF0100001020010004B19F0008D2
:10A280001000024028000240B4F85C10B4F85E30C0
:10A290009BB2C91A89B2B4F85E309BB2002B3FF46E
:10A2A000D7AE00293FF4D4AE136823F49073136043
:10A2B00022689068154B034093602023C4F88830CF
:10A2C0000023E36623672268136823F010031360FA
:10A2D0002046FFF777FEBBE64FF480130B62204663
:10A2E00000F0CEFCB4E6636F002B3FF4B1AE204625
:10A2F0009847ADE62046FFF71AFEA9E6204600F093
:10A30000C1FCA5E6204600F0BCFCA1E6FEFFFFEF85
:10A3100070B586B0044601688368026913434269D8
:10A320001343C26913430868884A024013430B6011
:10A330002268536823F44053E1680B435360A169DA
:10A340002268834B9A4201D0236A19439068814B5B
:10A3500003400B4393602268D36A23F00F03616AC2
:10A360000B43D36222687C4B9A4221D07B4B9A42AA
:10A3700000F08C807A4B9A4200F0A280794B9A428E
:10A3800000F0B580784B9A4200F0C880774B9A4233
:10A3900000F0F480764B9A4200F01981754B9A4296
:10A3A00000F02C816A4B9A4200F03F81802333E019
:10A3B000714B5B6D03F03803282B65D8DFE813F091
:10A3C00029006400640064006400640064006400A8
:10A3D0004D01640064006400640064006400640073
:10A3E0002B00640064006400640064006400640086
:10A3F0005E00640064006400640064006400640043
:10A400006000640064006400640064006400640030
:10A410006200012300E008234D498A4200F02F81A9
:10A42000E069B0F5004F00F0AF81202B00F2078209
:10A43000202B00F25182DFE813F01E0224024F02AB
:10A440004F0227024F024F024F022C024F024F02CF
:10A450004F024F024F024F024F0231024F024F0292
:10A460004F024F024F024F024F024F024F024F0264
:10A470004F024F024F024F024F023D021023CBE723
:10A480002023C9E74023C7E78023C5E73A4B5B6D2C
:10A4900003F00703052B11D8DFE813F00600E100F5
:10A4A00008000A000C000E000023B5E70823B3E7FC
:10A4B0001023B1E72023AFE74023ADE78023ABE7CC
:10A4C0002D4B5B6D03F00703052B0ED8DFE803F07F
:10A4D00003C90507090B00239EE708239CE7102307
:10A4E0009AE7202398E7402396E7802394E7224BBE
:10A4F0005B6D03F00703052B0ED8DFE803F003B410
:10A500000507090B002387E7082385E7102383E766
:10A51000202381E740237FE780237DE7164B5B6D97
:10A5200003F00703052B0ED8DFE803F0039F0507B0
:10A53000090B002370E708236EE710236CE7202344
:10A540006AE7402368E7802366E700BFF369FFCF2F
:10A55000000C0058FFF4FF110010014000440040BF
:10A5600000480040004C00400050004000140140F2
:10A5700000780040007C0040004402587D4B5B6D39
:10A5800003F03803282B20D8DFE803F0151F1F1F26
:10A590001F1F1F1F711F1F1F1F1F1F1F171F1F1F81
:10A5A0001F1F1F1F191F1F1F1F1F1F1F1B1F1F1FC5
:10A5B0001F1F1F1F1D0001232EE708232CE7102358
:10A5C0002AE7202328E7402326E7802324E7694B56
:10A5D0005B6D03F00703052B0ED8DFE803F0034A99
:10A5E0000507090B002317E7082315E7102313E7D6
:10A5F000202311E740230FE780230DE75D4B5B6DC0
:10A6000003F00703052B0ED8DFE803F00335050739
:10A61000090B002300E70823FEE61023FCE62023B5
:10A62000FAE64023F8E68023F6E603F50E339B6D49
:10A6300003F00703052B0ED8DFE803F0031F05071F
:10A64000090B0223E8E60823E6E61023E4E62023CC
:10A65000E2E64023E0E68023DEE60423DCE6042392
:10A66000DAE60423D8E60423D6E60423D4E604235A
:10A67000D2E60423D0E60423CEE60423CCE6202B46
:10A6800027D8022BC0F01A81023B1E2B00F2188142
:10A69000DFE813F0500016015600160116011601EE
:10A6A0005B001601160116011601160116011601AE
:10A6B0006000160116011601160116011601160199
:10A6C00016011601160116011601160116011601D2
:10A6D0006C00402B2CD14FF40040626A264B33F8BB
:10A6E0001220B0FBF2F3656805EB4501994200F2D8
:10A6F000E980B3EB053F00F2E780002633463146A0
:10A70000F5F746FE090241EA106100026B08C01825
:10A710002A46334641F10001F5F73AFEA0F54072B2
:10A72000164B9A4200F2D2802368D8603046D4E0BB
:10A730000120D2E0FAF778FF0028CED10020CCE04B
:10A7400003A8FAF783FF0498F6E76846FBF77AF860
:10A750000198F1E7074B1B6813F0200F08D0054B59
:10A760001B68C3F3C1030648D840E5E70548B4E7D2
:10A770000348B2E7004402585CF50008FFFC0F00F4
:10A780000090D00300093D00202B15D8202B00F2AB
:10A790009F80DFE803F031379D9D3A9D9D9D3F9D51
:10A7A0009D9D9D9D9D9D449D9D9D9D9D9D9D9D9D32
:10A7B0009D9D9D9D9D9D5000402B1BD1626A4D4BE0
:10A7C00033F81230B0FBF3F06268530803EB40003B
:10A7D000B0FBF2F080B2A0F110024FF6EF739A4294
:10A7E00078D820F00F03C0F3420018432368D860E4
:10A7F000002072E0012070E0FAF704F90028DDD1B2
:10A8000000206AE0FAF710F9F8E703A8FAF71EFF4C
:10A810000498F3E76846FBF715F80198EEE7364B26
:10A820001B6813F0200F08D0334B1B68C3F3C10320
:10A830003248D840E2E73248C0E73048BEE7402B14
:10A8400017D14FF40040626A2A4B33F81230B0FB44
:10A85000F3F0636800EB5300B0FBF3F080B2A0F1BB
:10A8600010024FF6EF739A4241D82368D860002057
:10A8700033E0012031E0FAF7C5F80028E3D10020E9
:10A880002BE0FAF7D1F8F8E703A8FAF7DFFE04980F
:10A89000F3E76846FAF7D6FF0198EEE7164B1B6818
:10A8A00013F0200F08D0144B1B68C3F3C1031348E7
:10A8B000D840E2E71248C6E71048C4E701200CE0A0
:10A8C00001200AE0012008E0012006E0012004E068
:10A8D000012002E0012000E001200123A4F86A30F9
:10A8E000A4F8683000232367636706B070BD0120B9
:10A8F000F3E700BF5CF50008004402580090D00365
:10A9000000093D00836A13F0010F06D00268536806
:10A9100023F40033C16A0B435360836A13F0020FC0
:10A9200006D00268536823F48033016B0B435360F5
:10A93000836A13F0040F06D00268536823F480235F
:10A94000416B0B435360836A13F0080F06D0026813
:10A95000536823F40043816B0B435360836A13F005
:10A96000100F06D00268936823F48053C16B0B4329
:10A970009360836A13F0200F06D00268936823F473
:10A980000053016C0B439360836A13F0400F0AD0AD
:10A990000268536823F48013416C0B435360436C8B
:10A9A000B3F5801F0BD0836A13F0800F06D00268C6
:10A9B000536823F40023C16C0B4353607047026853
:10A9C000536823F4C003816C0B435360EBE72DE91C
:10A9D000F84305460F4616469946DDF820802C6858
:10A9E000E46937EA04030CBF4FF0010C4FF0000C90
:10A9F000B44541D1B8F1FF3FF1D0FDF7CBF9A0EB61
:10AA00000900404524D8B8F1000F21D02B681A68FE
:10AA100012F0040FE3D0DA6912F4006FDFD04FF4C4
:10AA200000621A622A68136823F4D07313602A68DC
:10AA3000936823F0010393602023C5F88430C5F8A0
:10AA40008830C5F88C30002385F88030032014E06E
:10AA50002A68136823F4D07313602A68936823F07C
:10AA6000010393602023C5F88430C5F888300023A3
:10AA700085F88030032000E00020BDE8F8832DE950
:10AA8000F04182B01E46D0F88430202B58D10446C5
:10AA90000D469046002A18BF002955D090F8803006
:10AAA000012B53D0012380F880300023C0F88C3074
:10AAB0002123C0F88430FDF76DF90746A4F85480CF
:10AAC000A4F85680A368B3F5805F05D04FF0000866
:10AAD000002384F8803012E0236913B14FF000089E
:10AAE000F6E7A8460025F3E715F8012B23689A62DC
:10AAF000B4F8562092B2013A92B2A4F85620B4F8B3
:10AB000056309BB283B100963B46002280212046FE
:10AB1000FFF75DFFE0B9002DE6D138F8023B22686F
:10AB2000C3F308039362E3E700963B46002240210B
:10AB30002046FFF74CFF68B92023C4F8843000E0BA
:10AB4000022002B0BDE8F0810120FAE70220F8E718
:10AB50000320F6E70320F4E730B583B00446002372
:10AB6000C0F88C30FDF716F905462268126812F01D
:10AB7000080F0FD123681B6813F0040F18D120238E
:10AB8000C4F88430C4F888300020E06684F880007F
:10AB900003B030BD6FF07E430093034600224FF4B4
:10ABA00000112046FFF713FF0028E3D00320EFE752
:10ABB0006FF07E4300932B4600224FF48001204625
:10ABC000FFF705FF0028DAD00320E1E778B310B5DE
:10ABD0000446D0F884300BB32423C4F884302268B0
:10ABE000136823F0010313602046FFF791FB01284F
:10ABF00013D0A36ABBB92268536823F4904353600F
:10AC00002268936823F02A0393602268136843F054
:10AC1000010313602046FFF79FFF10BD80F88030CE
:10AC2000F7F7B8F8D8E72046FFF76CFEE3E7012016
:10AC300070470000436E2BB90123A0F86A30A0F8DA
:10AC40006830704730B403689A68C2F3426299680A
:10AC5000490F094D6B5C1B01084C615C93FBF1F3E0
:10AC6000A0F86A30AB5C1B01A25C93FBF2F3A0F886
:10AC7000683030BC704700BF7CF5000874F50008F0
:10AC800070477047704790F88030012B18D001232F
:10AC900080F880302423C0F8843003681A6819686B
:10ACA00021F00101196022F000520023436601687F
:10ACB0000A602022C0F8842080F88030184670474F
:10ACC0000220704738B590F88030012B1DD0044623
:10ACD000012380F880302423C0F8843003681D6885
:10ACE0001A6822F001021A600268936823F0604338
:10ACF00019439160FFF79EFF23681D602023C4F86D
:10AD00008430002084F8800038BD0220FCE738B58C
:10AD100090F88030012B1DD00446012380F880304C
:10AD20002423C0F8843003681D681A6822F00102E9
:10AD30001A600268936823F0606319439160FFF71B
:10AD400079FF23681D602023C4F88430002084F834
:10AD5000800038BD0220FCE710B586B00446836849
:10AD6000026913434269134343F4004301680868CE
:10AD70008B4A024013430B60236A43F40062A369C9
:10AD8000E1690B431343E2681A4321684868854B25
:10AD9000034013434B602268D36A23F00F03616AB8
:10ADA0000B43D3622368804A93421AD07F4A93426E
:10ADB00049D07F4A934255D07E4A934261D00023C6
:10ADC0000120A3F110014FF6EF72914200F2A08230
:10ADD0009AB222F00F02C3F3420313432268D360F6
:10ADE00097E2754B5B6D03F03803282B00F28482E9
:10ADF000DFE813F0B700820282028202820282023E
:10AE000082028202030182028202820282028202A2
:10AE10008202820243018202820282028202820252
:10AE20008202820283018202820282028202820202
:10AE3000820282020702820282028202820282026D
:10AE40008202820244025C4B5B6D03F00703052B18
:10AE500000F25582DFE813F04700D10011015101E3
:10AE6000D5011202544B5B6D03F00703052B00F272
:10AE70004982DFE813F03800C20002014201C60136
:10AE800003024D4B5B6D03F03803282B00F23D822B
:10AE9000DFE813F067003B023B023B023B023B0250
:10AEA0003B023B02B3003B023B023B023B023B0244
:10AEB0003B023B02F3003B023B023B023B023B02F4
:10AEC0003B023B0233013B023B023B023B023B02A3
:10AED0003B023B02B7013B023B023B023B023B020F
:10AEE0003B023B02F401F9F78DFD636AD3B1012BFC
:10AEF00023D0022B23D0032B23D0042B23D0052BCC
:10AF000023D0062B23D0072B23D0082B23D0092BAB
:10AF100023D00A2B23D00B2B01D0012303E04FF4C5
:10AF2000807300E00123B0FBF3F261684B0803EB90
:10AF30004203B3FBF1F3002043E70223F3E70423CA
:10AF4000F1E70623EFE70823EDE70A23EBE70C23FD
:10AF5000E9E71023E7E72023E5E74023E3E7802341
:10AF6000E1E7F9F761FD636A43B3012B31D0022BAE
:10AF700031D0032B31D0042B31D0052B31D0062B0F
:10AF800031D0072B31D0082B31D0092B31D00A2BEF
:10AF900031D00B2B01D0012311E04FF480730EE070
:10AFA000F369FFCFF6C0FFFF0010014000440040EE
:10AFB0000048004000140140004402580123B0FB47
:10AFC000F3F261684B0803EB4203B3FBF1F300209B
:10AFD000F7E60223F3E70423F1E70623EFE708236C
:10AFE000EDE70A23EBE70C23E9E71023E7E720234B
:10AFF000E5E74023E3E78023E1E703A8FAF726FB30
:10B00000049B626AD2B1012A23D0022A23D0032AE8
:10B0100023D0042A23D0052A23D0062A23D0072AA6
:10B0200023D0082A23D0092A23D00A2A23D00B2A86
:10B0300001D0012203E04FF4807200E00122B3FB53
:10B04000F2F261684B0803EB4203B3FBF1F300201B
:10B05000B7E60222F3E70422F1E70622EFE708222F
:10B06000EDE70A22EBE70C22E9E71022E7E72022CE
:10B07000E5E74022E3E78022E1E76846FAF7E2FBF2
:10B08000019B626AD2B1012A23D0022A23D0032A6B
:10B0900023D0042A23D0052A23D0062A23D0072A26
:10B0A00023D0082A23D0092A23D00A2A23D00B2A06
:10B0B00001D0012203E04FF4807200E00122B3FBD3
:10B0C000F2F261684B0803EB4203B3FBF1F300209B
:10B0D00077E60222F3E70422F1E70622EFE70822EF
:10B0E000EDE70A22EBE70C22E9E71022E7E720224E
:10B0F000E5E74022E3E78022E1E78A4B1B6813F093
:10B10000200F41D0874B1A68C2F3C102864BD3404F
:10B11000626AD2B1012A23D0022A23D0032A23D083
:10B12000042A23D0052A23D0062A23D0072A23D095
:10B13000082A23D0092A23D00A2A23D00B2A01D097
:10B14000012203E04FF4807200E00122B3FBF2F22F
:10B1500061684B0803EB4203B3FBF1F3002030E6D8
:10B160000222F3E70422F1E70622EFE70822EDE7E7
:10B170000A22EBE70C22E9E71022E7E72022E5E7C5
:10B180004022E3E78022E1E7636AD3B1012B24D0B8
:10B19000022B24D0032B24D0042B24D0052B24D025
:10B1A000062B24D0072B24D0082B24D0092B24D005
:10B1B0000A2B24D00B2B01D0012203E04FF4807224
:10B1C00000E00122584BB3FBF2F261684B0803EB3D
:10B1D0004203B3FBF1F30020F3E50222F2E704227D
:10B1E000F0E70622EEE70822ECE70A22EAE70C2263
:10B1F000E8E71022E6E72022E4E74022E2E78022A7
:10B20000E0E7636AD3B1012B24D0022B24D0032BB7
:10B2100024D0042B24D0052B24D0062B24D0072B9C
:10B2200024D0082B24D0092B24D00A2B24D00B2B7C
:10B2300001D0012203E04FF4807200E001223B4B79
:10B24000B3FBF2F261684B0803EB4203B3FBF1F38B
:10B250000020B6E50222F2E70422F0E70622EEE73C
:10B260000822ECE70A22EAE70C22E8E71022E6E7E8
:10B270002022E4E74022E2E78022E0E7636AD3B1DC
:10B28000012B25D0022B25D0032B25D0042B25D034
:10B29000052B25D0062B25D0072B25D0082B25D014
:10B2A000092B25D00A2B25D00B2B01D0012203E03E
:10B2B0004FF4807200E001224FF40043B3FBF2F23E
:10B2C00061684B0803EB4203B3FBF1F3002078E520
:10B2D0000222F1E70422EFE70622EDE70822EBE77E
:10B2E0000A22E9E70C22E7E71022E5E72022E3E75C
:10B2F0004022E1E78022DFE70023012061E500230F
:10B3000001205EE5002301205BE50023012058E5D4
:10B3100001200123A38763870023A364E36406B0AD
:10B3200010BD00BF004402580090D00300093D004A
:10B330002DE9F84305460F4616469946DDF820806C
:10B340002C68E46937EA04030CBF4FF0010C4FF09E
:10B35000000CB44513D1B8F1FF3FF1D0FCF71AFD52
:10B36000A0EB0900404502D8B8F1000FE8D1012355
:10B3700085F85930002385F85830032000E000207C
:10B38000BDE8F88330B583B004460023C365FCF7FD
:10B3900001FD05462268126812F0080F0CD12368DF
:10B3A0001B6813F0040F15D1012384F859300020D5
:10B3B00084F8580003B030BD4FF47A73009303460D
:10B3C00000224FF400112046FFF7B2FF0028E6D01C
:10B3D0000320EFE74FF47A7300932B4600224FF4DB
:10B3E00080012046FFF7A4FF0028DDD00320E1E71D
:10B3F00048B310B5044690F85930FBB1022384F8E5
:10B4000059302268136823F0010313602046FFF7C8
:10B41000A3FC012811D02268536823F480435360B1
:10B420002268936823F02A0393602268136843F02C
:10B43000010313602046FFF7A5FF10BD80F85830C8
:10B44000F6F762FEDAE7012070470000436C1BB993
:10B45000012383874387704730B403689A68C2F337
:10B4600042629968490F084D6B5C1B01074C615C97
:10B4700093FBF1F38387AB5C1B01A25C93FBF2F3BC
:10B48000438730BC704700BF8CF5000884F5000886
:10B4900090F85830012B18D04FF0010C80F858C0AC
:10B4A000022380F8593003681A68196821F00101F5
:10B4B000196022F000520023436401680A6080F89A
:10B4C00059C080F85830184670470220704790F8ED
:10B4D0005830012B1DD070B50446012580F8585016
:10B4E000022380F8593003681E681A6822F00102AE
:10B4F0001A600268936823F0604319439160FFF774
:10B50000A5FF23681E6084F85950002084F8580075
:10B5100070BD0220704790F85830012B1DD070B5D7
:10B520000446012580F85850022380F859300368FA
:10B530001E681A6822F001021A600268936823F0FC
:10B54000606319439160FFF781FF23681E6084F8F0
:10B550005950002084F8580070BD0220704738B55B
:10B5600004460268D36823F0A003D360FCF712FC02
:10B5700005462368DB6813F0200F07D1FCF70AFCAF
:10B58000401BB0F57A7FF4D9032000E0002038BDDD
:10B5900070B50368DA6812F0400F02D0002630461A
:10B5A00070BD04464FF0FF32DA60FCF7F3FB05464E
:10B5B00000262368DB6813F0400FF0D1FCF7EAFBAC
:10B5C000401BB0F57A7FF4D9032684F82160F0E7B8
:10B5D00010B50446114BDA6822F04002DA609B682D
:10B5E00013F0200F07D1FFF7BAFF0346A0B10323E2
:10B5F00084F8213010E0094A936823F02003936017
:10B60000FFF7ADFF034610B1032384F8213003494F
:10B610008A6842F020028A60184610BD0040005837
:10B62000002844D038B5044690F82130A3B1022355
:10B6300084F821302368CA225A62236853225A624E
:10B640002046FFF7A5FF60B12368FF225A6210B9B8
:10B65000012384F8213038BD80F82030F6F7D4FD7E
:10B66000E5E722689168134B0B40936021688A6874
:10B67000636820690343A069034313438B60A16897
:10B68000E368226843EA014313612046FFF7A0FF05
:10B690000028D9D12268D36C23F00303D364216836
:10B6A000CB6CE26965692A431343CB64CCE7012084
:10B6B000704700BFBFFF8FFFC36B5B09C0680830D6
:10B6C000C00803FB00007047002800F09F8070B5A1
:10B6D0000446002383620568504B514E9D4218BFBB
:10B6E000B54214BF0126002607D0A3F574439D423E
:10B6F00003D0C3680F2B00F28B802046FFF7DCFFDE
:10B700002EB1484B9D4202D0082800F28380434A64
:10B71000434B9D4218BF954203D003F580639D4281
:10B7200001D1102878D894F88130002B54D002230E
:10B7300084F881302268136823F001031360A36941
:10B74000B3F1806F4ED0E369A26A1343E26B1343F7
:10B75000E16822680B439360636B626A1343A26BD8
:10B760001343A26913432269134362691343226A94
:10B77000134362681343E26C1343A2681343A26C41
:10B780001343A16D22680B43D36063686BB92268D1
:10B79000936823F4C05343F4006393602268936872
:10B7A00023F4C06343F4806393602268136D23F035
:10B7B00001031365636813F4800F06D02268D36811
:10B7C00023F00043616D0B43D3600020C4F8840074
:10B7D000012384F8813070BD84F880302046F6F76C
:10B7E000E9FDA4E76368B3F5800F06D0002BAAD16A
:10B7F000A36BB3F1805FA6D102E0A26B002AF5D162
:10B800002268136843F4805313609CE7012070475B
:10B810000120E0E70120DEE70120DCE70030014005
:10B8200000380040003C0040F0B4036A23F00103FC
:10B830000362036A466884691F4A22400D68154303
:10B8400023F002038C6823431C4A1D4CA04218BFFE
:10B8500090420CBF012200220CD004F58044A0428B
:10B8600014BF00240124174FB84203D014B9164C5A
:10B87000A04205D123F00803CC68234323F004033E
:10B880005AB9124A904214BF002201220D4CA04224
:10B8900003D012B90C4A904207D126F4407C4A6981
:10B8A00042EA0C0C8E6946EA0C06466085614A68DD
:10B8B00042630362F0BC70478CFFFEFF0000014052
:10B8C00000040140004001400048014000440140A4
:10B8D00070B4036A23F480730362036A4568C26923
:10B8E00022F073020E68164323F400738A6843EA59
:10B8F0000223164A164CA04218BF90420CBF0122E8
:10B90000002206D123F40063CC6843EA042323F425
:10B9100080635AB90F4A904214BF002201220E4C94
:10B92000A04203D012B90D4A904207D125F4405CE1
:10B930004A694CEA021C8D694CEA05154560C661EE
:10B940004A68C263036270BC704700BF00000140D8
:10B950000004014000440140004001400048014013
:10B9600070B4036A23F480530362036A4468C269B3
:10B9700022F4E6420D6842EA052223F400538D6862
:10B9800043EA05330F4E104DA84218BFB0420DD008
:10B9900005F58045A84214BF0025012506F580461F
:10B9A000B04203D015B9094DA84204D124F4804413
:10B9B0004D6944EA85144460C2614A6802640362C6
:10B9C00070BC704700000140000401400048014085
:10B9D00070B4036A23F480330362036A4268446DDF
:10B9E00024F0700C0C6844EA0C0623F400338C68D5
:10B9F00043EA04430F4D104CA04218BFA8420DD09B
:10BA000004F58044A04214BF0024012405F58045BC
:10BA1000A84203D014B9094CA04204D122F48032C8
:10BA20004C6942EA0422426046654A6882650362C4
:10BA300070BC704700000140000401400048014014
:10BA400070B4036A23F480130362036A4468426D8E
:10BA500022F4E0420D6842EA052223F400138D68C7
:10BA600043EA05530F4E104DA84218BFB0420DD007
:10BA700005F58045A84214BF0025012506F580463E
:10BA8000B04203D015B9094DA84204D124F40034C2
:10BA90004D6944EA8524446042654A68C265036290
:10BAA00070BC7047000001400004014000480140A4
:10BAB00010B4036A046A24F001040462846924F067
:10BAC000F00C4CEA021223F00A030B43826103627A
:10BAD0005DF8044B704730B4046A24F0100404622B
:10BAE0008469056A24F4407C4CEA022C2CF4704CE6
:10BAF0001B039BB243EA0C0325F0A005090101F0EA
:10BB0000A00129438361016230BC704710B4046A0C
:10BB100024F0100404628469036A24F4704C4CEA33
:10BB2000023223F0A00343EA0113826103625DF84D
:10BB3000044B704730B4046A24F480740462C4690E
:10BB4000056A24F0030C4CEA020C2CF0F00C1B01EB
:10BB5000DBB243EA0C0325F42065090201F42061FD
:10BB60002943C361016230BC704730B4046A24F4D5
:10BB700080540462C469056A24F4407C4CEA022CB7
:10BB80002CF4704C1B039BB243EA0C0325F42045B4
:10BB9000090301F420412943C361016230BC7047AD
:10BBA0008268034B13400B4343F0070383607047E5
:10BBB0008FFFCFFF7047704770477047704710B5D1
:10BBC000044603681A6912F0020F11D0DA6812F005
:10BBD000020F0DD06FF002021A6101230377036890
:10BBE0009B6913F0030F79D0FFF7E6FF002323775B
:10BBF00023681A6912F0040F12D0DA6812F0040FE9
:10BC00000ED06FF004021A610223237723689B6928
:10BC100013F4407F68D02046FFF7CEFF0023237740
:10BC200023681A6912F0080F12D0DA6812F0080FB0
:10BC30000ED06FF008021A61042323772368DB69B2
:10BC400013F0030F57D02046FFF7B6FF00232377EA
:10BC500023681A6912F0100F12D0DA6812F0100F70
:10BC60000ED06FF010021A61082323772368DB6976
:10BC700013F4407F46D02046FFF79EFF0023237732
:10BC800023681A6912F0010F03D0DA6812F0010F6D
:10BC90003FD123681A6912F0800F03D0DA6812F0DE
:10BCA000800F3DD123681A6912F4807F03D0DA68CF
:10BCB00012F0800F3BD123681A6912F0400F03D0B5
:10BCC000DA6812F0400F39D123681A6912F0200F98
:10BCD00003D0DA6812F0200F37D110BDFFF76BFFE9
:10BCE0002046FFF76AFF81E72046FFF764FF204602
:10BCF000FFF763FF92E72046FFF75DFF2046FFF75F
:10BD00005CFFA3E72046FFF756FF2046FFF755FFED
:10BD1000B4E76FF001021A612046FFF74BFFB8E766
:10BD20006FF080021A61204600F059FCBAE76FF408
:10BD300080721A61204600F053FCBCE76FF04002AD
:10BD40001A612046FFF73AFFBEE76FF020021A6142
:10BD5000204600F043FCC0E730B50368394A904202
:10BD600014BF4FF0000E4FF0010EB0F1804F14BF22
:10BD700072464EF00102AAB9334CA04214BF00240F
:10BD80000124324DA8420DD064B904F1804404F579
:10BD90008234A04214BF0024012405F50065A842A6
:10BDA00000D01CB123F070034C68234312BB264A19
:10BDB000904214BF00220122244CA0421AD0CAB9DA
:10BDC00002F1804202F58232904214BF0022012229
:10BDD00004F50064A0420DD062B91D4A904214BF20
:10BDE0000022012204F59A34A04203D012B9194A64
:10BDF000904204D123F4407CCB6843EA0C0323F047
:10BE000080034A69134303608A68C2620A688262D7
:10BE1000114A904214BF73464EF0010363B90C4BB4
:10BE2000984214BF0023012302F57052904203D0C0
:10BE300013B9084B984201D10B6903630123436195
:10BE400030BD00BF00000140000800400004004079
:10BE500000440140004801400004014060B310B5B7
:10BE6000044690F83D3013B3022384F83D30214658
:10BE700051F8040BFFF770FF012384F8483084F871
:10BE80003E3084F83F3084F8403084F8413084F804
:10BE9000423084F8433084F8443084F8453084F8E4
:10BEA000463084F8473084F83D30002010BD80F8DB
:10BEB0003C30F6F7D9FDD7E70120704760B310B5E5
:10BEC000044690F83D3013B3022384F83D302146F8
:10BED00051F8040BFFF740FF012384F8483084F841
:10BEE0003E3084F83F3084F8403084F8413084F8A4
:10BEF000423084F8433084F8443084F8453084F884
:10BF0000463084F8473084F83D30002010BD80F87A
:10BF10003C30F6F725FFD7E70120704760B310B536
:10BF2000044690F83D3013B3022384F83D30214697
:10BF300051F8040BFFF710FF012384F8483084F810
:10BF40003E3084F83F3084F8403084F8413084F843
:10BF5000423084F8433084F8443084F8453084F823
:10BF6000463084F8473084F83D30002010BD80F81A
:10BF70003C30F6F70DFED7E70120704700284FD080
:10BF8000F8B50D46044690F83D30002B43D002230F
:10BF900084F83D3022689168224B0B409360214623
:10BFA00051F8040BFFF7D8FE206881688369026AA4
:10BFB0002E680E431C491940AB68AF6943EA07235A
:10BFC00043EA010C194B0CEA0303E968EF6941EA03
:10BFD000072119432B6A1B032F6943EA07130B43FD
:10BFE00022F0AA016A686D6942EA05120A43866076
:10BFF00021688B6123681A62012384F8483084F831
:10C000003E3084F83F3084F8443084F8453084F87A
:10C010003D300020F8BD80F83C30F6F7BBFEB6E7B7
:10C0200001207047F8BFFEFFFCFCFFFF0303FFFF8A
:10C0300070B4036A23F010030362036A45688469DD
:10C040001A4A22400E6842EA062623F020038A6834
:10C0500043EA0213164A174CA04218BF90420CBF85
:10C060000122002206D123F08003CC6843EA0413A6
:10C0700023F040035AB9104A904214BF0022012213
:10C080000E4CA04203D012B90D4A904207D125F4BC
:10C09000406C4A694CEA820C8D694CEA8505456022
:10C0A00086614A688263036270BC7047FF8CFFFE42
:10C0B00000000140000401400044014000400140F4
:10C0C0000048014038B590F83C30012B00F08C80DE
:10C0D00004460D46012380F83C30142A1ED8DFE8C0
:10C0E00002F00B1D1D1D211D1D1D351D1D1D481D93
:10C0F0001D1D5C1D1D1D6F000068FFF795FB22686C
:10C10000936943F0080393612268936923F0040361
:10C1100093612268936929690B439361002084F835
:10C120003C0038BD0068FFF783FF2268936943F441
:10C13000006393612268936923F4806393612268AA
:10C140009369296943EA01239361E7E70068FFF7F0
:10C15000BFFB2268D36943F00803D3612268D36927
:10C1600023F00403D3612268D36929690B43D361A7
:10C17000D4E70068FFF7F4FB2268D36943F4006357
:10C18000D3612268D36923F48063D3612268D369C1
:10C19000296943EA0123D361C0E70068FFF718FC6F
:10C1A0002268536D43F0080353652268536D23F0F2
:10C1B000040353652268536D29690B435365ADE74A
:10C1C0000068FFF73DFC2268536D43F4006353653C
:10C1D0002268536D23F4806353652268536D296987
:10C1E00043EA0123536599E702209AE770B4944625
:10C1F000046A24F0010404628469066A1D4DB0F1EA
:10C20000804F18BFA84223D01B4A904214BF00227F
:10C210000122A5F57C45A8421AD0CAB902F1804294
:10C2200002F58232904214BF0022012205F500651A
:10C23000A8420DD062B9114A904214BF00220122D7
:10C2400005F54065A84203D012B944F0010203E0AD
:10C2500024F0030242EA0C0222F0F0021B01DBB2DE
:10C26000134326F00A0201F00A01114383610162BF
:10C2700070BC7047000001400008004000400140D1
:10C2800038B590F83C30012B52D004460D460123BE
:10C2900080F83C30C2B1042A27D0082A37D0CB68B6
:10C2A0004A6809680068FFF760FC2268D36923F4D4
:10C2B0004063D3612268D369A96843EA0123D3614B
:10C2C000002084F83C0038BDCB684A6809680068E3
:10C2D000FFF78CFF2268936923F00C0393612268B7
:10C2E0009369A9680B439361EAE7CB684A680968D8
:10C2F0000068FFF7F0FB2268936923F440639361C1
:10C3000022689369A96843EA01239361D8E7CB685F
:10C310004A6809680068FFF70DFC2268D36923F0BA
:10C320000C03D3612268D369A9680B43D361C7E7C3
:10C330000220C8E710B4846824F47F4C42EA032248
:10C340000A4342EA0C0282605DF8044B7047000029
:10C3500090F83C30012B77D010B50446012380F8CB
:10C360003C30022380F83D3002689068374B034030
:10C3700093600B68602B53D00ED9B3F5005F43D0A8
:10C380002DD9334A934225D037D9324A934221D00E
:10C39000103293421ED013E0402B4BD00BD9502BC0
:10C3A0000ED1CA6849682068FFF782FB50212068D7
:10C3B000FFF7F6FB04E0202B0CD008D9302B09D076
:10C3C000012384F83D30002084F83C0010BD0BB1FF
:10C3D000102BF5D119462068FFF7E2FBF0E7702B30
:10C3E000EED1CB684A6889682068FFF7A3FF22680E
:10C3F000936843F077039360E2E7B3F5801FE9D0D9
:10C40000B3F1101FE6D0DBE7CB684A688968206883
:10C41000FFF790FF2268936843F480439360CFE76F
:10C42000CA6849682068FFF771FB60212068FFF740
:10C43000B7FBC5E7CA6849682068FFF739FB4021A8
:10C440002068FFF7ADFBBBE7022070478800CEFFF6
:10C45000200010003000100010B50468A368224AC4
:10C460001A404B681343214A1A400B681343A360D8
:10C470004B68602B2CD00CD8402B14D0502B06D1FD
:10C480000A6989680068FFF713FB002028E0002094
:10C4900026E0702B23D10B698A68C9680068FFF712
:10C4A00049FF00201CE00B68052B1AD003681C6AAA
:10C4B0001A6A22F001021A620268936923F0F003FB
:10C4C000096943EA0113936103681C62002007E0D5
:10C4D0000A6989680068FFF719FB002000E0002066
:10C4E00010BD0120FCE700BF8FFFCFFFF8FFFEFF6C
:10C4F00090F83C30012B22D010B50446012380F87F
:10C500003C30022380F83D30FFF7A6FF80B9226857
:10C51000D36823F04003D3602268D36823F48043B8
:10C52000D360012384F83D30002384F83C3010BDF3
:10C53000012084F83D00002384F83C30F7E7022016
:10C540007047000090F83C30012B41D070B40123BB
:10C5500080F83C30022380F83D3003685A689C68BC
:10C560001C4E1D4DAB4218BFB34203D122F47002E2
:10C570004D682A4322F070020D682A435A6003680E
:10C58000144AB3F1804F18BF934213D0A2F57C42F6
:10C5900093420FD002F5806293420BD002F5806285
:10C5A000934207D002F57842934203D0A2F56C4241
:10C5B000934204D124F080048A6814439C600123D0
:10C5C00080F83D30002380F83C30184670BC70473E
:10C5D000022070470000014000040140704770478E
:10C5E00070470000294AD2F8883043F47003C2F83B
:10C5F0008830274B1B6803F00F03062B06D8244A0C
:10C60000136823F00F0343F007031360214B1A68EC
:10C6100042F001021A6000221A6119681E4A0A409B
:10C620001A601B4B1B6813F0080F06D0184A1368DA
:10C6300023F00F0343F007031360164B00229A61A7
:10C64000DA611A62154999621549D9621549196367
:10C650005A639963DA6319645A64196821F4802172
:10C6600019601A66104B1A68104B1340B3F1005F43
:10C6700003D20F4B0122C3F808210E4B43F2D20222
:10C680001A60024B4FF000629A60704700ED00E0C4
:10C6900000200052004402587FEDF6EA0002020238
:10C6A0000000FF01800201010010005C0000FFFF9C
:10C6B000008000510040005210B503460C4A0D495D
:10C6C0000D48006840B10C4800680344521A934278
:10C6D00006D8094A136010BD0748084C0460F2E709
:10C6E00000F072F80C2303604FF0FF30F3E700BF57
:10C6F0000000082400040000301200244812002426
:10C700000120704708B500F05FF8162303604FF072
:10C71000FF3008BD08B54FF0FF31FFF7F3FFFEE72C
:10C7200070B50C461646002506E0AFF300802146A2
:10C7300001F8010B01350C46B542F6DB304670BD01
:10C7400070B50C461646002504E014F8010BAFF353
:10C7500000800135B542F8DB304670BD4FF0FF3048
:10C7600070474FF400534B60002070470120704722
:10C7700000207047DFF834D0FFF734FF0C480D4934
:10C780000D4A002302E0D458C4500433C4188C422C
:10C79000F9D30A4A0A4C002301E013600432A24292
:10C7A000FBD300F017F8F4F7C1F870470000082435
:10C7B00000000024E0010024D4F90008E001002476
:10C7C00044120024FEE70000014B1868704700BFC8
:10C7D0001000002470B50D4D0D4C641BA4100026F4
:10C7E000A64209D10B4D0C4C02F05EFE641BA41056
:10C7F0000026A64205D170BD55F8043B9847013686
:10C80000EEE755F8043B98470136F2E7CCF900080B
:10C81000CCF90008CCF90008D0F90008024403461E
:10C82000934200D1704703F8011BF9E7F0B52DEDF5
:10C83000028BB0EE408B85B017460D9D0C9E18EE16
:10C84000902A25F02005002AB6BF2D220022B1EE45
:10C85000408B462D0C461A7004D0452D00D1013472
:10C86000022100E0032103AB019302AB00932246B7
:10C870003346B0EE480B00F0CBFC472D01D1FB074F
:10C880001AD5462D00EB04020CD10378302B07D1CA
:10C89000B5EE408BF1EE10FA1CBFC4F10104346018
:10C8A00033681A44B5EE408BF1EE10FA08BF0392DC
:10C8B0003021039B934207D3039B0E9A1B1A1360EC
:10C8C00005B0BDEC028BF0BD5C1C03941970F0E761
:10C8D000F7B503460029B8BF494203F8022BB4BF9D
:10C8E0002D222B22092942702ADD0DF10704A446CE
:10C8F0000A27A6460A4691FBF7F607FB16153035C0
:10C90000632A04F1FF340EF8015C3146F1DC30316A
:10C91000AEF1020504F8011C441C294661450AD306
:10C920000DF10902A2EB0E02654588BF00221344F7
:10C93000181A03B0F0BD11F8012B04F8012FEDE730
:10C94000302330318370C170031DF1E70000000017
:10C950002DE9F04F8BB00C46DDF8508016461F468F
:10C96000054601F0C3F9D0F800B05846F3F7B8FC1B
:10C9700000230893D8F8003094F818902268073301
:10C9800023F0070303F10801C8F800108246D3E939
:10C990000001C4E912019FED987B94ED120BB0EEFB
:10C9A000C06BB4EE476BF1EE10FA24DDB5EEC00BB0
:10C9B000F1EE10FA02D52D2384F84330904B9148C4
:10C9C000B9F1470F94BF984680460323236122F0B4
:10C9D00004020023226004930097334609AA2146EB
:10C9E000284600F0D3F9013040F08A804FF0FF3044
:10C9F0000BB0BDE8F08FB4EE400BF1EE10FA09D7A2
:10CA000010EE903A002BBCBF2D2384F843307E48B3
:10CA10007E4BD5E7636809F0DF010491591C3CD1D6
:10CA2000062363600023039308ABCDE9019342F42E
:10CA3000806207AB6168009322600DF11B032846FA
:10CA4000FFF7F4FE049B0799472B804608D1C81CCA
:10CA500002DB6368994241DDA9F102095FFA89F9B5
:10CA6000B9F1650F20D801394A4604F15000079109
:10CA7000FFF72EFF089A04901318012A236102DCA5
:10CA80002268D20701D5013323619DF81B30002BAA
:10CA9000A2D02D2384F843309EE704994729C1D1C1
:10CAA000002BBFD10123BCE7B9F1660F18D10029D3
:10CAB00063680BDD216113B92268D00702D5013309
:10CAC0000B4423610023A1650493DEE713B92268B8
:10CAD000D20701D50233F4E70123F2E74FF06709EB
:10CAE000089B994205DB23682161D807EAD54B1CD6
:10CAF000E7E70029D4BFC1F1020201221344E0E7B5
:10CB000023685A0507D42369424631462846B84768
:10CB100001302AD16AE7B9F1650F40F2E28094ED65
:10CB2000127BB5EE407BF1EE10FA33D1384A012387
:10CB300031462846B84701303FF458AFDDE90723B6
:10CB40009A4202DB2368D8070FD553465A4631462E
:10CB50002846B84701303FF449AF4FF0000804F1D0
:10CB60001A09089B013B434509DC23689B0700F138
:10CB70000881E068099B9842B8BF184638E701234E
:10CB80004A4631462846B84701303FF42FAF08F1F6
:10CB90000108E6E7079B002B3CDC1D4A01233146D8
:10CBA0002846B84701303FF421AFDDE9072313439E
:10CBB00002D12368D907D8D553465A46314628466C
:10CBC000B84701303FF412AF4FF0000904F11A0AE0
:10CBD000079B5B424B4501DC089B95E701235246CE
:10CBE00031462846B84701303FF400AF09F101094A
:10CBF000EEE700BFAFF30080FFFFFFFFFFFFEF7F17
:10CC0000A8F50008ACF50008B4F50008B0F5000878
:10CC1000B8F50008089AA36D9A42A8BF1A46002AE0
:10CC2000914638DC0023059329EAE97904F11A02D8
:10CC3000A36D05990493A3EB09038B4233DCDDE973
:10CC400007239A423CDB2368DA0739D4089B049A0D
:10CC500007999A1AA3EB01099145A8BF9146B9F12A
:10CC6000000F35DC4FF0000829EAE97904F11A0ACF
:10CC7000DDE907239B1AA3EB090343457FF775AF53
:10CC80000123524631462846B84701303FF4AEAE44
:10CC900008F10108ECE71346314642462846B847FA
:10CCA0000130BFD1A2E60123314628460492B8479D
:10CCB00001303FF49BAE059B049A01330593B7E71F
:10CCC00053465A4631462846B8470130BED18DE614
:10CCD000049A4B46424431462846B8470130C1D1F8
:10CCE00084E6089A012A01DCDB0737D50123424696
:10CCF00031462846B84701303FF478AE53465A468D
:10CD000031462846B84701303FF470AE94ED127BAF
:10CD1000B5EE407BF1EE10FA1BD0089B08F1010242
:10CD2000013B31462846B84701300ED15EE601236B
:10CD30004A4631462846B84701303FF457AE08F11D
:10CD40000108089B013B4345F1DC049B04F15002C0
:10CD5000DBE64FF0000804F11A09F2E7012342462E
:10CD6000DFE701234A4631462846B84701303FF401
:10CD70003DAE08F10108E36809995B1A4345F0DC10
:10CD8000F7E64FF0000804F11909F4E72DE9F04740
:10CD9000164699468A680B69DDF820809342B8BF31
:10CDA0001346336091F8432007460C460AB101331D
:10CDB00033602368990642BF3368023333602568C5
:10CDC00015F0060506D104F1190AE36832689B1ACA
:10CDD000AB4226DC94F84320131E226818BF0123BF
:10CDE00092062BD404F1430249463846C04701302D
:10CDF0001ED02368E568326803F00603042B08BFE1
:10CE0000AD1AA36822690CBF25EAE5750025934297
:10CE1000C4BF9B1AED1800261A34B5421AD100205F
:10CE200008E00123524649463846C047013003D145
:10CE30004FF0FF30BDE8F0870135C6E7E1185A1C16
:10CE4000302081F84300224494F8451082F84310C2
:10CE50000233C7E70123224649463846C04701301E
:10CE6000E6D00136D9E700002DE9FF470F7E0C9D83
:10CE7000782F914680460C469A4601F1430207D826
:10CE8000622F0AD8002F00F0D880582F00F0A3801E
:10CE900004F1420584F842703AE0A7F16303152BD0
:10CEA000F6D801A151F823F001CF000815CF0008F2
:10CEB00091CE000891CE000891CE000891CE0008D6
:10CEC00015CF000891CE000891CE000891CE000841
:10CED00091CE000821D0000845CF000803D00008FB
:10CEE00091CE000891CE000843D0000891CE0008F2
:10CEF00045CF000891CE000891CE00080BD0000865
:10CF00002B681A1D1B682A6004F1420584F8423020
:10CF10000123A3E020682968060601F104030AD56D
:10CF20000E682B60002E03DA2D23764284F84330FE
:10CF30005E480A2319E00E682B6010F0400F18BFFE
:10CF400036B2EFE72B682068191D2960010601D56C
:10CF50001E6802E04606FBD51E8854486F2F0CBFA2
:10CF600008230A23002184F843106568A560002D7A
:10CF7000A2BF216821F0040121600EB9002D4DD01F
:10CF80001546B6FBF3F103FB1167C75D05F8017D9C
:10CF90003746BB420E46F4D9082B0BD12368DE0777
:10CFA00008D5236961689942DEBF302305F8013C4A
:10CFB00005F1FF35521B2261CDF800A04B4603AAB4
:10CFC00021464046FFF7E2FE01304CD14FF0FF30E2
:10CFD00004B0BDE8F087354881F8457029682368BA
:10CFE00051F8046B29601D0614D5DF0744BF43F0D8
:10CFF000200323601EB9236823F02003236010233D
:10D00000B0E7236843F0200323607823284884F89E
:10D010004530E3E7590648BFB6B2E6E71546BBE739
:10D020002B6826686169181D286035061B6801D5C4
:10D03000196002E07006FBD51980002323611546B4
:10D04000BAE72B681A1D2A601D686268002128460D
:10D05000F3F74EF908B1401B606063682361002359
:10D0600084F84330A8E723692A4649464046D0471A
:10D070000130ABD023689B0713D4E068039B984230
:10D08000B8BF1846A4E70123324649464046D04778
:10D0900001309BD00135E36803995B1AAB42F2DCA7
:10D0A000EBE7002504F11906F5E700BFBAF5000823
:10D0B000CBF500080EB400B59CB01DAB02900690F5
:10D0C0006FF00041094807910491094953F8042B76
:10D0D00005910068019302A901F0F8FA029B002271
:10D0E0001A701CB05DF804EB03B070471000002408
:10D0F0000802FFFF2DE9F74F03690C69A3420746B9
:10D10000C0F28180013C01F1140800F1140505EB27
:10D110008403019358F8243055F8242001339A42AF
:10D120004FEA840B08EB8409B2FBF3F631D34FF0DE
:10D13000000E4046AC46F24650F8042B93B206FB74
:10D1400003E34FEA134E9BB2AAEB0303DCF800A003
:10D15000120C13FA8AF306FB02E20093009B4FEADB
:10D16000124E92B2C2EB1A4202EB2342BDF80030DB
:10D17000814543EA02434CF8043B4FEA224ADBD2A2
:10D1800055F80B302BB9019B043B9D421A462ED318
:10D190003C61384601F046F8002824DB0136284679
:10D1A0004FF0000C58F8042BD0F800E093B2ACEB31
:10D1B0000303120C13FA8EF3C2EB1E4202EB23425E
:10D1C0009BB243EA0243C14540F8043B4FEA224C7C
:10D1D000E8D255F8242005EB840322B9043B9D4294
:10D1E0001A460AD33C61304603B0BDE8F08F12689E
:10D1F000043B002ACCD1013CC7E71268043B002A5B
:10D20000F0D1013CEBE70020EEE700000000000059
:10D210002DE9F04F2DED028B456A91B08DED020B9B
:10D2200059EC108B1C9C0691064608920C9375B91C
:10D23000102000F05FFD0246706220B9AA4BEA217F
:10D24000AA4801F053FBC0E901550560C560736A47
:10D25000196851B15A684A60012393408B60304687
:10D2600000F09EFD736A00221A60B9F10003BBBF93
:10D2700023F00043039300230122ACBF236022600C
:10D280009B4B039CA3431CD10C9A42F20F73136077
:10D29000C4F3130353EA080300F0FD841D9B63B934
:10D2A000944B1FE0944B019308331D9A136001982F
:10D2B00011B0BDEC028BBDE8F08F8E4B01930333B0
:10D2C000F3E79DED028BB5EE408BF1EE10FA0BD13A
:10D2D0000C9A012313601D9B002B00F0D984874812
:10D2E0001860431E0193E2E70FA90EAA3046B0EE84
:10D2F000480B01F03DF8C4F30A5105460E98002989
:10D3000046D018EE904AC4F3130453EC182B44F0A3
:10D310007F5343F44013A1F2FF31002443EC162B5A
:10D32000B7EE087B9FED6A5B36EE477B9FED6A6B3D
:10D33000A7EE056B9FED6A5B07EE901AB8EEE74B20
:10D34000B0EE467BA4EE057BFDEEC76BB5EEC07B71
:10D35000F1EE10FA16EE90BA0A9408D5B8EEE66B24
:10D36000B4EE476BF1EE10FA18BF0BF1FF3BBBF1C7
:10D37000160F2FD8624B03EBCB0393ED007BB4EE7B
:10D38000C78BF1EE10FA01D50BF1FF3B002322E031
:10D390000F99014401F23243202BC1BFC3F1400376
:10D3A00004FA03F301F2124428FA04F8D6BFC3F1D9
:10D3B000200343EA080808FA03F807EE908AB8EE5B
:10D3C000677B013917EE904A53EC172BA4F1F873E1
:10D3D0000124A3E701230B93431A5A1E45BFC3F14F
:10D3E0000103049300230023059254BF0493059383
:10D3F000BBF1000F18DB059BCDF824B05B4405930F
:10D400000023069A092A49D8052AC4BF043A06927D
:10D41000069AA2F10202CCBF00240124032A48D8B4
:10D42000DFE802F00B2E2C3A049B0022A3EB0B0347
:10D4300004930992CBF10003E3E700220792089AD4
:10D44000002A39DC4FF0010AD1465246CDF820A01F
:10D45000776A00217960042000F1140C9445796802
:10D460002FD930460D9300F05BFC0D9B01900246D6
:10D47000002849D1234B4FF4D571E1E60122DDE7C5
:10D4800000220792089A0BEB020A0AF101094A46A8
:10D49000012AB8BF0122DBE70122F2E701240022C2
:10D4A000CDE906244FF0FF3A0021D146122208911F
:10D4B000CEE701220792F5E7DDF820A0D1465246DB
:10D4C000C6E7013179604000C6E700BFAFF30080D6
:10D4D00061436F63A787D23FB3C8608B288AC63F7A
:10D4E000FB799F501344D33FE9F5000800F600088C
:10D4F0000000F07FE5F50008DCF50008B9F500084C
:10D5000038F700087EF60008726A01991160B9F1D7
:10D510000E0F6CD8002C6AD0BBF1000F40F3A08036
:10D52000C1490BF00F0201EBC2021BF4807F92EDA8
:10D53000007B4FEA2B1100F08780BC4A92ED086B0C
:10D5400088EE066B8DED026B01F00F010322B748E8
:10D5500000297BD19DED026B86EE077B8DED027B72
:10D560000B99002900F0A280B7EE006B9DED027BC5
:10D57000B4EEC67BF1EE10FA40F19880B9F1000FDD
:10D5800000F09480BAF1000F2FDDB2EE046B27EEAD
:10D59000067B8DED027B0BF1FF37013250469DED8E
:10D5A000026BB1EE0C5B07EE902AB8EEE77BA7EEBC
:10D5B000065B15EE904A52EC151BA4F15072002840
:10D5C00077D1B1EE047B36EE476B42EC171BB4EE1D
:10D5D000C76BF1EE10FA00F36382B1EE477BB4EE55
:10D5E000C76BF1EE10FA00F158828DED028B0F9AA5
:10D5F000002AC0F21D81BBF10E0F00F319818A4B86
:10D6000003EBCB0393ED006B089B002B80F2B780FC
:10D61000B9F1000F00F3B38040F03F82B1EE047B1C
:10D6200026EE076B9DED027BB4EEC76BF1EE10FAB0
:10D630004C464F4680F21582DDF80480312308F80D
:10D64000013B0BF1010B11E2022280E7CC0704D56C
:10D6500090ED006B013227EE067B4910083077E72A
:10D6600022D0CBF10001704A01F00F0002EBC002A2
:10D6700092ED007B28EE077B8DED027B6B48091154
:10D680000024022229B9002C3FF46AAF8DED027B01
:10D6900066E7CF0705D590ED006B0132012427EE38
:10D6A000067B49100830EDE7022259E75F464846FD
:10D6B00075E742EC171B5C4A02EBC00212ED024B0D
:10D6C000019A1418079A52B3B6EE003BB7EE002B3E
:10D6D000DDF8048083EE045BB2EE043B35EE477B5D
:10D6E000FDEEC64B14EE902AB8EEE45B303236EE17
:10D6F000456BB4EEC76BF1EE10FA08F8012B39D484
:10D7000032EE465BB4EEC75BF1EE10FA72D4A04580
:10D710003FF46BAF27EE037B26EE036BE0E7DDF80B
:10D72000048027EE047B2146B2EE043BFDEEC64B9F
:10D7300014EE902A303208F8012BA045B8EEE45BD5
:10D7400036EE456B18D1B6EE005B37EE054BB4EE06
:10D75000C46BF1EE10FA4DDC35EE477BB4EEC76BCF
:10D76000F1EE10FA7FF541AF8846013918F8013C17
:10D77000302BF9D0BB462AE026EE036BD6E79DEDB1
:10D78000027BB2EE044BDDF8048087EE065BBDEE53
:10D79000C55B15EE103A303308F8013B019BA8EB4E
:10D7A00003039945B8EEC53BA3EE467B33D137EE74
:10D7B000077BB4EEC67BF1EE10FA1ADCB4EE467BC2
:10D7C000F1EE10FA03D115EE103AD90711D429461B
:10D7D000304600F0E5FA00230C9A88F800300BF18F
:10D7E000010313601D9B002B3FF461ADC3F8008063
:10D7F0005DE55F464346984613F8012D392A06D168
:10D80000019A9A42F7D10199302201370A701A78A9
:10D8100001321A70AEE727EE047BB5EE407BF1EEE5
:10D8200010FAB2D1D3E700BF38F7000810F70008AC
:10D830000799002900F0D0800699012900F3B480EF
:10D840000A99002900F0AC8002F23342DDF8108022
:10D850001C460A93049B13440493059B0121134423
:10D860003046059300F054FB0A9B0746B8F1000FC1
:10D870000DDD059A002A0ADD42450499A8BF4246FB
:10D88000891A04910599A8EB02088A1A059203B334
:10D89000079A002A00F0A580002C13DD39462246A5
:10D8A00030460D9300F0F4FB2A4601460746304609
:10D8B00000F044FB29460A90304600F071FA0A9ABB
:10D8C0000D9B15461A1B04D02946304600F0E0FB9C
:10D8D00005460121304600F01BFB099B002B044646
:10D8E00040F381801A460146304600F0D1FB069B8A
:10D8F000012B04467ADD00230A93226904EB82029D
:10D90000106900F0B5FAC0F12000059B184410F032
:10D910001F0000F08C80C0F12002042A40F38580B3
:10D92000C0F11C00049B03440493059B0344804402
:10D930000593049B002B05DD29461A46304600F06E
:10D9400001FC0546059B002B05DD21461A463046A5
:10D9500000F0F8FB04460B9B002B6AD021462846BA
:10D9600000F060FC002864DA002329460A223046D1
:10D9700000F038FA079B0BF1FF3B0546002B00F047
:10D980009181394600230A22304600F02BFABAF181
:10D99000000F074600F38D80069B022B50DC88E0C9
:10D9A0000E9AC2F1360251E709F1FF34A342BFBF1C
:10D9B000099AE31AD2180992B6BF23461C1B002409
:10D9C000B9F1000FB5BF049ADDF81080A2EB090889
:10D9D0004A46B8BF00223CE7DDF81080079F1C468E
:10D9E00044E71A4670E7069B012B18DC029BB3B98B
:10D9F000039BC3F31302A2B923F00042120D1205D8
:10DA00008AB1049B01330493059B013305930123E1
:10DA10000A93099B002B7FF470AF012075E7002368
:10DA2000F6E7029BF4E70A92F3E782D010461C3037
:10DA300078E7B9F1000F37DC069B022B34DDCA46CC
:10DA4000BAF1000F0DD1214653460522304600F0B1
:10DA5000C9F901460446284600F0E4FB00283FF7D8
:10DA6000EBAD089BDDF804806FEA030B4FF0000973
:10DA70002146304600F094F9002F3FF4A8AEB9F1EA
:10DA8000000F05D0B94503D04946304600F088F96B
:10DA90003946304600F084F999E600242746E0E74D
:10DAA000BB4604460746C7E5079BCA46002B00F065
:10DAB0000081B8F1000F05DD39464246304600F0DE
:10DAC00041FB07460A9B002B5DD07968304600F089
:10DAD00027F9804628B9824B024640F2EA21FFF737
:10DAE000AFBB3A690232920007F10C010C3000F032
:10DAF00009F901224146304600F024FB019B013325
:10DB00000493019B53440893029B03F00103B9461D
:10DB100007930746049B2146013B28460293FFF7E3
:10DB2000E9FA03463033059049462846099300F048
:10DB300079FB3A4682462146304600F08FFBC268A8
:10DB4000099B80460ABB0146284600F06BFB099BF7
:10DB5000024641463046CDE9093200F021F9069BE4
:10DB60000A9ADDF8108043EA0201079B0B43099BE8
:10DB70000DD1392B29D0BAF1000F01DD059B3133CE
:10DB8000029A137074E73846B8E70122E1E7BAF168
:10DB9000000F06DB069941EA0A0A07995AEA0101D1
:10DBA00020D1002AECDD294601223046049300F002
:10DBB000C9FA2146054600F035FB0028049B02DC2B
:10DBC000DED1DA07DCD5392BD8D1029A392313708C
:10DBD00043469846013B18F8012C392A51D00132AE
:10DBE0001A7045E7002A03DD392BEED00133C7E771
:10DBF000049A089902F8013C8A422BD02946002356
:10DC00000A22304600F0EEF8B94505464FF0000311
:10DC10004FF00A024946304607D100F0E3F881464A
:10DC20000746049B0133049374E700F0DBF83946A0
:10DC3000814600230A22304600F0D4F80746F0E778
:10DC4000BAF1000F019ACCBFD0464FF001089044C2
:10DC50004FF00009294601223046029300F072FA83
:10DC60002146054600F0DEFA0028B1DC02D1029B15
:10DC7000DB07ADD44346984613F8012D302AFAD07D
:10DC8000F6E6019A9A42A4D10BF1010B312378E711
:10DC9000144BFFF727BB1D9B002B7FF403AB124BEC
:10DCA000FFF720BBBAF1000F03DC069B022B3FF706
:10DCB000C7AEDDF8048021462846FFF71BFA00F1C5
:10DCC000300308F8013B019AA8EB02029245B7DD48
:10DCD000294600230A22304600F084F80546EAE788
:10DCE0007EF60008B8F50008DCF50008004870472B
:10DCF00064010024024B0146186800F017BC00BF05
:10DD0000100000240A44914200F1FF3300D1704713
:10DD100010B511F8014B03F8014F9142F9D110BD34
:10DD200070B5466A04460D4676B91020FFF7E2FF4B
:10DD30000246606220B9184B1848662100F0D6FDF3
:10DD4000C0E901660660C660666AF36883B1636A0B
:10DD5000DB6853F82500B8B9012101FA05F6721DF8
:10DD60009200204600F060FB60B1C0E901560EE071
:10DD700021220421204600F057FB636AF060DB6833
:10DD8000002BE4D1002070BD026843F82520002359
:10DD9000C0E90333F7E700BFE9F500088FF6000894
:10DDA00070B5466A05460C4676B91020FFF7A2FF0B
:10DDB0000246686220B9094B09488A2100F096FDA5
:10DDC000C0E901660660C6603CB16B6A6268DB68E8
:10DDD00053F82210216043F8224070BDE9F5000895
:10DDE0008FF600082DE9F0410D6907460C461E46E6
:10DDF00001F1140C0020DCF8003099B202FB016143
:10DE00001E0C0B0C02FB063389B2013001EB0341FF
:10DE100085424CF8041B4FEA1346ECDC0EB3A368B2
:10DE2000AB4219DC616838460131FFF779FF804663
:10DE300028B902460C4B0D48B52100F057FD226968
:10DE4000023204F10C0192000C30FFF75BFF214617
:10DE50003846FFF7A5FF444604EB850301355E61B4
:10DE600025612046BDE8F0817EF600088FF60008A7
:10DE7000030C1B04D3B90004102310F07F4F04BF20
:10DE80000002083310F0704F04BF0001043310F09B
:10DE9000404F04BF80000233002805DB10F0804FA4
:10DEA00003F1010308BF2023184670470023E4E76D
:10DEB000036813F0070201460BD0DA0723D4980752
:10DEC00049BF5B089B0801200B605CBF0B60022010
:10DED000704798B2A8B91B0C1020DAB20AB9083002
:10DEE0001B0A1A0704BF1B0904309A0704BF9B08CA
:10DEF0000230DA0703D45B0800F1010005D00B60A3
:10DF000070471046E9E70020704720207047000066
:10DF100010B50C460121FFF703FF024628B9054B57
:10DF200005484FF4A07100F0E1FC01234461036156
:10DF300010BD00BF7EF600088FF600082DE9F04FF7
:10DF400091460A69D9F810309A42B8BF0B460C4680
:10DF5000BCBF4C4699462769D9F810A0A3686168F0
:10DF600007EB0A06B34285B0B8BF0131FFF7D8FE10
:10DF700030B90246444B454840F25D1100F0B6FC12
:10DF800000F1140505EB86082B460022434521D3FA
:10DF900004F1140303EB870709F1140303EB8A026E
:10DFA00002923A1B153A22F00302043204F11501E1
:10DFB0008F4238BF04220192029A03939A420CD8EE
:10DFC000002E03DD58F8043D002B5AD0066105B041
:10DFD000BDE8F08F43F8042BD8E7B3F800A0BAF1FE
:10DFE000000F24D004F1140EA9464FF0000C5EF887
:10DFF000042BD9F800101FFA82FB89B20AFB0B111F
:10E000004FEA124BD9F8002061444FEA124C0AFB48
:10E010000BC202EB114289B241EA0241774549F84D
:10E02000041B4FEA124CE2D8019A45F802C0039A49
:10E03000B2F802900433B9F1000F20D0296804F13E
:10E04000140CAE464FF0000ABCF800B0BEF8022037
:10E0500009FB0B22924489B241EA0A414EF8041BA3
:10E060005CF8042BBEF80010120C09FB021101EB46
:10E070001A4167454FEA114AE6D8019AA95004357A
:10E080009AE7013E9CE700BF7EF600088FF6000885
:10E090002DE9F843154612F0030206460F4607D055
:10E0A000254C013A002354F82220FFF79BFE074637
:10E0B000AD103DD0746A7CB91020FFF71BFE0246FC
:10E0C000706228B91D4B1E484FF4D77100F00EFC4A
:10E0D000C0E901440460C460D6F82480D8F8084040
:10E0E0004CB940F271213046FFF712FF0023C8F807
:10E0F0000800044603604FF00009EB070AD53946D3
:10E1000022463046FFF71AFF394680463046FFF771
:10E1100047FE47466D100BD0206838B9224621468D
:10E120003046FFF70BFF2060C0F800900446E4E79C
:10E130003846BDE8F88300BF00F80008E9F500089C
:10E140008FF600082DE9F0470C464968236903EB78
:10E150006218A368074691464FEA621A08F1010661
:10E16000B3420BDB3846FFF7DBFD054648B90246F4
:10E170002A4B2B4840F2D91100F0B8FB01315B006B
:10E18000EEE7002300F1140100F110021846534598
:10E1900037DB20692AEAEA7A04F1140319F01F092F
:10E1A00001EB8A0103EB80002FD0C9F1200E8A46D3
:10E1B0004FF0000C1A6802FA09F242EA0C024AF81F
:10E1C000042B53F8042B984222FA0EFCF2D8031BBE
:10E1D000153B23F00303043304F11502904238BFCA
:10E1E000042341F803C0BCF1000F01D008F102067E
:10E1F000013E38462E612146FFF7D2FD2846BDE894
:10E20000F08742F8040F0133C1E7043953F8042BB7
:10E2100041F8042F9842F9D8EAE700BF7EF60008DB
:10E220008FF6000830B502690C69121B0ED100F19F
:10E230001403143103EB840001EB840150F8045DF6
:10E2400051F8044DA54203D005D30122104630BD3C
:10E250008342F3D3FAE74FF0FF32F7E72DE9F84FA7
:10E260000C460646114620469046FFF7DBFF051E8A
:10E2700010D129463046FFF753FD30B93A4B0246DC
:10E2800040F23221394800F031FB0123C0E9043566
:10E29000BDE8F88FA4BF4346A0463046D8F8041026
:10E2A000A6BF1C4600250125FFF73AFD20B92E4BDD
:10E2B00002464FF41071E5E7D8F810702669C56082
:10E2C00004F1140908F1140500F1140E05EB870C94
:10E2D00009EB860608F11002F246002159F8043BCA
:10E2E00052F804BF1FFA83F811FA8BF11B0CA1EB53
:10E2F0000808C3EB1B4303EB28431FFA88F81914E3
:10E300004E4548EA03434AF8043BE7D8331B153B24
:10E3100023F0030304331534A64238BF04231D44FD
:10E3200073449E462E4666450ED30CF10302521BE3
:10E3300022F00302033DAC4538BF00221A4452F8D4
:10E34000043D7BB10761A3E756F8048B11FA88F20C
:10E35000141404EB184492B242EA04424EF8042B1F
:10E360002114E0E7013FEAE77EF600088FF6000897
:10E370002DE9F7438946012157EC106B9046FFF7D2
:10E38000CFFC044630B90246254B264840F20A31FC
:10E3900000F0ACFAC7F30A55C7F3130335BB002EE0
:10E3A000019328D068460096FFF782FD009900B3DC
:10E3B000019AC0F1200302FA03F30B43C2406361E8
:10E3C0000192019BA361002B14BF02220122226152
:10E3D000D5B1A5F233450544C9F80050C0F1350068
:10E3E000C8F80000204603B0BDE8F08343F4801372
:10E3F000D5E76161E5E701A8FFF75AFD019B63617D
:10E40000012222612030E3E704EB8203A0F23240D4
:10E41000C9F800001869FFF72BFDC0EB4210DFE7D9
:10E420007EF600088FF6000837B5A1FB02244CB930
:10E430001146019200F07AF8019A054630B9284653
:10E4400003B030BD0C2202600025F8E72146FEF73C
:10E45000E5F9F4E737B5002944D051F8043C0190C0
:10E46000002BA1F10404B8BFE41800F09BFA1E4A87
:10E470000198136833B96360146003B0BDE830409D
:10E4800000F096BAA34208D9256861198B4201BFF2
:10E4900019685B6849192160EDE71A465B680BB1A2
:10E4A000A342FAD911685518A5420BD1246821441A
:10E4B0005418A3421160E0D11C685B68536021448A
:10E4C0001160DAE702D90C230360D6E725686119E9
:10E4D0008B4204BF19685B68636004BF49192160FF
:10E4E0005460CAE703B030BD3412002470B50E4E3C
:10E4F0000C463168054611B900F0E8F93060214654
:10E50000284600F0E3F9431C0AD0C41C24F003049D
:10E51000A04207D0211A284600F0D8F9013001D1D5
:10E520004FF0FF34204670BD381200242DE9F04131
:10E53000CD1C25F0030508350C2D38BF0C25002D0A
:10E54000074601DBA94205D90C233B600026304673
:10E55000BDE8F0812E4E00F025FA33681C4634BB2E
:10E5600029463846FFF7C2FF431C04464DD13468A4
:10E570002646002E40D123683146384604EB030876
:10E5800000F0A4F980453AD1216803356D1A25F0D1
:10E59000030508350C2D38BF0C2529463846FFF7F2
:10E5A000A5FF01302BD023682B4423600EE02268A6
:10E5B000521B1ED40B2A16D96119A342256018BF1D
:10E5C0005960636808BF316062514B60384604F19E
:10E5D0000B0600F0EDF926F00706231DF21AB6D05F
:10E5E0009B1BA350B3E76268A3420CBF32605A6022
:10E5F000ECE723466468B2E734467668B9E70C2353
:10E600003B60384600F0D4F9A1E72560DEE700BFA3
:10E61000341200242DE9F0478E689E4282460C4653
:10E6200090461F4638D88A8912F4906F32D02568F8
:10E630000969A5EB0109656905EB450505EBD5758C
:10E6400001334B446D109D4238BF1D46530531D5F3
:10E650002946FFF76BFF064650B90C23CAF8003075
:10E66000A38943F04003A3814FF0FF30BDE8F0875A
:10E6700021694A46FFF746FBA38923F4906343F0E0
:10E680008003A381266165614E44A5EB09052660E0
:10E69000A5603E46BE4200D93E462068324641460D
:10E6A00000F066F9A3689B1BA360236833442360D2
:10E6B0000020DBE72A4600F081F906460028E1D178
:10E6C00021695046FFF7C6FEC7E700002DE9F04F6D
:10E6D00098468B891B069DB007460D4614460ED5FD
:10E6E0000B6963B94021FFF721FF2860286120B939
:10E6F0000C233B604FF0FF30D1E040236B610023DF
:10E70000099320238DF82930CDF80C803023DFF8D1
:10E71000A8818DF82A304FF0010923469A4613F854
:10E72000012B0AB1252AF9D1BAEB040B0BD05B46B9
:10E73000224629463846FFF76DFF013000F0AA80D7
:10E74000099A5A4409929AF80030002B00F0A280EE
:10E7500000234FF0FF32CDE905230AF1010A0493AB
:10E7600007938DF853301A935446052214F8011B71
:10E770005148F1F7BDFD049AD8B9D00644BF202313
:10E780008DF85330110744BF2B238DF853309AF87E
:10E7900000302A2B15D0079A544600204FF00A0C5F
:10E7A000214611F8013B303B092B4ED9B0B10792FD
:10E7B00014E0A0EB080309FA03F313430493A24601
:10E7C000D2E7039B191D1B680391002BBBBF5B4263
:10E7D00042F0020207930793B8BF049223782E2BCE
:10E7E0000CD163782A2B35D1039B1A1D1B68039229
:10E7F000002BB8BF4FF0FF3302340593DFF8C8A0F9
:10E80000217803225046F1F773FD40B14023A0EB7D
:10E810000A0003FA00F0049B03430134049314F844
:10E82000011B26488DF828100622F1F761FD00280B
:10E8300038D0234B1BBB039B073323F0070308335C
:10E840000393099B3344099367E70CFB02320C46A0
:10E850000120A5E700230134059319464FF00A0C67
:10E86000204610F8012B303A092A03D9002BC5D0D5
:10E870000591C3E70CFB012104460123F0E703AB3C
:10E8800000932A460F4B04A93846FEF761F8421C54
:10E890000646D6D1AB895B063FF52CAF09981DB073
:10E8A000BDE8F08F03AB00932A46064B04A9384617
:10E8B000FEF7DAFAEBE700BF0CF8000816F80008DC
:10E8C00051C9000815E6000812F8000838B5064DD1
:10E8D0000023044608462B60FDF7EEFE431C02D1E0
:10E8E0002B6803B1236038BD3C1200241FB51446C9
:10E8F0001A46094B1B680546D8684CB1074B009176
:10E90000CDE9013406492B4600F00EF800F0ACFAD0
:10E91000044B1C46F3E700BF100000241DF800085C
:10E920002AF8000858F800080EB403B5014603ABF6
:10E93000054853F8042B0068019300F097F802B0E3
:10E940005DF804EB03B070471000002482B001B9F9
:10E9500001A942B14BB113780B601278101E18BF99
:10E96000012002B070471046FBE76FF00100F8E7A6
:10E97000884210B501EB020402D98442234607D82D
:10E98000431EA14208D011F8012B03F8012FF8E72C
:10E99000024401468A4200D110BD13F8014D02F82D
:10E9A000014DF7E7014800F01FBC00BF40120024F2
:10E9B000014800F01ABC00BF401200242DE9F041CC
:10E9C000804614460E4621B9BDE8F0411146FFF7D6
:10E9D000ADBD2AB9FFF73EFD25462846BDE8F081CA
:10E9E00000F06AFC8442074602D8B4EB500F12D8FC
:10E9F00021464046FFF79AFD05460028EDD0BC426F
:10EA00002246314628BF3A46FFF77CF93146404658
:10EA1000FFF720FDE1E73546DFE79368013B002B78
:10EA200010B4936008DA9469A34201DB0A2903D188
:10EA30005DF8044B00F04AB91368581C1060197057
:10EA400008465DF8044B7047F8B506460F46144675
:10EA5000D518AC4201D1002007E014F8011B3A465A
:10EA60003046FFF7DAFF431CF3D1F8BD2DE9F04F34
:10EA70000D469DB014469846064618B183690BB9F9
:10EA800000F014FB894B9D421BD175686B6ED90752
:10EA900005D4AB899A0502D4A86D00F0A5FBAB891B
:10EAA0001B0701D52B69EBB92946304600F06EF9FA
:10EAB000C0B16B6EDC070ED54FF0FF301DB0BDE866
:10EAC000F08F7B4B9D4201D1B568DFE7794B9D42CA
:10EAD00008BFF568DAE7AB899805EDD4A86D00F0BA
:10EAE00084FBE9E70023099320238DF82930CDF832
:10EAF0000C803023DFF8C0818DF82A304FF00109F7
:10EB000023469A4613F8012B0AB1252AF9D1BAEB0C
:10EB1000040B0BD05B46224629463046FFF794FF94
:10EB2000013000F0AA80099A5A4409929AF80030FC
:10EB3000002B00F0A28000234FF0FF32CDE9052327
:10EB40000AF1010A049307938DF853301A9354463F
:10EB5000052214F8011B5848F1F7CAFB049AD8B9EA
:10EB6000D10644BF20238DF85330130744BF2B2315
:10EB70008DF853309AF800302A2B15D0079A544656
:10EB800000204FF00A0C214611F8013B303B092BC5
:10EB90004ED9B0B1079214E0A0EB080309FA03F3D1
:10EBA00013430493A246D2E7039B191D1B680391EC
:10EBB000002BBBBF5B4242F0020207930793B8BF32
:10EBC000049223782E2B0CD163782A2B35D1039B0A
:10EBD0001A1D1B680392002BB8BF4FF0FF3302349D
:10EBE0000593DFF8E4A0217803225046F1F780FB7B
:10EBF00040B14023A0EB0A0003FA00F0049B03435A
:10EC00000134049314F8011B2C488DF828100622B7
:10EC1000F1F76EFB00283FD0294B1BBB039B07334A
:10EC200023F0070308330393099B3B44099367E7E9
:10EC30000CFB02320C460120A5E7002301340593AA
:10EC400019464FF00A0C204610F8012B303A092AD9
:10EC500003D9002BC5D00591C3E70CFB0121044665
:10EC60000123F0E703AB00932A46164B04A9304674
:10EC7000FDF76EFE0746781CD6D16B6ED90705D41A
:10EC8000AB899A0502D4A86D00F0AFFAAB895B0698
:10EC90003FF512AF099811E703AB00932A46094BE1
:10ECA00004A93046FEF7E0F8E4E700BF84F9000865
:10ECB000A4F9000864F900080CF8000816F8000828
:10ECC00051C9000849EA000812F80008F8B50E46D4
:10ECD0001446054618B183690BB900F0E7F9214BDA
:10ECE0009C422BD16C68A369A360A3891A072FD516
:10ECF00023696BB323692068C01A6369F6B2834243
:10ED0000374604DC2146284600F03CF930BBA368B6
:10ED1000013BA36023685A1C22601E7063690130A6
:10ED2000834204D0A389DB0706D50A2E04D12146ED
:10ED3000284600F027F988B93846F8BD0A4B9C42AE
:10ED400001D1AC68CFE7094B9C4208BFEC68CAE729
:10ED50002146284600F01AF80028CBD04FF0FF37A4
:10ED6000EAE700BF84F90008A4F9000864F9000884
:10ED700049B1FF2A85BF8A2303600A704FF0FF3034
:10ED800098BF01207047084670470000324B70B5AD
:10ED90001D6806460C4625B1AB6913B9284600F03C
:10EDA00085F92E4B9C420FD16C68A389B4F90C20D5
:10EDB00019072CD4DD0611D40923336042F0400337
:10EDC000A3814FF0FF303EE0254B9C4201D1AC685F
:10EDD000EBE7244B9C4208BFEC68E6E7580712D5E6
:10EDE000616B41B104F14403994202D03046FFF710
:10EDF00031FB00236363A38923F02403A381002351
:10EE0000636023692360A38943F00803A381236916
:10EE10004BB9A38903F42073B3F5007F03D02146D7
:10EE2000304600F009FAA089B4F90C2010F0010373
:10EE30000AD00023A36063695B42A361236943B9DD
:10EE400010F08000BAD170BD810758BF6369A3601C
:10EE5000F4E70020F7E700BF1000002484F9000861
:10EE6000A4F9000864F9000808B5062000F054FA77
:10EE70000120FDF74FFC00008A892DE9F04105468D
:10EE800010070C4658D44B68002B05DC0B6C002B8C
:10EE900002DC0020BDE8F081E66A002EF9D00023F4
:10EEA00012F480522F682B6032D0606DA3895A070C
:10EEB00005D56368C01A636B0BB1236CC01A0023BD
:10EEC0000246E66A216A2846B047431CA38906D158
:10EED00029681D292CD82A4ACA40D60728D50022DD
:10EEE0006260D9042269226004D5421C01D12B68DA
:10EEF00003B96065616B2F600029CAD004F1440337
:10EF0000994202D02846FFF7A5FA00206063C1E7C6
:10EF1000216A01232846B047411CC7D12B68002B2A
:10EF2000C4D01D2B01D0162B01D12F60B1E7A389CE
:10EF300043F04003A381ADE70F69002FA9D09307E9
:10EF40000E6808BF4B690F6018BF0023A6EB0708C7
:10EF50008B60B8F1000F9CDD216AA66A43463A46F1
:10EF60002846B047002806DCA38943F04003A3816C
:10EF70004FF0FF308EE70744A8EB0008E9E700BF39
:10EF80000100402038B50B6905460C4613B9002531
:10EF9000284638BD18B183690BB900F087F8144BC7
:10EFA0009C421BD16C68B4F90C30002BEFD0626E20
:10EFB000D00704D4990502D4A06D00F015F92846B5
:10EFC0002146FFF759FF636EDA070546E0D4A389AF
:10EFD0009B05DDD4A06D00F008F9D9E7054B9C42F4
:10EFE00001D1AC68DFE7044B9C4208BFEC68DAE76C
:10EFF00084F90008A4F9000864F90008002310B59A
:10F000000446C0E90033C0E904338360818143666C
:10F01000C2818361194608225C30FDF7FFFB054B76
:10F020006362054BA362054BE362054B24622363D5
:10F0300010BD00BF51F3000873F30008ABF30008E4
:10F04000CFF30008014900F0AFB800BF85EF00081A
:10F0500070B568224D1E55430E4605F17401FFF749
:10F0600065FA044640B10021C0E900160C30A060EA
:10F0700005F16802FDF7D2FB204670BD014800F0A3
:10F08000B3B800BF41120024014800F0AEB800BF81
:10F0900041120024014800F0A7B800BF421200242A
:10F0A000014800F0A2B800BF4212002410B5044687
:10F0B000FFF7F0FFA3691BB1BDE81040FFF7F0BFF9
:10F0C000C4E912332365134B134A1B68A262A3429F
:10F0D00004BF0123A361204600F020F860602046B1
:10F0E00000F01CF8A060204600F018F80022E06054
:10F0F00004216068FFF782FFA06801220921FFF761
:10F100007DFFE06802221221FFF778FF0123A3614F
:10F11000D2E700BFA4F5000845F00008F8B507469F
:10F12000FFF7ACFF1E4B1E68B36913B93046FFF7FB
:10F13000BDFF4836D6E90134013B03D533680BB334
:10F140003668F7E7B4F90C50D5B9164BE36004F113
:10F150005800656600F047F8FFF796FFC4E90155CF
:10F16000C4E904552560A5610822294604F15C0024
:10F17000FDF754FBC4E90D55C4E912552046F8BD0E
:10F180006834D9E704213846FFF762FF044630604F
:10F190000028D5D1FFF778FF0C233B60EEE700BFD6
:10F1A000A4F500080100FFFF2DE9F8430646884654
:10F1B00000F148040027D4E90195B9F1010905D50A
:10F1C0002468002CF7D13846BDE8F883AB89012BC1
:10F1D00007D9B5F90E30013303D029463046C04770
:10F1E00007436835E9E770477047704770B50E46CA
:10F1F000B1F90E10002996B014461D4608DAB6F98A
:10F200000C3000222A601A0610D44FF480630EE0FE
:10F210006A4600F003F90028F1DB019A02F470421B
:10F22000A2F500535A425A412A60EEE740230020DB
:10F23000236016B070BD00008B8973B59D0706462C
:10F240000C4607D504F14703236023610123636162
:10F2500002B070BD01AB6A46FFF7C8FF00990546D2
:10F260003046FFF763F948B9B4F90C309A05EFD48A
:10F2700023F0030343F00203A381E3E70D4BB362E2
:10F28000A389206043F08003A381009B6361019BFD
:10F2900020615BB1B4F90E10304600F0D1F828B10E
:10F2A000A38923F0030343F00103A381A08905434D
:10F2B000A581CDE745F0000851F8043C181F002B4C
:10F2C000BCBF0B58C01870471F2938B504460D46FF
:10F2D00004D9162303604FF0FF3038BD426C12B1E1
:10F2E00052F821304BB9204600F030F82A4601464A
:10F2F0002046BDE8384000F017B8012B0AD0591C51
:10F3000003D1162303600120E7E7002442F82540DB
:10F31000284698470020E0E7024B01461868FFF7AF
:10F32000D3BF00BF1000002438B5074D00230446AA
:10F33000084611462B60FDF7E5F9431C02D12B6806
:10F3400003B1236038BD00BF3C120024FDF7D8B9DB
:10F3500010B50C46B1F90E1000F094F80028ABBFC0
:10F36000636DA3891B1823F48053ACBF6365A3812D
:10F3700010BD2DE9F0411F468B89DB0505460C4683
:10F38000164605D5B1F90E100223002200F068F8E8
:10F39000A389B4F90E1023F48053A38132463B466F
:10F3A0002846BDE8F04100F017B810B50C46B1F999
:10F3B0000E1000F055F8431CA38915BF606523F4B7
:10F3C000805343F48053A38118BFA38110BDB1F9CA
:10F3D0000E1000F013B8000038B5074D044608467B
:10F3E000114600222A601A46FDF7AAF9431C02D1F1
:10F3F0002B6803B1236038BD3C12002438B5064D9C
:10F400000023044608462B60FDF7A8F9431C02D1EF
:10F410002B6803B1236038BD3C12002438B5074D7A
:10F4200000230446084611462B60FDF79AF9431C59
:10F4300002D12B6803B1236038BD00BF3C12002409
:10F4400038B5064D0023044608462B60FDF78EF9BB
:10F45000431C02D12B6803B1236038BD3C12002449
:10F4600038B5074D04460846114600222A601A4660
:10F47000FDF77EF9431C02D12B6803B1236038BD30
:10F480003C12002438B5074D0446084611460022B8
:10F490002A601A46FDF744F9431C02D12B6803B1D8
:10F4A000236038BD3C120024F8B500BFF8BC08BC8E
:10F4B0009E467047F8B500BFF8BC08BC9E46704732
:10F4C0004661696C656420746F20726561642064B4
:10F4D0006174612066726F6D2073656E736F722147
:10F4E0000D0A00004661696C656420746F207365C5
:10F4F0007475702073656E736F72207265676973BF
:10F5000074657273210D0A00493243206572726F6F
:10F510007220647572696E672072656365697665CD
:10F52000210D0A00583A20252E3266204761757356
:10F53000732C20593A20252E32662047617573734B
:10F540002C205A3A20252E3266204761757373208D
:10F550000D200A0000061016000610160100020019
:10F560000400060008000A000C0010002000400003
:10F5700080000001080402040801010101010103E7
:10F580000701000008040204080101010101010350
:10F59000070100000000000001020304010203044F
:10F5A0000607080914000024494E4600696E6600EB
:10F5B0004E414E006E616E003000303132333435D2
:10F5C00036373839414243444546003031323334CE
:10F5D000353637383961626364656600496E66693D
:10F5E0006E697479004E614E005245454E54206D4F
:10F5F000616C6C6F6320737563636565646564003B
:10F600002F6D6E742F776F726B73706163652F77D8
:10F610006F726B73706163652F4743432D31302DDB
:10F62000706970656C696E652F6A656E6B696E7363
:10F630002D4743432D31302D706970656C696E65BF
:10F640002D3333385F32303231313031385F31363B
:10F6500033343531363230332F7372632F6E657722
:10F660006C69622F6E65776C69622F6C6962632FBB
:10F670007374646C69622F64746F612E63004261FD
:10F680006C6C6F6320737563636565646564002FDC
:10F690006D6E742F776F726B73706163652F776F08
:10F6A000726B73706163652F4743432D31302D704A
:10F6B0006970656C696E652F6A656E6B696E732D16
:10F6C0004743432D31302D706970656C696E652D2F
:10F6D0003333385F32303231313031385F313633A5
:10F6E000343531363230332F7372632F6E65776C59
:10F6F00069622F6E65776C69622F6C6962632F7324
:10F7000074646C69622F6D707265632E6300000013
:10F710000080E03779C34143176E05B5B5B893460D
:10F72000F5F93FE9034F384D321D30F94877825AD9
:10F730003CBF737FDD4F1575000000000000F03FF7
:10F7400000000000000024400000000000005940BC
:10F750000000000000408F40000000000088C3400F
:10F7600000000000006AF8400000000080842E4184
:10F7700000000000D01263410000000084D79741D0
:10F780000000000065CDCD41000000205FA00242D6
:10F79000000000E876483742000000A2941A6D424B
:10F7A000000040E59C30A2420000901EC4BCD6423E
:10F7B00000003426F56B0C430080E03779C34143E9
:10F7C00000A0D8855734764300C84E676DC1AB435F
:10F7D000003D9160E458E143408CB5781DAF15447D
:10F7E00050EFE2D6E41A4B4492D54D06CFF0804458
:10F7F000F64AE1C7022DB544B49DD9794378EA446D
:10F8000005000000190000007D000000232D302BB2
:10F810002000686C4C00656667454647002C2066F2
:10F82000756E6374696F6E3A2000617373657274EC
:10F83000696F6E2022257322206661696C65643AC7
:10F840002066696C6520222573222C206C696E6508
:10F85000202564257325730A004300504F534958EF
:10F86000002E0000202020202020202020282828D2
:10F870002828202020202020202020202020202078
:10F8800020202020881010101010101010101010C0
:10F8900010101010040404040404040404041010E0
:10F8A000101010101041414141414101010101017D
:10F8B0000101010101010101010101010101011029
:10F8C0001010101010424242424242020202020252
:10F8D00002020202020202020202020202020210FA
:10F8E00010101020000000000000000000000000C8
:10F8F0000000000000000000000000000000000008
:10F9000000000000000000000000000000000000F7
:10F9100000000000000000000000000000000000E7
:10F9200000000000000000000000000000000000D7
:10F9300000000000000000000000000000000000C7
:10F9400000000000000000000000000000000000B7
:10F9500000000000000000000000000000000000A7
:10F960000000000000000000000000000000000097
:10F970000000000000000000000000000000000087
:10F980000000000000000000000000000000000077
:10F990000000000000000000000000000000000067
:10F9A0000000000000000000000000000000000057
:10F9B0000000000000000000000000000000000047
:04F9C0000000000043
:08F9C400FC09FF7F01000000B7
:04F9CC00C502000868
:04F9D000A102000888
:10F9D40001000000100000000090D0030090D0034C
:10F9E400140000240000000084F90008A4F90008B1
:10F9F40064F900080000000000000000000000009E
:10FA040000000000000000000000000000000000F2
:10FA140000000000000000000000000000000000E2
:10FA240000000000000000000000000000000000D2
:10FA340000000000000000000000000000000000C2
:10FA4400000000004300000000000000000000006F
:10FA540000000000000000000000000000000000A2
:10FA6400000000004300000000000000000000004F
:10FA74000000000000000000000000000000000082
:10FA8400000000004300000000000000000000002F
:10FA94000000000000000000000000000000000062
:10FAA400000000004300000000000000000000000F
:10FAB4000000000000000000000000000000000042
:10FAC40000000000430000000000000000000000EF
:10FAD4000000000000000000000000000000000022
:10FAE40000000000430000000000000000000000CF
:10FAF4000000000000000000000000000000000002
:10FB040000000000430000000000000000000000AE
:10FB140000000000000000000000000000000000E1
:10FB24000000000071ED00084DE90008000000002D
:10FB340063F8000861F8000858F8000858F800084D
:10FB440058F8000858F8000858F8000858F8000851
:10FB540058F8000858F8000858F80008FFFFFFFF9D
:10FB6400FFFFFFFFFFFFFFFFFFFF00000100415306
:10FB740043494900000000000000000000000000AC
:10FB840000000000000000000000000000004153DD
:10FB9400434949000000000000000000000000008C
:10FBA4000000000000000000000000000000000051
:040000050800C775B3
:00000001FF
