:020000040800F2
:100000000000082445C10008B7300008B9300008D6
:10001000BB300008BD300008BF3000080000000001
:10002000000000000000000000000000C1300008D7
:10003000C330000800000000C5300008C7300008C9
:1000400095C1000895C1000895C1000895C1000838
:1000500095C1000895C1000895C1000895C1000828
:1000600095C1000895C1000895C10008D13000086D
:10007000E1300008F13000080131000811310008BA
:1000800021310008313100084131000895C10008D4
:1000900095C1000895C1000895C1000895C10008E8
:1000A00095C100085931000895C1000895C10008A4
:1000B00095C1000895C1000895C1000895C10008C8
:1000C00095C10008693100087931000895C1000820
:1000D00095C1000895C1000895C1000895C10008A8
:1000E00095C1000895C100080000000095C10008F6
:1000F00095C1000895C1000895C1000895C1000888
:1001000095C1000895C1000895C1000895C1000877
:100110008931000895C1000895C1000895C1000803
:1001200095C1000895C1000895C1000895C1000857
:1001300095C1000895C1000895C1000895C1000847
:1001400000000000000000000000000000000000AF
:1001500095C1000895C1000895C1000895C1000827
:1001600095C1000895C1000895C1000895C1000817
:1001700095C1000895C1000895C100080000000065
:1001800095C1000895C1000895C1000895C10008F7
:1001900095C1000895C1000895C1000895C10008E7
:1001A00095C1000895C1000895C1000895C10008D7
:1001B00095C1000895C1000895C1000895C10008C7
:1001C00095C1000895C1000895C1000895C10008B7
:1001D00095C1000895C1000895C1000895C10008A7
:1001E00095C1000895C1000895C1000895C1000897
:1001F00095C1000895C1000895C1000895C1000887
:1002000095C1000895C1000895C1000895C1000876
:1002100095C1000895C1000895C1000895C1000866
:1002200095C1000895C1000895C1000800000000B4
:1002300095C1000895C100080000000095C10008A4
:1002400095C1000895C1000895C1000895C1000836
:1002500095C1000895C1000895C1000895C1000826
:1002600095C1000895C1000895C1000895C1000816
:1002700095C1000895C1000895C100080000000064
:1002800095C1000895C1000895C100080000000054
:080290000000000095C1000808
:1002A00010B5054C237833B9044B13B10448AFF3B0
:1002B00000800123237010BDE00100240000000035
:1002C00078EE000808B5034B1BB103490348AFF3B0
:1002D000008008BD00000000E401002478EE000862
:1002E000034613F8012B002AFBD1181A0138704776
:1002F00001F0FF01102A2BDB10F0070F08D010F8D7
:10030000013B013A8B422DD010F0070F42B3F6D1DA
:10031000F0B441EA012141EA014122F007047FF0F3
:1003200000070023F0E80256083C85EA010586EA4A
:10033000010685FA47F5A3FA87F586FA47F6A5FA86
:1003400087F68EB9EED1F0BC01F0FF0102F0070292
:1003500032B110F8013B013A83EA010313B1F8D13D
:100360000020704701387047002D06BF354603381E
:10037000073815F0010F07D1013015F4807F02BF57
:10038000013015F4C03F0130F0BC0138704700BFA8
:1003900053B94AB9002908BF00281CBF4FF0FF31EC
:1003A0004FF0FF3000F074B9ADF1080C6DE904CEE8
:1003B00000F006F8DDF804E0DDE9022304B0704740
:1003C0002DE9F047089D04468E46002B4DD18A4208
:1003D000944669D9B2FA82F252B101FA02F3C2F13B
:1003E000200120FA01F10CFA02FC41EA030E9440CC
:1003F0004FEA1C48210CBEFBF8F61FFA8CF708FBED
:1004000016E341EA034306FB07F199420AD91CEBC4
:10041000030306F1FF3080F01F81994240F21C81F6
:10042000023E63445B1AA4B2B3FBF8F008FB10333E
:1004300044EA034400FB07F7A7420AD91CEB040473
:1004400000F1FF3380F00A81A74240F20781644443
:10045000023840EA0640E41B00261DB1D4400023C8
:10046000C5E900433146BDE8F0878B4209D9002D2C
:1004700000F0EF800026C5E9000130463146BDE8B6
:10048000F087B3FA83F6002E4AD18B4202D3824220
:1004900000F2F980841A61EB030301209E46002DCF
:1004A000E0D0C5E9004EDDE702B9FFDEB2FA82F224
:1004B000002A40F09280A1EB0C014FEA1C471FFA82
:1004C0008CFE0126200CB1FBF7F307FB131140EA69
:1004D00001410EFB03F0884208D91CEB010103F136
:1004E000FF3802D2884200F2CB804346091AA4B2F8
:1004F000B1FBF7F007FB101144EA01440EFB00FECC
:10050000A64508D91CEB040400F1FF3102D2A64530
:1005100000F2BB800846A4EB0E0440EA03409CE7CF
:10052000C6F12007B34022FA07FC4CEA030C20FA7C
:1005300007F401FA06F31C43F9404FEA1C4900FA9C
:1005400006F3B1FBF9F8200C1FFA8CFE09FB181119
:1005500040EA014108FB0EF0884202FA06F20BD98C
:100560001CEB010108F1FF3A80F08880884240F2DC
:100570008580A8F102086144091AA4B2B1FBF9F020
:1005800009FB101144EA014100FB0EFE8E4508D91B
:100590001CEB010100F1FF346CD28E456AD90238A0
:1005A000614440EA0840A0FB0294A1EB0E01A14285
:1005B000C846A64656D353D05DB1B3EB080261EBF3
:1005C0000E0101FA07F722FA06F3F1401F43C5E9CD
:1005D000007100263146BDE8F087C2F12003D84003
:1005E0000CFA02FC21FA03F3914001434FEA1C4745
:1005F0001FFA8CFEB3FBF7F007FB10360B0C43EA37
:10060000064300FB0EF69E4204FA02F408D91CEBE6
:10061000030300F1FF382FD29E422DD902386344E4
:100620009B1B89B2B3FBF7F607FB163341EA034184
:1006300006FB0EF38B4208D91CEB010106F1FF38D3
:1006400016D28B4214D9023E6144C91A46EA0046CA
:1006500038E72E46284605E70646E3E61846F8E65C
:100660004B45A9D2B9EB020864EB0C0E0138A3E7A5
:100670004646EAE7204694E74046D1E7D0467BE786
:10068000023B614432E7304609E76444023842E7FE
:10069000704700BF10B59CB0044600210391602252
:1006A00004A80BF0A3FD0623019300940123282244
:1006B0003D210F4807F0E0FB08B91CB010BD0DF15B
:1006C0000C0C0C4C0FCCACE80F000FCCACE80F00BE
:1006D00023682CF8023B1B0C8CF8003003A8FFF7B2
:1006E000FFFD82B203A9044809F050F9E5E700BF15
:1006F000BC06002490EE0008B009002410B59CB0A0
:10070000044600210391602204A80BF06FFD04232E
:1007100001930094012320223C210D4807F03AFB6D
:1007200008B91CB010BD0DF10C0C0A4C0FCCACE894
:100730000F000FCCACE80F002368CCF8003003A802
:10074000FFF7CEFD82B203A9034809F01FF9E8E7DD
:10075000BC060024B4EE0008B009002402680F4B68
:100760009A4200D070470E4A53781B021BB2117890
:100770000B430C490B80D3781B021BB291780B43BF
:1007800009490B8053791B021BB212791343074AA4
:100790001380074B01221A70E4E700BF00580040A5
:1007A00004020024FC010024FE01002400020024B5
:1007B0000202002408B50268034B9A4200D008BD2B
:1007C0000248FFF767FFFAE70058004004020024E0
:1007D00072B6FEE700B59DB04C22002109A80BF0CF
:1007E00005FD2022002101A80BF000FD022006F0EB
:1007F00099FF002300932B4BDA6A22F00102DA62A0
:10080000DB6A03F001030093274A936923F4404312
:1008100043F480439361936903F440430093009B46
:10082000214B9B6913F4005FFAD0204A936A23F0AE
:10083000030343F002039362292309934FF48033A7
:100840000A9301220E920F92022312931393149291
:10085000092215921693179318930C2219921A9342
:100860004FF440631B9309A803F028FBA8B93F236A
:1008700001930323029300230393049340230593DE
:1008800006934FF4806207920893012101A803F0B8
:1008900033FF20B91DB05DF804FBFFF799FFFFF7A8
:1008A00097FF00BF00040058004802580044025857
:1008B00000B5B1B0BC22002101A80BF097FC4FF4A9
:1008C0000023019301230293092303930423049338
:1008D000022305930693C0230793202308934FF424
:1008E0004063099301A804F0A3F910B931B05DF891
:1008F00004FBFFF76DFF000000B59FB0604B5B6924
:1009000013F4003F13D1BFF34F8FBFF36F8F5C4BD6
:100910000022C3F85022BFF34F8FBFF36F8F5A6985
:1009200042F400325A61BFF34F8FBFF36F8F06F06E
:10093000B5FFFFF74FFFFFF7BBFF00F0B3F800F084
:10094000C7FC00F0F5F900F047FA00F08BFA00F070
:1009500013FC00F08BFD00F065FE00F025FF00F0B9
:100960004FFF00F079FF01F0C1F801F0F5F801F058
:1009700027F901F059F901F08BF901F0BDF901F007
:100980000FFC01F04DFC01F077FC01F0A1FC01F03F
:10099000CBFC01F035FE02F0AFFA02F011FB01F0E2
:1009A0006BFE01F0BDFE01F0EDFE01F013FF01F062
:1009B00039FF01F06BFF01F0B7FF02F041FB01F0DE
:1009C000CBFF02F007F802F01DF802F073FBFC23E6
:1009D0008DF8743040238DF8753000218DF8761035
:1009E0000C238DF877300491602205A80BF0FEFBF4
:1009F0001DA8FFF783FE234B1B78002BFBD0224B57
:100A0000B3F9003007EE103AB8EEC77ADFED1F7A7F
:100A1000C7EE275A1E4BB3F9003006EE903AF8EEB7
:100A2000E66A86EEA77A1B4BB3F9003006EE903AE1
:100A3000F8EEE66A86EEA76AB7EEC66A8DED026B3F
:100A4000B7EEC77A8DED007BB7EEE57A53EC172B46
:100A5000114904A80CF016F804A8FFF741FC82B273
:100A600004A90E4808F092FF4FF4FA7006F056FF02
:100A7000044B00221A700A48FFF70CFEBBE700BFC8
:100A800000ED00E002020024FC01002400900E456D
:100A9000FE01002400020024D8EE0008B009002462
:100AA000040200242DE9F04F91B000240B940C9423
:100AB0000D940E940F94934BD3F8E02042F480727F
:100AC000C3F8E020D3F8E02002F480720092009A8C
:100AD000D3F8E02042F48062C3F8E020D3F8E020AD
:100AE00002F480620192019AD3F8E02042F04002C1
:100AF000C3F8E020D3F8E02002F040020292029A0C
:100B0000D3F8E02042F00802C3F8E020D3F8E02058
:100B100002F008020392039AD3F8E02042F00102A7
:100B2000C3F8E020D3F8E02002F001020492049A16
:100B3000D3F8E02042F01002C3F8E020D3F8E02020
:100B400002F010020592059AD3F8E02042F002026A
:100B5000C3F8E020D3F8E02002F002020692069AE1
:100B6000D3F8E02042F40072C3F8E020D3F8E0208C
:100B700002F400720792079AD3F8E02042F0800254
:100B8000C3F8E020D3F8E02002F080020892089A2F
:100B9000D3F8E02042F00402C3F8E020D3F8E020CC
:100BA00002F004020992099AD3F8E02042F02002F0
:100BB000C3F8E020D3F8E03003F020030A930A9B47
:100BC000514E22464FF29051304605F021FCDFF89D
:100BD00050B12246FC21584605F01AFCDFF844A12A
:100BE000224640F60801504605F012FCDFF8389125
:100BF00022464FF40041484605F00AFCDFF82C81FC
:100C000022460421404605F003FC404F224647F2AD
:100C1000FF01384605F0FCFB224608213C4805F060
:100C2000F7FB4FF290530B9301250C950D940E9406
:100C30000BA9304605F0EEFAFC230B930C950D94AE
:100C40000E940BA9584605F0E5FA4FF4004BCDF889
:100C50002CB0304B0C930D940BA9384605F0DAFA02
:100C600040F608030B930C950D940E940BA9504677
:100C700005F0D0FACDF82CB00C950D940E940BA97C
:100C8000484605F0C7FA04230B930C950D940E9477
:100C90000BA9404605F0BEFA47F2FF030B930C95F3
:100CA0000D940E940BA9384605F0B4FA4FF4E053B6
:100CB0000B9302230C930D940E940A230F930BA90C
:100CC000154805F0A7FA4FF400530B930C940D95BB
:100CD0000BA9124805F09EFA4FF400630B930D4BDD
:100CE0000C930D940BA9304605F094FA08230B934E
:100CF0000C950D940E940BA9054805F08BFA11B0D4
:100D0000BDE8F08F00440258002002580024025829
:100D10000018025800001111000002580008025883
:100D200000280258000C0258001C025800100258FB
:100D300000B58BB0002307930893099300930193A8
:100D4000029303930493059306932048204A02607C
:100D500043608360C360042202610375437501220E
:100D6000826103774FF4A46141624FF48061816234
:100D7000C2620363436380F8383002F0B5FEE0B925
:100D80000023079307A9114802F0E6FFC0B9114BF1
:100D90000093062301930023029340F2FF72039213
:100DA0000422049205938DF819306946074802F031
:100DB00075FB40B90BB05DF804FBFFF709FDDFE7F9
:100DC000FFF706FDE3E7FFF703FDF3E7100200245A
:100DD000002002400200300400B589B000230193D6
:100DE00002930393049305930693079319481A4AB1
:100DF000026043608360C36004220261037543752F
:100E000001228261037743628362C36203634363A7
:100E100080F8383002F068FEA8B9104B0193062321
:100E20000293002303930E4A049204220592069330
:100E30008DF81D300DEB0201064802F02FFB28B99A
:100E400009B05DF804FBFFF7C3FCE6E7FFF7C0FC61
:100E5000F6E700BF740200240021024002003004C3
:100E60000000FF4700B589B000230193029303936C
:100E700004930593069307931B481C4A0260436042
:100E80008360C3600422026103754375012282619D
:100E900003774FF4986242624FF480628262C362C9
:100EA0000363436380F8383002F01EFEA8B9104B8C
:100EB000019306230293002303930E4A0492042213
:100EC000059206938DF81D300DEB0201064802F0E5
:100ED000E5FA28B909B05DF804FBFFF779FCE6E70D
:100EE000FFF776FCF6E700BFD80200240060025846
:100EF000020030040000FF4730B591B000230B938F
:100F00000C930D930E930F930368914A934208D06C
:100F1000904A93427ED0904A934200F0D78011B01D
:100F200030BD04468D4A136801331360012B60D035
:100F30008B4BD3F8E02042F00402C3F8E020D3F852
:100F4000E02002F004020192019AD3F8E02042F07E
:100F50000102C3F8E020D3F8E02002F0010202927F
:100F6000029AD3F8E02042F00202C3F8E020D3F85E
:100F7000E03003F002030393039B0C230B93032540
:100F80000C950BA9774805F045F90B950C950025B4
:100F90000D950BA9744805F03DF94FF08071084696
:100FA00006F0D6FC4FF00071084606F0D1FC6F4801
:100FB0006F4B0360092343608560C5604FF4806315
:100FC00003614FF4805343614FF480438361C561F3
:100FD0000562456205F05CFBC8B9644BE3649C6341
:100FE00000221146122006F0D9FB122006F00CFC5C
:100FF00095E75B4BD3F8D82042F02002C3F8D82005
:10100000D3F8D83003F020030093009B90E7FFF75C
:10101000DFFBE2E7514A136801331360012B47D02D
:101020004F4BD3F8E02042F00402C3F8E020D3F89D
:10103000E02002F004020592059AD3F8E02042F085
:101040000102C3F8E020D3F8E02002F0010206928A
:10105000069AD3F8E02042F00202C3F8E020D3F869
:10106000E03003F002030793079B0C230B93032448
:101070000C940BA93B4805F0CDF80B940C9400247C
:101080000D940BA9384805F0C5F84FF0807108465B
:1010900006F05EFC4FF00071084606F059FC22464F
:1010A0002146122006F07AFB122006F0ADFB36E74F
:1010B0002B4BD3F8D82042F02002C3F8D820D3F825
:1010C000D83003F020030493049BA9E7244BD3F802
:1010D000E02042F08072C3F8E020D3F8E02002F074
:1010E00080720892089AD3F8E02042F02002C3F8F8
:1010F000E020D3F8E02002F020020992099AD3F808
:10110000E02042F00402C3F8E020D3F8E03003F01E
:1011100004030A930A9B4FF480630B9303240C94FB
:101120000BA9144805F076F804230B930C940023C4
:101130000D930BA90B4805F06DF84FF08061084640
:1011400006F006FC4FF00061084606F001FCE6E6FA
:101150000020024000210240006002580C020024DE
:101160000044025800080258000402583C030024BE
:10117000700002400014025800B58BB024220021F8
:1011800001A80BF033F81248124B036007F0F3FD8F
:10119000A8B900220192062302930392022304932A
:1011A000059201A90A4807F0F9FD58B9102201A9D2
:1011B000074807F0F3FD40B90BB05DF804FBFFF7FB
:1011C00007FBE6E7FFF704FBF0E7FFF701FBF3E7B8
:1011D000B40300240074004010B588B000230393CA
:1011E00004930593069307930268324B9A4201D009
:1011F00008B010BD0446304BD3F8E82042F000524E
:10120000C3F8E820D3F8E82002F000520192019AD6
:10121000D3F8E02042F00102C3F8E020D3F8E03038
:1012200003F001030293029B3023039303230493EF
:1012300003A9224804F0EEFF2148224B0360432318
:101240004360402383600023C3604FF480620261E7
:101250004FF4805242614FF480428261C361036265
:10126000436205F015FAF0B9154BA3609C6316486C
:10127000164B036044234360402383600023C36014
:101280004FF4806202614FF4805242614FF4804219
:101290008261C3610362436205F0FAF930B90A4B17
:1012A000E3609C63A4E7FFF793FADDE7FFF790FAAA
:1012B000F5E700BF007400400044025800000258E7
:1012C000C8030024400002404004002458000240AB
:1012D00000B583B0234BD3F8D82042F00102C3F805
:1012E000D820D3F8D83003F001030193019B0022EA
:1012F00011460B2006F052FA0B2006F085FA002268
:1013000011460C2006F04AFA0C2006F07DFA002265
:1013100011460D2006F042FA0D2006F075FA002263
:1013200011460E2006F03AFA0E2006F06DFA002261
:1013300011460F2006F032FA0F2006F065FA00225F
:101340001146102006F02AFA102006F05DFA00225D
:101350001146112006F022FA112006F055FA03B0CA
:101360005DF804FB00440258F0B5B7B00023319398
:101370003293339334933593344B1B680BB137B0AE
:10138000F0BD324B01221A60BC22002102A80AF0F3
:101390002DFF4FF08073029302A803F049FC002850
:1013A00050D12B4BD3F8D42042F48052C3F8D42030
:1013B000D3F8D43003F480530193019B48F23713E0
:1013C00031930227329700263396032534950C2457
:1013D000359431A91F4804F01DFF4CF2037331937B
:1013E000329733963495359431A91B4804F012FF97
:1013F0004FF63F033193329733963495359431A9A4
:10140000164804F007FF0123319332973396349541
:10141000359431A9124804F0FDFE31943297339689
:101420003495359431A90F4804F0F4FE4FF68073DB
:101430003193329733963495359431A90A4804F0A4
:10144000E9FE9CE7FFF7C4F9ABE700BFB80400244E
:101450000044025800180258000C025800140258A8
:1014600000080258001C02580010025800B589B04C
:101470000023019302930393049305930693079328
:101480001048114A0260436083600822C260102243
:1014900002614021416180218161C3610362436235
:1014A000836201920292039204920592069207923D
:1014B00001A907F0AFFD10B909B05DF804FBFFF713
:1014C00087F9F9E7BC0400244041005208B5FFF752
:1014D0004BFF08BD10B5B6B00446002131913291E2
:1014E000339134913591BC2202A80AF07FFE226824
:1014F0001A4B9A4201D036B010BD4FF08053029380
:1015000002A803F095FB28BB154BD3F8F02042F05E
:101510000052C3F8F020D3F8F02002F000520092FD
:10152000009AD3F8E02042F00802C3F8E020D3F894
:10153000E03003F008030193019B10233193022351
:101540003293002233923492359331A9054804F046
:1015500061FED0E7FFF73CF9D6E700BF0074014019
:1015600000440258000C0258F0B589B000230393E0
:1015700004930593069307930268254B9A4201D082
:1015800009B0F0BD234BD3F8E02042F01002C3F8BD
:10159000E020D3F8E02002F010020092009AD3F885
:1015A000E02042F00402C3F8E020D3F8E02002F08B
:1015B00004020192019AD3F8E02042F04002C3F8FD
:1015C000E020D3F8E03003F040030293029B0224B2
:1015D0000394049406940325079503A90E4804F088
:1015E00019FEC0270397049400260596069501234B
:1015F000079303A9094804F00DFE03970494059688
:101600000695079403A9064804F004FEB8E700BF56
:1016100000740140004402580010025800080258AB
:101620000018025810B5A6B00024229423942494E4
:1016300025941E941F94209421945422214609A895
:101640000AF0D4FD2022214601A80AF0CFFD54481B
:10165000544B03604460846007F0BAFE00287ED1DA
:1016600000214F4808F004F800287BD10023229382
:10167000022223922493259322AA0421484807F0AA
:101680002FFF002871D1464C01220421204608F08A
:1016900015F84FF6FD731E9300211F91052320932B
:1016A000082321931EAA204607F000FF00285FD1DF
:1016B000002109910A910B910C9101230D930E9138
:1016C0000F911091119112911391149115911691FE
:1016D0001791189119911A911B911C911D9109AAAA
:1016E0002F4808F03AF8002845D100231A9309AA98
:1016F00004212B4808F031F800283FD10021019146
:10170000029103910491059106910791089101AB13
:101710000122234808F059F898BB01AB4FF48072BE
:1017200004211F4808F051F870BB01AB02220021D0
:101730001B4808F04AF850BB01AB4FF4007204217B
:10174000174808F042F828BB1EAA0421144807F0E5
:10175000ADFE10BB1248FFF707FF26B010BDFFF724
:1017600037F87DE7FFF734F880E7FFF731F88AE7CD
:10177000FFF72EF89CE7FFF72BF8B6E7FFF728F8FE
:10178000BCE7FFF725F8C8E7FFF722F8CDE7FFF73A
:101790001FF8D1E7FFF71CF8D6E7FFF719F8D9E7EC
:1017A000F00400240074014008B51248124B036095
:1017B000124B4360002383600122C26003614361D6
:1017C0008361C361036206F087FA50B900210948BA
:1017D00007F077FA40B90021064807F0A0FA30B9BF
:1017E00008BDFEF7F5FFF1E7FEF7F2FFF3E7FEF7BE
:1017F000EFFFF5E7BC06002400580040CE9F9000A4
:1018000008B51248124B0360124B436000238360FB
:101810000122C260036143618361C361036206F018
:101820005BFA50B90021094807F04BFA40B9002192
:10183000064807F074FA30B908BDFEF7C9FFF1E7B2
:10184000FEF7C6FFF3E7FEF7C3FFF5E7080700243E
:10185000005C0040CE9F900008B51248124B036018
:10186000124B4360002383600122C2600361436125
:101870008361C361036206F02FFA50B90021094861
:1018800007F01FFA40B90021064807F048FA30B9BE
:1018900008BDFEF79DFFF1E7FEF79AFFF3E7FEF7BD
:1018A00097FFF5E754070024001C0058CE9F9000D6
:1018B000F0B5BDB0044600213791389139913A9185
:1018C0003B91BC2208A80AF091FC23687D4A934210
:1018D00008D07D4A934278D07C4A934200F0A7809A
:1018E0003DB0F0BD0823089308A803F0A1F9002833
:1018F00062D1774ED6F8E03043F08003C6F8E0308E
:10190000D6F8E03003F080030193019B3023379336
:1019100012233893002539953A9504233B9337A930
:101920006C4804F077FCD6F8E83043F48003C6F83E
:10193000E830D6F8E83003F480030293029B66484F
:10194000664B0360232343608560C5604FF480636A
:10195000036145618561C5610562456204F098FED9
:1019600068BB5D4BE3639C635D485E4B036024236F
:101970004360402383600023C3604FF480620261B0
:1019800043618361C3610362436204F081FEC8B9AD
:10199000534BA3639C6300221146212005F0FEFEF9
:1019A000212005F031FF00221146222005F0F6FE2D
:1019B000222005F029FF93E7FEF70AFF99E7FEF7DB
:1019C00007FFCEE7FEF704FFE2E70823089308A825
:1019D00003F02EF940BB3E4CD4F8E03043F08003D6
:1019E000C4F8E030D4F8E03003F080030393039BA5
:1019F0004FF4C07337931223389301233993002394
:101A00003A9304233B9337A9324804F003FCD4F8FB
:101A1000E83043F40003C4F8E830D4F8E83003F4C5
:101A200000030493049B5BE7FEF7D2FED3E7102389
:101A3000089308A803F0FCF800283FD1244CD4F800
:101A4000E03043F00203C4F8E030D4F8E03003F0B3
:101A500002030593059BD4F8E03043F08003C4F8FB
:101A6000E030D4F8E03003F080030693069B402377
:101A70003793122738970126399600253A95062381
:101A80003B9337A9184804F0C5FB4FF480533793B4
:101A9000389739963A9504233B9337A90D4804F0BB
:101AA000B9FBD4F8F43043F08003C4F8F430D4F830
:101AB000F43003F080030793079B11E7FEF788FEDD
:101AC000BCE700BF00580040005C0040001C00580C
:101AD00000440258001C0258CC05002410000240AB
:101AE00044060024280002400004025808B51748A4
:101AF000174B0360174B436000238360C36003618F
:101B00000C2242618361036243628362436608F090
:101B100046FD70B900210D4808F0BCFD60B90021F8
:101B20000A4808F0DCFD50B9084808F094FD48B9AF
:101B300008BDFEF74DFEEDE7FEF74AFEEFE7FEF7C4
:101B400047FEF1E7FEF744FEF2E700BF90080024ED
:101B5000000C00582433030008B51748174B0360E6
:101B60004FF4E133436000238360C36003610C22C0
:101B700042618361C36103624362836208F00FFDC7
:101B800070B900210C4808F085FD60B900210A48B1
:101B900008F0A5FD50B9084808F05DFD48B908BD3A
:101BA000FEF716FEEDE7FEF713FEEFE7FEF710FE79
:101BB000F1E7FEF70DFEF2E7B0090024004C00400B
:101BC00008B51748174B03604FF4E1334360002317
:101BD0008360C36003610C2242618361C36103625D
:101BE0004362836208F0DBFC70B900210C4808F006
:101BF00051FD60B900210A4808F071FD50B908484C
:101C000008F029FD48B908BDFEF7E2FDEDE7FEF753
:101C1000DFFDEFE7FEF7DCFDF1E7FEF7D9FDF2E7C8
:101C2000400A00240078004008B51748174B0360AD
:101C30004FF4E133436000238360C36003610C22EF
:101C400042618361C36103624362836208F0A7FC5F
:101C500070B900210C4808F01DFD60B900210A4848
:101C600008F03DFD50B9084808F0F5FC48B908BD3A
:101C7000FEF7AEFDEDE7FEF7ABFDEFE7FEF7A8FDE3
:101C8000F1E7FEF7A5FDF2E7D00A0024007C004052
:101C900008B51748174B03604FF4E1334360002346
:101CA0008360C36003610C2242618361C36103628C
:101CB0004362036409F084F870B900210C4809F00C
:101CC000EEF860B900210A4809F00DF950B908484A
:101CD00009F0C6F848B908BDFEF77AFDEDE7FEF752
:101CE00077FDEFE7FEF774FDF1E7FEF771FDF2E730
:101CF000600B00240010014008B51748174B036023
:101D00004FF4E133436000238360C36003610C221E
:101D100042618361C36103624362836208F03FFCF6
:101D200070B900210C4808F0B5FC60B900210A48E0
:101D300008F0D5FC50B9084808F08DFC48B908BD3A
:101D4000FEF746FDEDE7FEF743FDEFE7FEF740FD4A
:101D5000F1E7FEF73DFDF2E72009002400440040D2
:101D6000F0B5C3B0044600213D913E913F914091B2
:101D70004191BC220EA80AF039FA2368AB4A93427B
:101D800010D0AB4A934256D0AA4A934200F0D58075
:101D9000A94A934200F00181A84A934200F066816B
:101DA00043B0F0BD04230E930EA802F041FF0028BB
:101DB0003ED1A34BD3F8F42042F00802C3F8F4203C
:101DC000D3F8F42002F008020192019AD3F8E0203F
:101DD00042F00202C3F8E020D3F8E02002F0020251
:101DE0000292029AD3F8E02042F00102C3F8E02008
:101DF000D3F8E03003F001030393039B80233D936A
:101E000002253E9500243F944094082341933DA928
:101E10008C4804F0FFF94FF400733D933E953F94D6
:101E20004094032341933DA9874804F0F3F9B7E7B1
:101E3000FEF7CEFCBDE702230E930EA802F0F8FEDB
:101E4000002871D17E4BD3F8E82042F40022C3F879
:101E5000E820D3F8E82002F400220492049AD3F890
:101E6000E02042F08002C3F8E020D3F8E02002F046
:101E700080020592059AD3F8E02042F00202C3F8EE
:101E8000E020D3F8E03003F002030693069B4FF402
:101E900080433D9302273E9700253F9540950826B5
:101EA00041963DA9694804F0B5F94FF400733D939C
:101EB0003E973F95409541963DA9624804F0AAF9A6
:101EC0006348644B03603F2343608560C5604FF403
:101ED0008063036145618561C5610562456204F007
:101EE000D7FB20BB5A4BE3679C635B485B4B0360AB
:101EF0004023436083600023C3604FF4806202612B
:101F000043618361C3610362436204F0C1FB88B92A
:101F1000514BA3679C6300221146342005F03EFC20
:101F2000342005F071FC3BE7FEF752FC8AE7FEF730
:101F30004FFCD7E7FEF74CFCEAE702230E930EA80E
:101F400002F076FE30BB3E4BD3F8E82042F08042F0
:101F5000C3F8E820D3F8E82002F080420792079AFD
:101F6000D3F8E02042F02002C3F8E020D3F8E030BC
:101F700003F020030893089BC0233D9302233E9364
:101F800000233F934093072341933DA9344804F035
:101F900041F905E7FEF71CFCD5E702230E930EA8D6
:101FA00002F046FE00283DD1254BD3F8E82042F050
:101FB0000042C3F8E820D3F8E82002F0004209927A
:101FC000099AD3F8E02042F01002C3F8E020D3F8D9
:101FD000E02002F010020A920A9AD3F8E02042F4BC
:101FE0000072C3F8E020D3F8E03003F400730B93E1
:101FF0000B9B01233D9302263E9600243F94409480
:10200000082541953DA9174804F004F94FF4807361
:102010003D933E963F94409441953DA9124804F06B
:10202000F9F8BDE6FEF7D4FBBEE700BF000C005890
:10203000004C004000780040007C0040004400401C
:10204000004402580004025800000258001C0258C4
:10205000A00700248800024018080024A0000240C5
:1020600000140258001002580024025802230E9354
:102070000EA802F0DDFD30BB144BD3F8E82042F48B
:102080000032C3F8E820D3F8E82002F400320C92C2
:102090000C9AD3F8E02042F00802C3F8E020D3F80D
:1020A000E03003F008030D930D9B60233D93022362
:1020B0003E9300233F934093072341933DA9044857
:1020C00004F0A8F86CE6FEF783FBD5E7004402585D
:1020D000000C025830B5B9B0044600213391349158
:1020E000359136913791BC2204A80AF07FF8226816
:1020F000274B9A4201D039B030BD0123049304A884
:1021000002F096FD00283FD1224BD3F8F02042F098
:102110001002C3F8F020D3F8F02002F01002019270
:10212000019AD3F8E02042F00102C3F8E020D3F88E
:10213000E02002F001020292029AD3F8E02042F07D
:102140000202C3F8E020D3F8E03003F00203039367
:10215000039B4FF480733393022534950024359408
:1021600036940723379333A90B4804F053F84FF400
:10217000404333933495359436940423379333A9ED
:10218000064804F047F8B6E7FEF722FBBCE700BFBD
:102190000010014000440258000002580004025898
:1021A00008B50A480A4B0360002343607F2282601F
:1021B000FF22C26003618361C361436108F018FFBD
:1021C00000B908BDFEF704FBFBE700BFC00B00240D
:1021D0000040005810B5B0B00446BC22002101A850
:1021E0000AF004F822680C4B9A4201D030B010BDBE
:1021F0004FF4800301934FF400732D9301A802F074
:1022000017FD28B9054A136F43F400431367EDE740
:10221000FEF7DEFAF6E700BF00400058004402581F
:1022200008B51348134B03604FF480034360002349
:1022300083600322C260036143614FF000528261F8
:102240004FF08042C261036243628362C3624263B1
:102250008363C363036443648364C3640365436546
:10226000836508F019FF00B908BDFEF7B1FAFBE776
:10227000E40B00240030014008B51348134B036001
:102280004FF480034360002383600322C260036134
:1022900043614FF0005282614FF08042C26103629D
:1022A00043628362C36242638363C36303644364C0
:1022B0008364C36403654365836508F0EDFE00B97C
:1022C00008BDFEF785FAFBE76C0C002400380040DF
:1022D00008B51348134B03604FF480034360002399
:1022E00083600322C260036143614FF080628261B8
:1022F000C361036243628362C3624FF08042426300
:102300008363C363036443648364C3640365436595
:10231000836508F0C1FE00B908BDFEF759FAFBE776
:10232000F40C00240050014008B51348134B03601F
:102330004FF480034360002383600322C260036183
:1023400043614FF080628261C361036243628362D2
:10235000C3624FF0804242638363C3630364436498
:102360008364C36403654365836508F095FE00B923
:1023700008BDFEF72DFAFBE77C0D00240014005881
:1023800070B5C0B0044600213B913C913D913E9117
:102390003F91BC220CA809F029FF23688D4A934283
:1023A0000BD08D4A934251D08C4A93427FD08C4AB5
:1023B000934200F0DC8040B070BD4FF480530C932A
:1023C0000CA802F035FC00283DD1864BD3F8F02054
:1023D00042F48052C3F8F020D3F8F02002F4805287
:1023E0000192019AD3F8E02042F04002C3F8E020C5
:1023F000D3F8E02002F040020292029AD3F8E020E3
:1024000042F00802C3F8E020D3F8E03003F00803FC
:102410000393039B4FF460633B9302263C96002496
:102420003D943E9405253F953BA96F4803F0F2FE8D
:1024300080233B933C963D943E943F953BA96B484B
:1024400003F0E8FEB7E7FEF7C3F9BEE74FF48053A9
:102450000C930CA802F0ECFB30BB624BD3F8E820E5
:1024600042F48042C3F8E820D3F8E82002F4804226
:102470000492049AD3F8E02042F48072C3F8E0207A
:10248000D3F8E03003F480730593059B0F233B934F
:1024900002233C9300233D933E9305233F933BA9A6
:1024A000534803F0B7FE86E7FEF792F9D5E74FF4FD
:1024B00000530C930CA802F0BBFB002854D1494BED
:1024C000D3F8F02042F48012C3F8F020D3F8F020C3
:1024D00002F480120692069AD3F8E02042F4806259
:1024E000C3F8E020D3F8E02002F480620792079A54
:1024F000D3F8E02042F02002C3F8E020D3F8E02037
:1025000002F020020892089AD3F8E02042F4007208
:10251000C3F8E020D3F8E03003F400730993099B7B
:1025200001233B9302263C9600243D943E940525CE
:102530003F953BA92F4803F06DFE4FF480733B930A
:102540003C963D943E943F953BA92B4803F062FE98
:102550004FF480633B933C963D943E943F953BA95A
:10256000264803F057FE26E7FEF732F9A7E74FF4B7
:1025700080430C930CA802F05BFB38BB194BD3F8DB
:10258000F42042F02002C3F8F420D3F8F42002F043
:1025900020020A920A9AD3F8E02042F04002C3F8DF
:1025A000E020D3F8E03003F040030B930B9B4FF493
:1025B000E0433B9302233C9300233D933E9305234A
:1025C0003F933BA9084803F025FEF4E6FEF700F927
:1025D000D4E700BF00300140003800400050014007
:1025E000001400580044025800180258000C025809
:1025F00000200258002802580014025800240258F3
:1026000000B589B0002304930593069307930193C3
:10261000029303931648174A026040F25722426021
:1026200083600922C26003614361836109F0FEF89F
:10263000A0B94FF48053049304A90D4809F070FB2E
:1026400078B92023019300230293039301A908483A
:1026500009F060FC40B909B05DF804FBFEF7B8F87A
:10266000E7E7FEF7B5F8ECE7FEF7B2F8F3E700BFEF
:10267000040E00240000014000B591B02422002186
:1026800007A809F0B3FD0023049305930693009374
:102690000193029303932048204A026043608360C1
:1026A0004FF6FF72C2600361836109F01FF930BB0E
:1026B000012207920023089309920A930B930C932B
:1026C0000D920E930F9307A9134809F03FF9C8B96B
:1026D00000230493069304A90F4809F01BFCA0B93A
:1026E000002300930122019202930393082269467A
:1026F000094809F0ADFA58B911B05DF804FBFEF7CE
:1027000067F8D5E7FEF764F8E2E7FEF761F8E7E778
:10271000FEF75EF8F0E700BFB010002400080040AC
:1027200000B58DB02422002103A809F05FFD00232D
:102730000093019302931148114A02604360836041
:102740004FF0FF32C260036183610123039305935D
:10275000099303A909F0FAF850B9002300930293F2
:102760006946064809F0D6FB28B90DB05DF804FBB0
:10277000FEF72EF8F1E7FEF72BF8F6E7FC10002441
:10278000000C004000B585B0002301930293039331
:102790000E480F4A0260436083604FF6FF72C260CA
:1027A000836109F043F850B900230193039301A911
:1027B000064809F0AFFB28B905B05DF804FBFEF749
:1027C00007F8F1E7FEF704F8F6E700BF4811002428
:1027D0000010004000B585B00023019302930393DD
:1027E0000E480F4A0260436083604FF6FF72C2607A
:1027F000836109F01BF850B900230193039301A9E9
:10280000064809F087FB28B905B05DF804FBFDF721
:10281000DFFFF1E7FDF7DCFFF6E700BF94110024CE
:102820000014004000B58DB02422002103A809F057
:10283000DDFC00230093019302931248124A0260C8
:10284000436083604FF6FF72C2600361436183613E
:10285000012303930593099303A909F077F858B965
:1028600000230093019302936946064809F052FB46
:1028700028B90DB05DF804FBFDF7AAFFF0E7FDF7FE
:10288000A7FFF6E7E01100240004014000B58BB07B
:1028900000230593069307930893099301930293EA
:1028A000039304931E481F4A0260436083604FF6FF
:1028B000FF72C2600361836109F018F820BB042332
:1028C000059350230693002307930893099305A9C2
:1028D000134809F0F5FAD0B90022019201230293BE
:1028E0000392049201A90E4809F0B2F990B90223AB
:1028F0000193029304220DEB0201094809F0A8F9A3
:1029000058B90BB05DF804FBFDF762FFD7E7FDF7A0
:102910005FFFE1E7FDF75CFFE9E7FDF759FFF0E74F
:10292000500E00240018004008B50948094B036008
:102930000023436083604FF6FF72C26003618361CE
:1029400008F074FF00B908BDFDF742FFFBE700BFC8
:102950009C0E0024001C004000B589B000230593A4
:102960000693079301930293039304931748184A1D
:102970000260436083604FF6FF72C260036143618F
:10298000836108F0B3FFB8B900230593079305A945
:102990000E4809F0BFFA90B9002301930122029278
:1029A0000393049304220DEB0201084809F050F947
:1029B00040B909B05DF804FBFDF70AFFE4E7FDF755
:1029C00007FFE9E7FDF704FFF3E700BF340F00243A
:1029D0000040014008B50948094B036000234360EB
:1029E00083604FF6FF72C26003614361836108F048
:1029F0001DFF00B908BDFDF7EBFEFBE7800F0024CB
:102A00000044014008B50948094B036000234360B6
:102A100083604FF6FF72C26003614361836108F017
:102A200005FF00B908BDFDF7D3FEFBE7CC0F00247E
:102A30000048014000B589B00368404A93421FD066
:102A40003F4A934232D03F4A93423FD03E4A93425C
:102A50004AD03E4A934255D03D4A934260D03D4AC7
:102A6000934230D13C4BD3F8F02042F48022C3F89B
:102A7000F020D3F8F03003F480230793079B22E083
:102A8000354BD3F8F02042F00102C3F8F020D3F820
:102A9000F03003F001030193019B0022114619203D
:102AA00004F07CFE192004F0AFFE0CE02A4BD3F8B2
:102AB000E82042F01002C3F8E820D3F8E83003F031
:102AC00010030293029B09B05DF804FB224BD3F87C
:102AD000E82042F02002C3F8E820D3F8E83003F001
:102AE00020030393039BEEE71B4BD3F8E82042F04F
:102AF0008002C3F8E820D3F8E83003F080030493A1
:102B0000049BE0E7144BD3F8E82042F48072C3F84A
:102B1000E820D3F8E83003F480730593059BD2E7EF
:102B20000D4BD3F8F02042F40032C3F8F020D3F874
:102B3000F03003F400330693069BC4E70000014025
:102B40000010004000140040001C00400020004025
:102B500000440140004801400044025830B591B0A3
:102B600000230B930C930D930E930F930368B3F113
:102B7000804F0BD0644A934243D0644A93427CD046
:102B8000634A934200F09C8011B030BD614BD3F892
:102B9000E82042F00102C3F8E820D3F8E82002F070
:102BA00001020192019AD3F8E02042F00102C3F839
:102BB000E020D3F8E02002F001020292029AD3F85A
:102BC000E02042F00202C3F8E020D3F8E03003F046
:102BD00002030393039B01240B9402250C950F948D
:102BE0000BA94D4803F016FB4FF480630B930C9533
:102BF00000230D930E930F940BA9484803F00AFB92
:102C0000C2E7444BD3F8E82042F00402C3F8E820BE
:102C1000D3F8E82002F004020492049AD3F8E020EA
:102C200042F00202C3F8E020D3F8E02002F00202F2
:102C30000592059AD3F8E02042F00802C3F8E0209C
:102C4000D3F8E03003F008030693069B4FF480733B
:102C50000B9302240C940F940BA9304803F0DAFA7A
:102C60004FF440530B930C9400230D930E930F9449
:102C70000BA92B4803F0CEFA86E7264BD3F8E820C1
:102C800042F04002C3F8E820D3F8E82002F0400206
:102C90000792079AD3F8E02042F08002C3F8E020C0
:102CA000D3F8E03003F080030893089B40230B9394
:102CB00002230C930F930BA91A4803F0ABFA63E7B6
:102CC000144BD3F8F02042F48032C3F8F020D3F84C
:102CD000F02002F480320992099AD3F8E02042F001
:102CE0001002C3F8E020D3F8E03003F010030A9399
:102CF0000A9B40230B9302230C9304230F930BA9ED
:102D0000094803F087FA3FE7000800400018004038
:102D100000400140004402580000025800040258DC
:102D2000000C0258001C02580010025802680A4B9E
:102D30009A4200D0704782B0084BD3F8E82042F0A6
:102D40000202C3F8E820D3F8E83003F0020301934D
:102D5000019B02B0704700BF0004004000440258CD
:102D600000B58BB00023059306930793089309934E
:102D70000368284A934205D0274A934226D00BB0D5
:102D80005DF804FB254BD3F8E82042F00802C3F8B5
:102D9000E820D3F8E82002F008020192019AD3F863
:102DA000E02042F08002C3F8E020D3F8E03003F0E6
:102DB00080030293029B4FF4406305930223069322
:102DC000099305A9164803F025FAD8E7134BD3F861
:102DD000F02042F00202C3F8F020D3F8F02002F015
:102DE00002020392039AD3F8E02042F48072C3F8FF
:102DF000E020D3F8E03003F480730493049B602355
:102E00000593022306930323099305A9054803F0BC
:102E100001FAB4E7000C00400004014000440258ED
:102E2000001C02580020025800B589B0002303930B
:102E300004930593069307930368B3F1804F08D07A
:102E4000284A93421DD0284A934231D009B05DF8F8
:102E500004FB264BD3F8E02042F00102C3F8E02047
:102E6000D3F8E03003F001030093009B08230393A1
:102E7000022304930123079303A91D4803F0CAF911
:102E8000E4E71A4BD3F8E02042F00102C3F8E02057
:102E9000D3F8E03003F001030193019B4023039337
:102EA00002230493079303A9114803F0B3F9CDE774
:102EB0000E4BD3F8E02042F02002C3F8E020D3F814
:102EC000E03003F020030293029B4FF4007303935E
:102ED000022304930923079303A9064803F09AF9F0
:102EE000B4E700BF00040040002000400044025846
:102EF000000002580014025800B58FB000230B9355
:102F00000C930D930793089309930A9300930193ED
:102F10000293039304930593069328484FF080424D
:102F20000260436083604FF0FF32C26003618361DF
:102F300008F0DCFC00282FD1204808F0A7FC00286E
:102F40002DD100230B930D930BA91C4808F0E2FF31
:102F500040BB002207920123089309920A9207A915
:102F6000164808F075FE00BB082207A9134808F0B0
:102F70006FFEE8B96023009300230193029304934A
:102F80000C2269460D4808F085FDA0B90B48FFF7F3
:102F90004BFF0FB05DF804FBFDF71AFCCCE7FDF723
:102FA00017FCCEE7FDF714FCD3E7FDF711FCDBE7D8
:102FB000FDF70EFCDEE7FDF70BFCE7E71810002439
:102FC00000B58BB0002307930893099300930193F6
:102FD000029303930493059306931748174A0260DC
:102FE000436083604FF6FF72C2600361836108F043
:102FF0004DFCC0B900230793099307A90E4808F0B8
:1030000089FF98B9602300930022019202920492F2
:103010006946094808F03EFD58B90748FFF704FF24
:103020000BB05DF804FBFDF7D3FBE3E7FDF7D0FB46
:10303000E8E7FDF7CDFBF0E7641000240004004052
:1030400000B589B000230193029303930493059381
:10305000069307931548164A0260436083604FF653
:10306000FF72C2600361836108F0E0FBA0B90F4802
:1030700008F00CFC98B9602301930022029203929D
:10308000059201A9094808F005FD58B90748FFF75E
:10309000CBFE09B05DF804FBFDF79AFBE7E7FDF70F
:1030A00097FBE8E7FDF794FBF0E700BFE80E00248C
:1030B000002000407047FEE7FEE7FEE7FEE7FEE780
:1030C00070477047704708B504F016FC08BD000053
:1030D00008B5024803F086FF08BD00BFCC050024F8
:1030E00008B5024803F07EFF08BD00BF4406002477
:1030F00008B5024803F076FF08BD00BFC8030024EE
:1031000008B5024803F06EFF08BD00BF400400246C
:1031100008B5024803F066FF08BD00BF3C03002469
:1031200008B5024803F05EFF08BD00BFA0070024F9
:1031300008B5024803F056FF08BD00BF1808002478
:1031400008B5034800F03EF8024800F03BF808BD1F
:10315000100200247402002408B5024808F017FA8F
:1031600008BD00BF040E002408B5024804F0F8FEB4
:1031700008BD00BFBC06002408B5024805F05FFD8D
:1031800008BD00BFBC06002408B5024806F072FC6A
:1031900008BD00BFB009002482B0074BD3F8F4206B
:1031A00042F00202C3F8F420D3F8F43003F0020333
:1031B0000193019B02B0704700440258704770476A
:1031C00070470000F8B5044603681D685E689649BC
:1031D000964A934218BF8B4240D1954B9F6807F0A7
:1031E0001F0715F0020F10D016F0020F0DD0636DFF
:1031F00013F0100F03D1636D43F400636365204641
:1032000000F0A8FD236802221A6015F0040F02D016
:1032100016F0040F05D115F0080F4FD016F0080F67
:103220004CD0636D13F0100F03D1636D43F4007342
:1032300063652368DA6812F4406F39D17B4A9342A0
:103240000ED01A4693420ED0052F14BF0021012143
:103250004FB141B9092F06D0D26805E0754BBDE7E3
:10326000A2F58072EEE7DA6812F4005F20D11A68E6
:1032700012F0080F1CD09A6812F0040F10D15A688F
:1032800022F00C025A60636D23F480736365636DF2
:1032900013F4805F0CD1636D43F00103636507E0B5
:1032A000636D43F010036365A36D43F00103A365F1
:1032B0002046FFF783FF23680C221A6015F0200FC9
:1032C00002D016F0200F05D115F0400F63D016F094
:1032D000400F60D0636D13F0100F03D1636D43F4A2
:1032E000005363652368DA6C12F4C07F19D10121A1
:1032F000DA6812F4406F16D101204C4A934214D080
:103300001A46934214D0062F14BF4FF0000C4FF012
:10331000010C6FB1BCF1000F0AD1072F08D0D268A1
:1033200007E00021E4E70020E7E7A2F58072E8E784
:10333000DA6831B912F0007F27D130B312F4005FA0
:1033400023D1196811F0400F1FD012F4001F1CD1B7
:103350009A6812F0080F10D15A6822F060025A6081
:10336000636D23F480536365636D13F4807F0CD128
:10337000636D43F00103636507E0636D43F0100381
:103380006365A36D43F00103A365204600F0DEFCF6
:10339000236860221A6015F0800F02D016F0800FAB
:1033A00036D115F4807F02D016F4807F44D115F415
:1033B000007F02D016F4007F4AD115F0100F20D004
:1033C00016F0100F1DD0236B6BB1002F4ED0236869
:1033D0001549164A934218BF8B4245D1144B9B683E
:1033E00013F4404F0AD0636D43F480636365A36DAB
:1033F00043F00203A3652046FFF7E2FE2368102294
:103400001A6015F4806F02D016F4806F34D1F8BDC5
:10341000636D43F4803363652046FFF7D0FE236875
:1034200080221A60BDE700BF002002400021024058
:103430000023024000630258636D43F40033636568
:10344000204600F085FC23684FF480721A60AEE7D6
:10345000636D43F480236365204600F07AFC2368A3
:103460004FF400721A60A8E70B4BB8E72368DB68DB
:1034700013F0030FC2D0B6E7636D43F48043636576
:10348000A36D43F00803A36523684FF480621A60BC
:10349000204600F05CFCBAE700630258F0B583B048
:1034A0000022019290F85020012A00F05582034634
:1034B000012280F850200068826812F0040F09D0C1
:1034C0005A6D42F020025A650120002283F85020F4
:1034D00003B0F0BD0A68C2F31304002C4ED1C2F34E
:1034E000846201249440C2692243C2611D684C6811
:1034F0003035220A920002F00C02A85804F01F0E88
:103500001F2404FA0EF420EA04000C68C4F3846C4F
:103510000CFA0EFC40EA0C00A8501C68A26812F0DD
:10352000040200D00122A06810F0080000D00120A1
:1035300002432FD01868826812F0010F40F0088211
:103540000A68CD68D0F8C040C2F3130624EA060426
:1035500005F0180CB24D25FA0CF52A40C2F31302FF
:103560002243C0F8C020C868AE4A904200F0B08044
:103570000A68002AC0F26B810020A6E792FAA2F244
:1035800032B1B2FA82F202F01F0201249440AAE79B
:103590002022F8E70F688D681434780E800000F060
:1035A00004002658C7F3045E4FF0070C0CFA0EFC1B
:1035B00026EA0C0C05FA0EF54CEA050525509A484A
:1035C000006800F07040B0F1805F0BD01C68E068CC
:1035D00010F0100F39D14869E468C4F38204640024
:1035E000A04006E048691C68E468C4F382046400F3
:1035F000A0400D69042D36D01F680E68603757F85B
:10360000254004F0004406F0F8463043204347F8D4
:10361000250018680E694C7E012C1ED015466030BE
:1036200050F8264024F000442C4340F826401D6802
:103630000C69087E012813D0286920F4F04004F0BA
:103640001F04A24002432A6174E74869E468A408A1
:1036500004F004046400A040CBE74FF00045DEE72F
:103660004FF40062E8E71868026E02F0F8420C6856
:10367000B2EB846F1DD01868426E02F0F8420C68FD
:10368000B2EB846F1AD01868826E02F0F8420C68B0
:10369000B2EB846F17D01868C26E02F0F8420C6863
:1036A000B2EB846F7FF446AFC26E22F00042C26676
:1036B00040E7026E22F000420266DCE7426E22F032
:1036C00000424266DFE7826E22F000428266E2E755
:1036D0001C680A68C2F31305002D34D1900E013026
:1036E00000F01F0009288CBF00200120002861D0B5
:1036F000002D37D1900E0130800600F0F840002DEB
:103700003CD1960E013606F01F070126BE4030431D
:10371000002D41D1920E013202F01F0202EB420253
:103720001205024388681434550EAD0005F00405F7
:103730006659C2F304520727974026EA07069040CD
:103740003043605114E792FAA2F048B1B0FA80F029
:10375000013000F01F0009288CBF00200120C5E7C0
:103760002020F5E792FAA2F030B1B0FA80F00130F3
:10377000800600F0F840C2E72020F8E792FAA2F6AF
:1037800046B1B6FA86F6013606F01F06012707FA9B
:1037900006F6BCE72026F6E792FAA2F242B1B2FAA8
:1037A00082F2013202F01F0202EB42021205B8E778
:1037B0002022F6E7CDB9900E0130800600F0F840E7
:1037C000FDB9960E013606F01F070126BE403043B4
:1037D00065BB920E013202F01F0202EB42021E3A5A
:1037E000120542F0007202439CE792FAA2F030B157
:1037F000B0FA80F00130800600F0F840E0E72020C9
:10380000F8E792FAA2F646B1B6FA86F6013606F065
:103810001F06012707FA06F6D9E72026F6E700BFBC
:10382000FFFF0F000000FF470010005C92FAA2F2B9
:103830005AB1B2FA82F2013202F01F0202EB4202E6
:103840001E3A120542F00072CDE72022F3E7196814
:103850004248434CA14218BF81420CBF01200020C6
:1038600021D1404EB56805F0E077F0B13B48806863
:1038700010F0010000D00120394CA46814F00104BC
:1038800000D0012420430CBF01200020002859D083
:103890003548824212D03548824231D03448824283
:1038A0003FD0002011E6334EDCE73348806810F04B
:1038B000010000D0012080F00100E7E715F4000FBF
:1038C000E9D12D4A914201D00020FEE547F40002E3
:1038D000B16821F0E0710A43B260284A1268920987
:1038E0002749A1FB0212920901325200019202E023
:1038F000019A013A0192019A002AF9D10020E4E5E7
:1039000015F0807FCAD11C4A914201D00020DCE52D
:1039100047F08072B16821F0E0710A43B260002084
:10392000D3E515F4800F15D1134A914201D0002040
:10393000CBE547F48002B16821F0E0710A43B26040
:103940000020C2E55A6D42F020025A650120BCE514
:103950000020BAE50020B8E50220B9E500200240C9
:103960000021024000230240000084CB000052C727
:103970000000B8CF0063025800600258080000241D
:10398000632D3E0538B5044603684F494F4A9342BC
:1039900018BF8B4223D14E4B9B6813F4403F14BF9A
:1039A000012300234BB300F0F1FF05466368B3F534
:1039B000003F1CD0B3F5403F1DD0B3F5803F16D07B
:1039C00003F0C0FF41F20303984257D8414B9D4298
:1039D0004ED92268936843F48073936038BD3E4BA0
:1039E0009B6813F4403F14BF01230023DAE71B0C4C
:1039F000B5FBF3F5E4E78508E2E74FF4002002F0B9
:103A0000FFF805466368B3F5101F2DD022D8B3F533
:103A1000E01F27D004D9B3F5001FD1D14509CFE766
:103A2000B3F5801F0DD006D9B3F5A01F09D0B3F5AB
:103A3000C01F06D0C4E7B3F5002F02D0B3F5402F66
:103A400004D19B0C5B00B5FBF3F5B9E7B3F5802F10
:103A5000F7D0B5E7B3F5201F08D0B3F5301FAFD1CD
:103A6000050AADE70509ABE78509A9E7C509A7E799
:103A70002268936823F480739360AFE7174B9D42ED
:103A800005D82268936823F440739360A6E7144B2B
:103A90009D4207D82268936823F4407343F48073EF
:103AA00093609BE70F4B9D4207D82268936823F4ED
:103AB000407343F40073936090E72268936843F483
:103AC000407393608AE700BF00200240002102405B
:103AD00000230240002D31010063025821BCBE00CA
:103AE00041787D0181F0FA0230B583B00023019363
:103AF000002800F010810446436DEBB123689A68FA
:103B000012F0005F03D09968844A0A409A602368E3
:103B10009A6812F0805F1CD19968814A0A4042F08D
:103B200080529A607F4B1B689B097F4AA2FB03234C
:103B30009B090133019309E0FDF7DEF90023A3653A
:103B400084F85030DAE7019B013B0193019B002B85
:103B5000F9D12268936813F0805F40F09C80636D18
:103B600043F010036365A36D43F00103A3650125D2
:103B7000936813F0040300D00123616D11F0100F5E
:103B800040F0C180002B40F0BE80636D23F4817350
:103B900043F002036365936813F0010F21D1634979
:103BA000634B9A4218BF8A420CBF0122002274D193
:103BB0008B6813F0010300D001235D49896811F07F
:103BC000010100D001210B430CBF0123002343B1AD
:103BD000002A6BD0574963688A6822F47C12134329
:103BE0008B6003F0AFFE41F20303984202D9A36851
:103BF000102B5DD0627D236B43EA4233A2681343EE
:103C0000227F43EA0243227F012A5CD0626A22B10A
:103C100002F47872A16A0A4313432168C868464ACD
:103C200002401343CB6021688B6813F0040300D07B
:103C300001238A6812F0080200D0012213431BD12D
:103C4000227DE36A43EA8232C8683C4B0340134357
:103C5000CB6094F83830012B3AD02268136923F0F6
:103C6000010313612268136923F07043616B0B43F6
:103C700013612046FFF786FEE368012B3AD02268E5
:103C8000136B23F00F031363636D23F0030343F0FF
:103C9000010363653CE000256AE7294B9B6813F04C
:103CA000010300D0012383F0010390E7254992E747
:103CB000617D226B42EA41321343227F43EA024391
:103CC00043F00C039FE7226A013A43EA42439DE72F
:103CD000206802691C4B1340E26B511E226C42EAC1
:103CE0000142616C0A43A16C0A43134343F0010390
:103CF0000361B7E721680B6B23F00F03A269013A58
:103D000013430B63C0E7636D43F010036365012544
:103D1000284603B030BD0125FAE700BFC0FFFF5FB2
:103D2000C0FFFF6F08000024632D3E050020024005
:103D3000002102400023024003C0F0FFFCBFFFFF50
:103D400000600258006302581EF800FC704770477C
:103D5000704770477047000090F85020012A00F02B
:103D6000A18030B49AB00346012280F8502000228E
:103D70001692179200684C4A904242D0002201925B
:103D8000019A002A41D0926812F0040200D0012268
:103D9000846814F0040F76D1002A74D1424C434A4F
:103DA000904218BFA04239D102F50072086800287D
:103DB0003FD0906820F440404C68204390601868E1
:103DC000394D3A4CA04218BFA84229D1A86810F03A
:103DD000010000D00120354CA46814F0010400D08B
:103DE000012420430CBF01200020002856D09468F5
:103DF0002F4820400C6889682143084390600020C8
:103E000046E002F580720192BAE75A6D42F0200254
:103E10005A65002283F8502001203CE0254AC5E77E
:103E20002548806810F0010000D0012080F00100DA
:103E3000DBE7916821F44041916019681A4C1B48F6
:103E4000814218BFA14215D1A16811F0010100D033
:103E500001211648806810F0010000D001200143C4
:103E60000CBF01210021D9B1906811490140916036
:103E700000200DE01049896811F0010100D00121F6
:103E800081F00101EFE75A6D42F020025A650120EE
:103E9000002283F850201AB030BC70470020F7E7AA
:103EA0000020F5E702207047002002400021024078
:103EB000E0F0FFFF0063025800600258002800F0A5
:103EC000028338B50446036813F0010F25D09C4ADD
:103ED000136903F03803926A102B15D0182B0FD0FA
:103EE0006368B3F5803F3FD0002B53D1944B1A68E1
:103EF00022F480321A601A6822F480221A6038E0B4
:103F000002F00302022AEBD18D4B1B6813F4003F31
:103F100003D06368002B00F0D882236813F0020FEF
:103F200000F08B80864A1369926A13F038035AD0E6
:103F3000182B55D0E368002B00F0C88080490A6830
:103F400022F0190213430B6003F0E2FC05467C4BA0
:103F50001B6813F0040F40F0978003F0D9FC401B5E
:103F60000228F4D90320B7E2754A136843F480337A
:103F7000136063682BB303F0CBFC0546704B1B68E2
:103F800013F4003FC9D103F0C3FC401B6428F5D9EA
:103F90000320A1E2B3F5A02F09D0694B1A6822F4DF
:103FA00080321A601A6822F480221A60E1E7644BBA
:103FB0001A6842F480221A601A6842F480321A6049
:103FC000D7E703F0A5FC05465D4B1B6813F4003FE3
:103FD000A3D003F09DFC401B6428F5D903207BE2AD
:103FE00012F0030FA6D1564B1B6813F0040F03D039
:103FF000E368002B00F06B8203F0A4FC41F20303A2
:10400000984212D82269402A07D04D494B6823F4C0
:104010007C3343EA02334B600FE0494A536823F490
:104020007C3343F40033536007E0454A536823F080
:10403000FE43216943EA01635360236813F0100FC4
:1040400000F088803E4A136903F03803926A082B17
:1040500054D0182B4ED0E369002B00F0B880384ABA
:10406000136843F08003136003F052FC0546344BA1
:104070001B6813F4807F40F0888003F049FC401BEC
:104080000228F4D9032027E203F05CFC41F2030389
:10409000984212D82269402A07D029494B6823F454
:1040A0007C3343EA02334B60C7E7254A536823F465
:1040B0007C3343F400335360BFE7214A536823F055
:1040C000FE43216943EA01635360B6E71C4A136863
:1040D00023F00103136003F01BFC0546184B1B681B
:1040E00013F0040FA9D003F013FC401B0228F5D9EC
:1040F0000320F1E102F00302012AACD1104B1B684E
:1041000013F4807F03D0E369802B40F0E28103F059
:1041100019FC41F20303984214D8226A202A07D0DE
:1041200007494B6823F0F84343EA82634B6011E090
:10413000034A536823F0F84343F08043536009E097
:10414000004402589A4AD36823F07C53216A43EA18
:104150000163D360236813F0080F60D06369002BFC
:1041600049D0934A536F43F00103536703F0D0FBE8
:1041700005468F4B5B6F13F0020F50D103F0C8FB65
:10418000401B0228F5D90320A6E103F0DBFB41F236
:104190000303984212D8226A202A07D084494B6828
:1041A00023F0F84343EA82634B60D3E7804A5368C5
:1041B00023F0F84343F080435360CBE77C4AD36855
:1041C00023F07C53216A43EA0163D360C2E7784A53
:1041D000136823F08003136003F09AFB0546744BC9
:1041E0001B6813F4807FB5D003F092FB401B0228BC
:1041F000F5D9032070E16E4A536F23F00103536732
:1042000003F086FB05466A4B5B6F13F0020F06D086
:1042100003F07EFB401B0228F5D903205CE12368F4
:1042200013F0200F29D0A3699BB1614A136843F4AE
:104230008053136003F06CFB05465D4B1B6813F461
:10424000005F1AD103F064FB401B0228F5D903205C
:1042500042E1574A136823F48053136003F058FB7C
:104260000546534B1B6813F4005F06D003F050FB68
:10427000401B0228F5D903202EE1236813F0040F18
:1042800021D1636A002B00F02681494A126902F0AD
:104290003802182A00F0EE80022B75D0444A1368C9
:1042A00023F08073136003F033FB0446404B1B681C
:1042B00013F0007F00F0DC8003F02AFB001B0228D3
:1042C000F4D9032008E13B4A136843F48073136078
:1042D00003F01EFB0546374B1B6813F4807F06D1A5
:1042E00003F016FB401B6428F5D90320F4E0A36813
:1042F000012B0AD00BBB2E4B1A6F22F001021A675A
:104300001A6F22F004021A6704E0294A136F43F07F
:1043100001031367A36833B303F0FAFA0546244B8D
:104320001B6F13F0020FACD103F0F2FA401B41F205
:1043300088339842F3D90320CEE0052B09D01C4BDB
:104340001A6F22F001021A671A6F22F004021A672C
:10435000E0E7174B1A6F42F004021A671A6F42F037
:1043600001021A67D6E703F0D3FA0546104B1B6F1C
:1043700013F0020F85D003F0CBFA401B41F28833D3
:104380009842F3D90320A7E0094A136823F0807309
:10439000136003F0BDFA0546054B1B6813F0007F60
:1043A0000AD003F0B5FA401B0228F5D9032093E0A8
:1043B00000440258004802584F4B996A4F4A0A403D
:1043C000A16AE06A41EA00110A439A62226B013A4B
:1043D000C2F30802616B0139490289B20A43A16B39
:1043E0000139090401F4FE010A43E16B01390906B0
:1043F00001F0FE410A431A63DA6A22F00102DA622E
:10440000596B3F4A0A40A16C42EAC1025A63DA6A18
:1044100022F00C02216C0A43DA62DA6A22F002020C
:10442000616C0A43DA62DA6A42F48032DA62DA6A8A
:1044300042F40032DA62DA6A42F48022DA62DA6A3C
:1044400042F00102DA621A6842F080721A6003F0E8
:104450005FFA0446284B1B6813F0007F06D103F077
:1044600057FA001B0228F5D9032035E0002033E07D
:10447000002031E0204A916A106B012B2DD001F011
:104480000303A26A93422AD1C1F30511E36A994258
:1044900027D1C0F30802236B013B9A4223D1C0F31A
:1044A0004622636B013B9A421FD1C0F30642A36BC5
:1044B000013B9A421BD1C0F30660E36B013B98427B
:1044C00017D1002008E001207047012004E00120FE
:1044D00002E0012000E0002038BD0120FCE70120BF
:1044E000FAE70120F8E70120F6E70120F4E70120D0
:1044F000F2E70120F0E700BF004402580CFCFFFF88
:104500000700FFFF744B1B6903F03803102B00F00A
:10451000DE80182B10D00BB1704870476E4B1B68B3
:1045200013F0200F00F0D5806B4B1868C0F3C1006A
:104530006B4B23FA00F0704710B4674A916A01F0A0
:104540000301946AC4F30510D36A03F0010C536BA2
:10455000C3F3CC030CFB03F307EE903AF8EE677A53
:1045600014F47C7F00F09380012965D0022900F0CB
:104570009180E1B107EE100AF8EE476A9FED596AA3
:1045800086EE267A544B1B6BC3F3080306EE903A73
:10459000F8EE666A9FED546A67EE867A76EEA77A41
:1045A000F7EE006A77EEA67A27EE277A60E01368C6
:1045B00013F0200F23D011461268C2F3C102484BFA
:1045C000D34007EE103AF8EE476A07EE100AB8EE4D
:1045D000476A86EE867A0B6BC3F3080306EE903AC1
:1045E000F8EE666A9FED406A67EE867A76EEA77A05
:1045F000F7EE006A77EEA67A27EE277A38E007EE24
:10460000100AF8EE476A9FED396A86EE267A324B39
:104610001B6BC3F3080306EE903AF8EE666A9FED53
:10462000326A67EE867A76EEA77AF7EE006A77EE60
:10463000A67A27EE277A1BE007EE100AF8EE476A03
:104640009FED286A86EE267A234B1B6BC3F3080383
:1046500006EE903AF8EE666A9FED236A67EE867A78
:1046600076EEA77AF7EE006A77EEA67A27EE277A3B
:10467000194B1B6BC3F34623013307EE903AF8EE58
:10468000677AC7EE276AFCEEE67A17EE900A5DF8C5
:10469000044B704707EE100AF8EE476A9FED146A64
:1046A00086EE267A0C4B1B6BC3F3080306EE903A9A
:1046B000F8EE666A9FED0C6A67EE867A76EEA77A68
:1046C000F7EE006A77EEA67A27EE277AD0E7094858
:1046D00070470348704700BF0044025800093D007E
:1046E0000090D0030024744A000000390024744C68
:1046F0000024744B0024F400002800F0328170B5CF
:104700000D4604469B4B1B6803F00F038B420BD2F4
:10471000984A136823F00F030B431360136803F0E8
:104720000F038B4240F01F81236813F0040F0CD05D
:104730002269914B9B6903F070039A4205D98E4917
:104740008B6923F070031A438A61236813F0080F02
:104750000CD06269884BDB6903F070039A4205D97B
:104760008549CB6923F070031A43CA61236813F0AB
:10477000100F0CD0A269804BDB6903F4E0639A420E
:1047800005D97D49CB6923F4E0631A43CA612368E4
:1047900013F0200F0CD0E269774B1B6A03F0700313
:1047A0009A4205D974490B6A23F070031A430A62CE
:1047B000236813F0020F0CD0E2686F4B9B6903F083
:1047C0000F039A4205D96C498B6923F00F031A43F2
:1047D0008A61236813F0010F41D0674A936923F47B
:1047E0007063A1680B4393616368022B0AD0032BAB
:1047F00027D0012B2CD0604A126812F0040F06D18A
:104800000120ADE0126812F4003F00F0AE805A497A
:104810000A6922F0070213430B6103F079F8064698
:10482000554B1B6903F038036268B3EBC20F16D017
:1048300003F06EF8801B41F288339842F0D90320D0
:104840008EE04D4A126812F0007FE0D1012087E02F
:10485000494A126812F4807FD9D1012080E0236890
:1048600013F0020F0CD0E268434B9B6903F00F0377
:104870009A4205D240498B6923F00F031A438A619B
:104880003C4B1B6803F00F03AB420AD9394A13684B
:1048900023F00F032B431360136803F00F03AB42A5
:1048A00065D1236813F0040F0CD02269324B9B6949
:1048B00003F070039A4205D22F498B6923F07003ED
:1048C0001A438A61236813F0080F0CD062692A4BDF
:1048D000DB6903F070039A4205D22749CB6923F0C4
:1048E00070031A43CA61236813F0100F0CD0A26939
:1048F000214BDB6903F4E0639A4205D21E49CB6980
:1049000023F4E0631A43CA61236813F0200F0CD02C
:10491000E269194B1B6A03F070039A4205D21649EB
:104920000B6A23F070031A430A62FFF7EBFD12498A
:104930008B69C3F30323114AD35C03F01F03D840F0
:104940008B6903F00F03D35C03F01F0320FA03F31A
:104950000B4A13600B4B18600B4B186802F076FF84
:1049600070BD012070470120FAE70120F8E701201F
:10497000F6E700BF002000520044025848EF00084C
:104980000C000024080000240400002408B5FFF7F0
:10499000B9FD0B4A9369C3F303230A49CB5C03F0C7
:1049A0001F0320FA03F3926902F00F02885C00F003
:1049B0001F0023FA00F0044A1060044A136008BD87
:1049C0000044025848EF00080C00002408000024AE
:1049D00008B5FFF7DBFF054BDB69C3F30213044A9D
:1049E000D35C03F01F03D84008BD00BF0044025849
:1049F00048EF000808B5FFF7C9FF054BDB69C3F3B3
:104A00000223044AD35C03F01F03D84008BD00BF53
:104A10000044025848EF0008404B9B6A03F0030330
:104A2000032B79D070B505460E463C4A136823F037
:104A30008063136002F06CFF0446384B1B6813F070
:104A4000006F06D002F064FF031B022BF5D9032090
:104A500070BD324B9A6A22F47C32296842EA0132F4
:104A60009A626A68013AC2F30802A96801394902E8
:104A700089B20A43E9680139090401F4FE010A43D5
:104A800029690139090601F0FE410A439A63DA6A8D
:104A900022F0C00269690A43DA62DA6A22F020026F
:104AA000A9690A43DA62DA6A22F01002DA62D96B83
:104AB0001B4A0A40E96942EAC102DA63DA6A42F053
:104AC0001002DA62C6B91A46DB6A43F40023D362E5
:104AD000124A136843F08063136002F019FF044622
:104AE0000E4B1B6813F0006F14D102F011FF001B76
:104AF0000228F5D90320ABE7012E05D0074AD36A77
:104B000043F40013D362E3E7044AD36A43F4801307
:104B1000D362DDE700209BE7012070470044025884
:104B20000700FFFF404B9B6A03F00303032B79D080
:104B300070B505460E463C4A136823F08053136057
:104B400002F0E6FE0446384B1B6813F0005F06D007
:104B500002F0DEFE031B022BF5D9032070BD324BA1
:104B60009A6A22F07C72296842EA01529A626A6863
:104B7000013AC2F30802A9680139490289B20A431D
:104B8000E9680139090401F4FE010A432969013980
:104B9000090601F0FE410A431A64DA6A22F440620F
:104BA00069690A43DA62DA6A22F40072A9690A437F
:104BB000DA62DA6A22F48072DA62596C1B4A0A40BD
:104BC000E96942EAC1025A64DA6A42F48072DA623E
:104BD000C6B91A46DB6A43F48003D362124A1368EB
:104BE00043F08053136002F093FE04460E4B1B68A3
:104BF00013F0005F14D102F08BFE001B0228F5D9E0
:104C00000320ABE7012E05D0074AD36A43F0807337
:104C1000D362E3E7044AD36A43F40003D362DDE7D7
:104C200000209BE701207047004402580700FFFF67
:104C3000F8B50446036813F0006F30D0436EB3F547
:104C4000001F26D00ED8EBB1B3F5801F07D102218B
:104C50000430FFF7E1FE054645B12E4621E001266E
:104C600035461EE0B3F5401F09D10025954A136D66
:104C700023F44013616E0B431365002611E00126F7
:104C800035460EE08F4AD36A43F40033D3620025E1
:104C9000ECE702212430FFF745FF0546DCE700265C
:104CA0003546236813F4807F14D0636D042B30D80D
:104CB000DFE803F0032228080800824AD36A43F49D
:104CC0000033D36245BB7F4A136D23F00703616D48
:104CD0000B431365236813F4007F2FD0A36D802B43
:104CE00049D01ED8002B40D0402B17D10021201DC9
:104CF000FFF792FE054619E00021201DFFF78CFE0C
:104D00000546DFE7002104F12400FFF70BFF05460D
:104D1000D8E701263546DDE72E46DBE70126354696
:104D20000CE0C02B02D0B3F5807F1BD155BB654A88
:104D3000136D23F4E073A16D0B431365236813F423
:104D4000806F45D0D4F8A430B3F5800F38D01ED88A
:104D500083B3B3F5001F17D10021201DFFF75CFEC0
:104D600005461AE001263546E8E7564AD36A43F479
:104D70000033D362DAE7002104F12400FFF7D2FE0A
:104D80000546D3E72E46D9E70126354620E0B3F5A0
:104D9000C00F02D0B3F5000F09D1C5B9494A936DD0
:104DA00023F46003D4F8A4100B43936510E00126AC
:104DB00035460DE0434AD36A43F40033D362ECE74F
:104DC000002104F12400FFF7ADFE0546E5E72E467D
:104DD000236813F4006F23D0D4F8A830B3F1007F18
:104DE00041D00DD8002B38D0B3F1807F05D1002100
:104DF000201DFFF711FE054608E0012635460FE0AD
:104E0000B3F1407F02D0B3F1806F23D1002D31D1B7
:104E10002C4A936D23F0E063D4F8A8100B439365FC
:104E2000236813F0007F2ED0A36C202B3FD026D810
:104E300033B1102B20D1234AD36A43F40033D36219
:104E4000002D3AD11F4AD36C23F03003A16C0B43E1
:104E5000D36418E001263546E2E71A4AD36A43F4E0
:104E60000033D362D2E7002104F12400FFF75AFE99
:104E70000546CBE72E46D3E70126354603E0302B27
:104E8000DED001263546236813F4805F2BD0E36D16
:104E9000B3F5005F4CD017D8002B43D0B3F5805F3B
:104EA0000DD10021201DFFF7B7FD054612E00221BC
:104EB000201DFFF7B1FD0546C2E72E46E3E70126B8
:104EC000354610E000440258B3F5405F02D0B3F518
:104ED000804F24D1002D32D1754A136D23F4E04365
:104EE000E16D0B431365236813F4005F37D0236E25
:104EF000B3F5003F51D027D83BB1B3F5803F20D167
:104F00000121201DFFF788FD0546002D4CD1684A80
:104F1000136D23F4E023216E0B4313651FE001267C
:104F20003546E0E7624AD36A43F40033D362D1E7FF
:104F3000002104F12400FFF7F5FD0546CAE72E46DF
:104F4000D1E7012635460AE0B3F5802FDDD0B3F571
:104F5000A02FDAD0B3F5403FD7D0012635462368DD
:104F600013F4804F30D0D4F8AC30B3F1005F44D0AC
:104F70001FD83BB1B3F1805F18D10121201DFFF78D
:104F80004BFD0546002D3FD1494A936D23F0E04388
:104F9000D4F8AC100B43936516E0012104F1240012
:104FA000FFF7C0FD0546B0E72E46D8E70126354697
:104FB0000AE0B3F1804FE5D0B3F1A04FE2D0B3F1F6
:104FC000405FDFD001263546236813F4004F09D037
:104FD000E36EB3F1805F19D0B3F1005F24D0D3B199
:104FE00001263546236813F0807F32D0636C032B93
:104FF00059D8DFE803F026215226012104F12400CC
:10500000FFF790FD0546BDE72E46DDE7284AD36A47
:1050100043F40033D3626DB9254A136D23F0405336
:10502000E16E0B431365DDE70121201DFFF7F4FC62
:105030000546F0E72E46D5E71D4AD36A43F4003310
:10504000D3629DBB1A4AD36C23F00303616C0B43FC
:10505000D364236813F4800F2CD1236813F0010F5D
:1050600000F0A380A36F282B00F29D80DFE803F0FF
:105070008B9B9B9B9B9B9B9B869B9B9B9B9B9B9BA5
:10508000949B9B9B9B9B9B9B8B9B9B9B9B9B9B9B87
:105090008B9B9B9B9B9B9B9B8B000221201DFFF767
:1050A000BBFC0546CDE701263546D2E72E46D0E7C4
:1050B000004402588F4A136843F48073136002F06F
:1050C00027FC07468B4B1B6813F4807F05D102F049
:1050D0001FFCC01B6428F5D90325002D4AD1864B3F
:1050E0001B6FD4F8B020534013F4407F0CD0824B98
:1050F0001A6F22F44072196F41F480311967196FE9
:1051000021F4803119671A67D4F8B030B3F5807F85
:1051100015D08DBBD4F8B03003F44072B2F5407FA7
:105120001ED0754A136923F47C53136172490B6FC7
:10513000D4F8B020C2F30B0213430B678DE702F0E3
:10514000E7FB07466C4B1B6F13F0020FE1D102F037
:10515000DFFBC01B41F288339842F3D90325D8E71F
:105160006548026922F47C52644901EA131313432F
:105170000361DBE72E4670E72E466EE70121201D16
:10518000FFF74AFC0546E5B95B4A536D23F0380347
:10519000A16F0B43536508E0012104F12400FFF7E0
:1051A000C1FC0546EFE701263546236813F0020FE0
:1051B00016D0636F052B27D8DFE803F00A051F0A16
:1051C0000A0A2E46F1E70121201DFFF725FC0546BE
:1051D000EDB9494A536D23F00703616F0B435365E3
:1051E000236813F0040F22D0D4F89030052B43D855
:1051F000DFE803F0140F3B141414012104F1240020
:10520000FFF790FC0546E3E701263546E8E72E4622
:10521000E6E70121201DFFF7FFFB05467DBB364A6F
:10522000936D23F00703D4F890100B439365236824
:1052300013F0200F33D0D4F88C30B3F1005F4CD092
:1052400022D83BB1B3F1805F1BD10021201DFFF7B5
:10525000E3FB0546002D47D1274A536D23F0E04379
:10526000D4F88C100B43536519E0012104F124009C
:10527000FFF758FC0546D1E701263546D7E72E460D
:10528000D5E7012635460AE0B3F1804FE2D0B3F10D
:10529000A04FDFD0B3F1405FDCD001263546236854
:1052A00013F0400F37D0D4F89830B3F5006F52D0D8
:1052B00026D83BB1B3F5806F18D10021201DFFF730
:1052C000ABFB0546002D4DD10B4A936D23F4E05303
:1052D000D4F898100B4393651DE0022104F12400DB
:1052E000FFF720FC0546B5E72E46D8E701263546F0
:1052F00011E000BF0048025800440258CFFFFF00F1
:10530000B3F5805FDED0B3F5A05FDBD0B3F5406FBF
:10531000D8D001263546236813F0800F32D0D4F858
:105320009C30B3F5804F00F09D8020D83BB1B3F5A1
:10533000005F19D10021201DFFF76EFB0546002DEF
:1053400040F09780A54A936D23F46043D4F89C10F5
:105350000B43936516E0022104F12400FFF7E2FB02
:105360000546AFE72E46D6E7012635460AE0B3F5F7
:10537000004FE4D0B3F5204FE1D0B3F5C04FDED0FD
:1053800001263546236813F0080F0CD0D4F880307E
:10539000B3F5805F6FD0914A536D23F44053D4F836
:1053A00080100B435365236813F0100F0CD0D4F812
:1053B0009430B3F5807F67D0884A936D23F44073AF
:1053C000D4F894100B439365236813F4002F0BD08B
:1053D000D4F8A030B3F5803F6ED0B3F5003F61D074
:1053E000002B5AD001263546236813F4802F0CD0A9
:1053F000D4F88430B3F5001F76D0B3F5401F69D0E0
:10540000B3F5801F61D001263546236813F4803F31
:1054100007D0E36C002B70D0B3F5803F7BD0012622
:105420003546236813F0005F7DD1236813F4003FF5
:1054300000F08680E36FB3F5807F00F0C6807CD9F2
:10544000B3F5007F03D0B3F5407F40F0BC80002D62
:1054500040F0C180614A536D23F44073E16F0B4308
:1054600053656DE0022104F12400FFF75BFB054664
:1054700065E72E4686E7022104F12400FFF752FB80
:10548000002888D0012686E7022104F12400FFF7D6
:1054900049FB002890D001268EE70021201DFFF750
:1054A000BBFA05467DB94D4A936D23F44033D4F8D9
:1054B000A0100B43936597E7022104F12400FFF746
:1054C00031FB0546EEE72E468EE7444AD36A43F4A5
:1054D0000033D3627DB9414A536D23F44013D4F8AD
:1054E00084100B43536590E7012104F12400FFF77A
:1054F00019FB0546EEE72E4687E7384AD36A43F4A0
:105500000033D3626DB9354AD36C23F48033E16C38
:105510000B43D36485E70221201DFFF77DFA054682
:10552000F0E72E467DE7022104F12400FFF7FAFAA6
:1055300000283FF47AAF012677E7002B87D00126B9
:10554000236813F4801F06D0244A136D23F0004310
:10555000216F0B431365236813F0805F07D01F4A48
:10556000136923F48043D4F8B4100B431361236808
:1055700013F4001F06D0194A136D23F08073A16E37
:105580000B431365236813F0804F09D0134B1A693E
:1055900022F400421A611A69D4F8B8100A431A6159
:1055A0002368002B1CDB236813F4000F07D00B4A81
:1055B000536D23F44003D4F888100B43536506B1B0
:1055C00001263046F8BD0126BAE7044AD36A43F4FF
:1055D0000033D3623BE72E46B2E700BF00440258D7
:1055E000034AD36C23F04053216D0B43D364DAE7B5
:1055F0000044025808B5FFF7C9F9054B1B6AC3F30D
:105600000213044AD35C03F01F03D84008BD00BF57
:105610000044025848EF000810B5774A916A946A2E
:10562000C4F3053ED36AC3F3001CD36BC3F3CC03AE
:105630000CFB03F314F47C3F00F0D88001F003016D
:1056400007EE903AF8EE677A012965D0022900F05A
:10565000B080E1B107EE10EAB8EE477A9FED676AD5
:10566000C6EE076A644B9B6BC3F3080307EE103A60
:10567000B8EE477A9FED626A67EE867A77EE277A10
:10568000B7EE007A77EE877A66EEA76A60E0136875
:1056900013F0200F23D011461268C2F3C102594BF8
:1056A000D34007EE103AB8EE477A06EE90EAB8EE2D
:1056B000666AC7EE066A8B6BC3F3080307EE103AFF
:1056C000B8EE477A9FED4E6A67EE867A77EE277AD4
:1056D000B7EE007A77EE877A66EEA76A38E007EED3
:1056E00010EAB8EE477A9FED486AC6EE076A424B69
:1056F0009B6BC3F3080307EE103AB8EE477A9FEDB1
:10570000406A67EE867A77EE277AB7EE007A77EE10
:10571000877A66EEA76A1BE007EE10EAB8EE477AD2
:105720009FED366AC6EE076A334B9B6BC3F30803E3
:1057300007EE103AB8EE477A9FED316A67EE867A47
:1057400077EE277AB7EE007A77EE877A66EEA76A69
:10575000294A936BC3F3462307EE103AB8EE477A13
:10576000B7EE006A37EE067AC6EE877AFCEEE77A85
:10577000C0ED007A936BC3F3064307EE103AB8EE20
:10578000477A37EE067AC6EE877AFCEEE77AC0ED06
:10579000017A936BC3F3066307EE903AF8EE677AEB
:1057A00077EE867A86EEA77ABCEEC77A80ED027A2B
:1057B00010BD07EE10EAB8EE477A9FED146AC6EE08
:1057C000076A0D4B9B6BC3F3080307EE103AB8EE64
:1057D000477A9FED0B6A67EE867A77EE277AB7EE07
:1057E000007A77EE877A66EEA76AB1E70023036056
:1057F00043608360DCE700BF004402580024744A21
:10580000000000390090D0030024744C0024744B35
:1058100010B5774A916A946AC4F3055ED36AC3F3FC
:10582000002C536CC3F3CC030CFB03F314F07C7F0C
:1058300000F0D88001F0030107EE903AF8EE677AA5
:10584000012965D0022900F0B080E1B107EE10EA2D
:10585000B8EE477A9FED676AC6EE076A644B1B6C29
:10586000C3F3080307EE103AB8EE477A9FED626A79
:1058700067EE867A77EE277AB7EE007A77EE877A48
:1058800066EEA76A60E0136813F0200F23D011467C
:105890001268C2F3C102594BD34007EE103AB8EE7A
:1058A000477A06EE90EAB8EE666AC7EE066A0B6CB7
:1058B000C3F3080307EE103AB8EE477A9FED4E6A3D
:1058C00067EE867A77EE277AB7EE007A77EE877AF8
:1058D00066EEA76A38E007EE10EAB8EE477A9FED69
:1058E000486AC6EE076A424B1B6CC3F3080307EE17
:1058F000103AB8EE477A9FED406A67EE867A77EE07
:10590000277AB7EE007A77EE877A66EEA76A1BE011
:1059100007EE10EAB8EE477A9FED366AC6EE076AE0
:10592000334B1B6CC3F3080307EE103AB8EE477A0B
:105930009FED316A67EE867A77EE277AB7EE007AC6
:1059400077EE877A66EEA76A294A136CC3F346237B
:1059500007EE103AB8EE477AB7EE006A37EE067AED
:10596000C6EE877AFCEEE77AC0ED007A136CC3F3DB
:10597000064307EE103AB8EE477A37EE067AC6EEDF
:10598000877AFCEEE77AC0ED017A136CC3F3066305
:1059900007EE903AF8EE677A77EE867A86EEA77A87
:1059A000BCEEC77A80ED027A10BD07EE10EAB8EEC1
:1059B000477A9FED146AC6EE076A0D4B1B6CC3F362
:1059C000080307EE103AB8EE477A9FED0B6A67EED0
:1059D000867A77EE277AB7EE007A77EE877A66EEE8
:1059E000A76AB1E70023036043608360DCE700BF80
:1059F000004402580024744A000000390090D0038B
:105A00000024744C0024744B10B5774A916A946A50
:105A1000C4F3051ED36A03F0010C536BC3F3CC032C
:105A20000CFB03F314F47C7F00F0D88001F0030139
:105A300007EE903AF8EE677A012965D0022900F066
:105A4000B080E1B107EE10EAB8EE477A9FED676AE1
:105A5000C6EE076A644B1B6BC3F3080307EE103AEC
:105A6000B8EE477A9FED626A67EE867A77EE277A1C
:105A7000B7EE007A77EE877A66EEA76A60E0136881
:105A800013F0200F23D011461268C2F3C102594B04
:105A9000D34007EE103AB8EE477A06EE90EAB8EE39
:105AA000666AC7EE066A0B6BC3F3080307EE103A8B
:105AB000B8EE477A9FED4E6A67EE867A77EE277AE0
:105AC000B7EE007A77EE877A66EEA76A38E007EEDF
:105AD00010EAB8EE477A9FED456AC6EE076A424B78
:105AE0001B6BC3F3080307EE103AB8EE477A9FED3D
:105AF000406A67EE867A77EE277AB7EE007A77EE1D
:105B0000877A66EEA76A1BE007EE10EAB8EE477ADE
:105B10009FED396AC6EE076A334B1B6BC3F308036C
:105B200007EE103AB8EE477A9FED316A67EE867A53
:105B300077EE277AB7EE007A77EE877A66EEA76A75
:105B4000294A136BC3F3462307EE103AB8EE477A9F
:105B5000B7EE006A37EE067AC6EE877AFCEEE77A91
:105B6000C0ED007A136BC3F3064307EE103AB8EEAC
:105B7000477A37EE067AC6EE877AFCEEE77AC0ED12
:105B8000017A136BC3F3066307EE903AF8EE677A77
:105B900077EE867A86EEA77ABCEEC77A80ED027A37
:105BA00010BD07EE10EAB8EE477A9FED146AC6EE14
:105BB000076A0D4B1B6BC3F3080307EE103AB8EEF0
:105BC000477A9FED0B6A67EE867A77EE277AB7EE13
:105BD000007A77EE877A66EEA76AB1E70023036062
:105BE00043608360DCE700BF004402580024744C2B
:105BF000000000390090D0030024744A0024744B44
:105C000000B58BB0B0F5807F20D0B0F5007F71D0AB
:105C1000B0F5806F00F0C880B0F5006F00F0218112
:105C2000B0F5805F00F08281B0F5002F00F0DB81DD
:105C3000B0F5803F00F01F82B0F5804F00F0398250
:105C4000B0F5004F00F084820020B2E2954B1B6D4E
:105C500003F00703042B00F2A382DFE803F0051032
:105C60001B0326009048A4E28E4B186810F00070C9
:105C700000F09F8207A8FFF7C7FE089899E2894BBA
:105C8000186810F0006000F0948204A8FFF7C4FCCC
:105C900004988EE2834B186810F0005000F089825F
:105CA00001A8FFF7B5FD019883E27E4AD36C03F0AB
:105CB0004053126812F0040F07D033B9794B1B68B8
:105CC000C3F3C1037948D84073E2764A126812F4EC
:105CD000807F03D0B3F1805F00F06482714A126864
:105CE00012F4003F00F06082B3F1005F00F05E82CA
:105CF00000205EE26B4B1B6D03F4E073802B33D00E
:105D000015D9C02B00F05482B3F5807F1FD1654AAE
:105D1000D36C03F04053126812F0040F2FD073BB02
:105D2000604B1B68C3F3C1036048D84041E283B1B4
:105D3000402B0AD15B4B186810F0006000F03982EC
:105D400004A8FFF769FC049833E2002031E2002048
:105D50002FE2544B186810F0007000F02A8207A858
:105D6000FFF752FE089824E24E4B186810F00050DE
:105D700000F01F8201A8FFF74BFD019819E2494A84
:105D8000126812F4807F03D0B3F1805F00F01482B8
:105D9000444A126812F4003F00F01082B3F1005F31
:105DA00000F00E82002004E23E4B9B6D03F4600382
:105DB000B3F5800F35D016D9B3F5C00F00F00282CD
:105DC000B3F5000F20D1374AD36C03F0405312686B
:105DD00012F0040F30D07BBB324B1B68C3F3C103FE
:105DE0003248D840E5E18BB1B3F5001F0AD12D4B05
:105DF000186810F0006000F0DC8104A8FFF70CFCCC
:105E00000498D6E10020D4E10020D2E1254B1868A7
:105E100010F0007000F0CD8107A8FFF7F5FD08989D
:105E2000C7E1204B186810F0005000F0C28101A8B3
:105E3000FFF7EEFC0198BCE11A4A126812F4807F69
:105E400003D0B3F1805F00F0BF81164A126812F4EC
:105E5000003F00F0BB81B3F1005F00F0B98100208A
:105E6000A7E1104B9B6D03F0E063B3F1007F3DD0E1
:105E70001ED9B3F1407F00F0AD81B3F1806F28D11E
:105E8000084AD36C03F04053126812F0040F38D064
:105E9000002B36D1034B1B68C3F3C1030348D84022
:105EA00087E100BF004402580080BB000090D0038F
:105EB0008BB1B3F1807F0AD1994B186810F0006064
:105EC00000F0778104A8FFF7A7FB049871E1002098
:105ED0006FE100206DE1924B186810F0007000F047
:105EE000688107A8FFF790FD089862E18C4B18685D
:105EF00010F0005000F05D8101A8FFF789FC0198C7
:105F000057E1874A126812F4807F03D0B3F1805FB3
:105F100000F06281824A126812F4003F00F05E8154
:105F2000B3F1005F00F05C81002042E17C4B1B6D0F
:105F300003F4E043B3F5005F35D016D9B3F5405F05
:105F400000F05081B3F5804F20D1754AD36C03F037
:105F50004053126812F0040F30D07BBB704B1B68AB
:105F6000C3F3C1036F48D84023E18BB1B3F5805F21
:105F70000AD16B4B186810F0006000F01A8104A879
:105F8000FFF74AFB049814E1002012E1002010E121
:105F9000634B186810F0007000F00B8107A8FFF742
:105FA00033FD089805E15E4B186810F0005000F0D2
:105FB000008101A8FFF72CFC0198FAE0584A12680A
:105FC00012F4807F03D0B3F1805F00F00D81544A5A
:105FD000126812F4003F00F00981B3F1005F00F095
:105FE00007810020E5E04E4B9B6D03F44033B3F591
:105FF000803F10D0B3F5003F18D00BB10020D8E09F
:10600000474B186810F0006000F0D38004A8FFF739
:1060100003FB0498CDE0424B186810F0005000F0EC
:10602000C88001A8FFF7F4FB0398C2E03C4AD36C98
:1060300003F04053126812F0040F07D033B9384B05
:106040001B68C3F3C1033748D840B2E0344A126832
:1060500012F4807F03D0B3F1805F00F0CB80304A30
:10606000126812F4003F00F0C780B3F1005F00F047
:10607000C58000209DE02A4BDB6C13F4803302D0F6
:1060800063B9002095E0264B186810F0007000F00E
:10609000908007A8FFF7B8FC08988AE0204B1868A2
:1060A00010F0006000F0858004A8FFF7B5FA0698AC
:1060B0007FE01B4B9B6D03F0E043B3F1405F35D0B5
:1060C00015D8B3F1805F21D0B3F1005F09D1144B33
:1060D000186810F000506CD001A8FFF799FB0298E7
:1060E00067E013B9FFF786FA63E0002061E0B3F1DF
:1060F000804F26D0B3F1A04F06D1094B186810F499
:10610000003056D0084854E0002052E0044B186894
:1061100010F000604DD004A8FFF77EFA059848E023
:10612000004402580090D0030024F400344B186857
:1061300010F004003DD01B68C3F3C1033148D840C0
:1061400037E02F4B186810F4807032D02E4830E0C2
:106150002B4B1B6D03F04053B3F1805F0CD0B3F1B8
:10616000005F13D00BB1002023E0254B186810F41A
:1061700000301ED025481CE0214B186810F000703C
:1061800017D007A8FFF740FC089812E01C4B1868CE
:1061900010F000600DD004A8FFF73EFA059808E063
:1061A000002006E0184804E0002002E0174800E064
:1061B00017480BB05DF804FB1348FAE70020F8E736
:1061C0001248F6E71248F4E70F48F2E70020F0E73C
:1061D0000E48EEE70E48ECE70B48EAE70020E8E758
:1061E0000A48E6E70A48E4E70748E2E70020E0E774
:1061F0000648DEE70448DCE70020DAE70348D8E792
:10620000004402580090D00300093D000024F4002F
:106210000080BB00F0B583B0002340E0092400E01B
:106220000024B44044EA0C040235764E46F825407A
:106230004FF0B044D4F88050D44325EA02064F68AA
:1062400017F4803F01D042EA05064FF0B045C5F88B
:106250008060D5F8845004EA05064F6817F4003FC3
:1062600001D042EA05064FF0B045C5F884602D68BC
:1062700004EA05064F6817F4801F01D042EA0506BC
:106280004FF0B0452E606D682C404E6816F4001F2C
:1062900001D042EA05044FF0B042546001330A686D
:1062A00032FA03F400F0AB804FF0010C0CFA03FC5F
:1062B0001CEA0202F2D04C68651E112C18BF012D99
:1062C00001D9122C13D185685E000324B44025EA5D
:1062D0000405CC68B4402C438460446824EA0C0C68
:1062E0004C68C4F300149C4044EA0C044460C66843
:1062F0004FEA430C032505FA0CF5EC4326EA050E9C
:106300008D6805FA0CF545EA0E05C5604D68122D3D
:1063100018BF022D12D1DE08083650F8267003F09F
:1063200007054FEA850E0F2505FA0EF527EA050742
:106330000D6905FA0EF53D4340F8265005682540E5
:106340004C6804F0030404FA0CF42C4304604C6819
:1063500014F0805FA2D02C4CD4F8F45045F0020524
:10636000C4F8F450D4F8F44004F002040194019C01
:106370009D08AE1C234C54F8267003F00304A600BD
:106380000F24B44027EA040C204CA0423FF448AF4D
:1063900004F58064A04222D004F58064A04220D09D
:1063A00004F58064A0421ED004F58064A0421CD095
:1063B00004F58064A0421AD004F58064A04218D08D
:1063C00004F58064A04216D004F58064A04214D085
:1063D00004F58064A0423FF421AF0A2421E70124A0
:1063E0001FE702241DE703241BE7042419E7052403
:1063F00017E7062415E7072413E7082411E703B07D
:10640000F0BD00BF000400580044025800000258CC
:106410000AB18161704709048161704703682749A7
:10642000274A934218BF8B422FD0183293422CD068
:106430001832934229D01832934226D01832934210
:1064400023D01832934220D0183293421DD002F547
:106450005672934219D01832934216D01832934292
:1064600013D01832934210D0183293420DD0183204
:1064700093420AD01832934207D01832934204D084
:1064800023F0FF038365806D704710B4D9B21039D3
:106490000C4AA2FB0142C2F302120B4CA25CC26581
:1064A0005F2907D9094A1A4004328265806D5DF878
:1064B000044B7047054A1A408265F7E71000024016
:1064C00028000240ABAAAAAA08EF000800FCFFFFC0
:1064D00083699BB9836A012B0AD0022B02D00BB1CE
:1064E00000207047C36A13F0807F2AD100207047D4
:1064F000C36AB3F1C07F26D000207047B3F5005FB8
:106500000AD0836A022B26D9032B26D1C36A13F043
:10651000807F24D100207047836A032B03D8DFE8F3
:1065200003F01404140A00207047C36A13F0807F3C
:106530000DD100207047C36AB3F1C07F09D000209D
:1065400070470120704701207047012070470120EB
:1065500070470120704701207047002070470120DC
:106560007047000003682249224A934218BF8B42B9
:1065700028D01432934225D01432934222D01432C0
:1065800093421FD0143293421CD01432934219D03C
:106590001432934216D0DAB2103A1749A1FB021214
:1065A000120916491944A8291FD9154B13449B00F9
:1065B0000366144B436602F01F02012303FA02F242
:1065C00082667047DBB2083B0F4AA2FB03230F4AE7
:1065D00002EB1312920002660D4A4266C3F30413E3
:1065E000012202FA03F3836670470832DDE700BF39
:1065F000085402581C540258ABAAAAAAF0FBFDBFCB
:106600000082001080080240CDCCCCCC0096001651
:106610008058025801794A1E072A2CD830B40368E2
:10662000154D164CA34218BFAB4218D01434A342E8
:1066300015D01434A34212D01434A3420FD0143412
:10664000A3420CD01434A34209D01434A34206D080
:106650000B4B0B449B00C3660A4B036705E00A4BD8
:106660000B449B00C366094B0367012303FA02F244
:10667000426730BC70477047085402581C54025897
:106680003F820010400902403F96001640590258D0
:1066900070B5044601F03CF9002C00F0B6810546C7
:1066A00023685349534A934218BF8B420CBF0122BF
:1066B000002250D030318B424DD018318B424AD01D
:1066C00018318B4247D018318B4244D018318B425D
:1066D00041D018318B423ED001F556718B423AD0F1
:1066E00018318B4237D018318B4234D018318B425D
:1066F00031D018318B422ED018318B422BD018312B
:106700008B4228D018318B4225D03B493B4A9342DB
:1067100018BF8B4200F03181394A934200F02D813D
:106720001432934200F029811432934200F0258103
:106730001432934200F021811432934200F01D8103
:106740001432934200F0198140236365032384F8D7
:10675000353001204AE0002184F83410022184F809
:1067600035107ABB274A93422CD01832934229D055
:106770001832934226D01832934223D018329342D3
:1067800020D0183293421DD002F55672934219D090
:106790001832934216D01832934213D018329342D3
:1067A00010D0183293420DD0183293420AD01832CA
:1067B000934207D01832934204D01A6822F00102A3
:1067C0001A6003E01A6822F001021A6023681A684E
:1067D00012F0010F18D001F09BF8431B052BF5D9DF
:1067E00020236365032384F83530012070BD00BF8A
:1067F0001000024028000240085402581C5402585D
:1068000030540258400002401A6881481040A16884
:10681000E2680A4321690A4361690A43A1690A439C
:10682000E1690A43216A0A430243616A042900F0CC
:1068300099807849086878490140B1F1005F11D327
:106840006168A1F12905A1F13F00032888BF052D4A
:1068500006D9A1F14700012802D94F39032901D8EF
:1068600042F480121A602668756925F00705636A8C
:106870001D43042B08D1A36A1D43E36A23B12046BC
:10688000FFF726FE002872D175612046FFF7C6FD8E
:10689000E36D03F01F023F239340836023685F4949
:1068A0005F4A934218BF8B4242D0183293423FD086
:1068B000183293423CD01832934239D01832934266
:1068C00036D01832934233D01832934230D002F58A
:1068D000567293422CD01832934229D018329342E8
:1068E00026D01832934223D01832934220D0183247
:1068F00093421DD0183293421AD01832934217D0C7
:10690000484A934214D01432934211D01432934225
:106910000ED0143293420BD01432934208D014326A
:10692000934205D01432934202D01432934213D1D1
:106930002046FFF717FEA368802B59D0236E2279DB
:106940001A60636EA26E5A606368013B072B52D9CE
:106950000023E3662367636700206065012384F8F2
:10696000353043E7E16A206B01430A4361E7402386
:106970006365012084F8350038E7002284F834206C
:10698000022284F835201A6827491140A268402A5B
:106990002CD0802A27D00022E06842EAD002206969
:1069A00042EAD002606942EAD002A06942EAD0021B
:1069B000E06942EAD002206A42EA10120A431A60F1
:1069C00022681A4B13441A4AA2FB03231B099B009B
:1069D000E3652046FFF722FDE26D02F01F01012270
:1069E0008A4042605AE74FF48042D5E71022D3E74D
:1069F00000236360A2E72046FFF70CFEE36E00224F
:106A00001A60236F626F5A60A6E70120EEE600BFAE
:106A10003F8010FE0010005C0000FFFF10000240ED
:106A200028000240085402580F00FEFFF8ABFDA7F3
:106A3000CDCCCCCC70B5044600F06AFF002C00F041
:106A40009181054694F83530DBB2022B06D08023C5
:106A50006365002384F83430012070BD23688C49BD
:106A60008C4A934218BF8B4230D0183293422DD0BB
:106A7000183293422AD01832934227D018329342C8
:106A800024D01832934221D0183293421ED002F5FE
:106A9000567293421AD01832934217D0183293424A
:106AA00014D01832934211D0183293420ED01832BB
:106AB00093420BD01832934208D01832934205D03B
:106AC0001A6822F00E021A60266809E01A6822F09D
:106AD0001E021A602268536923F0800353612668FE
:106AE00023686B496B4A934218BF8B4242D01832DD
:106AF00093423FD0183293423CD01832934239D05F
:106B00001832934236D01832934233D0183293421F
:106B100030D002F5567293422CD01832934229D0CD
:106B20001832934226D01832934223D0183293421F
:106B300020D0183293421DD0183293421AD0183206
:106B4000934217D0544A934214D01432934211D036
:106B5000143293420ED0143293420BD0143293422B
:106B600008D01432934205D01432934202D014322A
:106B7000934204D1226E136823F480731360236858
:106B80004349444A934218BF8B422FD01832934254
:106B90002CD01832934229D01832934226D0183282
:106BA000934223D01832934220D0183293421DD002
:106BB00002F55672934219D01832934216D0183209
:106BC000934213D01832934210D0183293420DD012
:106BD000183293420AD01832934207D018329342A7
:106BE00004D01A6822F001021A6003E01A6822F049
:106BF00001021A60336813F0010F0ED000F088FE16
:106C0000431B052BF6D920236365002384F8343019
:106C1000032384F8353001201FE723681C491D4AEF
:106C2000934218BF8B4239D01832934236D0183273
:106C3000934233D01832934230D0183293422DD041
:106C4000183293422AD01832934227D002F5567256
:106C5000934223D01832934220D0183293421DD051
:106C6000183293421AD01832934217D018329342F6
:106C700014D01832934211D0183293420ED0A16D25
:106C8000E36D03F01F02012393404B600DE000BF52
:106C9000100002402800024008540258A16DE36D24
:106CA00003F01F023F2393408B6023682E492F4A35
:106CB000934218BF8B4242D0183293423FD01832D1
:106CC00093423CD01832934239D01832934236D096
:106CD0001832934233D01832934230D002F55672B4
:106CE00093422CD01832934229D01832934226D0A6
:106CF0001832934223D01832934220D01832934254
:106D00001DD0183293421AD01832934217D0184A25
:106D1000934214D01432934211D0143293420ED0C5
:106D2000143293420BD01432934208D0143293425F
:106D300005D01432934202D0143293420BD1636EC9
:106D4000A26E5A60E36E33B11A6822F480721A6040
:106D5000236F626F5A60002084F83400012384F8A6
:106D600035307AE6012078E6100002402800024023
:106D700008540258002800F0298108B5024690F80E
:106D80003530DBB2022B03D080234365012008BDE0
:106D90000368904890498B4218BF83420CBF012181
:106DA000002166D03030834263D01830834260D0F7
:106DB000183083425DD0183083425AD01830834255
:106DC00057D01830834254D000F55670834250D0CB
:106DD000183083424DD0183083424AD01830834255
:106DE00047D01830834244D01830834241D0183005
:106DF00083423ED0183083423BD0196821F00E0107
:106E000019601368A0F5956073498B4218BF8342DF
:106E10006AD072498B4267D018318B4264D01831E6
:106E20008B4261D018318B425ED018318B425BD0DF
:106E300018318B4258D001F556718B4254D018311D
:106E40008B4251D018318B424ED018318B424BD0EF
:106E500018318B4248D018318B4245D018318B42C3
:106E600042D018318B423FD0196821F001011960DE
:106E70003EE0042082F8350081BB584A93422DD071
:106E8000183293422AD01832934227D018329342B4
:106E900024D01832934221D0183293421ED002F5EA
:106EA000567293421AD01832934217D01832934236
:106EB00014D01832934211D0183293420ED01832A7
:106EC00093420BD01832934208D01832934205D027
:106ED0001A6822F001021A60002058E71A6822F0AE
:106EE00001021A60002052E7196821F001011960BF
:106EF0001368384838498B4218BF834242D0183152
:106F00008B423FD018318B423CD018318B4239D064
:106F100018318B4236D018318B4233D018318B4226
:106F200030D001F556718B422CD018318B4229D0CC
:106F300018318B4226D018318B4223D018318B4226
:106F400020D018318B421DD018318B421AD0183105
:106F50008B4217D022498B4214D014318B4211D06E
:106F600014318B420ED014318B420BD014318B4232
:106F700008D014318B4205D014318B4202D0143129
:106F80008B4217D1116E0B6823F480730B60906DE8
:106F9000D36D03F01F0101238B404360536E916E4C
:106FA0005960D36E33B1196821F480711960136F81
:106FB000516F5960002382F83430012382F8353054
:106FC000136D2BB1104698470020E0E60120704772
:106FD0000020DCE610000240280002404000024091
:106FE00008540258F0B583B00446002301937D4B4A
:106FF0001D687D4BA3FB0535AD0A876D3E68D7F84C
:1070000000C0036879497A48834218BF8B420CBF9D
:107010000120002061D0774A93425ED0183293421B
:107020005BD01832934258D01832934255D0183260
:10703000934252D0183293424FD002F55672934287
:107040004BD01832934248D01832934245D0183270
:10705000934242D0183293423FD0183293423CD0F0
:107060001832934239D01832934236D06249634A7B
:10707000934218BF8B4212D0614A93420FD0143210
:1070800093420CD01432934209D01432934206D06A
:107090001432934203D01432934240F061821A6852
:1070A000E16D01F01F010420884010EA0C0F00F090
:1070B000A78212F0040F00F0A382786012F4004F50
:1070C00000F05A8212F4803F40F05082A36C002BF3
:1070D00000F046822046984742E2E26D02F01F012E
:1070E00008228A40324241D070BB424A93422BD0A0
:1070F0001832934228D01832934225D01832934246
:1071000022D0183293421FD0183293421CD002F57D
:107110005672934218D01832934215D018329342C7
:1071200012D0183293420FD0183293420CD018323A
:10713000934209D01832934206D01832934203D0BA
:107140001A68C2F3C00202E01A68C2F380026AB190
:107150001A6822F004021A60E36D03F01F0208238C
:107160009340BB60636D43F001036365E26D02F021
:107170001F0226FA02F313F0010F47D023681B48C1
:107180001B498B4218BF83423CD018318B4239D007
:1071900018318B4236D018318B4233D018318B42A4
:1071A00030D018318B422DD018318B422AD001F5C6
:1071B00056718B4226D018318B4223D018318B4226
:1071C00020D018318B421DD018318B421AD0183183
:1071D0008B4217D018318B4214D018318B4211D00A
:1071E0001B6813E008000024B5814E1B100002400C
:1071F0002800024040000240085402581C54025823
:10720000305402585B6913F0800F3BD1E36D03F0FB
:107210001F03042202FA03F3334240D02268964847
:1072200096498A4218BF824235D018318A4232D0FC
:1072300018318A422FD018318A422CD018318A4214
:1072400029D018318A4226D018318A4223D001F53C
:1072500056718A421FD018318A421CD018318A4296
:1072600019D018318A4216D018318A4213D01831F9
:107270008A4210D018318A420DD018318A420AD081
:1072800013680CE0012303FA02F2BA60636D43F065
:1072900002036365BAE7126812F0020F3DD1E36D95
:1072A00003F01F03102202FA03F333425FD0226877
:1072B000714872498A4218BF824234D018318A42DA
:1072C00031D018318A422ED018318A422BD0183151
:1072D0008A4228D018318A4225D018318A4222D0D9
:1072E00001F556718A421ED018318A421BD01831DE
:1072F0008A4218D018318A4215D018318A4212D0E9
:1073000018318A420FD018318A420CD018318A4283
:1073100009D01268C2F3800208E0BB60636D43F0DD
:1073200004036365BBE71268C2F3C002FAB1BB6035
:1073300023681A6812F4802F0DD01B6813F4002FF5
:1073400004D1236C9BB12046984710E0A36C73B125
:10735000204698470BE01A6812F4807F03D11A6820
:1073600022F008021A60236C0BB120469847E36DA7
:1073700003F01F03202202FA03F3334200F092804D
:1073800022683D483D498A4218BF82422ED01831BA
:107390008A422BD018318A4228D018318A4225D00F
:1073A00018318A4222D018318A421FD018318A42BD
:1073B0001CD001F556718A4218D018318A4215D076
:1073C00018318A4212D018318A420FD018318A42BD
:1073D0000CD018318A4209D018318A4206D01831AF
:1073E0008A4203D01268C2F3400202E01268C2F37C
:1073F0000012002A56D0BB6094F83530DBB2042B63
:107400000ED023681A6812F4802F39D01B6813F449
:10741000002F2CD1636C002B44D02046984741E0CC
:107420002268136823F0160313602268536923F05F
:1074300080035361236CB3B12268136823F00803FF
:107440001360E36D03F01F023F239340BB600023F2
:1074500084F83430012384F83530236D002B7FD03D
:10746000204698477CE0A36C002BE5D1E9E7E36B6D
:10747000C3B12046984715E01000024028000240A2
:107480001A6812F4807F09D11A6822F010021A607B
:10749000002384F83430012384F83530E36B0BB1DA
:1074A00020469847636D002B5AD0636D13F0010F8F
:1074B00052D0042384F8353023689649964A934283
:1074C00018BF8B422FD0183293422CD018329342DF
:1074D00029D01832934226D01832934223D0183242
:1074E000934220D0183293421DD002F55672934237
:1074F00019D01832934216D01832934213D0183252
:10750000934210D0183293420DD0183293420AD0D1
:107510001832934207D01832934204D01A6822F0EE
:1075200001021A6003E01A6822F001021A60019B4E
:1075300001330193AB4204D823681B6813F0010F99
:10754000F5D1002384F8343023681B6813F0010F51
:1075500008D0032384F83530E36C0BB120469847FC
:1075600003B0F0BD012384F83530F5E7236C002B20
:10757000F6D020469847F3E712F0200F3AD123685F
:107580006449654A934218BF8B422FD01832934208
:107590002CD01832934229D01832934226D0183278
:1075A000934223D01832934220D0183293421DD0F8
:1075B00002F55672934219D01832934216D01832FF
:1075C000934213D01832934210D0183293420DD008
:1075D000183293420AD01832934207D0183293429D
:1075E00004D01A6822F004021A6003E01A6822F03C
:1075F00008021A60236C002BB2D020469847AFE7F0
:107600000220884010EA0C0F60D012F0020F5DD00B
:10761000786012F4004F0ED012F4803F05D1636CF5
:10762000002B9DD0204698479AE7E36B002B97D01C
:107630002046984794E712F0200F40D1236835493F
:10764000354A934218BF8B422FD0183293422CD028
:107650001832934229D01832934226D018329342DE
:1076600023D01832934220D0183293421DD002F515
:107670005672934219D01832934216D01832934260
:1076800013D01832934210D0183293420DD01832D2
:1076900093420AD01832934207D01832934204D052
:1076A0001A6822F00A021A6003E01A6822F0140233
:1076B0001A60002384F83430012384F83530E36BFA
:1076C000002B3FF44DAF2046984749E7082000FAC9
:1076D00001F111EA0C0F3FF443AF12F0080F3FF431
:1076E0003FAF1A6822F00E021A60E36D03F01F0329
:1076F000012202FA03F37B606265002384F83430D0
:1077000084F83520E36C002B3FF42AAF20469847DD
:1077100026E700BF100002402800024090F8350024
:1077200070470000134BDB6813F0040F07D1114BB7
:10773000DB6803F0070383421AD00120704710B5BD
:107740000C4AD36823F007031843D06000F0E0F838
:107750000446084B5B6813F4005F07D100F0D8F8CB
:10776000001BB0F57A7FF4D9012000E0002010BDA5
:1077700000207047004802580649CB6823F4E063B4
:107780001B041B0C000200F4E0600343024A1A438E
:10779000CA60704700ED00E00000FA0500B5174B25
:1077A000DB68C3F30223C3F1070CBCF1040F28BF4D
:1077B0004FF0040C03F1040EBEF1060F14D9033B85
:1077C0004FF0FF3E0EFA0CFC21EA0C0199400EFA34
:1077D00003F322EA03031943002807DB0901C9B2B6
:1077E000074B19545DF804FB0023E9E700F00F0094
:1077F0000901C9B2034B1954F4E700BF00ED00E0E2
:1078000000E400E014ED00E0002807DB00F01F02B8
:10781000400901239340024A42F82030704700BFDC
:1078200000E100E00138B0F1807F0BD24FF0E0239F
:107830005861054AF02182F8231000209861072240
:107840001A6170470120704700ED00E0104B1B7873
:107850000BB90120704710B504464FF47A70B0FBA5
:10786000F3F30C4A1068B0FBF3F0FFF7DBFF68B9E5
:107870000F2C01D901200AE0002221464FF0FF30F1
:10788000FFF78CFF044B1C60002000E0012010BDBE
:1078900000000024080000240400002410B5032088
:1078A000FFF76AFFFCF72EFE0F498B69C3F3032332
:1078B0000E4AD35C03F01F03D8408B6903F00F031B
:1078C000D35C03F01F0320FA03F3094A1360094B4A
:1078D00018600020FFF7BAFF10B10124204610BD48
:1078E0000446FBF759FCF9E70044025848EF00084A
:1078F0000C00002408000024034B1B78034A116885
:107900000B441360704700BF000000242C120024B9
:10791000014B1868704700BF2C12002438B504468C
:10792000FFF7F6FF0546B4F1FF3F02D0044B1B788A
:107930001C44FFF7EDFF401BA042FAD338BD00BF47
:1079400000000024014B1868000C70470010005C18
:10795000034A536823EA00030B435360704700BF98
:107960000004005803689A6912F0020F01D0002247
:107970009A6203689A6912F0010F03D19A6942F082
:1079800001029A61704730B4029D046860684FEA52
:10799000555C0CF4806C4CF07F7C4CF4583C4CF4FF
:1079A0007F7C4CF0030C20EA0C00C1F3090141EA92
:1079B0000241194329430143616030BC7047000014
:1079C000436B1A4A934215D0194A934212D011F4CC
:1079D000004F29D1002311F0010F01D043F0F20331
:1079E00011F0020F01D043F0F40320290CD143F031
:1079F000200309E011F4004F0BD1002310290AD015
:107A000020290BD040290CD001680A6813430B6071
:107A10007047B823F2E743F09003F1E743F06003C7
:107A2000F0E743F04003EFE7B823D4E7FD8A00080E
:107A3000DD88000811F0010F09D090F8413003F003
:107A40002803282B01D0F22302E0422300E0002388
:107A500011F0020F09D043F0440C90F8412002F0DD
:107A60002802282A10D043F0F40311F4004F0DD15E
:107A700010290ED020290FD0402910D001680A68A3
:107A800022EA03030B6070476346EEE743F0B80356
:107A9000EEE743F09003EDE743F02003ECE743F01B
:107AA0004003EBE7F8B505460E46174603689B69A9
:107AB00013F0100F01D10020F8BD2B689C6914F061
:107AC000200F17D1B6F1FF3FF7D0FFF721FFC01B02
:107AD000B04201D8002EF0D16B6C43F020036B64F0
:107AE000202385F84130002385F8423085F8403066
:107AF0000120E1E71022DA612B682024DC612846AE
:107B0000FFF730FF2A68536823F0FF7323F48B33A9
:107B100023F4FF7323F0010353606B6C43F0040301
:107B20006B6485F84140002385F8423085F8403089
:107B30000120C1E770B504460D46164623689B69CF
:107B400013F0020F1DD1324629462046FFF7AAFF47
:107B5000C8B9B5F1FF3FF1D0FFF7DAFE801BA842AC
:107B600001D8002DEAD1636C43F020036364202325
:107B700084F84130002384F8423084F840300120FA
:107B800000E0002070BD0120FCE72DE9F041064631
:107B9000884617461D463468A46938EA04030CBFBA
:107BA0004FF0010C4FF0000CBC4518D1B5F1FF3F70
:107BB000F1D0FFF7ADFE069BC01AA84201D8002DF8
:107BC000E9D1736C43F020037364202386F84130BD
:107BD000002386F8423086F84030012000E0002083
:107BE000BDE8F0812DE9F04182B0044690461D4683
:107BF000089E099F194B00934FF08073EAB2FFF77C
:107C0000C2FE3A4631462046FFF794FFF8B9012DEF
:107C10000ED123685FFA88F29A62009733460022F9
:107C200080212046FFF7B1FFA8B902B0BDE8F0817E
:107C300023684FEA18229A623A4631462046FFF7F7
:107C400079FF30B923685FFA88F29A62E5E701208C
:107C5000EBE70120E9E70120E7E700BF0020008013
:107C60002DE9F04182B0044690461D46089E099FCA
:107C7000184B00930023EAB2FFF785FE3A463146DF
:107C80002046FFF757FFF8B9012D0ED123685FFAA0
:107C900088F29A6200973346002240212046FFF77F
:107CA00074FFA8B902B0BDE8F08123684FEA18223A
:107CB0009A623A4631462046FFF73CFF30B92368C6
:107CC0005FFA88F29A62E5E70120EBE70120E9E735
:107CD0000120E7E700200080002857D010B50446B7
:107CE00090F84130002B41D0242384F841302268A1
:107CF000136823F0010313606368226823F0706344
:107D000013612268936823F400439360E368012BB6
:107D100031D0A368226843F404439360E368022BE4
:107D20002FD0226851681A4B0B4353602268D368E6
:107D300023F40043D360236962691343A169226875
:107D400043EA0123D360E369216A22680B4313608D
:107D50002268136843F0010313600020606420234D
:107D600084F84130206384F8420010BD80F8403030
:107D7000F9F79EFDB8E7A368226843F400439360D7
:107D8000CCE723684FF400625A60CAE701207047CD
:107D9000008000022DE9F04182B00446BDF8248045
:107DA00090F84100C0B2202858D10D4617461E4613
:107DB000089BB8F1000F18BF002B35D023689B69D2
:107DC00013F4004F4FD194F84030012B4DD00123D4
:107DD00084F84030FFF79CFD212384F84130402394
:107DE00084F8423000236364089B6362A4F82A800D
:107DF0001F4BE3621F4B6363638D9BB2FF2B18D94C
:107E0000FF2323854FF08078019019230093334698
:107E10003A4629462046FFF7E5FE064670B10023A4
:107E200084F8403001261AE04FF4007363640126A1
:107E300015E0638D23854FF00078E5E70027009774
:107E4000434694F8282029462046FFF79CFD84F8F5
:107E5000407001212046FFF7B3FD00E002263046C6
:107E600002B0BDE8F0810226F9E70226F7E700BF7D
:107E70000000FFFF5B8700082DE9F04182B0044657
:107E8000BDF8248090F84100C0B2202859D10D4699
:107E900017461E46089BB8F1000F18BF002B35D0BF
:107EA00023689B6913F4004F50D194F84030012BA4
:107EB0004ED0012384F84030FFF72AFD222384F8B6
:107EC0004130402384F8423000236364089B63629E
:107ED000A4F82A801F4BE3621F4B6363638D9BB240
:107EE000FF2B18D9FF2323854FF0807801901923A9
:107EF000009333463A4629462046FFF7B1FE064630
:107F000070B1002384F8403001261BE04FF4007369
:107F10006364012616E0638D23854FF00078E5E762
:107F20000E4B0093434694F8282029462046FFF73D
:107F30002AFD002384F8403002212046FFF740FD4F
:107F400000E00226304602B0BDE8F0810226F9E7E3
:107F50000226F7E70000FFFF5B870008002400808F
:107F600008B5036899691A68436B03B1984708BD5F
:107F70007047704738B50446002380F8423090F8C7
:107F80004130DBB2212B0FD0202380F84130122367
:107F90000363002545630221FFF74CFD84F8405040
:107FA0002046FFF7E6FF38BD202380F8413011233B
:107FB0000363002545630121FFF73CFD84F8405031
:107FC0002046FFF7D5FFEEE77047704710B504462F
:107FD00003681A68002180F8421012F4804F0ED016
:107FE0001A6822F480421A6094F84130DBB2292BDF
:107FF0000DD094F84130DBB22A2B18D010BD12F40A
:10800000004FF1D01A6822F400421A60ECE72823EE
:1080100084F841302123236301212046FFF70AFD24
:10802000002384F840302046FFF7CEFFE6E7282300
:1080300084F841302223236302212046FFF7FAFC13
:10804000002384F840302046FFF7BFFFD6E7704793
:10805000F8B5044690F8413003F02803282B06D0E9
:1080600003680822DA61002380F84030F8BD036815
:108070009E69C6F300469A69120C02F0FE059A68E2
:10808000C2F30902DF6807F0FE07C168022922D1A6
:1080900085EAD21515F0060F10D1816C013181648B
:1080A000816C0229E2D1002181640820D86184F822
:1080B000401031462046FFF7CAFFD7E74FF4004192
:1080C000FFF7B8FC002384F840303A46314620469A
:1080D000FFF7BDFFCAE74FF40041FFF7ABFC0023F9
:1080E00084F840302A4631462046FFF7B0FFBDE70E
:1080F0007047000010B50446174BC36200230363AA
:10810000202280F8412080F84230436311F0040FB0
:1081100013D003685A6A436A1A70436A0133436290
:10812000038D53B1013B0385438D9BB2013B9BB251
:108130004385436C43F00403436448F20301204643
:10814000FFF778FC23681022DA61002384F84030BE
:108150002046FFF7CDFF10BD0000FFFF70477047BE
:1081600008B590F84130DBB2602B06D000230363E2
:1081700080F84030FFF7F2FF08BD202380F841303F
:108180000023036380F84030FFF7E9FFF4E70000C5
:1081900010B5044690F84130002084F842003B4A74
:1081A000E2626085626C0A436264283BDBB2022BA8
:1081B0002DD803212046FFF73DFC282384F84130C9
:1081C000334B6363236BA26B002A34D0212B18BF7F
:1081D000112B30D123681A6812F4804F03D01A682B
:1081E00022F480421A60A06BFFF798FA01281ED093
:1081F000A36B284A1A65002384F84030A06BFEF771
:10820000B9FD002840D0A06B036D98473CE048F2D0
:1082100003012046FFF70EFC94F84130DBB2602BDF
:1082200002D0202384F8413000236363CAE720464C
:10823000FFF796FF28E0E26B1AB3222B18BF122B30
:108240001FD123681A6812F4004F03D01A6822F471
:1082500000421A60E06BFFF761FA01280DD0E36B72
:108260000C4A1A65002384F84030E06BFEF782FD6B
:1082700050B1E06B036D984706E02046FFF770FFB2
:1082800002E02046FFF76CFF10BD00BF0000FFFFBB
:10829000DD840008A98C000870B504460D4602680C
:1082A000166890F84130DBB22021D161292B18BF2C
:1082B000212B57D02A2B18BF222B5AD02268536863
:1082C00043F4004353602268536823F0FF7323F4A0
:1082D0008B3323F4FF7323F0010353602046FFF731
:1082E00041FB16F4804F00F085802268136823F468
:1082F00080431360A36B002B45D01B687449754AFB
:10830000934218BF8B423BD01832934238D0183278
:10831000934235D01832934232D0183293422FD044
:10832000183293422CD01832934229D002F556725B
:10833000934225D01832934222D0183293421FD054
:10834000183293421CD01832934219D018329342FB
:1083500016D01832934213D01832934210D05B6873
:108360009BB20FE048F20101FFF764FB2123236376
:10837000A4E748F20201FFF75DFB222323639DE798
:108380005B689BB2638515F0040F11D025F00405DE
:1083900023685A6A636A1A70636A01336362238DC1
:1083A00033B1013B2385638D9BB2013B9BB2638557
:1083B000638D9BB21BB1636C43F0040363640023C1
:1083C00084F842306363636C002B57D1E36A13F582
:1083D000803F61D194F84130DBB2222B6CD0202356
:1083E00084F841300023236384F840302046FFF7AF
:1083F000EBFD60E016F4004FC5D02268136823F44B
:1084000000431360E36B002BBDD01B683049314A39
:10841000934218BF8B422DD0183293422AD0183283
:10842000934227D01832934224D01832934221D05D
:10843000183293421ED0183293421BD002F5567266
:10844000934217D01832934214D01832934211D06D
:10845000183293420ED0183293420BD01832934206
:1084600008D01832934205D01832934202D05B688C
:108470009BB201E05B689BB2638584E7616C204638
:10848000FFF786FE94F84130DBB2282B13D1294642
:108490002046FFF72FFE0EE02046FFF797FD0E4B1C
:1084A000E362202384F841300023236384F84030C2
:1084B0002046FFF71DFE70BD202384F841300023C5
:1084C000236384F840302046FFF77FFDF3E700BFC9
:1084D00010000240280002400000FFFFF8B5C76A04
:1084E00090F84030012B00F09F8004460D46164660
:1084F000012380F8403011F0200F02D012F0200F3D
:1085000019D115F0100F3FD016F0100F3CD0638D2D
:108510009BB243BB94F84130DBB2282B0ED094F8C9
:108520004130DBB2292B11D023681022DA61002000
:1085300084F84000F8BDFFF7AFFEE2E7B7F1007F37
:10854000EDD129462046FFF7D5FDF0E717F5803F2E
:10855000EAD023681022DA612046FFF703FA2046AA
:10856000FFF734FDE3E723681022DA61636C43F020
:1085700004036364B7F1807F18BF002FD7D1616C0B
:108580002046FFF705FED2E715F0040F1FD016F0C6
:10859000040F1CD0638D9BB273B123685A6A636A5F
:1085A0001A70636A01336362238D013B2385638DF7
:1085B0009BB2013B9BB26385638D9BB2002BB6D10E
:1085C00017F5803FB3D02046FFF700FDAFE715F069
:1085D000080F02D016F0080F18D115F0020FA6D020
:1085E00016F0020FA3D0638D9BB2A3B1626A236819
:1085F00012789A62636A01336362638D9BB2013BB6
:108600009BB26385238D013B238590E72946204655
:10861000FFF71EFD8BE7002F18BFB7F1807F86D1D3
:108620002046FFF7D3FC82E7022083E730B583B012
:1086300004460D4603682022DA6190F84130DBB22F
:10864000212B33D090F84130DBB2222B34D022687A
:10865000536823F0FF7323F48B3323F4FF7323F069
:108660000103536000236363A3F58033E36215F0D5
:10867000100F06D023681022DA61636C43F0040304
:10868000636494F84130DBB2602B1BD02046FFF7C7
:1086900069F9626C94F84130DBB2602B00D0D2B142
:1086A000616C2046FFF774FD03B030BD0121FFF778
:1086B000C1F911232363CAE70221FFF7BBF9122393
:1086C0002363C4E715F0040FE0D023685B6ADBB2D4
:1086D0000193019BDAE794F84130DBB2212B17D0EC
:1086E00094F84130DBB2222BDED1202384F84130D4
:1086F0000023236394F84230DBB2402B24D00023C4
:1087000084F8423084F840302046FFF732FCCBE753
:10871000202384F841300023236394F84230DBB2F5
:10872000402B08D0002384F8423084F840302046A3
:10873000FFF71EFCB8E7002384F8423084F840308D
:108740002046F8F737F8AFE7002384F8423084F882
:1087500040302046F8F702F8A6E790F84030012BA9
:1087600000F0B98070B582B004460D46164601236C
:1087700080F8403011F0100F02D012F0100F22D10B
:1087800015F0040F29D016F0040F26D025F00405AB
:1087900023685A6A636A1A70636A01336362238DBD
:1087A000013B2385638D9BB2013B9BB2638515F032
:1087B000200F03D016F0200F40F08880002084F8AE
:1087C000400002B070BD03681022DA61436C43F0D0
:1087D00004034364FFF7C6F8E9E715F0020F12D06F
:1087E00016F0020F0FD0626A236812789A62636AE9
:1087F00001336362238D013B2385638D9BB2013B73
:108800009BB26385D3E715F0800F3FD016F0400F81
:108810003CD0638D9BB25BB3238D4BBB23685968FF
:10882000C1F30901638D9BB2FF2B0ED8628D92B20A
:108830002285E36A13F5803F11D0E36A002000909F
:10884000D2B22046FFF79FF8B1E7FF22228500232E
:1088500000934FF080732046FFF795F8A7E70023B9
:1088600000934FF00073D2B22046FFF78CF89EE7DA
:1088700023685B6813F0007F03D12046FFF77AFB83
:1088800095E740212046FFF783FC90E715F0400F65
:108890008DD016F0400F8AD0638D9BB28BB92368C0
:1088A0005A6812F0007F82D1E26A12F5803F04D14B
:1088B0005A6842F480425A6079E72046FFF75AFB33
:1088C00075E740212046FFF763FC70E72946204604
:1088D000FFF7ACFE72E7022070470000F8B5C76AE8
:1088E00090F84030012B00F0038104460D461646F7
:1088F000012380F8403011F0200F02D012F0200F39
:108900004DD115F0100F00F0E48016F0100F00F0BC
:10891000E080C6F3803216F4804F03D116F4004F86
:1089200000F0D380E36B002B44D016F4004F43D00B
:108930001B68704870498B4218BF834232D018318F
:108940008B422FD018318B422CD018318B4229D03A
:1089500018318B4226D018318B4223D018318B42EC
:1089600020D001F556718B421CD018318B4219D0A2
:1089700018318B4216D018318B4213D018318B42EC
:1089800010D018318B420DD018318B420AD01831DB
:108990008B4207D05B68B3FA83F35B0906E0FFF70D
:1089A0007BFCAEE75B68B3FA83F35B09002B40D135
:1089B000002102E0002100E00021A36B002B3FD04A
:1089C000002A3DD01B684B484B4A934218BF834254
:1089D00031D0183293422ED0183293422BD0183215
:1089E000934228D01832934225D01832934222D095
:1089F000183293421FD002F5567293421BD01832A0
:108A0000934218D01832934215D01832934212D0A4
:108A1000183293420FD0183293420CD0183293423E
:108A200009D01832934206D05B68B3FA83F35B092E
:108A300005E00121C1E75B68B3FA83F35B09D3B9B1
:108A4000C9B923681022DA61636C43F004036364DC
:108A500094F84130DBB2B7F1807F18BF002F3ED1D0
:108A6000292B18BF212B29D121232363616C204698
:108A7000FFF78EFB33E094F84130DBB2282B08D0AF
:108A800094F84130DBB2292B0BD023681022DA6135
:108A900025E0B7F1007FF3D129462046FFF72AFBF6
:108AA0001DE017F5803FF0D023681022DA612046E0
:108AB000FEF758FF2046FFF789FA10E02A2B18BF6F
:108AC000222BD3D122232363D0E723681022DA613B
:108AD00005E015F0080F02D016F0080F03D10020B2
:108AE00084F84000F8BD29462046FFF7B1FAF6E7C2
:108AF0000220F7E7100002402800024090F84030C2
:108B0000012B00F09A8010B582B00446012380F852
:108B1000403011F0100F02D012F0100F32D111F0CE
:108B2000800F60D012F0400F5DD02268136823F0F0
:108B300040031360638D9BB2002B46D023685968B5
:108B4000C1F30901638D9BB2FF2B2DD9FF23238530
:108B50004FF080730022009294F828202046FEF700
:108B600012FF638D9BB2228D9B1A9BB2638594F892
:108B70004130DBB2222B22D02268136843F48043B9
:108B800013600CE003681022DA61436C43F00403C5
:108B900043642021FEF714FF2046FEF7E3FE002089
:108BA00084F8400002B010BD638D2385E36A13F59D
:108BB000803F01D0E36ACDE74FF00073CAE7226837
:108BC000136843F400431360E9E723685B6813F01C
:108BD000007F03D12046FFF7CDF9E0E74021204692
:108BE000FFF7D6FADBE711F0400F1CD012F0400F70
:108BF00019D0638D9BB28BB923685A6812F0007F3D
:108C0000CDD1E26A12F5803F04D15A6842F4804225
:108C10005A60C4E72046FFF7ADF9C0E7402120467F
:108C2000FFF7B6FABBE711F0200FB8D012F0200F13
:108C3000B5D02046FFF7FAFCB1E70220704710B527
:108C400002689369116813F4807F09D011F0800FD6
:108C500006D0446C44F0010444644FF48074D46141
:108C600013F4806F0AD011F0800F07D0426C42F0ED
:108C70000802426402684FF48064D46113F4007FF8
:108C80000AD011F0800F07D0436C43F00203436415
:108C900003684FF40072DA61416C11F00B0F00D1E0
:108CA00010BDFFF775FAFBE708B5806B836B0BB15E
:108CB00000221A65C36B0BB100221A65FFF750FA48
:108CC00008BD90F84130DBB2202B24D190F8403021
:108CD000012B22D0012380F84030242380F841303A
:108CE0000268136823F0010313600268136823F419
:108CF0008053136002681368194311600268136897
:108D000043F001031360202380F84130002380F8F2
:108D1000403018467047022070470220704790F894
:108D20004130DBB2202B22D190F84030012B20D0F3
:108D3000012380F84030242380F841300268136812
:108D400023F0010313600268136823F4706343EA9D
:108D5000012111600268136843F0010313602023AE
:108D600080F84130002380F84030184670470220D8
:108D700070470220704770B110B50446037933B1D3
:108D800002232371002020610123237110BD437150
:108D9000F8F722FAF4E7012070470000F8B54379AC
:108DA000012B00F0A48004460D46164601234371B2
:108DB000022303710B68042B16D02B69012B5DD0A5
:108DC0002068C36B06F010020721914023EA0101DD
:108DD000EB68012B5FD0022B00F08580AB68002B85
:108DE00040F08380012757E0FEF792FD07467EB1F1
:108DF00023685B6B002B3ADAFEF78AFDC01B012863
:108E0000F6D9236943F0080323610320207169E048
:108E100023685A6B374B13405BB1FEF779FDC01BDB
:108E20000128F5D9236943F0080323610320207149
:108E300058E00120FEF772FD2368AA691A642068D1
:108E4000826C06F0100140F2FF338B4022EA0302ED
:108E5000EB698B401A4382642068C36CFF228A400E
:108E600023EA02032A6A8A401343C364A5E7012068
:108E7000FEF754FD2368AA695A64E0E721688A6B0B
:108E800006F010001F23834022EA03026B6983402F
:108E900013438B6394E700272B68AE6833433B434F
:108EA00093400B43C363206803684FF480419140B3
:108EB00023EA010303602068036840F6FE719140D5
:108EC00023EA01016B6893400B4303602068036849
:108ED000C02101FA02F223EA020202600123237197
:108EE00000206071F8BD0127D6E70027D4E70220F3
:108EF000F8E700BF0080002010B40B68CBB903680E
:108F0000194A1A404B688C682343CC6823430C6988
:108F100023434C6923438C692343CC6923430C6A64
:108F20002343496A0B431343036000205DF8044B5D
:108F30007047036823F4F843CA690C6A22434C6AF9
:108F40002243134303604368074A1A404B688C6806
:108F50002343CC6823430C6923434C692343896929
:108F60000B4313434360E0E70080FFFF10B43ABBBC
:108F7000826802F070420B68013B4C6804F1FF3CD0
:108F800043EA0C138C6804F1FF3C43EA0C23CC68E1
:108F900004F1FF3C43EA0C330C6904F1FF3C43EA63
:108FA0000C434C6904F1FF3C43EA0C5389690139D5
:108FB00043EA01631343836000205DF8044B70476C
:108FC0008368134A1A40CB6803F1FF3C4B69013BAD
:108FD0001B0543EA0C3313438360C26802F07042FE
:108FE0000B68013B4C6804F1FF3C43EA0C138C68AE
:108FF00004F1FF3C43EA0C230C6904F1FF3C43EA13
:109000000C438969013943EA01631343C360D3E721
:10901000FF0F0FFF08B338B50D46044690F82C300B
:10902000B3B1022384F82C30214651F8040BFFF72A
:1090300063FF626829462068FFF798FF084A1368B3
:1090400043F000431360012384F82C30002038BD26
:1090500080F82D30F8F73AFAE3E70120704700BFB7
:109060000040005210B40468226822F007028B68A6
:10907000134323F01803CA681343236003680A6884
:109080005A6103684A689A615DF8044B704730B5CD
:10909000046801F1010C4FEACC1C54F80C3023F0A9
:1090A000070E936843EA0E0323F01803D5682B4399
:1090B00044F80C300368146803EBC113C3F8944000
:1090C0000368526803EBC111C1F8982030BD30B479
:1090D00004682268D4F8A05322F020024B6913439D
:1090E00023F400638A691A4322F48063CA691A432D
:1090F00022F0C0620B6A134323F000624B6A1343F1
:1091000023F040438A6A43EA820323F000530A6B48
:10911000134325F48035CA6A154323600368C3F8F6
:10912000A05330BC70472DE9F04105684B1CDB01B2
:10913000EC5824F07044EC500668F35806EBC11468
:10914000D4F8E870D4F8E440D6F8A08323F0200CDB
:10915000536943EA0C0323F4006C936943EA0C035C
:1091600023F4806CD36943EA0C0323F0C06C136AC8
:1091700043EA0C0323F0006C536A43EA0C0323F028
:10918000704C936A43EA0C0323F40033156BB5F17A
:10919000005F37D023F04003D2F834C04CEA030319
:1091A00023F48023156D2B4323F0FC73956C2B4324
:1091B00027F01F0E976B07F01F0747EA0E0727F0EF
:1091C0000047D56B2F43BCF1000F03D124F480740A
:1091D000156C2C43D2F844E0BEF5606F18BFBEF5A5
:1091E000F05F02D1BCF1400F03D124F4F0544EEAF9
:1091F0000404D2F84CC004290CD8DFE801F00622A0
:10920000282E340043F40033C4E728F40035D26A32
:1092100045EA42084A1CD201B350036803EBC1136C
:10922000C3F8E870036803EBC113C3F8E4400368B4
:1092300003EBC111C1F8D4C00368C3F8A083BDE833
:10924000F08128F48025D26A45EA8208E2E728F412
:109250000025D26A45EAC208DCE728F48015D26A04
:1092600045EA0218D6E728F40015D26A45EA421802
:10927000D0E770B4066806EBC115D5F8E440D5F820
:10928000B850202A17D80AB900223EE0013A1F2A16
:109290003AD8DFE802F02C1D392C3939391D39391B
:1092A00039393939392C393939393939393939393B
:1092B00039393939391DB2F5807F18D004D9B2F562
:1092C000007F05D0002220E0402A10D0802A0CD157
:1092D0005A6806EBC116C6F8C42002689E6802EB05
:1092E000C112C2F8C86010220FE000220DE05A68D7
:1092F00006EBC116C6F8BC2002689E6802EBC112DC
:10930000C2F8C060002200E000224FF0FE0C0CFA10
:1093100002FC24EA0C0C1C68944044EA0C0CDC6847
:10932000944044EA0C041E6906FA02FC4CEA040C60
:109330005C69944044EA0C0C9C69944044EA0C0437
:10934000082E06D0036803EBC111C1F8E44070BCDD
:10935000704715F0022FF5D1DB6903FA02F21443CE
:10936000F0E7052933D8DFE801F00B131B232B03AB
:109370000268D2F8843343F00103C2F884337047A3
:109380000268D2F8843343F00203C2F88433704792
:109390000268D2F8843343F00403C2F88433704780
:1093A0000268D2F8843343F00803C2F8843370476C
:1093B0000268D2F8843343F01003C2F88433704754
:1093C0000268D2F8843343F02003C2F88433704734
:1093D000002864D010B582B00446022380F8C13062
:1093E0000023C0F8C430C0F8C830C0F8CC30C0F892
:1093F000D030C0F8D430C0F8D830836813F0010FF3
:1094000012D00268274B9A4225D021680A6822F4BC
:109410004042236903F44043134323F440536269F9
:1094200002F4405213430B602046F8F753F8A36848
:1094300013F0020F08D021680A6822F44072E36832
:1094400003F4407313430B60012384F8C1300023FD
:1094500084F8C0301EE0144BD3F8F02042F00052E4
:10946000C3F8F020D3F8F03003F000530193019BD0
:10947000CBE7C3EBC30204EB820200219161D1610F
:10948000116251629162C3EBC30204EB8202116369
:109490000133DBB2052BECD9002002B010BD012056
:1094A000704700BF007401400044025810B50446E4
:1094B00090F8C100C0B202280BD0022384F8C1305A
:1094C000052907D02046FFF7E2FD012384F8C130CB
:1094D000002010BD11462046FFF7C4FDF5E700004F
:1094E000034690F8C100C0B2022800F0BD8093F896
:1094F000C000012800F0B48030B4012083F8C0001F
:10950000022083F8C1001C68D4F8D003D4F8D453E7
:1095100001390F2900F29D80DFE801F008429B59D4
:109520009B9B9B709B9B9B9B9B9B9B8720F0FE0028
:10953000516801F002010843116801F00401084379
:10954000916801F078010143D06800F08000084381
:1095500093F8C110C9B2072900F0848000F07F326F
:10956000C4F8D0231A6841492940C2F8D4131A68B4
:10957000D2F8D01300F080300843C2F8D003186846
:10958000D0F8D41348F280022A400A43C0F8D4230A
:10959000012283F8C120002083F8C00030BC70474E
:1095A00020F47E405168090201F400710143106803
:1095B000000200F4806008439168090201F4F04160
:1095C0000143D068000200F400400843C0E720F4E3
:1095D0007E005168090401F4003101431068000461
:1095E00000F4802008439168090401F4F00101436C
:1095F000D068000400F400000843A9E720F07E4092
:109600005168090601F0007101431068000600F07E
:10961000806008439168090601F0F0410143D06879
:10962000000600F00040084392E725F0FE0551686F
:1096300001F002010D43116801F004010D4391682E
:1096400001F078012943D26802F0800242EA010564
:109650007EE7072283F8C120002283F8C02077E745
:1096600002207047012099E7704700BF7F7FFFFF0E
:10967000034690F8C100C0B202281ED093F8C02063
:10968000012A18D010B4012083F8C000022283F808
:10969000C1201C68D4F8D42322F0407201F040713C
:1096A0001143C4F8D41383F8C100002083F8C0002C
:1096B0005DF8044B704702207047704710B411F0FA
:1096C000010F0AD00468D4F8D03323F0010302F06C
:1096D000010C43EA0C03C4F8D03311F0020F0CD094
:1096E0000468D4F8D03323F480734FEA022C0CF4CE
:1096F000807C43EA0C03C4F8D03311F0040F0CD083
:109700000468D4F8D03323F480334FEA024C0CF4CD
:10971000803C43EA0C03C4F8D03311F0080F0CD09E
:109720000468D4F8D03323F080734FEA026C0CF055
:10973000807C43EA0C03C4F8D03311F0100F09D039
:109740000168D1F8D43323F0010302F001021A4377
:10975000C1F8D4235DF8044B704770B5044690F807
:10976000C100C0B2022828D00E46154694F8C03079
:10977000012B28D0012384F8C030022384F8C130A3
:1097800005291BD02046FFF7CEFC2A68C6EBC6038E
:1097900004EB83031A626A685A62AA689A62EA68EA
:1097A000DA622A691A6331462046FFF7DAFD01239F
:1097B00084F8C130002084F8C00070BD11462046F6
:1097C000FFF785FCE1E70220F7E738B5044690F89B
:1097D000C100C0B2022811D094F8C00001280ED0F8
:1097E000012584F8C050022084F8C1002046FFF70C
:1097F00040FD84F8C150002084F8C00038BD02202C
:10980000FCE700000268136823F490731360026899
:109810009168094B0B409360C36E012B06D0202347
:10982000C0F888300023C366036770470268136876
:1098300023F010031360F2E7FEFFFFEFD0F884304F
:10984000212B00D07047B0F856309BB253B9026854
:10985000136823F0800313600268136843F0400329
:1098600013607047036D1A7803689A62036D0133C1
:109870000365B0F856309BB2013B9BB2A0F856305E
:10988000E0E7D0F88430212B00D07047B0F8563094
:109890009BB253B90268136823F080031360026817
:1098A000136843F0400313607047036D1B88026820
:1098B000C3F308039362036D02330365B0F85630B7
:1098C0009BB2013B9BB2A0F85630DEE7D0F8843063
:1098D000212B00D07047B0F86A300CE00268936822
:1098E00023F4000393600268136843F0400313609D
:1098F0007047013B9BB2002BECD0B0F8562092B2DF
:10990000002AEBD00268D16911F0800FF1D0016D0F
:1099100009789162026D01320265B0F8562092B268
:10992000013A92B2A0F85620E3E7D0F88430212B18
:1099300000D07047B0F86A300CE00268936823F4F6
:10994000000393600268136843F04003136070479C
:10995000013B9BB2002BECD0B0F8562092B2002A0B
:10996000EBD00268D16911F0800FF1D0016D098848
:10997000C1F308019162026D02320265B0F856200F
:1099800092B2013A92B2A0F85620E1E7D0F88430C2
:10999000202B45D1002A18BF002943D090F88030F1
:1099A000012B41D0012380F880300165A0F85420BC
:1099B000A0F8562000234367C0F88C302123C0F85C
:1099C0008430436EB3F1005F0FD08368B3F5805FDE
:1099D00020D0164B4367002380F88030026813685C
:1099E00043F080031360002070478368B3F5805F05
:1099F0000AD00F4B4367002380F8803002689368D9
:109A000043F400039360EEE70369002BF1D1094BA7
:109A10004367F0E70369002BDBD1074B4367DAE7C5
:109A20000220704701207047022070473D980008CF
:109A3000CD9800082B99000883980008704708B556
:109A400001680A6822F040020A602022C0F88420DF
:109A500000224267FFF7F2FF08BD704708B5806B30
:109A60000023A0F85E30A0F85630FFF7F6FF08BDDF
:109A70007047000070B504460168CB6908688D68BE
:109A800040F60F021A4008D113F0200F05D010F055
:109A9000200F34D115F0805F31D12AB1A04A2A407D
:109AA00033D1A04E304230D1E26E012A00F0BB80AB
:109AB00013F4801F03D015F4800F40F0638113F07E
:109AC000800F07D010F0800F40F0638115F4000F75
:109AD00040F05F8113F0400F03D010F0400F40F0D2
:109AE0005F8113F4000F03D010F0804F40F05C81D1
:109AF00013F0807F02D00028C0F25A8170BD236F1E
:109B0000002BFBD020469847F8E713F0010F09D04F
:109B100010F4807F06D001260E62D4F88C103143F9
:109B2000C4F88C1013F0020F0BD015F0010F08D001
:109B3000216802260E62D4F88C1041F00401C4F8AA
:109B40008C1013F0040F0BD015F0010F08D0216812
:109B500004260E62D4F88C1041F00201C4F88C1077
:109B600013F0080F0BD010F0200F00D13AB122688B
:109B700008211162D4F88C200A43C4F88C2013F415
:109B8000006F0CD010F0806F09D022684FF4006194
:109B90001162D4F88C2042F02002C4F88C20D4F852
:109BA0008C20002AAAD013F0200F09D010F0200F2B
:109BB00002D115F0805F03D0236F0BB12046984788
:109BC000D4F88C2023689B6813F0400F02D112F068
:109BD000280F21D02046FFF715FE23689A6812F05F
:109BE000400F15D09A6822F040029A60E36F5BB193
:109BF0004D4A1A65E06FFDF7BDF800283FF47EAFCF
:109C0000E06F036D984779E72046FFF726FF75E779
:109C10002046FFF722FF71E72046FFF71EFF0023D3
:109C2000C4F88C306AE713F0100F3FF441AF10F026
:109C3000100F3FF43DAF10230B622268936813F0BE
:109C4000400F77D0E16F0B68384D3948834218BF19
:109C5000AB422DD0183083422AD01830834227D00F
:109C60001830834224D01830834221D018308342E8
:109C70001ED0183083421BD000F55670834217D097
:109C80001830834214D01830834211D018308342E8
:109C90000ED0183083420BD01830834208D01830D1
:109CA000834205D01830834202D05B689BB201E04A
:109CB0005B689BB2002B3FF421AFB4F85C00984284
:109CC0007FF61CAFA4F85E30CB69B3F5807F0AD174
:109CD000B4F85C10B4F85E309BB2C91A89B2204661
:109CE000FFF7C6FE0AE7136823F480731360226847
:109CF000936823F0010393602268936823F0400384
:109D000093602023C4F888300023E3662268136838
:109D100023F010031360E06FFCF78CFED8E700BF60
:109D200001000010200100045D9A000810000240AC
:109D300028000240B4F85C10B4F85E309BB2C91A37
:109D400089B2B4F85E309BB2002B3FF4D7AE002945
:109D50003FF4D4AE136823F49073136022689068C4
:109D6000154B034093602023C4F888300023E3663A
:109D700023672268136823F0100313602046FFF75F
:109D800077FEBBE64FF480130B62204600F060FCC8
:109D9000B4E6636F002B3FF4B1AE20469847ADE6C2
:109DA0002046FFF74CFEA9E6204600F053FCA5E64E
:109DB000204600F04EFCA1E6FEFFFFEF70B586B036
:109DC0000446016883680269134342691343C26908
:109DD00013430868884A024013430B6022685368A3
:109DE00023F44053E1680B435360A1692268834B1D
:109DF0009A4201D0236A19439068814B03400B4378
:109E000093602268D36A23F00F03616A0B43D36225
:109E100022687C4B9A4221D07B4B9A4200F08C8086
:109E20007A4B9A4200F0A280794B9A4200F0B580BA
:109E3000784B9A4200F0C880774B9A4200F0F48049
:109E4000764B9A4200F01981754B9A4200F02C81B2
:109E50006A4B9A4200F03F81802333E0714B5B6D87
:109E600003F03803282B65D8DFE813F029006400DD
:109E70006400640064006400640064004D016400D8
:109E80006400640064006400640064002B006400EB
:109E90006400640064006400640064005E006400A8
:109EA0006400640064006400640064006000640096
:109EB00064006400640064006400640062000123C4
:109EC00000E008234D498A4200F02F81E069B0F597
:109ED000004F00F0AF81202B00F20782202B00F210
:109EE0005182DFE813F01E0224024F024F022702C4
:109EF0004F024F024F022C024F024F024F024F02FD
:109F00004F024F024F0231024F024F024F024F02E7
:109F10004F024F024F024F024F024F024F024F02B9
:109F20004F024F024F023D021023CBE72023C9E727
:109F30004023C7E78023C5E73A4B5B6D03F0070377
:109F4000052B11D8DFE813F00600E10008000A0035
:109F50000C000E000023B5E70823B3E71023B1E798
:109F60002023AFE74023ADE78023ABE72D4B5B6DAC
:109F700003F00703052B0ED8DFE803F003C905073C
:109F8000090B00239EE708239CE710239AE7202370
:109F900098E7402396E7802394E7224B5B6D03F01C
:109FA0000703052B0ED8DFE803F003B40507090B00
:109FB000002387E7082385E7102383E7202381E731
:109FC00040237FE780237DE7164B5B6D03F007039B
:109FD000052B0ED8DFE803F0039F0507090B0023CC
:109FE00070E708236EE710236CE720236AE740231D
:109FF00068E7802366E700BFF369FFCF000C0058D5
:10A00000FFF4FF11001001400044004000480040F0
:10A01000004C004000500040001401400078004017
:10A02000007C0040004402587D4B5B6D03F0380318
:10A03000282B20D8DFE803F0151F1F1F1F1F1F1F2D
:10A04000711F1F1F1F1F1F1F171F1F1F1F1F1F1FD6
:10A05000191F1F1F1F1F1F1F1B1F1F1F1F1F1F1F1A
:10A060001D0001232EE708232CE710232AE72023D5
:10A0700028E7402326E7802324E7694B5B6D03F044
:10A080000703052B0ED8DFE803F0034A0507090B89
:10A09000002317E7082315E7102313E7202311E710
:10A0A00040230FE780230DE75D4B5B6D03F0070353
:10A0B000052B0ED8DFE803F003350507090B002355
:10A0C00000E70823FEE61023FCE62023FAE64023FF
:10A0D000F8E68023F6E603F50E339B6D03F00703E5
:10A0E000052B0ED8DFE803F0031F0507090B022339
:10A0F000E8E60823E6E61023E4E62023E2E6402330
:10A10000E0E68023DEE60423DCE60423DAE604232B
:10A11000D8E60423D6E60423D4E60423D2E60423B7
:10A12000D0E60423CEE60423CCE6202B27D8022B4E
:10A13000C0F01A81023B1E2B00F21881DFE813F0F9
:10A140005000160156001601160116015B0016019B
:10A1500016011601160116011601160160001601FE
:10A160001601160116011601160116011601160137
:10A170001601160116011601160116016C00402B7E
:10A180002CD14FF40040626A264B33F81220B0FB0A
:10A19000F2F3656805EB4501994200F2E980B3EB03
:10A1A000053F00F2E780002633463146F6F7F0F827
:10A1B000090241EA106100026B08C0182A463346C2
:10A1C00041F10001F6F7E4F8A0F54072164B9A420F
:10A1D00000F2D2802368D8603046D4E00120D2E07B
:10A1E000FBF708FA0028CED10020CCE003A8FBF74B
:10A1F00013FA0498F6E76846FBF70AFB0198F1E7C3
:10A20000074B1B6813F0200F08D0054B1B68C3F3E6
:10A21000C1030648D840E5E70548B4E70348B2E77C
:10A220000044025810EF0008FFFC0F000090D0031C
:10A2300000093D00202B15D8202B00F29F80DFE87D
:10A2400003F031379D9D3A9D9D9D3F9D9D9D9D9D18
:10A250009D9D449D9D9D9D9D9D9D9D9D9D9D9D9D87
:10A260009D9D5000402B1BD1626A4D4B33F812303C
:10A27000B0FBF3F06268530803EB4000B0FBF2F070
:10A2800080B2A0F110024FF6EF739A4278D820F016
:10A290000F03C0F3420018432368D860002072E027
:10A2A000012070E0FAF794FB0028DDD100206AE07D
:10A2B000FAF7A0FBF8E703A8FBF7AEF90498F3E779
:10A2C0006846FBF7A5FA0198EEE7364B1B6813F0DA
:10A2D000200F08D0334B1B68C3F3C1033248D8406A
:10A2E000E2E73248C0E73048BEE7402B17D14FF4D1
:10A2F0000040626A2A4B33F81230B0FBF3F0636817
:10A3000000EB5300B0FBF3F080B2A0F110024FF667
:10A31000EF739A4241D82368D860002033E00120CF
:10A3200031E0FAF755FB0028E3D100202BE0FAF7E3
:10A3300061FBF8E703A8FBF76FF90498F3E76846B9
:10A34000FBF766FA0198EEE7164B1B6813F0200F37
:10A3500008D0144B1B68C3F3C1031348D840E2E78D
:10A360001248C6E71048C4E701200CE001200AE0CB
:10A37000012008E0012006E0012004E0012002E0C5
:10A38000012000E001200123A4F86A30A4F868301D
:10A3900000232367636706B070BD0120F3E700BFA9
:10A3A00010EF0008004402580090D00300093D005F
:10A3B000836A13F0010F06D00268536823F4003358
:10A3C000C16A0B435360836A13F0020F06D0026820
:10A3D000536823F48033016B0B435360836A13F09B
:10A3E000040F06D00268536823F48023416B0B43AB
:10A3F0005360836A13F0080F06D00268536823F491
:10A400000043816B0B435360836A13F0100F06D037
:10A410000268936823F48053C16B0B439360836A93
:10A4200013F0200F06D00268936823F40053016CE8
:10A430000B439360836A13F0400F0AD0026853689D
:10A4400023F48013416C0B435360436CB3F5801FBE
:10A450000BD0836A13F0800F06D00268536823F490
:10A460000023C16C0B43536070470268536823F4A8
:10A47000C003816C0B435360EBE72DE9F8430546BD
:10A480000F4616469946DDF820802C68E46937EAC5
:10A4900004030CBF4FF0010C4FF0000CB44541D148
:10A4A000B8F1FF3FF1D0FDF733FAA0EB09004045CA
:10A4B00024D8B8F1000F21D02B681A6812F0040FCD
:10A4C000E3D0DA6912F4006FDFD04FF400621A6251
:10A4D0002A68136823F4D07313602A68936823F002
:10A4E000010393602023C5F88430C5F88830C5F88F
:10A4F0008C30002385F88030032014E02A6813682C
:10A5000023F4D07313602A68936823F001039360E7
:10A510002023C5F88430C5F88830002385F88030C2
:10A52000032000E00020BDE8F88330B583B0044686
:10A530000023C0F88C30FDF7EBF90546226812685D
:10A5400012F0080F0FD123681B6813F0040F18D105
:10A550002023C4F88430C4F888300020E06684F8F2
:10A56000800003B030BD6FF07E43009303460022AD
:10A570004FF400112046FFF780FF0028E3D00320AE
:10A58000EFE76FF07E4300932B4600224FF48001EB
:10A590002046FFF772FF0028DAD00320E1E778B306
:10A5A00010B50446D0F884300BB32423C4F88430AB
:10A5B0002268136823F0010313602046FFF7FEFBB7
:10A5C000012813D0A36ABBB92268536823F49043CF
:10A5D00053602268936823F02A039360226813680B
:10A5E00043F0010313602046FFF79FFF10BD80F882
:10A5F0008030F7F7B5FBD8E72046FFF7D9FEE3E751
:10A6000001207047436E2BB90123A0F86A30A0F8EF
:10A610006830704730B403689A68C2F34262996840
:10A62000490F094D6B5C1B01084C615C93FBF1F316
:10A63000A0F86A30AB5C1B01A25C93FBF2F3A0F8BC
:10A64000683030BC704700BF30EF000828EF0008CA
:10A6500070477047704790F88030012B18D0012365
:10A6600080F880302423C0F8843003681A681968A1
:10A6700021F00101196022F00052002343660168B5
:10A680000A602022C0F8842080F880301846704785
:10A690000220704738B590F88030012B1DD0044659
:10A6A000012380F880302423C0F8843003681D68BB
:10A6B0001A6822F001021A600268936823F060436E
:10A6C00019439160FFF79EFF23681D602023C4F8A3
:10A6D0008430002084F8800038BD0220FCE738B5C3
:10A6E00090F88030012B1DD00446012380F8803083
:10A6F0002423C0F8843003681D681A6822F0010220
:10A700001A600268936823F0606319439160FFF751
:10A7100079FF23681D602023C4F88430002084F86A
:10A72000800038BD0220FCE710B586B0044683687F
:10A73000026913434269134343F400430168086804
:10A740008B4A024013430B60236A43F40062A369FF
:10A75000E1690B431343E2681A4321684868854B5B
:10A76000034013434B602268D36A23F00F03616AEE
:10A770000B43D3622368804A93421AD07F4A9342A4
:10A7800049D07F4A934255D07E4A934261D00023FC
:10A790000120A3F110014FF6EF72914200F2A08266
:10A7A0009AB222F00F02C3F3420313432268D3602C
:10A7B00097E2754B5B6D03F03803282B00F284821F
:10A7C000DFE813F0B7008202820282028202820274
:10A7D00082028202030182028202820282028202D9
:10A7E0008202820243018202820282028202820289
:10A7F0008202820283018202820282028202820239
:10A8000082028202070282028202820282028202A3
:10A810008202820244025C4B5B6D03F00703052B4E
:10A8200000F25582DFE813F04700D1001101510119
:10A83000D5011202544B5B6D03F00703052B00F2A8
:10A840004982DFE813F03800C20002014201C6016C
:10A8500003024D4B5B6D03F03803282B00F23D8261
:10A86000DFE813F067003B023B023B023B023B0286
:10A870003B023B02B3003B023B023B023B023B027A
:10A880003B023B02F3003B023B023B023B023B022A
:10A890003B023B0233013B023B023B023B023B02D9
:10A8A0003B023B02B7013B023B023B023B023B0245
:10A8B0003B023B02F401FAF78BF8636AD3B1012B38
:10A8C00023D0022B23D0032B23D0042B23D0052B02
:10A8D00023D0062B23D0072B23D0082B23D0092BE2
:10A8E00023D00A2B23D00B2B01D0012303E04FF4FC
:10A8F000807300E00123B0FBF3F261684B0803EBC7
:10A900004203B3FBF1F3002043E70223F3E7042300
:10A91000F1E70623EFE70823EDE70A23EBE70C2333
:10A92000E9E71023E7E72023E5E74023E3E7802377
:10A93000E1E7FAF75FF8636A43B3012B31D0022BEA
:10A9400031D0032B31D0042B31D0052B31D0062B45
:10A9500031D0072B31D0082B31D0092B31D00A2B25
:10A9600031D00B2B01D0012311E04FF480730EE0A6
:10A97000F369FFCFF6C0FFFF001001400044004024
:10A980000048004000140140004402580123B0FB7D
:10A99000F3F261684B0803EB4203B3FBF1F30020D1
:10A9A000F7E60223F3E70423F1E70623EFE70823A2
:10A9B000EDE70A23EBE70C23E9E71023E7E7202381
:10A9C000E5E74023E3E78023E1E703A8FAF724FE65
:10A9D000049B626AD2B1012A23D0022A23D0032A1F
:10A9E00023D0042A23D0052A23D0062A23D0072ADD
:10A9F00023D0082A23D0092A23D00A2A23D00B2ABD
:10AA000001D0012203E04FF4807200E00122B3FB89
:10AA1000F2F261684B0803EB4203B3FBF1F3002051
:10AA2000B7E60222F3E70422F1E70622EFE7082265
:10AA3000EDE70A22EBE70C22E9E71022E7E7202204
:10AA4000E5E74022E3E78022E1E76846FAF7E0FE27
:10AA5000019B626AD2B1012A23D0022A23D0032AA1
:10AA600023D0042A23D0052A23D0062A23D0072A5C
:10AA700023D0082A23D0092A23D00A2A23D00B2A3C
:10AA800001D0012203E04FF4807200E00122B3FB09
:10AA9000F2F261684B0803EB4203B3FBF1F30020D1
:10AAA00077E60222F3E70422F1E70622EFE7082225
:10AAB000EDE70A22EBE70C22E9E71022E7E7202284
:10AAC000E5E74022E3E78022E1E78A4B1B6813F0C9
:10AAD000200F41D0874B1A68C2F3C102864BD34086
:10AAE000626AD2B1012A23D0022A23D0032A23D0BA
:10AAF000042A23D0052A23D0062A23D0072A23D0CC
:10AB0000082A23D0092A23D00A2A23D00B2A01D0CD
:10AB1000012203E04FF4807200E00122B3FBF2F265
:10AB200061684B0803EB4203B3FBF1F3002030E60E
:10AB30000222F3E70422F1E70622EFE70822EDE71D
:10AB40000A22EBE70C22E9E71022E7E72022E5E7FB
:10AB50004022E3E78022E1E7636AD3B1012B24D0EE
:10AB6000022B24D0032B24D0042B24D0052B24D05B
:10AB7000062B24D0072B24D0082B24D0092B24D03B
:10AB80000A2B24D00B2B01D0012203E04FF480725A
:10AB900000E00122584BB3FBF2F261684B0803EB73
:10ABA0004203B3FBF1F30020F3E50222F2E70422B3
:10ABB000F0E70622EEE70822ECE70A22EAE70C2299
:10ABC000E8E71022E6E72022E4E74022E2E78022DD
:10ABD000E0E7636AD3B1012B24D0022B24D0032BEE
:10ABE00024D0042B24D0052B24D0062B24D0072BD3
:10ABF00024D0082B24D0092B24D00A2B24D00B2BB3
:10AC000001D0012203E04FF4807200E001223B4BAF
:10AC1000B3FBF2F261684B0803EB4203B3FBF1F3C1
:10AC20000020B6E50222F2E70422F0E70622EEE772
:10AC30000822ECE70A22EAE70C22E8E71022E6E71E
:10AC40002022E4E74022E2E78022E0E7636AD3B112
:10AC5000012B25D0022B25D0032B25D0042B25D06A
:10AC6000052B25D0062B25D0072B25D0082B25D04A
:10AC7000092B25D00A2B25D00B2B01D0012203E074
:10AC80004FF4807200E001224FF40043B3FBF2F274
:10AC900061684B0803EB4203B3FBF1F3002078E556
:10ACA0000222F1E70422EFE70622EDE70822EBE7B4
:10ACB0000A22E9E70C22E7E71022E5E72022E3E792
:10ACC0004022E1E78022DFE70023012061E5002345
:10ACD00001205EE5002301205BE50023012058E50B
:10ACE00001200123A38763870023A364E36406B0E4
:10ACF00010BD00BF004402580090D00300093D0081
:10AD00002DE9F84305460F4616469946DDF82080A2
:10AD10002C68E46937EA04030CBF4FF0010C4FF0D4
:10AD2000000CB44513D1B8F1FF3FF1D0FCF7F0FDB2
:10AD3000A0EB0900404502D8B8F1000FE8D101238B
:10AD400085F85930002385F85830032000E00020B2
:10AD5000BDE8F88330B583B004460023C365FCF733
:10AD6000D7FD05462268126812F0080F0CD123683F
:10AD70001B6813F0040F15D1012384F8593000200B
:10AD800084F8580003B030BD4FF47A730093034643
:10AD900000224FF400112046FFF7B2FF0028E6D052
:10ADA0000320EFE74FF47A7300932B4600224FF411
:10ADB00080012046FFF7A4FF0028DDD00320E1E753
:10ADC00048B310B5044690F85930FBB1022384F81B
:10ADD00059302268136823F0010313602046FFF7FF
:10ADE000A3FC012811D02268536823F480435360E8
:10ADF0002268936823F02A0393602268136843F063
:10AE0000010313602046FFF7A5FF10BD80F85830FE
:10AE1000F7F760F9DAE7012070470000436C1BB9CF
:10AE2000012383874387704730B403689A68C2F36D
:10AE300042629968490F084D6B5C1B01074C615CCD
:10AE400093FBF1F38387AB5C1B01A25C93FBF2F3F2
:10AE5000438730BC704700BF40EF000838EF000860
:10AE600090F85830012B18D04FF0010C80F858C0E2
:10AE7000022380F8593003681A68196821F001012B
:10AE8000196022F000520023436401680A6080F8D0
:10AE900059C080F85830184670470220704790F823
:10AEA0005830012B1DD070B50446012580F858504C
:10AEB000022380F8593003681E681A6822F00102E4
:10AEC0001A600268936823F0604319439160FFF7AA
:10AED000A5FF23681E6084F85950002084F85800AC
:10AEE00070BD0220704790F85830012B1DD070B50E
:10AEF0000446012580F85850022380F85930036831
:10AF00001E681A6822F001021A600268936823F032
:10AF1000606319439160FFF781FF23681E6084F826
:10AF20005950002084F8580070BD0220704738B591
:10AF300004460268D36823F0A003D360FCF7E8FC62
:10AF400005462368DB6813F0200F07D1FCF7E0FC0F
:10AF5000401BB0F57A7FF4D9032000E0002038BD13
:10AF600070B50368DA6812F0400F02D00026304650
:10AF700070BD04464FF0FF32DA60FCF7C9FC0546AD
:10AF800000262368DB6813F0400FF0D1FCF7C0FC0B
:10AF9000401BB0F57A7FF4D9032684F82160F0E7EE
:10AFA00010B50446114BDA6822F04002DA609B6863
:10AFB00013F0200F07D1FFF7BAFF0346A0B1032318
:10AFC00084F8213010E0094A936823F0200393604D
:10AFD000FFF7ADFF034610B1032384F82130034986
:10AFE0008A6842F020028A60184610BD004000586E
:10AFF000002844D038B5044690F82130A3B102238C
:10B0000084F821302368CA225A62236853225A6284
:10B010002046FFF7A5FF60B12368FF225A6210B9EE
:10B02000012384F8213038BD80F82030F7F7D2F8BA
:10B03000E5E722689168134B0B40936021688A68AA
:10B04000636820690343A069034313438B60A168CD
:10B05000E368226843EA014313612046FFF7A0FF3B
:10B060000028D9D12268D36C23F00303D36421686C
:10B07000CB6CE26965692A431343CB64CCE70120BA
:10B08000704700BFBFFF8FFFC36B5B09C06808300C
:10B09000C00803FB00007047002800F09F8070B5D7
:10B0A0000446002383620568504B514E9D4218BFF1
:10B0B000B54214BF0126002607D0A3F574439D4274
:10B0C00003D0C3680F2B00F28B802046FFF7DCFF14
:10B0D0002EB1484B9D4202D0082800F28380434A9B
:10B0E000434B9D4218BF954203D003F580639D42B8
:10B0F00001D1102878D894F88130002B54D0022345
:10B1000084F881302268136823F001031360A36977
:10B11000B3F1806F4ED0E369A26A1343E26B13432D
:10B12000E16822680B439360636B626A1343A26B0E
:10B130001343A26913432269134362691343226ACA
:10B14000134362681343E26C1343A2681343A26C77
:10B150001343A16D22680B43D36063686BB9226807
:10B16000936823F4C05343F40063936022689368A8
:10B1700023F4C06343F4806393602268136D23F06B
:10B1800001031365636813F4800F06D02268D36847
:10B1900023F00043616D0B43D3600020C4F88400AA
:10B1A000012384F8813070BD84F880302046F7F7A1
:10B1B000E7F8A4E76368B3F5800F06D0002BAAD1A7
:10B1C000A36BB3F1805FA6D102E0A26B002AF5D198
:10B1D0002268136843F4805313609CE70120704792
:10B1E0000120E0E70120DEE70120DCE7003001403C
:10B1F00000380040003C0040F0B4036A23F0010333
:10B200000362036A466884691F4A22400D68154339
:10B2100023F002038C6823431C4A1D4CA04218BF34
:10B2200090420CBF012200220CD004F58044A042C1
:10B2300014BF00240124174FB84203D014B9164C90
:10B24000A04205D123F00803CC68234323F0040374
:10B250005AB9124A904214BF002201220D4CA0425A
:10B2600003D012B90C4A904207D126F4407C4A69B7
:10B2700042EA0C0C8E6946EA0C06466085614A6813
:10B2800042630362F0BC70478CFFFEFF0000014088
:10B2900000040140004001400048014000440140DA
:10B2A00070B4036A23F480730362036A4568C26959
:10B2B00022F073020E68164323F400738A6843EA8F
:10B2C0000223164A164CA04218BF90420CBF01221E
:10B2D000002206D123F40063CC6843EA042323F45C
:10B2E00080635AB90F4A904214BF002201220E4CCB
:10B2F000A04203D012B90D4A904207D125F4405C18
:10B300004A694CEA021C8D694CEA05154560C66124
:10B310004A68C263036270BC704700BF000001400E
:10B320000004014000440140004001400048014049
:10B3300070B4036A23F480530362036A4468C269E9
:10B3400022F4E6420D6842EA052223F400538D6898
:10B3500043EA05330F4E104DA84218BFB0420DD03E
:10B3600005F58045A84214BF0025012506F5804655
:10B37000B04203D015B9094DA84204D124F4804449
:10B380004D6944EA85144460C2614A6802640362FC
:10B3900070BC7047000001400004014000480140BB
:10B3A00070B4036A23F480330362036A4268446D15
:10B3B00024F0700C0C6844EA0C0623F400338C680B
:10B3C00043EA04430F4D104CA04218BFA8420DD0D1
:10B3D00004F58044A04214BF0024012405F58045F3
:10B3E000A84203D014B9094CA04204D122F48032FF
:10B3F0004C6942EA0422426046654A6882650362FB
:10B4000070BC70470000014000040140004801404A
:10B4100070B4036A23F480130362036A4468426DC4
:10B4200022F4E0420D6842EA052223F400138D68FD
:10B4300043EA05530F4E104DA84218BFB0420DD03D
:10B4400005F58045A84214BF0025012506F5804674
:10B45000B04203D015B9094DA84204D124F40034F8
:10B460004D6944EA8524446042654A68C2650362C6
:10B4700070BC7047000001400004014000480140DA
:10B4800010B4036A046A24F001040462846924F09D
:10B49000F00C4CEA021223F00A030B4382610362B0
:10B4A0005DF8044B704730B4046A24F01004046261
:10B4B0008469056A24F4407C4CEA022C2CF4704C1C
:10B4C0001B039BB243EA0C0325F0A005090101F020
:10B4D000A00129438361016230BC704710B4046A43
:10B4E00024F0100404628469036A24F4704C4CEA6A
:10B4F000023223F0A00343EA0113826103625DF884
:10B50000044B704730B4046A24F480740462C46944
:10B51000056A24F0030C4CEA020C2CF0F00C1B0121
:10B52000DBB243EA0C0325F42065090201F4206133
:10B530002943C361016230BC704730B4046A24F40B
:10B5400080540462C469056A24F4407C4CEA022CED
:10B550002CF4704C1B039BB243EA0C0325F42045EA
:10B56000090301F420412943C361016230BC7047E3
:10B570008268034B13400B4343F00703836070471B
:10B580008FFFCFFF7047704770477047704710B507
:10B59000044603681A6912F0020F11D0DA6812F03B
:10B5A000020F0DD06FF002021A61012303770368C6
:10B5B0009B6913F0030F79D0FFF7E6FF0023237791
:10B5C00023681A6912F0040F12D0DA6812F0040F1F
:10B5D0000ED06FF004021A610223237723689B695F
:10B5E00013F4407F68D02046FFF7CEFF0023237777
:10B5F00023681A6912F0080F12D0DA6812F0080FE7
:10B600000ED06FF008021A61042323772368DB69E8
:10B6100013F0030F57D02046FFF7B6FF0023237720
:10B6200023681A6912F0100F12D0DA6812F0100FA6
:10B630000ED06FF010021A61082323772368DB69AC
:10B6400013F4407F46D02046FFF79EFF0023237768
:10B6500023681A6912F0010F03D0DA6812F0010FA3
:10B660003FD123681A6912F0800F03D0DA6812F014
:10B67000800F3DD123681A6912F4807F03D0DA6805
:10B6800012F0800F3BD123681A6912F0400F03D0EB
:10B69000DA6812F0400F39D123681A6912F0200FCE
:10B6A00003D0DA6812F0200F37D110BDFFF76BFF1F
:10B6B0002046FFF76AFF81E72046FFF764FF204638
:10B6C000FFF763FF92E72046FFF75DFF2046FFF795
:10B6D0005CFFA3E72046FFF756FF2046FFF755FF24
:10B6E000B4E76FF001021A612046FFF74BFFB8E79D
:10B6F0006FF080021A61204600F059FCBAE76FF43F
:10B7000080721A61204600F053FCBCE76FF04002E3
:10B710001A612046FFF73AFFBEE76FF020021A6178
:10B72000204600F043FCC0E730B50368394A904238
:10B7300014BF4FF0000E4FF0010EB0F1804F14BF58
:10B7400072464EF00102AAB9334CA04214BF002445
:10B750000124324DA8420DD064B904F1804404F5AF
:10B760008234A04214BF0024012405F50065A842DC
:10B7700000D01CB123F070034C68234312BB264A4F
:10B78000904214BF00220122244CA0421AD0CAB910
:10B7900002F1804202F58232904214BF002201225F
:10B7A00004F50064A0420DD062B91D4A904214BF56
:10B7B0000022012204F59A34A04203D012B9194A9A
:10B7C000904204D123F4407CCB6843EA0C0323F07D
:10B7D00080034A69134303608A68C2620A6882620E
:10B7E000114A904214BF73464EF0010363B90C4BEB
:10B7F000984214BF0023012302F57052904203D0F7
:10B8000013B9084B984201D10B69036301234361CB
:10B8100030BD00BF000001400008004000040040AF
:10B8200000440140004801400004014060B310B5ED
:10B83000044690F83D3013B3022384F83D3021468E
:10B8400051F8040BFFF770FF012384F8483084F8A7
:10B850003E3084F83F3084F8403084F8413084F83A
:10B86000423084F8433084F8443084F8453084F81A
:10B87000463084F8473084F83D30002010BD80F811
:10B880003C30F7F7D7F8D7E70120704760B310B521
:10B89000044690F83D3013B3022384F83D3021462E
:10B8A00051F8040BFFF740FF012384F8483084F877
:10B8B0003E3084F83F3084F8403084F8413084F8DA
:10B8C000423084F8433084F8443084F8453084F8BA
:10B8D000463084F8473084F83D30002010BD80F8B1
:10B8E0003C30F7F723FAD7E70120704760B310B573
:10B8F000044690F83D3013B3022384F83D302146CE
:10B9000051F8040BFFF710FF012384F8483084F846
:10B910003E3084F83F3084F8403084F8413084F879
:10B92000423084F8433084F8443084F8453084F859
:10B93000463084F8473084F83D30002010BD80F850
:10B940003C30F7F70BF9D7E70120704700284FD0BC
:10B95000F8B50D46044690F83D30002B43D0022345
:10B9600084F83D3022689168224B0B409360214659
:10B9700051F8040BFFF7D8FE206881688369026ADA
:10B980002E680E431C491940AB68AF6943EA072390
:10B9900043EA010C194B0CEA0303E968EF6941EA39
:10B9A000072119432B6A1B032F6943EA07130B4333
:10B9B00022F0AA016A686D6942EA05120A438660AC
:10B9C00021688B6123681A62012384F8483084F867
:10B9D0003E3084F83F3084F8443084F8453084F8B1
:10B9E0003D300020F8BD80F83C30F7F7B9F9B6E7F4
:10B9F00001207047F8BFFEFFFCFCFFFF0303FFFFC1
:10BA000070B4036A23F010030362036A4568846913
:10BA10001A4A22400E6842EA062623F020038A686A
:10BA200043EA0213164A174CA04218BF90420CBFBB
:10BA30000122002206D123F08003CC6843EA0413DC
:10BA400023F040035AB9104A904214BF0022012249
:10BA50000E4CA04203D012B90D4A904207D125F4F2
:10BA6000406C4A694CEA820C8D694CEA8505456058
:10BA700086614A688263036270BC7047FF8CFFFE78
:10BA8000000001400004014000440140004001402A
:10BA90000048014038B590F83C30012B00F08C8014
:10BAA00004460D46012380F83C30142A1ED8DFE8F6
:10BAB00002F00B1D1D1D211D1D1D351D1D1D481DC9
:10BAC0001D1D5C1D1D1D6F000068FFF795FB2268A2
:10BAD000936943F0080393612268936923F0040398
:10BAE00093612268936929690B439361002084F86C
:10BAF0003C0038BD0068FFF783FF2268936943F478
:10BB0000006393612268936923F4806393612268E0
:10BB10009369296943EA01239361E7E70068FFF726
:10BB2000BFFB2268D36943F00803D3612268D3695D
:10BB300023F00403D3612268D36929690B43D361DD
:10BB4000D4E70068FFF7F4FB2268D36943F400638D
:10BB5000D3612268D36923F48063D3612268D369F7
:10BB6000296943EA0123D361C0E70068FFF718FCA5
:10BB70002268536D43F0080353652268536D23F028
:10BB8000040353652268536D29690B435365ADE780
:10BB90000068FFF73DFC2268536D43F40063536572
:10BBA0002268536D23F4806353652268536D2969BD
:10BBB00043EA0123536599E702209AE770B494465B
:10BBC000046A24F0010404628469066A1D4DB0F120
:10BBD000804F18BFA84223D01B4A904214BF0022B6
:10BBE0000122A5F57C45A8421AD0CAB902F18042CB
:10BBF00002F58232904214BF0022012205F5006551
:10BC0000A8420DD062B9114A904214BF002201220D
:10BC100005F54065A84203D012B944F0010203E0E3
:10BC200024F0030242EA0C0222F0F0021B01DBB214
:10BC3000134326F00A0201F00A01114383610162F5
:10BC400070BC704700000140000800400040014007
:10BC500038B590F83C30012B52D004460D460123F4
:10BC600080F83C30C2B1042A27D0082A37D0CB68EC
:10BC70004A6809680068FFF760FC2268D36923F40A
:10BC80004063D3612268D369A96843EA0123D36181
:10BC9000002084F83C0038BDCB684A680968006819
:10BCA000FFF78CFF2268936923F00C0393612268ED
:10BCB0009369A9680B439361EAE7CB684A6809680E
:10BCC0000068FFF7F0FB2268936923F440639361F7
:10BCD00022689369A96843EA01239361D8E7CB6896
:10BCE0004A6809680068FFF70DFC2268D36923F0F1
:10BCF0000C03D3612268D369A9680B43D361C7E7FA
:10BD00000220C8E710B4846824F47F4C42EA03227E
:10BD10000A4342EA0C0282605DF8044B704700005F
:10BD200090F83C30012B77D010B50446012380F801
:10BD30003C30022380F83D3002689068374B034066
:10BD400093600B68602B53D00ED9B3F5005F43D0DE
:10BD50002DD9334A934225D037D9324A934221D044
:10BD6000103293421ED013E0402B4BD00BD9502BF6
:10BD70000ED1CA6849682068FFF782FB502120680D
:10BD8000FFF7F6FB04E0202B0CD008D9302B09D0AC
:10BD9000012384F83D30002084F83C0010BD0BB135
:10BDA000102BF5D119462068FFF7E2FBF0E7702B66
:10BDB000EED1CB684A6889682068FFF7A3FF226844
:10BDC000936843F077039360E2E7B3F5801FE9D00F
:10BDD000B3F1101FE6D0DBE7CB684A6889682068BA
:10BDE000FFF790FF2268936843F480439360CFE7A6
:10BDF000CA6849682068FFF771FB60212068FFF777
:10BE0000B7FBC5E7CA6849682068FFF739FB4021DE
:10BE10002068FFF7ADFBBBE7022070478800CEFF2C
:10BE2000200010003000100010B50468A368224AFA
:10BE30001A404B681343214A1A400B681343A3600E
:10BE40004B68602B2CD00CD8402B14D0502B06D133
:10BE50000A6989680068FFF713FB002028E00020CA
:10BE600026E0702B23D10B698A68C9680068FFF748
:10BE700049FF00201CE00B68052B1AD003681C6AE0
:10BE80001A6A22F001021A620268936923F0F00331
:10BE9000096943EA0113936103681C62002007E00B
:10BEA0000A6989680068FFF719FB002000E000209C
:10BEB00010BD0120FCE700BF8FFFCFFFF8FFFEFFA2
:10BEC00090F83C30012B22D010B50446012380F8B5
:10BED0003C30022380F83D30FFF7A6FF80B922688E
:10BEE000D36823F04003D3602268D36823F48043EF
:10BEF000D360012384F83D30002384F83C3010BD2A
:10BF0000012084F83D00002384F83C30F7E702204C
:10BF10007047000090F83C30012B41D070B40123F1
:10BF200080F83C30022380F83D3003685A689C68F2
:10BF30001C4E1D4DAB4218BFB34203D122F4700218
:10BF40004D682A4322F070020D682A435A60036844
:10BF5000144AB3F1804F18BF934213D0A2F57C422C
:10BF600093420FD002F5806293420BD002F58062BB
:10BF7000934207D002F57842934203D0A2F56C4277
:10BF8000934204D124F080048A6814439C60012306
:10BF900080F83D30002380F83C30184670BC704774
:10BFA00002207047000001400004014070477047C4
:10BFB00070470000294AD2F8883043F47003C2F871
:10BFC0008830274B1B6803F00F03062B06D8244A42
:10BFD000136823F00F0343F007031360214B1A6823
:10BFE00042F001021A6000221A6119681E4A0A40D2
:10BFF0001A601B4B1B6813F0080F06D0184A136811
:10C0000023F00F0343F007031360164B00229A61DD
:10C01000DA611A62154999621549D962154919639D
:10C020005A639963DA6319645A64196821F48021A8
:10C0300019601A66104B1A68104B1340B3F1005F79
:10C0400003D20F4B0122C3F808210E4B43F2D20258
:10C050001A60024B4FF000629A60704700ED00E0FA
:10C0600000200052004402587FEDF6EA000202026E
:10C070000000FF01800201010010005C0000FFFFD2
:10C08000008000510040005210B503460C4A0D4993
:10C090000D48006840B10C4800680344521A9342AE
:10C0A00006D8094A136010BD0748084C0460F2E73F
:10C0B00000F072F80C2303604FF0FF30F3E700BF8D
:10C0C000000008240004000030120024481200245C
:10C0D0000120704708B500F05FF8162303604FF0A9
:10C0E000FF3008BD08B54FF0FF31FFF7F3FFFEE763
:10C0F00070B50C461646002506E0AFF300802146D9
:10C1000001F8010B01350C46B542F6DB304670BD37
:10C1100070B50C461646002504E014F8010BAFF389
:10C1200000800135B542F8DB304670BD4FF0FF307E
:10C1300070474FF400534B60002070470120704758
:10C1400000207047DFF834D0FFF734FF0C480D496A
:10C150000D4A002302E0D458C4500433C4188C4262
:10C16000F9D30A4A0A4C002301E013600432A242C8
:10C17000FBD300F017F8F4F7BFFB7047000008246A
:10C1800000000024E00100248CF30008E0010024FA
:10C1900044120024FEE70000014B1868704700BFFE
:10C1A0001000002470B50D4D0D4C641BA41000262A
:10C1B000A64209D10B4D0C4C02F05EFE641BA4108C
:10C1C0000026A64205D170BD55F8043B98470136BC
:10C1D000EEE755F8043B98470136F2E784F3000890
:10C1E00084F3000884F3000888F30008024403463F
:10C1F000934200D1704703F8011BF9E7F0B52DED2C
:10C20000028BB0EE408B85B017460D9D0C9E18EE4C
:10C21000902A25F02005002AB6BF2D220022B1EE7B
:10C22000408B462D0C461A7004D0452D00D10134A8
:10C23000022100E0032103AB019302AB00932246ED
:10C240003346B0EE480B00F0CBFC472D01D1FB0785
:10C250001AD5462D00EB04020CD10378302B07D100
:10C26000B5EE408BF1EE10FA1CBFC4F1010434604E
:10C2700033681A44B5EE408BF1EE10FA08BF039212
:10C280003021039B934207D3039B0E9A1B1A136022
:10C2900005B0BDEC028BF0BD5C1C03941970F0E797
:10C2A000F7B503460029B8BF494203F8022BB4BFD3
:10C2B0002D222B22092942702ADD0DF10704A44604
:10C2C0000A27A6460A4691FBF7F607FB16153035F6
:10C2D000632A04F1FF340EF8015C3146F1DC3031A1
:10C2E000AEF1020504F8011C441C294661450AD33D
:10C2F0000DF10902A2EB0E02654588BF002213442E
:10C30000181A03B0F0BD11F8012B04F8012FEDE766
:10C31000302330318370C170031DF1E7000000004D
:10C320002DE9F04F8BB00C46DDF8508016461F46C5
:10C33000054601F0C3F9D0F800B05846F3F7D0FF36
:10C3400000230893D8F8003094F818902268073337
:10C3500023F0070303F10801C8F800108246D3E96F
:10C360000001C4E912019FED987B94ED120BB0EE31
:10C37000C06BB4EE476BF1EE10FA24DDB5EEC00BE6
:10C38000F1EE10FA02D52D2384F84330904B9148FA
:10C39000B9F1470F94BF984680460323236122F0EA
:10C3A00004020023226004930097334609AA214621
:10C3B000284600F0D3F9013040F08A804FF0FF307A
:10C3C0000BB0BDE8F08FB4EE400BF1EE10FA09D7D8
:10C3D00010EE903A002BBCBF2D2384F843307E48EA
:10C3E0007E4BD5E7636809F0DF010491591C3CD10D
:10C3F000062363600023039308ABCDE9019342F465
:10C40000806207AB6168009322600DF11B03284630
:10C41000FFF7F4FE049B0799472B804608D1C81C00
:10C4200002DB6368994241DDA9F102095FFA89F9EB
:10C43000B9F1650F20D801394A4604F1500007913F
:10C44000FFF72EFF089A04901318012A236102DCDB
:10C450002268D20701D5013323619DF81B30002BE0
:10C46000A2D02D2384F843309EE704994729C1D1F7
:10C47000002BBFD10123BCE7B9F1660F18D1002909
:10C4800063680BDD216113B92268D00702D501333F
:10C490000B4423610023A1650493DEE713B92268EE
:10C4A000D20701D50233F4E70123F2E74FF0670921
:10C4B000089B994205DB23682161D807EAD54B1C0C
:10C4C000E7E70029D4BFC1F1020201221344E0E7EB
:10C4D00023685A0507D42369424631462846B8479F
:10C4E00001302AD16AE7B9F1650F40F2E28094ED9C
:10C4F000127BB5EE407BF1EE10FA33D1384A0123BE
:10C5000031462846B84701303FF458AFDDE90723EC
:10C510009A4202DB2368D8070FD553465A46314664
:10C520002846B84701303FF449AF4FF0000804F106
:10C530001A09089B013B434509DC23689B0700F16E
:10C540000881E068099B9842B8BF184638E7012384
:10C550004A4631462846B84701303FF42FAF08F12C
:10C560000108E6E7079B002B3CDC1D4A012331460E
:10C570002846B84701303FF421AFDDE907231343D4
:10C5800002D12368D907D8D553465A4631462846A2
:10C59000B84701303FF412AF4FF0000904F11A0A16
:10C5A000079B5B424B4501DC089B95E70123524604
:10C5B00031462846B84701303FF400AF09F1010980
:10C5C000EEE700BFAFF30080FFFFFFFFFFFFEF7F4D
:10C5D0005CEF000860EF000868EF000864EF0008F7
:10C5E0006CEF0008089AA36D9A42A8BF1A46002A69
:10C5F000914638DC0023059329EAE97904F11A020F
:10C60000A36D05990493A3EB09038B4233DCDDE9A9
:10C6100007239A423CDB2368DA0739D4089B049A43
:10C6200007999A1AA3EB01099145A8BF9146B9F160
:10C63000000F35DC4FF0000829EAE97904F11A0A05
:10C64000DDE907239B1AA3EB090343457FF775AF89
:10C650000123524631462846B84701303FF4AEAE7A
:10C6600008F10108ECE71346314642462846B84730
:10C670000130BFD1A2E60123314628460492B847D3
:10C6800001303FF49BAE059B049A01330593B7E755
:10C6900053465A4631462846B8470130BED18DE64A
:10C6A000049A4B46424431462846B8470130C1D12E
:10C6B00084E6089A012A01DCDB0737D501234246CC
:10C6C00031462846B84701303FF478AE53465A46C3
:10C6D00031462846B84701303FF470AE94ED127BE6
:10C6E000B5EE407BF1EE10FA1BD0089B08F1010279
:10C6F000013B31462846B84701300ED15EE60123A2
:10C700004A4631462846B84701303FF457AE08F153
:10C710000108089B013B4345F1DC049B04F15002F6
:10C72000DBE64FF0000804F11A09F2E70123424664
:10C73000DFE701234A4631462846B84701303FF437
:10C740003DAE08F10108E36809995B1A4345F0DC46
:10C75000F7E64FF0000804F11909F4E72DE9F04776
:10C76000164699468A680B69DDF820809342B8BF67
:10C770001346336091F8432007460C460AB1013353
:10C7800033602368990642BF3368023333602568FB
:10C7900015F0060506D104F1190AE36832689B1A00
:10C7A000AB4226DC94F84320131E226818BF0123F5
:10C7B00092062BD404F1430249463846C047013063
:10C7C0001ED02368E568326803F00603042B08BF17
:10C7D000AD1AA36822690CBF25EAE57500259342CE
:10C7E000C4BF9B1AED1800261A34B5421AD1002096
:10C7F00008E00123524649463846C047013003D17C
:10C800004FF0FF30BDE8F0870135C6E7E1185A1C4C
:10C81000302081F84300224494F8451082F84310F8
:10C820000233C7E70123224649463846C047013054
:10C83000E6D00136D9E700002DE9FF470F7E0C9DB9
:10C84000782F914680460C469A4601F1430207D85C
:10C85000622F0AD8002F00F0D880582F00F0A38054
:10C8600004F1420584F842703AE0A7F16303152B06
:10C87000F6D801A151F823F0D1C80008E5C8000896
:10C8800061C8000861C8000861C8000861C80008E4
:10C89000E5C8000861C8000861C8000861C8000850
:10C8A00061C80008F1C9000815C90008D3C900080B
:10C8B00061C8000861C8000813CA000861C8000800
:10C8C00015C9000861C8000861C80008DBC9000874
:10C8D0002B681A1D1B682A6004F1420584F8423057
:10C8E0000123A3E020682968060601F104030AD5A4
:10C8F0000E682B60002E03DA2D23764284F8433035
:10C900005E480A2319E00E682B6010F0400F18BF34
:10C9100036B2EFE72B682068191D2960010601D5A2
:10C920001E6802E04606FBD51E8854486F2F0CBFD8
:10C9300008230A23002184F843106568A560002DB0
:10C94000A2BF216821F0040121600EB9002D4DD055
:10C950001546B6FBF3F103FB1167C75D05F8017DD2
:10C960003746BB420E46F4D9082B0BD12368DE07AD
:10C9700008D5236961689942DEBF302305F8013C80
:10C9800005F1FF35521B2261CDF800A04B4603AAEA
:10C9900021464046FFF7E2FE01304CD14FF0FF3018
:10C9A00004B0BDE8F087354881F8457029682368F0
:10C9B00051F8046B29601D0614D5DF0744BF43F00E
:10C9C000200323601EB9236823F020032360102373
:10C9D000B0E7236843F0200323607823284884F8D5
:10C9E0004530E3E7590648BFB6B2E6E71546BBE770
:10C9F0002B6826686169181D286035061B6801D5FB
:10CA0000196002E07006FBD51980002323611546EA
:10CA1000BAE72B681A1D2A601D6862680021284643
:10CA2000F3F766FC08B1401B606063682361002374
:10CA300084F84330A8E723692A4649464046D04750
:10CA40000130ABD023689B0713D4E068039B984266
:10CA5000B8BF1846A4E70123324649464046D047AE
:10CA600001309BD00135E36803995B1AAB42F2DCDD
:10CA7000EBE7002504F11906F5E700BF6EEF0008AB
:10CA80007FEF00080EB400B59CB01DAB029006907D
:10CA90006FF00041094807910491094953F8042BAC
:10CAA00005910068019302A901F0F8FA029B0022A7
:10CAB0001A701CB05DF804EB03B07047100000243E
:10CAC0000802FFFF2DE9F74F03690C69A3420746EF
:10CAD000C0F28180013C01F1140800F1140505EB5E
:10CAE0008403019358F8243055F8242001339A42E6
:10CAF0004FEA840B08EB8409B2FBF3F631D34FF015
:10CB0000000E4046AC46F24650F8042B93B206FBAA
:10CB100003E34FEA134E9BB2AAEB0303DCF800A039
:10CB2000120C13FA8AF306FB02E20093009B4FEA11
:10CB3000124E92B2C2EB1A4202EB2342BDF8003011
:10CB4000814543EA02434CF8043B4FEA224ADBD2D8
:10CB500055F80B302BB9019B043B9D421A462ED34E
:10CB60003C61384601F046F8002824DB01362846AF
:10CB70004FF0000C58F8042BD0F800E093B2ACEB67
:10CB80000303120C13FA8EF3C2EB1E4202EB234294
:10CB90009BB243EA0243C14540F8043B4FEA224CB2
:10CBA000E8D255F8242005EB840322B9043B9D42CA
:10CBB0001A460AD33C61304603B0BDE8F08F1268D4
:10CBC000043B002ACCD1013CC7E71268043B002A91
:10CBD000F0D1013CEBE70020EEE700000000000090
:10CBE0002DE9F04F2DED028B456A91B08DED020BD2
:10CBF00059EC108B1C9C0691064608920C9375B953
:10CC0000102000F05FFD0246706220B9AA4BEA21B5
:10CC1000AA4801F053FBC0E901550560C560736A7D
:10CC2000196851B15A684A60012393408B603046BD
:10CC300000F09EFD736A00221A60B9F10003BBBFC9
:10CC400023F00043039300230122ACBF2360226042
:10CC50009B4B039CA3431CD10C9A42F20F731360AD
:10CC6000C4F3130353EA080300F0FD841D9B63B96A
:10CC7000944B1FE0944B019308331D9A1360019865
:10CC800011B0BDEC028BBDE8F08F8E4B01930333E6
:10CC9000F3E79DED028BB5EE408BF1EE10FA0BD170
:10CCA0000C9A012313601D9B002B00F0D984874848
:10CCB0001860431E0193E2E70FA90EAA3046B0EEBA
:10CCC000480B01F03DF8C4F30A5105460E980029BF
:10CCD00046D018EE904AC4F3130453EC182B44F0DA
:10CCE0007F5343F44013A1F2FF31002443EC162B91
:10CCF000B7EE087B9FED6A5B36EE477B9FED6A6B74
:10CD0000A7EE056B9FED6A5B07EE901AB8EEE74B56
:10CD1000B0EE467BA4EE057BFDEEC76BB5EEC07BA7
:10CD2000F1EE10FA16EE90BA0A9408D5B8EEE66B5A
:10CD3000B4EE476BF1EE10FA18BF0BF1FF3BBBF1FD
:10CD4000160F2FD8624B03EBCB0393ED007BB4EEB1
:10CD5000C78BF1EE10FA01D50BF1FF3B002322E067
:10CD60000F99014401F23243202BC1BFC3F14003AC
:10CD700004FA03F301F2124428FA04F8D6BFC3F10F
:10CD8000200343EA080808FA03F807EE908AB8EE91
:10CD9000677B013917EE904A53EC172BA4F1F87317
:10CDA0000124A3E701230B93431A5A1E45BFC3F185
:10CDB0000103049300230023059254BF04930593B9
:10CDC000BBF1000F18DB059BCDF824B05B44059345
:10CDD0000023069A092A49D8052AC4BF043A0692B4
:10CDE000069AA2F10202CCBF00240124032A48D8EB
:10CDF000DFE802F00B2E2C3A049B0022A3EB0B037E
:10CE000004930992CBF10003E3E700220792089A0A
:10CE1000002A39DC4FF0010AD1465246CDF820A055
:10CE2000776A00217960042000F1140C9445796838
:10CE30002FD930460D9300F05BFC0D9B019002460C
:10CE4000002849D1234B4FF4D571E1E60122DDE7FB
:10CE500000220792089A0BEB020A0AF101094A46DE
:10CE6000012AB8BF0122DBE70122F2E701240022F8
:10CE7000CDE906244FF0FF3A0021D1461222089155
:10CE8000CEE701220792F5E7DDF820A0D146524611
:10CE9000C6E7013179604000C6E700BFAFF300800C
:10CEA00061436F63A787D23FB3C8608B288AC63FB0
:10CEB000FB799F501344D33F9DEF0008B4EF000867
:10CEC0000000F07F99EF000890EF00086DEF000878
:10CED000F0F0000832F00008726A01991160B9F1AF
:10CEE0000E0F6CD8002C6AD0BBF1000F40F3A0806D
:10CEF000C1490BF00F0201EBC2021BF4807F92EDDF
:10CF0000007B4FEA2B1100F08780BC4A92ED086B42
:10CF100088EE066B8DED026B01F00F010322B7481E
:10CF200000297BD19DED026B86EE077B8DED027BA8
:10CF30000B99002900F0A280B7EE006B9DED027BFB
:10CF4000B4EEC67BF1EE10FA40F19880B9F1000F13
:10CF500000F09480BAF1000F2FDDB2EE046B27EEE3
:10CF6000067B8DED027B0BF1FF37013250469DEDC4
:10CF7000026BB1EE0C5B07EE902AB8EEE77BA7EEF2
:10CF8000065B15EE904A52EC151BA4F15072002876
:10CF900077D1B1EE047B36EE476B42EC171BB4EE53
:10CFA000C76BF1EE10FA00F36382B1EE477BB4EE8B
:10CFB000C76BF1EE10FA00F158828DED028B0F9ADB
:10CFC000002AC0F21D81BBF10E0F00F319818A4BBC
:10CFD00003EBCB0393ED006B089B002B80F2B78033
:10CFE000B9F1000F00F3B38040F03F82B1EE047B53
:10CFF00026EE076B9DED027BB4EEC76BF1EE10FAE7
:10D000004C464F4680F21582DDF80480312308F843
:10D01000013B0BF1010B11E2022280E7CC0704D5A2
:10D0200090ED006B013227EE067B4910083077E760
:10D0300022D0CBF10001704A01F00F0002EBC002D8
:10D0400092ED007B28EE077B8DED027B6B4809118A
:10D050000024022229B9002C3FF46AAF8DED027B37
:10D0600066E7CF0705D590ED006B0132012427EE6E
:10D07000067B49100830EDE7022259E75F46484633
:10D0800075E742EC171B5C4A02EBC00212ED024B43
:10D09000019A1418079A52B3B6EE003BB7EE002B74
:10D0A000DDF8048083EE045BB2EE043B35EE477B93
:10D0B000FDEEC64B14EE902AB8EEE45B303236EE4D
:10D0C000456BB4EEC76BF1EE10FA08F8012B39D4BA
:10D0D00032EE465BB4EEC75BF1EE10FA72D4A045B7
:10D0E0003FF46BAF27EE037B26EE036BE0E7DDF842
:10D0F000048027EE047B2146B2EE043BFDEEC64BD6
:10D1000014EE902A303208F8012BA045B8EEE45B0B
:10D1100036EE456B18D1B6EE005B37EE054BB4EE3C
:10D12000C46BF1EE10FA4DDC35EE477BB4EEC76B05
:10D13000F1EE10FA7FF541AF8846013918F8013C4D
:10D14000302BF9D0BB462AE026EE036BD6E79DEDE7
:10D15000027BB2EE044BDDF8048087EE065BBDEE89
:10D16000C55B15EE103A303308F8013B019BA8EB84
:10D1700003039945B8EEC53BA3EE467B33D137EEAA
:10D18000077BB4EEC67BF1EE10FA1ADCB4EE467BF8
:10D19000F1EE10FA03D115EE103AD90711D4294651
:10D1A000304600F0E5FA00230C9A88F800300BF1C5
:10D1B000010313601D9B002B3FF461ADC3F8008099
:10D1C0005DE55F464346984613F8012D392A06D19E
:10D1D000019A9A42F7D10199302201370A701A78E0
:10D1E00001321A70AEE727EE047BB5EE407BF1EE1C
:10D1F00010FAB2D1D3E700BFF0F00008C8F0000881
:10D200000799002900F0D0800699012900F3B48025
:10D210000A99002900F0AC8002F23342DDF8108058
:10D220001C460A93049B13440493059B0121134459
:10D230003046059300F054FB0A9B0746B8F1000FF7
:10D240000DDD059A002A0ADD42450499A8BF424631
:10D25000891A04910599A8EB02088A1A059203B36A
:10D26000079A002A00F0A580002C13DD39462246DB
:10D2700030460D9300F0F4FB2A460146074630463F
:10D2800000F044FB29460A90304600F071FA0A9AF1
:10D290000D9B15461A1B04D02946304600F0E0FBD2
:10D2A00005460121304600F01BFB099B002B04467C
:10D2B00040F381801A460146304600F0D1FB069BC0
:10D2C000012B04467ADD00230A93226904EB8202D3
:10D2D000106900F0B5FAC0F12000059B184410F069
:10D2E0001F0000F08C80C0F12002042A40F38580EA
:10D2F000C0F11C00049B03440493059B0344804439
:10D300000593049B002B05DD29461A46304600F0A4
:10D3100001FC0546059B002B05DD21461A463046DB
:10D3200000F0F8FB04460B9B002B6AD021462846F0
:10D3300000F060FC002864DA002329460A22304607
:10D3400000F038FA079B0BF1FF3B0546002B00F07D
:10D350009181394600230A22304600F02BFABAF1B7
:10D36000000F074600F38D80069B022B50DC88E0FF
:10D370000E9AC2F1360251E709F1FF34A342BFBF52
:10D38000099AE31AD2180992B6BF23461C1B00243F
:10D39000B9F1000FB5BF049ADDF81080A2EB0908BF
:10D3A0004A46B8BF00223CE7DDF81080079F1C46C4
:10D3B00044E71A4670E7069B012B18DC029BB3B9C1
:10D3C000039BC3F31302A2B923F00042120D12050E
:10D3D0008AB1049B01330493059B01330593012318
:10D3E0000A93099B002B7FF470AF012075E700239F
:10D3F000F6E7029BF4E70A92F3E782D010461C306E
:10D4000078E7B9F1000F37DC069B022B34DDCA4602
:10D41000BAF1000F0DD1214653460522304600F0E7
:10D42000C9F901460446284600F0E4FB00283FF70E
:10D43000EBAD089BDDF804806FEA030B4FF00009A9
:10D440002146304600F094F9002F3FF4A8AEB9F120
:10D45000000F05D0B94503D04946304600F088F9A1
:10D460003946304600F084F999E600242746E0E783
:10D47000BB4604460746C7E5079BCA46002B00F09B
:10D480000081B8F1000F05DD39464246304600F014
:10D4900041FB07460A9B002B5DD07968304600F0BF
:10D4A00027F9804628B9824B024640F2EA21FFF76D
:10D4B000AFBB3A690232920007F10C010C3000F068
:10D4C00009F901224146304600F024FB019B01335B
:10D4D0000493019B53440893029B03F00103B94654
:10D4E00007930746049B2146013B28460293FFF71A
:10D4F000E9FA03463033059049462846099300F07F
:10D5000079FB3A4682462146304600F08FFBC268DE
:10D51000099B80460ABB0146284600F06BFB099B2D
:10D52000024641463046CDE9093200F021F9069B1A
:10D530000A9ADDF8108043EA0201079B0B43099B1E
:10D540000DD1392B29D0BAF1000F01DD059B313304
:10D55000029A137074E73846B8E70122E1E7BAF19E
:10D56000000F06DB069941EA0A0A07995AEA010107
:10D5700020D1002AECDD294601223046049300F038
:10D58000C9FA2146054600F035FB0028049B02DC61
:10D59000DED1DA07DCD5392BD8D1029A39231370C2
:10D5A00043469846013B18F8012C392A51D00132E4
:10D5B0001A7045E7002A03DD392BEED00133C7E7A7
:10D5C000049A089902F8013C8A422BD0294600238C
:10D5D0000A22304600F0EEF8B94505464FF0000348
:10D5E0004FF00A024946304607D100F0E3F8814681
:10D5F0000746049B0133049374E700F0DBF83946D7
:10D60000814600230A22304600F0D4F80746F0E7AE
:10D61000BAF1000F019ACCBFD0464FF001089044F8
:10D620004FF00009294601223046029300F072FAB9
:10D630002146054600F0DEFA0028B1DC02D1029B4B
:10D64000DB07ADD44346984613F8012D302AFAD0B3
:10D65000F6E6019A9A42A4D10BF1010B312378E747
:10D66000144BFFF727BB1D9B002B7FF403AB124B22
:10D67000FFF720BBBAF1000F03DC069B022B3FF73C
:10D68000C7AEDDF8048021462846FFF71BFA00F1FB
:10D69000300308F8013B019AA8EB02029245B7DD7E
:10D6A000294600230A22304600F084F80546EAE7BE
:10D6B00032F000086CEF000890EF00080048704757
:10D6C00064010024024B0146186800F017BC00BF3B
:10D6D000100000240A44914200F1FF3300D170474A
:10D6E00010B511F8014B03F8014F9142F9D110BD6B
:10D6F00070B5466A04460D4676B91020FFF7E2FF82
:10D700000246606220B9184B1848662100F0D6FD29
:10D71000C0E901660660C660666AF36883B1636A41
:10D72000DB6853F82500B8B9012101FA05F6721D2E
:10D730009200204600F060FB60B1C0E901560EE0A7
:10D7400021220421204600F057FB636AF060DB6869
:10D75000002BE4D1002070BD026843F8252000238F
:10D76000C0E90333F7E700BF9DEF000843F000086E
:10D7700070B5466A05460C4676B91020FFF7A2FF41
:10D780000246686220B9094B09488A2100F096FDDB
:10D79000C0E901660660C6603CB16B6A6268DB681E
:10D7A00053F82210216043F8224070BD9DEF00081D
:10D7B00043F000082DE9F0410D6907460C461E466E
:10D7C00001F1140C0020DCF8003099B202FB016179
:10D7D0001E0C0B0C02FB063389B2013001EB034136
:10D7E00085424CF8041B4FEA1346ECDC0EB3A368E9
:10D7F000AB4219DC616838460131FFF779FF80469A
:10D8000028B902460C4B0D48B52100F057FD22699E
:10D81000023204F10C0192000C30FFF75BFF21464D
:10D820003846FFF7A5FF444604EB850301355E61EA
:10D8300025612046BDE8F08132F0000843F0000881
:10D84000030C1B04D3B90004102310F07F4F04BF56
:10D850000002083310F0704F04BF0001043310F0D1
:10D86000404F04BF80000233002805DB10F0804FDA
:10D8700003F1010308BF2023184670470023E4E7A3
:10D88000036813F0070201460BD0DA0723D4980788
:10D8900049BF5B089B0801200B605CBF0B60022046
:10D8A000704798B2A8B91B0C1020DAB20AB9083038
:10D8B0001B0A1A0704BF1B0904309A0704BF9B0800
:10D8C0000230DA0703D45B0800F1010005D00B60D9
:10D8D00070471046E9E7002070472020704700009D
:10D8E00010B50C460121FFF703FF024628B9054B8E
:10D8F00005484FF4A07100F0E1FC0123446103618D
:10D9000010BD00BF32F0000843F000082DE9F04FD1
:10D9100091460A69D9F810309A42B8BF0B460C46B6
:10D92000BCBF4C4699462769D9F810A0A368616826
:10D9300007EB0A06B34285B0B8BF0131FFF7D8FE46
:10D9400030B90246444B454840F25D1100F0B6FC48
:10D9500000F1140505EB86082B460022434521D330
:10D9600004F1140303EB870709F1140303EB8A02A4
:10D9700002923A1B153A22F00302043204F1150117
:10D980008F4238BF04220192029A03939A420CD824
:10D99000002E03DD58F8043D002B5AD0066105B077
:10D9A000BDE8F08F43F8042BD8E7B3F800A0BAF134
:10D9B000000F24D004F1140EA9464FF0000C5EF8BD
:10D9C000042BD9F800101FFA82FB89B20AFB0B1155
:10D9D0004FEA124BD9F8002061444FEA124C0AFB7F
:10D9E0000BC202EB114289B241EA0241774549F884
:10D9F000041B4FEA124CE2D8019A45F802C0039A80
:10DA0000B2F802900433B9F1000F20D0296804F174
:10DA1000140CAE464FF0000ABCF800B0BEF802206D
:10DA200009FB0B22924489B241EA0A414EF8041BD9
:10DA30005CF8042BBEF80010120C09FB021101EB7C
:10DA40001A4167454FEA114AE6D8019AA9500435B0
:10DA50009AE7013E9CE700BF32F0000843F000085F
:10DA60002DE9F843154612F0030206460F4607D08B
:10DA7000254C013A002354F82220FFF79BFE07466D
:10DA8000AD103DD0746A7CB91020FFF71BFE024632
:10DA9000706228B91D4B1E484FF4D77100F00EFC80
:10DAA000C0E901440460C460D6F82480D8F8084076
:10DAB0004CB940F271213046FFF712FF0023C8F83D
:10DAC0000800044603604FF00009EB070AD5394609
:10DAD00022463046FFF71AFF394680463046FFF7A8
:10DAE00047FE47466D100BD0206838B922462146C4
:10DAF0003046FFF70BFF2060C0F800900446E4E7D3
:10DB00003846BDE8F88300BFB8F100089DEF000873
:10DB100043F000082DE9F0470C464968236903EB00
:10DB20006218A368074691464FEA621A08F1010697
:10DB3000B3420BDB3846FFF7DBFD054648B902462A
:10DB40002A4B2B4840F2D91100F0B8FB01315B00A1
:10DB5000EEE7002300F1140100F1100218465345CE
:10DB600037DB20692AEAEA7A04F1140319F01F0965
:10DB700001EB8A0103EB80002FD0C9F1200E8A4609
:10DB80004FF0000C1A6802FA09F242EA0C024AF855
:10DB9000042B53F8042B984222FA0EFCF2D8031BF4
:10DBA000153B23F00303043304F11502904238BF00
:10DBB000042341F803C0BCF1000F01D008F10206B4
:10DBC000013E38462E612146FFF7D2FD2846BDE8CA
:10DBD000F08742F8040F0133C1E7043953F8042BEE
:10DBE00041F8042F9842F9D8EAE700BF32F0000864
:10DBF00043F0000830B502690C69121B0ED100F128
:10DC00001403143103EB840001EB840150F8045D2C
:10DC100051F8044DA54203D005D30122104630BD72
:10DC20008342F3D3FAE74FF0FF32F7E72DE9F84FDD
:10DC30000C460646114620469046FFF7DBFF051EC0
:10DC400010D129463046FFF753FD30B93A4B024612
:10DC500040F23221394800F031FB0123C0E904359C
:10DC6000BDE8F88FA4BF4346A0463046D8F804105C
:10DC7000A6BF1C4600250125FFF73AFD20B92E4B13
:10DC800002464FF41071E5E7D8F810702669C560B8
:10DC900004F1140908F1140500F1140E05EB870CCA
:10DCA00009EB860608F11002F246002159F8043B00
:10DCB00052F804BF1FFA83F811FA8BF11B0CA1EB89
:10DCC0000808C3EB1B4303EB28431FFA88F8191419
:10DCD0004E4548EA03434AF8043BE7D8331B153B5B
:10DCE00023F0030304331534A64238BF04231D4434
:10DCF00073449E462E4666450ED30CF10302521B1A
:10DD000022F00302033DAC4538BF00221A4452F80A
:10DD1000043D7BB10761A3E756F8048B11FA88F242
:10DD2000141404EB184492B242EA04424EF8042B55
:10DD30002114E0E7013FEAE732F0000843F0000871
:10DD40002DE9F7438946012157EC106B9046FFF708
:10DD5000CFFC044630B90246254B264840F20A3132
:10DD600000F0ACFAC7F30A55C7F3130335BB002E16
:10DD7000019328D068460096FFF782FD009900B312
:10DD8000019AC0F1200302FA03F30B43C24063611E
:10DD90000192019BA361002B14BF02220122226188
:10DDA000D5B1A5F233450544C9F80050C0F135009E
:10DDB000C8F80000204603B0BDE8F08343F48013A8
:10DDC000D5E76161E5E701A8FFF75AFD019B6361B3
:10DDD000012222612030E3E704EB8203A0F232400B
:10DDE000C9F800001869FFF72BFDC0EB4210DFE710
:10DDF00032F0000843F0000837B5A1FB02244CB90B
:10DE00001146019200F07AF8019A054630B9284689
:10DE100003B030BD0C2202600025F8E72146FEF772
:10DE2000E5F9F4E737B5002944D051F8043C0190F6
:10DE3000002BA1F10404B8BFE41800F09BFA1E4ABD
:10DE40000198136833B96360146003B0BDE83040D3
:10DE500000F096BAA34208D9256861198B4201BF28
:10DE600019685B6849192160EDE71A465B680BB1D8
:10DE7000A342FAD911685518A5420BD12468214450
:10DE80005418A3421160E0D11C685B6853602144C0
:10DE90001160DAE702D90C230360D6E7256861191F
:10DEA0008B4204BF19685B68636004BF4919216035
:10DEB0005460CAE703B030BD3412002470B50E4E72
:10DEC0000C463168054611B900F0E8F9306021468A
:10DED000284600F0E3F9431C0AD0C41C24F00304D4
:10DEE000A04207D0211A284600F0D8F9013001D10C
:10DEF0004FF0FF34204670BD381200242DE9F04168
:10DF0000CD1C25F0030508350C2D38BF0C25002D40
:10DF1000074601DBA94205D90C233B6000263046A9
:10DF2000BDE8F0812E4E00F025FA33681C4634BB64
:10DF300029463846FFF7C2FF431C04464DD13468DA
:10DF40002646002E40D123683146384604EB0308AC
:10DF500000F0A4F980453AD1216803356D1A25F007
:10DF6000030508350C2D38BF0C2529463846FFF728
:10DF7000A5FF01302BD023682B4423600EE02268DC
:10DF8000521B1ED40B2A16D96119A342256018BF53
:10DF90005960636808BF316062514B60384604F1D4
:10DFA0000B0600F0EDF926F00706231DF21AB6D095
:10DFB0009B1BA350B3E76268A3420CBF32605A6058
:10DFC000ECE723466468B2E734467668B9E70C2389
:10DFD0003B60384600F0D4F9A1E72560DEE700BFDA
:10DFE000341200242DE9F0478E689E4282460C468A
:10DFF00090461F4638D88A8912F4906F32D025682F
:10E000000969A5EB0109656905EB450505EBD575C2
:10E0100001334B446D109D4238BF1D46530531D529
:10E020002946FFF76BFF064650B90C23CAF80030AB
:10E03000A38943F04003A3814FF0FF30BDE8F08790
:10E0400021694A46FFF746FBA38923F4906343F016
:10E050008003A381266165614E44A5EB0905266016
:10E06000A5603E46BE4200D93E4620683246414643
:10E0700000F066F9A3689B1BA36023683344236008
:10E080000020DBE72A4600F081F906460028E1D1AE
:10E0900021695046FFF7C6FEC7E700002DE9F04FA3
:10E0A00098468B891B069DB007460D4614460ED533
:10E0B0000B6963B94021FFF721FF2860286120B96F
:10E0C0000C233B604FF0FF30D1E040236B61002315
:10E0D000099320238DF82930CDF80C803023DFF808
:10E0E000A8818DF82A304FF0010923469A4613F88B
:10E0F000012B0AB1252AF9D1BAEB040B0BD05B46F0
:10E10000224629463846FFF76DFF013000F0AA800D
:10E11000099A5A4409929AF80030002B00F0A28024
:10E1200000234FF0FF32CDE905230AF1010A0493E1
:10E1300007938DF853301A935446052214F8011BA7
:10E140005148F2F7D5F8049AD8B9D00644BF202335
:10E150008DF85330110744BF2B238DF853309AF8B4
:10E1600000302A2B15D0079A544600204FF00A0C95
:10E17000214611F8013B303B092B4ED9B0B1079233
:10E1800014E0A0EB080309FA03F313430493A24637
:10E19000D2E7039B191D1B680391002BBBBF5B4299
:10E1A00042F0020207930793B8BF049223782E2B04
:10E1B0000CD163782A2B35D1039B1A1D1B6803925F
:10E1C000002BB8BF4FF0FF3302340593DFF8C8A02F
:10E1D000217803225046F2F78BF840B14023A0EBA0
:10E1E0000A0003FA00F0049B03430134049314F87B
:10E1F000011B26488DF828100622F2F779F800282E
:10E2000038D0234B1BBB039B073323F00703083392
:10E210000393099B3344099367E70CFB02320C46D6
:10E220000120A5E700230134059319464FF00A0C9D
:10E23000204610F8012B303A092A03D9002BC5D00B
:10E240000591C3E70CFB012104460123F0E703AB72
:10E2500000932A460F4B04A93846FEF761F8421C8A
:10E260000646D6D1AB895B063FF52CAF09981DB0A9
:10E27000BDE8F08F03AB00932A46064B04A938464D
:10E28000FEF7DAFAEBE700BFC4F10008CEF10008B0
:10E2900021C30008E5DF0008CAF1000838B5064DC3
:10E2A0000023044608462B60FDF7EEFE431C02D116
:10E2B0002B6803B1236038BD3C1200241FB51446FF
:10E2C0001A46094B1B680546D8684CB1074B0091AC
:10E2D000CDE9013406492B4600F00EF800F0ACFA07
:10E2E000044B1C46F3E700BF10000024D5F10008E2
:10E2F000E2F1000810F200080EB403B5014603ABCA
:10E30000054853F8042B0068019300F097F802B019
:10E310005DF804EB03B070471000002482B001B92F
:10E3200001A942B14BB113780B601278101E18BFCF
:10E33000012002B070471046FBE76FF00100F8E7DC
:10E34000884210B501EB020402D98442234607D863
:10E35000431EA14208D011F8012B03F8012FF8E762
:10E36000024401468A4200D110BD13F8014D02F863
:10E37000014DF7E7014800F01FBC00BF4012002428
:10E38000014800F01ABC00BF401200242DE9F04102
:10E39000804614460E4621B9BDE8F0411146FFF70C
:10E3A000ADBD2AB9FFF73EFD25462846BDE8F08100
:10E3B00000F06AFC8442074602D8B4EB500F12D832
:10E3C00021464046FFF79AFD05460028EDD0BC42A5
:10E3D0002246314628BF3A46FFF77CF9314640468F
:10E3E000FFF720FDE1E73546DFE79368013B002BAF
:10E3F00010B4936008DA9469A34201DB0A2903D1BF
:10E400005DF8044B00F04AB91368581C106019708D
:10E4100008465DF8044B7047F8B506460F461446AB
:10E42000D518AC4201D1002007E014F8011B3A4690
:10E430003046FFF7DAFF431CF3D1F8BD2DE9F04F6A
:10E440000D469DB014469846064618B183690BB92F
:10E4500000F014FB894B9D421BD175686B6ED90788
:10E4600005D4AB899A0502D4A86D00F0A5FBAB8951
:10E470001B0701D52B69EBB92946304600F06EF930
:10E48000C0B16B6EDC070ED54FF0FF301DB0BDE89C
:10E49000F08F7B4B9D4201D1B568DFE7794B9D4200
:10E4A00008BFF568DAE7AB899805EDD4A86D00F0F0
:10E4B00084FBE9E70023099320238DF82930CDF868
:10E4C0000C803023DFF8C0818DF82A304FF001092D
:10E4D00023469A4613F8012B0AB1252AF9D1BAEB43
:10E4E000040B0BD05B46224629463046FFF794FFCB
:10E4F000013000F0AA80099A5A4409929AF8003033
:10E50000002B00F0A28000234FF0FF32CDE905235D
:10E510000AF1010A049307938DF853301A93544675
:10E52000052214F8011B5848F1F7E2FE049AD8B905
:10E53000D10644BF20238DF85330130744BF2B234B
:10E540008DF853309AF800302A2B15D0079A54468C
:10E5500000204FF00A0C214611F8013B303B092BFB
:10E560004ED9B0B1079214E0A0EB080309FA03F307
:10E5700013430493A246D2E7039B191D1B68039122
:10E58000002BBBBF5B4242F0020207930793B8BF68
:10E59000049223782E2B0CD163782A2B35D1039B40
:10E5A0001A1D1B680392002BB8BF4FF0FF330234D3
:10E5B0000593DFF8E4A0217803225046F1F798FE96
:10E5C00040B14023A0EB0A0003FA00F0049B034390
:10E5D0000134049314F8011B2C488DF828100622EE
:10E5E000F1F786FE00283FD0294B1BBB039B073366
:10E5F00023F0070308330393099B3B44099367E720
:10E600000CFB02320C460120A5E7002301340593E0
:10E6100019464FF00A0C204610F8012B303A092A0F
:10E6200003D9002BC5D00591C3E70CFB012104469B
:10E630000123F0E703AB00932A46164B04A93046AA
:10E64000FDF76EFE0746781CD6D16B6ED90705D450
:10E65000AB899A0502D4A86D00F0AFFAAB895B06CE
:10E660003FF512AF099811E703AB00932A46094B17
:10E6700004A93046FEF7E0F8E4E700BF3CF30008E9
:10E680005CF300081CF30008C4F10008CEF1000898
:10E6900021C3000819E40008CAF10008F8B50E46C5
:10E6A0001446054618B183690BB900F0E7F9214B10
:10E6B0009C422BD16C68A369A360A3891A072FD54C
:10E6C00023696BB323692068C01A6369F6B2834279
:10E6D000374604DC2146284600F03CF930BBA368ED
:10E6E000013BA36023685A1C22601E7063690130DD
:10E6F000834204D0A389DB0706D50A2E04D1214624
:10E70000284600F027F988B93846F8BD0A4B9C42E4
:10E7100001D1AC68CFE7094B9C4208BFEC68CAE75F
:10E720002146284600F01AF80028CBD04FF0FF37DA
:10E73000EAE700BF3CF300085CF300081CF30008A4
:10E7400049B1FF2A85BF8A2303600A704FF0FF306A
:10E7500098BF01207047084670470000324B70B5E3
:10E760001D6806460C4625B1AB6913B9284600F072
:10E7700085F92E4B9C420FD16C68A389B4F90C200B
:10E7800019072CD4DD0611D40923336042F040036D
:10E79000A3814FF0FF303EE0254B9C4201D1AC6895
:10E7A000EBE7244B9C4208BFEC68E6E7580712D51C
:10E7B000616B41B104F14403994202D03046FFF746
:10E7C00031FB00236363A38923F02403A381002387
:10E7D000636023692360A38943F00803A38123694D
:10E7E0004BB9A38903F42073B3F5007F03D021460E
:10E7F000304600F009FAA089B4F90C2010F00103AA
:10E800000AD00023A36063695B42A361236943B913
:10E8100010F08000BAD170BD810758BF6369A36052
:10E82000F4E70020F7E700BF100000243CF30008E5
:10E830005CF300081CF3000808B5062000F054FA49
:10E840000120FDF74FFC00008A892DE9F0410546C3
:10E8500010070C4658D44B68002B05DC0B6C002BC2
:10E8600002DC0020BDE8F081E66A002EF9D000232A
:10E8700012F480522F682B6032D0606DA3895A0742
:10E8800005D56368C01A636B0BB1236CC01A0023F3
:10E890000246E66A216A2846B047431CA38906D18E
:10E8A00029681D292CD82A4ACA40D60728D5002213
:10E8B0006260D9042269226004D5421C01D12B6810
:10E8C00003B96065616B2F600029CAD004F144036D
:10E8D000994202D02846FFF7A5FA00206063C1E7FD
:10E8E000216A01232846B047411CC7D12B68002B61
:10E8F000C4D01D2B01D0162B01D12F60B1E7A38905
:10E9000043F04003A381ADE70F69002FA9D093071F
:10E910000E6808BF4B690F6018BF0023A6EB0708FD
:10E920008B60B8F1000F9CDD216AA66A43463A4627
:10E930002846B047002806DCA38943F04003A381A2
:10E940004FF0FF308EE70744A8EB0008E9E700BF6F
:10E950000100402038B50B6905460C4613B9002567
:10E96000284638BD18B183690BB900F087F8144BFD
:10E970009C421BD16C68B4F90C30002BEFD0626E56
:10E98000D00704D4990502D4A06D00F015F92846EB
:10E990002146FFF759FF636EDA070546E0D4A389E5
:10E9A0009B05DDD4A06D00F008F9D9E7054B9C422A
:10E9B00001D1AC68DFE7044B9C4208BFEC68DAE7A2
:10E9C0003CF300085CF300081CF30008002310B5BA
:10E9D0000446C0E90033C0E90433836081814366A3
:10E9E000C2818361194608225C30FDF7FFFB054BAD
:10E9F0006362054BA362054BE362054B246223630C
:10EA000010BD00BF21ED000843ED00087BED0008BC
:10EA10009FED0008014900F0AFB800BF55E90008BC
:10EA200070B568224D1E55430E4605F17401FFF77F
:10EA300065FA044640B10021C0E900160C30A06020
:10EA400005F16802FDF7D2FB204670BD014800F0D9
:10EA5000B3B800BF41120024014800F0AEB800BFB7
:10EA600041120024014800F0A7B800BF4212002460
:10EA7000014800F0A2B800BF4212002410B50446BD
:10EA8000FFF7F0FFA3691BB1BDE81040FFF7F0BF2F
:10EA9000C4E912332365134B134A1B68A262A342D5
:10EAA00004BF0123A361204600F020F860602046E7
:10EAB00000F01CF8A060204600F018F80022E0608A
:10EAC00004216068FFF782FFA06801220921FFF797
:10EAD0007DFFE06802221221FFF778FF0123A36186
:10EAE000D2E700BF58EF000815EA0008F8B507465E
:10EAF000FFF7ACFF1E4B1E68B36913B93046FFF732
:10EB0000BDFF4836D6E90134013B03D533680BB36A
:10EB10003668F7E7B4F90C50D5B9164BE36004F149
:10EB20005800656600F047F8FFF796FFC4E9015505
:10EB3000C4E904552560A5610822294604F15C005A
:10EB4000FDF754FBC4E90D55C4E912552046F8BD44
:10EB50006834D9E704213846FFF762FF0446306085
:10EB60000028D5D1FFF778FF0C233B60EEE700BF0C
:10EB700058EF00080100FFFF2DE9F84306468846DC
:10EB800000F148040027D4E90195B9F1010905D540
:10EB90002468002CF7D13846BDE8F883AB89012BF7
:10EBA00007D9B5F90E30013303D029463046C047A6
:10EBB00007436835E9E770477047704770B50E4600
:10EBC000B1F90E10002996B014461D4608DAB6F9C0
:10EBD0000C3000222A601A0610D44FF480630EE035
:10EBE0006A4600F003F90028F1DB019A02F4704252
:10EBF000A2F500535A425A412A60EEE74023002012
:10EC0000236016B070BD00008B8973B59D07064662
:10EC10000C4607D504F14703236023610123636198
:10EC200002B070BD01AB6A46FFF7C8FF0099054608
:10EC30003046FFF763F948B9B4F90C309A05EFD4C0
:10EC400023F0030343F00203A381E3E70D4BB36218
:10EC5000A389206043F08003A381009B6361019B33
:10EC600020615BB1B4F90E10304600F0D1F828B144
:10EC7000A38923F0030343F00103A381A089054383
:10EC8000A581CDE715EA000851F8043C181F002BB8
:10EC9000BCBF0B58C01870471F2938B504460D4635
:10ECA00004D9162303604FF0FF3038BD426C12B117
:10ECB00052F821304BB9204600F030F82A46014680
:10ECC0002046BDE8384000F017B8012B0AD0591C87
:10ECD00003D1162303600120E7E7002442F8254012
:10ECE000284698470020E0E7024B01461868FFF7E6
:10ECF000D3BF00BF1000002438B5074D00230446E1
:10ED0000084611462B60FDF7E5F9431C02D12B683C
:10ED100003B1236038BD00BF3C120024FDF7D8B911
:10ED200010B50C46B1F90E1000F094F80028ABBFF6
:10ED3000636DA3891B1823F48053ACBF6365A38163
:10ED400010BD2DE9F0411F468B89DB0505460C46B9
:10ED5000164605D5B1F90E100223002200F068F81E
:10ED6000A389B4F90E1023F48053A38132463B46A5
:10ED70002846BDE8F04100F017B810B50C46B1F9CF
:10ED80000E1000F055F8431CA38915BF606523F4ED
:10ED9000805343F48053A38118BFA38110BDB1F900
:10EDA0000E1000F013B8000038B5074D04460846B1
:10EDB000114600222A601A46FDF7AAF9431C02D127
:10EDC0002B6803B1236038BD3C12002438B5064DD2
:10EDD0000023044608462B60FDF7A8F9431C02D126
:10EDE0002B6803B1236038BD3C12002438B5074DB1
:10EDF00000230446084611462B60FDF79AF9431C90
:10EE000002D12B6803B1236038BD00BF3C1200243F
:10EE100038B5064D0023044608462B60FDF78EF9F1
:10EE2000431C02D12B6803B1236038BD3C1200247F
:10EE300038B5074D04460846114600222A601A4696
:10EE4000FDF77EF9431C02D12B6803B1236038BD66
:10EE50003C12002438B5074D0446084611460022EE
:10EE60002A601A46FDF744F9431C02D12B6803B10E
:10EE7000236038BD3C120024F8B500BFF8BC08BCC4
:10EE80009E467047F8B500BFF8BC08BC9E46704768
:10EE90004661696C656420746F20726561642064EA
:10EEA0006174612066726F6D2073656E736F72217D
:10EEB0000D0A00004661696C656420746F207365FB
:10EEC0007475702073656E736F72207265676973F5
:10EED00074657273210D0A00583A20252E3266207F
:10EEE00047617573732C20593A20252E32662047CE
:10EEF000617573732C205A3A20252E3266204761A3
:10EF0000757373200D200A000006101600061016F7
:10EF1000010002000400060008000A000C001000B6
:10EF200020004000800000010804020408010101E3
:10EF300001010103070100000804020408010101A6
:10EF400001010103070100000000000001020304A9
:10EF5000010203040607080914000024494E460074
:10EF6000696E66004E414E006E616E0030003031B9
:10EF70003233343536373839414243444546003020
:10EF8000313233343536373839616263646566004F
:10EF9000496E66696E697479004E614E005245454E
:10EFA0004E54206D616C6C6F63207375636365658F
:10EFB000646564002F6D6E742F776F726B73706170
:10EFC00063652F776F726B73706163652F4743437F
:10EFD0002D31302D706970656C696E652F6A656EB4
:10EFE0006B696E732D4743432D31302D7069706509
:10EFF0006C696E652D3333385F32303231313031E8
:10F00000385F313633343531363230332F737263F3
:10F010002F6E65776C69622F6E65776C69622F6CF5
:10F020006962632F7374646C69622F64746F612EFC
:10F03000630042616C6C6F63207375636365656424
:10F040006564002F6D6E742F776F726B73706163E0
:10F05000652F776F726B73706163652F4743432D24
:10F0600031302D706970656C696E652F6A656E6BE5
:10F07000696E732D4743432D31302D706970656C77
:10F08000696E652D3333385F32303231313031388B
:10F090005F313633343531363230332F7372632F6C
:10F0A0006E65776C69622F6E65776C69622F6C692B
:10F0B00062632F7374646C69622F6D707265632E66
:10F0C00063000000000000000080E03779C3414386
:10F0D000176E05B5B5B89346F5F93FE9034F384DBE
:10F0E000321D30F94877825A3CBF737FDD4F15756A
:10F0F000000000000000F03F00000000000024407D
:10F1000000000000000059400000000000408F4057
:10F11000000000000088C34000000000006AF840C2
:10F120000000000080842E4100000000D0126341E6
:10F130000000000084D797410000000065CDCD415C
:10F14000000000205FA00242000000E8764837423D
:10F15000000000A2941A6D42000040E59C30A242DB
:10F160000000901EC4BCD64200003426F56B0C4350
:10F170000080E03779C3414300A0D88557347643F7
:10F1800000C84E676DC1AB43003D9160E458E14358
:10F19000408CB5781DAF154450EFE2D6E41A4B44CD
:10F1A00092D54D06CFF08044F64AE1C7022DB54412
:10F1B000B49DD9794378EA440500000019000000A5
:10F1C0007D000000232D302B2000686C4C0065660C
:10F1D00067454647002C2066756E6374696F6E3A0A
:10F1E0002000617373657274696F6E20222573222B
:10F1F000206661696C65643A2066696C6520222529
:10F2000073222C206C696E65202564257325730A92
:10F21000004300504F534958002E0000202020206A
:10F2200020202020202828282828202020202020B6
:10F230002020202020202020202020208810101096
:10F2400010101010101010101010101004040404EE
:10F250000404040404041010101010101041414163
:10F2600041414101010101010101010101010101CE
:10F270000101010101010110101010101042424261
:10F28000424242020202020202020202020202029E
:10F290000202020202020210101010200000000000
:10F2A000000000000000000000000000000000005E
:10F2B000000000000000000000000000000000004E
:10F2C000000000000000000000000000000000003E
:10F2D000000000000000000000000000000000002E
:10F2E000000000000000000000000000000000001E
:10F2F000000000000000000000000000000000000E
:10F3000000000000000000000000000000000000FD
:10F3100000000000000000000000000000000000ED
:10F3200000000000000000000000000000000000DD
:10F3300000000000000000000000000000000000CD
:10F3400000000000000000000000000000000000BD
:10F3500000000000000000000000000000000000AD
:10F36000000000000000000000000000000000009D
:0CF3700000000000000000000000000091
:08F37C004410FF7F01000000B6
:04F38400C5020008B6
:04F38800A1020008D6
:10F38C0001000000100000000090D0030090D0039A
:10F39C0014000024000000003CF300085CF300089B
:10F3AC001CF300080000000000000000000000003A
:10F3BC000000000000000000000000000000000041
:10F3CC000000000000000000000000000000000031
:10F3DC000000000000000000000000000000000021
:10F3EC000000000000000000000000000000000011
:10F3FC0000000000430000000000000000000000BE
:10F40C0000000000000000000000000000000000F0
:10F41C00000000004300000000000000000000009D
:10F42C0000000000000000000000000000000000D0
:10F43C00000000004300000000000000000000007D
:10F44C0000000000000000000000000000000000B0
:10F45C00000000004300000000000000000000005D
:10F46C000000000000000000000000000000000090
:10F47C00000000004300000000000000000000003D
:10F48C000000000000000000000000000000000070
:10F49C00000000004300000000000000000000001D
:10F4AC000000000000000000000000000000000050
:10F4BC0000000000430000000000000000000000FD
:10F4CC000000000000000000000000000000000030
:10F4DC000000000041E700081DE3000800000000E8
:10F4EC001BF2000819F2000810F2000810F20008D4
:10F4FC0010F2000810F2000810F2000810F20008D8
:10F50C0010F2000810F2000810F20008FFFFFFFFD5
:10F51C00FFFFFFFFFFFFFFFFFFFF00000100415354
:10F52C0043494900000000000000000000000000FA
:10F53C00000000000000000000000000000041532B
:10F54C0043494900000000000000000000000000DA
:10F55C00000000000000000000000000000000009F
:040000050800C145E9
:00000001FF
