ARM GAS  C:\Users\simon\AppData\Local\Temp\cceYPmWR.s 			page 1


   1              		.cpu cortex-m7
   2              		.arch armv7e-m
   3              		.fpu fpv5-d16
   4              		.eabi_attribute 28, 1
   5              		.eabi_attribute 20, 1
   6              		.eabi_attribute 21, 1
   7              		.eabi_attribute 23, 3
   8              		.eabi_attribute 24, 1
   9              		.eabi_attribute 25, 1
  10              		.eabi_attribute 26, 1
  11              		.eabi_attribute 30, 1
  12              		.eabi_attribute 34, 1
  13              		.eabi_attribute 18, 4
  14              		.file	"main.c"
  15              		.text
  16              	.Ltext0:
  17              		.cfi_sections	.debug_frame
  18              		.section	.rodata.validate_frame.str1.4,"aMS",%progbits,1
  19              		.align	2
  20              	.LC0:
  21 0000 5B455252 		.ascii	"[ERR] Must start with '#'! Got 0x%02X\015\012\000"
  21      5D204D75 
  21      73742073 
  21      74617274 
  21      20776974 
  22              		.align	2
  23              	.LC1:
  24 0028 5B455252 		.ascii	"[ERR] Must end with '*'! Got 0x%02X\015\012\000"
  24      5D204D75 
  24      73742065 
  24      6E642077 
  24      69746820 
  25              		.section	.text.validate_frame,"ax",%progbits
  26              		.align	1
  27              		.syntax unified
  28              		.thumb
  29              		.thumb_func
  31              	validate_frame:
  32              	.LVL0:
  33              	.LFB334:
  34              		.file 1 "Src/main.c"
   1:Src/main.c    **** /* USER CODE BEGIN Header */
   2:Src/main.c    **** /**
   3:Src/main.c    ****  ******************************************************************************
   4:Src/main.c    ****  * @file           : main.c
   5:Src/main.c    ****  * @brief          : Main program body
   6:Src/main.c    ****  ******************************************************************************
   7:Src/main.c    ****  * @attention
   8:Src/main.c    ****  *
   9:Src/main.c    ****  * <h2><center>&copy; Copyright (c) 2026 STMicroelectronics.
  10:Src/main.c    ****  * All rights reserved.</center></h2>
  11:Src/main.c    ****  *
  12:Src/main.c    ****  * This software component is licensed by ST under BSD 3-Clause license,
  13:Src/main.c    ****  * the "License"; You may not use this file except in compliance with the
  14:Src/main.c    ****  * License. You may obtain a copy of the License at:
  15:Src/main.c    ****  *                        opensource.org/licenses/BSD-3-Clause
  16:Src/main.c    ****  *
ARM GAS  C:\Users\simon\AppData\Local\Temp\cceYPmWR.s 			page 2


  17:Src/main.c    ****  ******************************************************************************
  18:Src/main.c    ****  */
  19:Src/main.c    **** /* USER CODE END Header */
  20:Src/main.c    **** /* Includes ------------------------------------------------------------------*/
  21:Src/main.c    **** #include "main.h"
  22:Src/main.c    **** #include "adc.h"
  23:Src/main.c    **** #include "dac.h"
  24:Src/main.c    **** #include "dma.h"
  25:Src/main.c    **** #include "hrtim.h"
  26:Src/main.c    **** #include "hrtim.h"
  27:Src/main.c    **** #include "i2c.h"
  28:Src/main.c    **** #include "usart.h"
  29:Src/main.c    **** #include "rtc.h"
  30:Src/main.c    **** #include "spi.h"
  31:Src/main.c    **** #include "tim.h"
  32:Src/main.c    **** #include "usb_otg.h"
  33:Src/main.c    **** #include "gpio.h"
  34:Src/main.c    **** #include "fmc.h"
  35:Src/main.c    **** #include "stdbool.h"
  36:Src/main.c    **** #include "stdio.h" 
  37:Src/main.c    **** 
  38:Src/main.c    **** /* Private includes ----------------------------------------------------------*/
  39:Src/main.c    **** /* USER CODE BEGIN Includes */
  40:Src/main.c    **** 
  41:Src/main.c    **** /* USER CODE END Includes */
  42:Src/main.c    **** 
  43:Src/main.c    **** /* Private typedef -----------------------------------------------------------*/
  44:Src/main.c    **** /* USER CODE BEGIN PTD */
  45:Src/main.c    **** 
  46:Src/main.c    **** /* USER CODE END PTD */
  47:Src/main.c    **** 
  48:Src/main.c    **** /* Private define ------------------------------------------------------------*/
  49:Src/main.c    **** /* USER CODE BEGIN PD */
  50:Src/main.c    **** #define RX_LENGTH 3
  51:Src/main.c    **** #define ID_ON '1'
  52:Src/main.c    **** #define ID_OFF '2'
  53:Src/main.c    **** #define DELAY 100
  54:Src/main.c    **** /* USER CODE END PD */
  55:Src/main.c    **** 
  56:Src/main.c    **** /* Private macro -------------------------------------------------------------*/
  57:Src/main.c    **** /* USER CODE BEGIN PM */
  58:Src/main.c    **** 
  59:Src/main.c    **** /* USER CODE END PM */
  60:Src/main.c    **** 
  61:Src/main.c    **** /* Private variables ---------------------------------------------------------*/
  62:Src/main.c    **** 
  63:Src/main.c    **** /* USER CODE BEGIN PV */
  64:Src/main.c    **** uint8_t rx_buffer[RX_LENGTH];
  65:Src/main.c    **** bool timer_running = false;
  66:Src/main.c    **** /* USER CODE END PV */
  67:Src/main.c    **** 
  68:Src/main.c    **** /* Private function prototypes -----------------------------------------------*/
  69:Src/main.c    **** void SystemClock_Config(void);
  70:Src/main.c    **** void PeriphCommonClock_Config(void);
  71:Src/main.c    **** /* USER CODE BEGIN PFP */
  72:Src/main.c    **** 
  73:Src/main.c    **** /* USER CODE END PFP */
ARM GAS  C:\Users\simon\AppData\Local\Temp\cceYPmWR.s 			page 3


  74:Src/main.c    **** 
  75:Src/main.c    **** /* Private user code ---------------------------------------------------------*/
  76:Src/main.c    **** /* USER CODE BEGIN 0 */
  77:Src/main.c    **** 
  78:Src/main.c    **** static bool validate_frame(uint8_t *err_out, size_t err_size)
  79:Src/main.c    **** {
  35              		.loc 1 79 1 view -0
  36              		.cfi_startproc
  37              		@ args = 0, pretend = 0, frame = 0
  38              		@ frame_needed = 0, uses_anonymous_args = 0
  39              		.loc 1 79 1 is_stmt 0 view .LVU1
  40 0000 08B5     		push	{r3, lr}
  41              	.LCFI0:
  42              		.cfi_def_cfa_offset 8
  43              		.cfi_offset 3, -8
  44              		.cfi_offset 14, -4
  80:Src/main.c    ****     if (rx_buffer[0] != '#')
  45              		.loc 1 80 5 is_stmt 1 view .LVU2
  46              		.loc 1 80 18 is_stmt 0 view .LVU3
  47 0002 0A4B     		ldr	r3, .L8
  48 0004 1B78     		ldrb	r3, [r3]	@ zero_extendqisi2
  49              		.loc 1 80 8 view .LVU4
  50 0006 232B     		cmp	r3, #35
  51 0008 05D1     		bne	.L6
  81:Src/main.c    ****     {
  82:Src/main.c    ****         snprintf((char *)err_out, err_size,
  83:Src/main.c    ****                  "[ERR] Must start with '#'! Got 0x%02X\r\n", rx_buffer[0]);
  84:Src/main.c    ****         return false;
  85:Src/main.c    ****     }
  86:Src/main.c    **** 
  87:Src/main.c    ****     if (rx_buffer[2] != '*')
  52              		.loc 1 87 5 is_stmt 1 view .LVU5
  53              		.loc 1 87 18 is_stmt 0 view .LVU6
  54 000a 084B     		ldr	r3, .L8
  55 000c 9B78     		ldrb	r3, [r3, #2]	@ zero_extendqisi2
  56              		.loc 1 87 8 view .LVU7
  57 000e 2A2B     		cmp	r3, #42
  58 0010 06D1     		bne	.L7
  88:Src/main.c    ****     {
  89:Src/main.c    ****         snprintf((char *)err_out, err_size,
  90:Src/main.c    ****                  "[ERR] Must end with '*'! Got 0x%02X\r\n", rx_buffer[2]);
  91:Src/main.c    ****         return false;
  92:Src/main.c    ****     }
  93:Src/main.c    **** 
  94:Src/main.c    ****     return true;
  59              		.loc 1 94 12 view .LVU8
  60 0012 0120     		movs	r0, #1
  61              	.LVL1:
  62              	.L3:
  95:Src/main.c    **** }
  63              		.loc 1 95 1 view .LVU9
  64 0014 08BD     		pop	{r3, pc}
  65              	.LVL2:
  66              	.L6:
  82:Src/main.c    ****                  "[ERR] Must start with '#'! Got 0x%02X\r\n", rx_buffer[0]);
  67              		.loc 1 82 9 is_stmt 1 view .LVU10
  68 0016 064A     		ldr	r2, .L8+4
ARM GAS  C:\Users\simon\AppData\Local\Temp\cceYPmWR.s 			page 4


  69 0018 FFF7FEFF 		bl	snprintf
  70              	.LVL3:
  84:Src/main.c    ****     }
  71              		.loc 1 84 9 view .LVU11
  84:Src/main.c    ****     }
  72              		.loc 1 84 16 is_stmt 0 view .LVU12
  73 001c 0020     		movs	r0, #0
  74 001e F9E7     		b	.L3
  75              	.LVL4:
  76              	.L7:
  89:Src/main.c    ****                  "[ERR] Must end with '*'! Got 0x%02X\r\n", rx_buffer[2]);
  77              		.loc 1 89 9 is_stmt 1 view .LVU13
  78 0020 044A     		ldr	r2, .L8+8
  79 0022 FFF7FEFF 		bl	snprintf
  80              	.LVL5:
  91:Src/main.c    ****     }
  81              		.loc 1 91 9 view .LVU14
  91:Src/main.c    ****     }
  82              		.loc 1 91 16 is_stmt 0 view .LVU15
  83 0026 0020     		movs	r0, #0
  84 0028 F4E7     		b	.L3
  85              	.L9:
  86 002a 00BF     		.align	2
  87              	.L8:
  88 002c 00000000 		.word	.LANCHOR0
  89 0030 00000000 		.word	.LC0
  90 0034 28000000 		.word	.LC1
  91              		.cfi_endproc
  92              	.LFE334:
  94              		.section	.rodata.handle_id_on.str1.4,"aMS",%progbits,1
  95              		.align	2
  96              	.LC2:
  97 0000 5B494E46 		.ascii	"[INFO] Timer already RUNNING\015\012\000"
  97      4F5D2054 
  97      696D6572 
  97      20616C72 
  97      65616479 
  98 001f 00       		.align	2
  99              	.LC3:
 100 0020 5B455252 		.ascii	"[ERR] Timer start failed! status=%d\015\012\000"
 100      5D205469 
 100      6D657220 
 100      73746172 
 100      74206661 
 101 0046 0000     		.align	2
 102              	.LC4:
 103 0048 5B4F4B5D 		.ascii	"[OK] Timer STARTED! status=%d\015\012\000"
 103      2054696D 
 103      65722053 
 103      54415254 
 103      45442120 
 104              		.section	.text.handle_id_on,"ax",%progbits
 105              		.align	1
 106              		.syntax unified
 107              		.thumb
 108              		.thumb_func
 110              	handle_id_on:
ARM GAS  C:\Users\simon\AppData\Local\Temp\cceYPmWR.s 			page 5


 111              	.LVL6:
 112              	.LFB335:
  96:Src/main.c    **** 
  97:Src/main.c    **** static void handle_id_on(uint8_t *msg_out, size_t msg_size)
  98:Src/main.c    **** {
 113              		.loc 1 98 1 is_stmt 1 view -0
 114              		.cfi_startproc
 115              		@ args = 0, pretend = 0, frame = 0
 116              		@ frame_needed = 0, uses_anonymous_args = 0
 117              		.loc 1 98 1 is_stmt 0 view .LVU17
 118 0000 38B5     		push	{r3, r4, r5, lr}
 119              	.LCFI1:
 120              		.cfi_def_cfa_offset 16
 121              		.cfi_offset 3, -16
 122              		.cfi_offset 4, -12
 123              		.cfi_offset 5, -8
 124              		.cfi_offset 14, -4
 125 0002 0446     		mov	r4, r0
 126 0004 0D46     		mov	r5, r1
  99:Src/main.c    ****     if (timer_running)
 127              		.loc 1 99 5 is_stmt 1 view .LVU18
 128              		.loc 1 99 9 is_stmt 0 view .LVU19
 129 0006 0D4B     		ldr	r3, .L16
 130 0008 1B78     		ldrb	r3, [r3]	@ zero_extendqisi2
 131              		.loc 1 99 8 view .LVU20
 132 000a 53B9     		cbnz	r3, .L15
 100:Src/main.c    ****     {
 101:Src/main.c    ****         snprintf((char *)msg_out, msg_size, "[INFO] Timer already RUNNING\r\n");
 102:Src/main.c    ****         return;
 103:Src/main.c    ****     }
 104:Src/main.c    **** 
 105:Src/main.c    ****     HAL_StatusTypeDef status = HAL_TIM_Base_Start_IT(&htim4);
 133              		.loc 1 105 5 is_stmt 1 view .LVU21
 134              		.loc 1 105 32 is_stmt 0 view .LVU22
 135 000c 0C48     		ldr	r0, .L16+4
 136              	.LVL7:
 137              		.loc 1 105 32 view .LVU23
 138 000e FFF7FEFF 		bl	HAL_TIM_Base_Start_IT
 139              	.LVL8:
 106:Src/main.c    **** 
 107:Src/main.c    ****     if (status != HAL_OK)
 140              		.loc 1 107 5 is_stmt 1 view .LVU24
 141              		.loc 1 107 8 is_stmt 0 view .LVU25
 142 0012 0346     		mov	r3, r0
 143 0014 48B1     		cbz	r0, .L13
 108:Src/main.c    ****         snprintf((char *)msg_out, msg_size,
 144              		.loc 1 108 9 is_stmt 1 view .LVU26
 145 0016 0B4A     		ldr	r2, .L16+8
 146 0018 2946     		mov	r1, r5
 147 001a 2046     		mov	r0, r4
 148              	.LVL9:
 149              		.loc 1 108 9 is_stmt 0 view .LVU27
 150 001c FFF7FEFF 		bl	snprintf
 151              	.LVL10:
 152 0020 02E0     		b	.L10
 153              	.LVL11:
 154              	.L15:
ARM GAS  C:\Users\simon\AppData\Local\Temp\cceYPmWR.s 			page 6


 101:Src/main.c    ****         return;
 155              		.loc 1 101 9 is_stmt 1 view .LVU28
 156 0022 094A     		ldr	r2, .L16+12
 157 0024 FFF7FEFF 		bl	snprintf
 158              	.LVL12:
 102:Src/main.c    ****     }
 159              		.loc 1 102 9 view .LVU29
 160              	.L10:
 109:Src/main.c    ****                  "[ERR] Timer start failed! status=%d\r\n", status);
 110:Src/main.c    ****     else
 111:Src/main.c    ****     {
 112:Src/main.c    ****         timer_running = true;
 113:Src/main.c    ****         snprintf((char *)msg_out, msg_size,
 114:Src/main.c    ****                  "[OK] Timer STARTED! status=%d\r\n", status);
 115:Src/main.c    ****     }
 116:Src/main.c    **** }
 161              		.loc 1 116 1 is_stmt 0 view .LVU30
 162 0028 38BD     		pop	{r3, r4, r5, pc}
 163              	.LVL13:
 164              	.L13:
 112:Src/main.c    ****         snprintf((char *)msg_out, msg_size,
 165              		.loc 1 112 9 is_stmt 1 view .LVU31
 112:Src/main.c    ****         snprintf((char *)msg_out, msg_size,
 166              		.loc 1 112 23 is_stmt 0 view .LVU32
 167 002a 044A     		ldr	r2, .L16
 168 002c 0121     		movs	r1, #1
 169 002e 1170     		strb	r1, [r2]
 113:Src/main.c    ****                  "[OK] Timer STARTED! status=%d\r\n", status);
 170              		.loc 1 113 9 is_stmt 1 view .LVU33
 171 0030 064A     		ldr	r2, .L16+16
 172 0032 2946     		mov	r1, r5
 173 0034 2046     		mov	r0, r4
 174              	.LVL14:
 113:Src/main.c    ****                  "[OK] Timer STARTED! status=%d\r\n", status);
 175              		.loc 1 113 9 is_stmt 0 view .LVU34
 176 0036 FFF7FEFF 		bl	snprintf
 177              	.LVL15:
 178 003a F5E7     		b	.L10
 179              	.L17:
 180              		.align	2
 181              	.L16:
 182 003c 00000000 		.word	.LANCHOR1
 183 0040 00000000 		.word	htim4
 184 0044 20000000 		.word	.LC3
 185 0048 00000000 		.word	.LC2
 186 004c 48000000 		.word	.LC4
 187              		.cfi_endproc
 188              	.LFE335:
 190              		.section	.rodata.handle_id_off.str1.4,"aMS",%progbits,1
 191              		.align	2
 192              	.LC5:
 193 0000 5B494E46 		.ascii	"[INFO] Timer already STOPPED\015\012\000"
 193      4F5D2054 
 193      696D6572 
 193      20616C72 
 193      65616479 
 194 001f 00       		.align	2
ARM GAS  C:\Users\simon\AppData\Local\Temp\cceYPmWR.s 			page 7


 195              	.LC6:
 196 0020 5B455252 		.ascii	"[ERR] Timer stop failed! status=%d\015\012\000"
 196      5D205469 
 196      6D657220 
 196      73746F70 
 196      20666169 
 197 0045 000000   		.align	2
 198              	.LC7:
 199 0048 5B4F4B5D 		.ascii	"[OK] Timer STOPPED! status=%d\015\012\000"
 199      2054696D 
 199      65722053 
 199      544F5050 
 199      45442120 
 200              		.section	.text.handle_id_off,"ax",%progbits
 201              		.align	1
 202              		.syntax unified
 203              		.thumb
 204              		.thumb_func
 206              	handle_id_off:
 207              	.LVL16:
 208              	.LFB336:
 117:Src/main.c    **** 
 118:Src/main.c    **** static void handle_id_off(uint8_t *msg_out, size_t msg_size)
 119:Src/main.c    **** {
 209              		.loc 1 119 1 is_stmt 1 view -0
 210              		.cfi_startproc
 211              		@ args = 0, pretend = 0, frame = 0
 212              		@ frame_needed = 0, uses_anonymous_args = 0
 213              		.loc 1 119 1 is_stmt 0 view .LVU36
 214 0000 38B5     		push	{r3, r4, r5, lr}
 215              	.LCFI2:
 216              		.cfi_def_cfa_offset 16
 217              		.cfi_offset 3, -16
 218              		.cfi_offset 4, -12
 219              		.cfi_offset 5, -8
 220              		.cfi_offset 14, -4
 221 0002 0446     		mov	r4, r0
 222 0004 0D46     		mov	r5, r1
 120:Src/main.c    ****     if (!timer_running)
 223              		.loc 1 120 5 is_stmt 1 view .LVU37
 224              		.loc 1 120 9 is_stmt 0 view .LVU38
 225 0006 0D4B     		ldr	r3, .L24
 226 0008 1B78     		ldrb	r3, [r3]	@ zero_extendqisi2
 227              		.loc 1 120 8 view .LVU39
 228 000a 53B1     		cbz	r3, .L23
 121:Src/main.c    ****     {
 122:Src/main.c    ****         snprintf((char *)msg_out, msg_size, "[INFO] Timer already STOPPED\r\n");
 123:Src/main.c    ****         return;
 124:Src/main.c    ****     }
 125:Src/main.c    **** 
 126:Src/main.c    ****     HAL_StatusTypeDef status = HAL_TIM_Base_Stop_IT(&htim4);
 229              		.loc 1 126 5 is_stmt 1 view .LVU40
 230              		.loc 1 126 32 is_stmt 0 view .LVU41
 231 000c 0C48     		ldr	r0, .L24+4
 232              	.LVL17:
 233              		.loc 1 126 32 view .LVU42
 234 000e FFF7FEFF 		bl	HAL_TIM_Base_Stop_IT
ARM GAS  C:\Users\simon\AppData\Local\Temp\cceYPmWR.s 			page 8


 235              	.LVL18:
 127:Src/main.c    **** 
 128:Src/main.c    ****     if (status != HAL_OK)
 236              		.loc 1 128 5 is_stmt 1 view .LVU43
 237              		.loc 1 128 8 is_stmt 0 view .LVU44
 238 0012 0346     		mov	r3, r0
 239 0014 48B1     		cbz	r0, .L21
 129:Src/main.c    ****         snprintf((char *)msg_out, msg_size,
 240              		.loc 1 129 9 is_stmt 1 view .LVU45
 241 0016 0B4A     		ldr	r2, .L24+8
 242 0018 2946     		mov	r1, r5
 243 001a 2046     		mov	r0, r4
 244              	.LVL19:
 245              		.loc 1 129 9 is_stmt 0 view .LVU46
 246 001c FFF7FEFF 		bl	snprintf
 247              	.LVL20:
 248 0020 02E0     		b	.L18
 249              	.LVL21:
 250              	.L23:
 122:Src/main.c    ****         return;
 251              		.loc 1 122 9 is_stmt 1 view .LVU47
 252 0022 094A     		ldr	r2, .L24+12
 253 0024 FFF7FEFF 		bl	snprintf
 254              	.LVL22:
 123:Src/main.c    ****     }
 255              		.loc 1 123 9 view .LVU48
 256              	.L18:
 130:Src/main.c    ****                  "[ERR] Timer stop failed! status=%d\r\n", status);
 131:Src/main.c    ****     else
 132:Src/main.c    ****     {
 133:Src/main.c    ****         timer_running = false;
 134:Src/main.c    ****         snprintf((char *)msg_out, msg_size,
 135:Src/main.c    ****                  "[OK] Timer STOPPED! status=%d\r\n", status);
 136:Src/main.c    ****     }
 137:Src/main.c    **** }
 257              		.loc 1 137 1 is_stmt 0 view .LVU49
 258 0028 38BD     		pop	{r3, r4, r5, pc}
 259              	.LVL23:
 260              	.L21:
 133:Src/main.c    ****         snprintf((char *)msg_out, msg_size,
 261              		.loc 1 133 9 is_stmt 1 view .LVU50
 133:Src/main.c    ****         snprintf((char *)msg_out, msg_size,
 262              		.loc 1 133 23 is_stmt 0 view .LVU51
 263 002a 044A     		ldr	r2, .L24
 264 002c 0021     		movs	r1, #0
 265 002e 1170     		strb	r1, [r2]
 134:Src/main.c    ****                  "[OK] Timer STOPPED! status=%d\r\n", status);
 266              		.loc 1 134 9 is_stmt 1 view .LVU52
 267 0030 064A     		ldr	r2, .L24+16
 268 0032 2946     		mov	r1, r5
 269 0034 2046     		mov	r0, r4
 270              	.LVL24:
 134:Src/main.c    ****                  "[OK] Timer STOPPED! status=%d\r\n", status);
 271              		.loc 1 134 9 is_stmt 0 view .LVU53
 272 0036 FFF7FEFF 		bl	snprintf
 273              	.LVL25:
 274 003a F5E7     		b	.L18
ARM GAS  C:\Users\simon\AppData\Local\Temp\cceYPmWR.s 			page 9


 275              	.L25:
 276              		.align	2
 277              	.L24:
 278 003c 00000000 		.word	.LANCHOR1
 279 0040 00000000 		.word	htim4
 280 0044 20000000 		.word	.LC6
 281 0048 00000000 		.word	.LC5
 282 004c 48000000 		.word	.LC7
 283              		.cfi_endproc
 284              	.LFE336:
 286              		.section	.rodata.dispatch_command.str1.4,"aMS",%progbits,1
 287              		.align	2
 288              	.LC8:
 289 0000 5B455252 		.ascii	"[ERR] Unknown ID=0x%02X! Use #%c* ON / #%c* OFF\015"
 289      5D20556E 
 289      6B6E6F77 
 289      6E204944 
 289      3D307825 
 290 0030 0A00     		.ascii	"\012\000"
 291              		.section	.text.dispatch_command,"ax",%progbits
 292              		.align	1
 293              		.syntax unified
 294              		.thumb
 295              		.thumb_func
 297              	dispatch_command:
 298              	.LVL26:
 299              	.LFB337:
 138:Src/main.c    **** 
 139:Src/main.c    **** static void dispatch_command(uint8_t *msg_out, size_t msg_size)
 140:Src/main.c    **** {
 300              		.loc 1 140 1 is_stmt 1 view -0
 301              		.cfi_startproc
 302              		@ args = 0, pretend = 0, frame = 0
 303              		@ frame_needed = 0, uses_anonymous_args = 0
 304              		.loc 1 140 1 is_stmt 0 view .LVU55
 305 0000 00B5     		push	{lr}
 306              	.LCFI3:
 307              		.cfi_def_cfa_offset 4
 308              		.cfi_offset 14, -4
 309 0002 83B0     		sub	sp, sp, #12
 310              	.LCFI4:
 311              		.cfi_def_cfa_offset 16
 141:Src/main.c    ****     if (rx_buffer[1] == ID_ON)
 312              		.loc 1 141 5 is_stmt 1 view .LVU56
 313              		.loc 1 141 18 is_stmt 0 view .LVU57
 314 0004 0A4B     		ldr	r3, .L33
 315 0006 5B78     		ldrb	r3, [r3, #1]	@ zero_extendqisi2
 316              		.loc 1 141 8 view .LVU58
 317 0008 312B     		cmp	r3, #49
 318 000a 0BD0     		beq	.L31
 142:Src/main.c    ****         handle_id_on(msg_out, msg_size);
 143:Src/main.c    ****     else if (rx_buffer[1] == ID_OFF)
 319              		.loc 1 143 10 is_stmt 1 view .LVU59
 320              		.loc 1 143 13 is_stmt 0 view .LVU60
 321 000c 322B     		cmp	r3, #50
 322 000e 0CD0     		beq	.L32
 144:Src/main.c    ****         handle_id_off(msg_out, msg_size);
ARM GAS  C:\Users\simon\AppData\Local\Temp\cceYPmWR.s 			page 10


 145:Src/main.c    ****     else
 146:Src/main.c    ****         snprintf((char *)msg_out, msg_size,
 323              		.loc 1 146 9 is_stmt 1 view .LVU61
 324 0010 3222     		movs	r2, #50
 325 0012 0192     		str	r2, [sp, #4]
 326 0014 3122     		movs	r2, #49
 327 0016 0092     		str	r2, [sp]
 328 0018 064A     		ldr	r2, .L33+4
 329 001a FFF7FEFF 		bl	snprintf
 330              	.LVL27:
 331              	.L26:
 147:Src/main.c    ****                  "[ERR] Unknown ID=0x%02X! Use #%c* ON / #%c* OFF\r\n",
 148:Src/main.c    ****                  rx_buffer[1], ID_ON, ID_OFF);
 149:Src/main.c    **** }
 332              		.loc 1 149 1 is_stmt 0 view .LVU62
 333 001e 03B0     		add	sp, sp, #12
 334              	.LCFI5:
 335              		.cfi_remember_state
 336              		.cfi_def_cfa_offset 4
 337              		@ sp needed
 338 0020 5DF804FB 		ldr	pc, [sp], #4
 339              	.LVL28:
 340              	.L31:
 341              	.LCFI6:
 342              		.cfi_restore_state
 142:Src/main.c    ****     else if (rx_buffer[1] == ID_OFF)
 343              		.loc 1 142 9 is_stmt 1 view .LVU63
 344 0024 FFF7FEFF 		bl	handle_id_on
 345              	.LVL29:
 142:Src/main.c    ****     else if (rx_buffer[1] == ID_OFF)
 346              		.loc 1 142 9 is_stmt 0 view .LVU64
 347 0028 F9E7     		b	.L26
 348              	.LVL30:
 349              	.L32:
 144:Src/main.c    ****         handle_id_off(msg_out, msg_size);
 350              		.loc 1 144 9 is_stmt 1 view .LVU65
 351 002a FFF7FEFF 		bl	handle_id_off
 352              	.LVL31:
 144:Src/main.c    ****         handle_id_off(msg_out, msg_size);
 353              		.loc 1 144 9 is_stmt 0 view .LVU66
 354 002e F6E7     		b	.L26
 355              	.L34:
 356              		.align	2
 357              	.L33:
 358 0030 00000000 		.word	.LANCHOR0
 359 0034 00000000 		.word	.LC8
 360              		.cfi_endproc
 361              	.LFE337:
 363              		.section	.text.send_response_and_rearm,"ax",%progbits
 364              		.align	1
 365              		.syntax unified
 366              		.thumb
 367              		.thumb_func
 369              	send_response_and_rearm:
 370              	.LVL32:
 371              	.LFB338:
 150:Src/main.c    **** 
ARM GAS  C:\Users\simon\AppData\Local\Temp\cceYPmWR.s 			page 11


 151:Src/main.c    **** static void send_response_and_rearm(const uint8_t *msg)
 152:Src/main.c    **** {
 372              		.loc 1 152 1 is_stmt 1 view -0
 373              		.cfi_startproc
 374              		@ args = 0, pretend = 0, frame = 0
 375              		@ frame_needed = 0, uses_anonymous_args = 0
 376              		.loc 1 152 1 is_stmt 0 view .LVU68
 377 0000 38B5     		push	{r3, r4, r5, lr}
 378              	.LCFI7:
 379              		.cfi_def_cfa_offset 16
 380              		.cfi_offset 3, -16
 381              		.cfi_offset 4, -12
 382              		.cfi_offset 5, -8
 383              		.cfi_offset 14, -4
 384 0002 0446     		mov	r4, r0
 153:Src/main.c    ****     HAL_UART_Transmit(&huart4, msg, strlen((const char *)msg), DELAY);
 385              		.loc 1 153 5 is_stmt 1 view .LVU69
 386              		.loc 1 153 37 is_stmt 0 view .LVU70
 387 0004 FFF7FEFF 		bl	strlen
 388              	.LVL33:
 389              		.loc 1 153 5 view .LVU71
 390 0008 064D     		ldr	r5, .L37
 391 000a 6423     		movs	r3, #100
 392 000c 82B2     		uxth	r2, r0
 393 000e 2146     		mov	r1, r4
 394 0010 2846     		mov	r0, r5
 395 0012 FFF7FEFF 		bl	HAL_UART_Transmit
 396              	.LVL34:
 154:Src/main.c    ****     HAL_UART_Receive_IT(&huart4, rx_buffer, RX_LENGTH);
 397              		.loc 1 154 5 is_stmt 1 view .LVU72
 398 0016 0322     		movs	r2, #3
 399 0018 0349     		ldr	r1, .L37+4
 400 001a 2846     		mov	r0, r5
 401 001c FFF7FEFF 		bl	HAL_UART_Receive_IT
 402              	.LVL35:
 155:Src/main.c    **** }
 403              		.loc 1 155 1 is_stmt 0 view .LVU73
 404 0020 38BD     		pop	{r3, r4, r5, pc}
 405              	.LVL36:
 406              	.L38:
 407              		.loc 1 155 1 view .LVU74
 408 0022 00BF     		.align	2
 409              	.L37:
 410 0024 00000000 		.word	huart4
 411 0028 00000000 		.word	.LANCHOR0
 412              		.cfi_endproc
 413              	.LFE338:
 415              		.section	.text.HAL_UART_RxCpltCallback,"ax",%progbits
 416              		.align	1
 417              		.global	HAL_UART_RxCpltCallback
 418              		.syntax unified
 419              		.thumb
 420              		.thumb_func
 422              	HAL_UART_RxCpltCallback:
 423              	.LVL37:
 424              	.LFB339:
 156:Src/main.c    **** 
ARM GAS  C:\Users\simon\AppData\Local\Temp\cceYPmWR.s 			page 12


 157:Src/main.c    **** void HAL_UART_RxCpltCallback(UART_HandleTypeDef *huart)
 158:Src/main.c    **** {
 425              		.loc 1 158 1 is_stmt 1 view -0
 426              		.cfi_startproc
 427              		@ args = 0, pretend = 0, frame = 104
 428              		@ frame_needed = 0, uses_anonymous_args = 0
 159:Src/main.c    ****     if (huart->Instance != UART4)
 429              		.loc 1 159 5 view .LVU76
 430              		.loc 1 159 14 is_stmt 0 view .LVU77
 431 0000 0268     		ldr	r2, [r0]
 432              		.loc 1 159 8 view .LVU78
 433 0002 294B     		ldr	r3, .L52
 434 0004 9A42     		cmp	r2, r3
 435 0006 00D0     		beq	.L50
 436 0008 7047     		bx	lr
 437              	.L50:
 158:Src/main.c    ****     if (huart->Instance != UART4)
 438              		.loc 1 158 1 view .LVU79
 439 000a 10B5     		push	{r4, lr}
 440              	.LCFI8:
 441              		.cfi_def_cfa_offset 8
 442              		.cfi_offset 4, -8
 443              		.cfi_offset 14, -4
 444 000c 9AB0     		sub	sp, sp, #104
 445              	.LCFI9:
 446              		.cfi_def_cfa_offset 112
 160:Src/main.c    ****         return;
 161:Src/main.c    **** 
 162:Src/main.c    ****     uint16_t rx_len = RX_LENGTH - __HAL_DMA_GET_COUNTER(huart4.hdmarx);
 447              		.loc 1 162 5 is_stmt 1 view .LVU80
 448              		.loc 1 162 35 is_stmt 0 view .LVU81
 449 000e 274B     		ldr	r3, .L52+4
 450 0010 DB6F     		ldr	r3, [r3, #124]
 451 0012 1B68     		ldr	r3, [r3]
 452              		.loc 1 162 14 view .LVU82
 453 0014 2649     		ldr	r1, .L52+8
 454 0016 274A     		ldr	r2, .L52+12
 455 0018 9342     		cmp	r3, r2
 456 001a 18BF     		it	ne
 457 001c 8B42     		cmpne	r3, r1
 458 001e 2CD0     		beq	.L42
 459              		.loc 1 162 35 discriminator 2 view .LVU83
 460 0020 1832     		adds	r2, r2, #24
 461 0022 9342     		cmp	r3, r2
 462 0024 29D0     		beq	.L42
 463              		.loc 1 162 35 discriminator 4 view .LVU84
 464 0026 1832     		adds	r2, r2, #24
 465 0028 9342     		cmp	r3, r2
 466 002a 26D0     		beq	.L42
 467              		.loc 1 162 35 discriminator 6 view .LVU85
 468 002c 1832     		adds	r2, r2, #24
 469 002e 9342     		cmp	r3, r2
 470 0030 23D0     		beq	.L42
 471              		.loc 1 162 35 discriminator 8 view .LVU86
 472 0032 1832     		adds	r2, r2, #24
 473 0034 9342     		cmp	r3, r2
 474 0036 20D0     		beq	.L42
ARM GAS  C:\Users\simon\AppData\Local\Temp\cceYPmWR.s 			page 13


 475              		.loc 1 162 35 discriminator 10 view .LVU87
 476 0038 1832     		adds	r2, r2, #24
 477 003a 9342     		cmp	r3, r2
 478 003c 1DD0     		beq	.L42
 479              		.loc 1 162 35 discriminator 12 view .LVU88
 480 003e 1832     		adds	r2, r2, #24
 481 0040 9342     		cmp	r3, r2
 482 0042 1AD0     		beq	.L42
 483              		.loc 1 162 35 discriminator 14 view .LVU89
 484 0044 02F55672 		add	r2, r2, #856
 485 0048 9342     		cmp	r3, r2
 486 004a 16D0     		beq	.L42
 487              		.loc 1 162 35 discriminator 16 view .LVU90
 488 004c 1832     		adds	r2, r2, #24
 489 004e 9342     		cmp	r3, r2
 490 0050 13D0     		beq	.L42
 491              		.loc 1 162 35 discriminator 18 view .LVU91
 492 0052 1832     		adds	r2, r2, #24
 493 0054 9342     		cmp	r3, r2
 494 0056 10D0     		beq	.L42
 495              		.loc 1 162 35 discriminator 20 view .LVU92
 496 0058 1832     		adds	r2, r2, #24
 497 005a 9342     		cmp	r3, r2
 498 005c 0DD0     		beq	.L42
 499              		.loc 1 162 35 discriminator 22 view .LVU93
 500 005e 1832     		adds	r2, r2, #24
 501 0060 9342     		cmp	r3, r2
 502 0062 0AD0     		beq	.L42
 503              		.loc 1 162 35 discriminator 24 view .LVU94
 504 0064 1832     		adds	r2, r2, #24
 505 0066 9342     		cmp	r3, r2
 506 0068 07D0     		beq	.L42
 507              		.loc 1 162 35 discriminator 26 view .LVU95
 508 006a 1832     		adds	r2, r2, #24
 509 006c 9342     		cmp	r3, r2
 510 006e 04D0     		beq	.L42
 511              		.loc 1 162 35 discriminator 28 view .LVU96
 512 0070 1832     		adds	r2, r2, #24
 513 0072 9342     		cmp	r3, r2
 514 0074 01D0     		beq	.L42
 515              		.loc 1 162 35 discriminator 30 view .LVU97
 516 0076 5B68     		ldr	r3, [r3, #4]
 517 0078 00E0     		b	.L44
 518              	.L42:
 519              		.loc 1 162 35 discriminator 29 view .LVU98
 520 007a 5B68     		ldr	r3, [r3, #4]
 521              	.L44:
 163:Src/main.c    ****     uint8_t  message[100];
 522              		.loc 1 163 5 is_stmt 1 discriminator 32 view .LVU99
 164:Src/main.c    ****     memset(message, 0, sizeof(message));
 523              		.loc 1 164 5 discriminator 32 view .LVU100
 524 007c 6424     		movs	r4, #100
 525 007e 2246     		mov	r2, r4
 526 0080 0021     		movs	r1, #0
 527 0082 01A8     		add	r0, sp, #4
 528              	.LVL38:
 529              		.loc 1 164 5 is_stmt 0 discriminator 32 view .LVU101
ARM GAS  C:\Users\simon\AppData\Local\Temp\cceYPmWR.s 			page 14


 530 0084 FFF7FEFF 		bl	memset
 531              	.LVL39:
 165:Src/main.c    **** 
 166:Src/main.c    ****     if (validate_frame(message, sizeof(message)))
 532              		.loc 1 166 5 is_stmt 1 discriminator 32 view .LVU102
 533              		.loc 1 166 9 is_stmt 0 discriminator 32 view .LVU103
 534 0088 2146     		mov	r1, r4
 535 008a 01A8     		add	r0, sp, #4
 536 008c FFF7FEFF 		bl	validate_frame
 537              	.LVL40:
 538              		.loc 1 166 8 discriminator 32 view .LVU104
 539 0090 20B9     		cbnz	r0, .L51
 540              	.L45:
 167:Src/main.c    ****         dispatch_command(message, sizeof(message));
 168:Src/main.c    **** 
 169:Src/main.c    ****     send_response_and_rearm(message);
 541              		.loc 1 169 5 is_stmt 1 view .LVU105
 542 0092 01A8     		add	r0, sp, #4
 543 0094 FFF7FEFF 		bl	send_response_and_rearm
 544              	.LVL41:
 170:Src/main.c    **** }
 545              		.loc 1 170 1 is_stmt 0 view .LVU106
 546 0098 1AB0     		add	sp, sp, #104
 547              	.LCFI10:
 548              		.cfi_remember_state
 549              		.cfi_def_cfa_offset 8
 550              		@ sp needed
 551 009a 10BD     		pop	{r4, pc}
 552              	.L51:
 553              	.LCFI11:
 554              		.cfi_restore_state
 167:Src/main.c    ****         dispatch_command(message, sizeof(message));
 555              		.loc 1 167 9 is_stmt 1 view .LVU107
 556 009c 2146     		mov	r1, r4
 557 009e 01A8     		add	r0, sp, #4
 558 00a0 FFF7FEFF 		bl	dispatch_command
 559              	.LVL42:
 560 00a4 F5E7     		b	.L45
 561              	.L53:
 562 00a6 00BF     		.align	2
 563              	.L52:
 564 00a8 004C0040 		.word	1073761280
 565 00ac 00000000 		.word	huart4
 566 00b0 10000240 		.word	1073872912
 567 00b4 28000240 		.word	1073872936
 568              		.cfi_endproc
 569              	.LFE339:
 571              		.section	.text.HAL_TIM_PeriodElapsedCallback,"ax",%progbits
 572              		.align	1
 573              		.global	HAL_TIM_PeriodElapsedCallback
 574              		.syntax unified
 575              		.thumb
 576              		.thumb_func
 578              	HAL_TIM_PeriodElapsedCallback:
 579              	.LVL43:
 580              	.LFB340:
 171:Src/main.c    **** 
ARM GAS  C:\Users\simon\AppData\Local\Temp\cceYPmWR.s 			page 15


 172:Src/main.c    **** void HAL_TIM_PeriodElapsedCallback(TIM_HandleTypeDef *htim)
 173:Src/main.c    **** {
 581              		.loc 1 173 1 view -0
 582              		.cfi_startproc
 583              		@ args = 0, pretend = 0, frame = 0
 584              		@ frame_needed = 0, uses_anonymous_args = 0
 585              		.loc 1 173 1 is_stmt 0 view .LVU109
 586 0000 08B5     		push	{r3, lr}
 587              	.LCFI12:
 588              		.cfi_def_cfa_offset 8
 589              		.cfi_offset 3, -8
 590              		.cfi_offset 14, -4
 174:Src/main.c    ****     if (htim->Instance != TIM4)
 591              		.loc 1 174 5 is_stmt 1 view .LVU110
 592              		.loc 1 174 13 is_stmt 0 view .LVU111
 593 0002 0268     		ldr	r2, [r0]
 594              		.loc 1 174 8 view .LVU112
 595 0004 044B     		ldr	r3, .L58
 596 0006 9A42     		cmp	r2, r3
 597 0008 00D0     		beq	.L57
 598              	.LVL44:
 599              	.L54:
 175:Src/main.c    ****         return;
 176:Src/main.c    **** 
 177:Src/main.c    ****         HAL_GPIO_TogglePin(SEGDP_GPIO_Port, SEGDP_Pin);
 178:Src/main.c    **** }
 600              		.loc 1 178 1 view .LVU113
 601 000a 08BD     		pop	{r3, pc}
 602              	.LVL45:
 603              	.L57:
 177:Src/main.c    **** }
 604              		.loc 1 177 9 is_stmt 1 view .LVU114
 605 000c 8021     		movs	r1, #128
 606 000e 0348     		ldr	r0, .L58+4
 607              	.LVL46:
 177:Src/main.c    **** }
 608              		.loc 1 177 9 is_stmt 0 view .LVU115
 609 0010 FFF7FEFF 		bl	HAL_GPIO_TogglePin
 610              	.LVL47:
 611 0014 F9E7     		b	.L54
 612              	.L59:
 613 0016 00BF     		.align	2
 614              	.L58:
 615 0018 00080040 		.word	1073743872
 616 001c 00240258 		.word	1476535296
 617              		.cfi_endproc
 618              	.LFE340:
 620              		.section	.text.Error_Handler,"ax",%progbits
 621              		.align	1
 622              		.global	Error_Handler
 623              		.syntax unified
 624              		.thumb
 625              		.thumb_func
 627              	Error_Handler:
 628              	.LFB344:
 179:Src/main.c    **** 
 180:Src/main.c    **** /* USER CODE END 0 */
ARM GAS  C:\Users\simon\AppData\Local\Temp\cceYPmWR.s 			page 16


 181:Src/main.c    **** /**
 182:Src/main.c    ****   * @brief  The application entry point.
 183:Src/main.c    ****   * @retval int
 184:Src/main.c    ****   */
 185:Src/main.c    **** int main(void)
 186:Src/main.c    **** {
 187:Src/main.c    ****   /* USER CODE BEGIN 1 */
 188:Src/main.c    **** 
 189:Src/main.c    ****   /* USER CODE END 1 */
 190:Src/main.c    **** 
 191:Src/main.c    ****   /* Enable I-Cache---------------------------------------------------------*/
 192:Src/main.c    ****   SCB_EnableICache();
 193:Src/main.c    **** 
 194:Src/main.c    ****   /* Enable D-Cache---------------------------------------------------------*/
 195:Src/main.c    ****   SCB_EnableDCache();
 196:Src/main.c    **** 
 197:Src/main.c    ****   /* MCU Configuration--------------------------------------------------------*/
 198:Src/main.c    **** 
 199:Src/main.c    ****   /* Reset of all peripherals, Initializes the Flash interface and the Systick. */
 200:Src/main.c    ****   HAL_Init();
 201:Src/main.c    **** 
 202:Src/main.c    ****   /* USER CODE BEGIN Init */
 203:Src/main.c    **** 
 204:Src/main.c    ****   /* USER CODE END Init */
 205:Src/main.c    **** 
 206:Src/main.c    ****   /* Configure the system clock */
 207:Src/main.c    ****   SystemClock_Config();
 208:Src/main.c    **** 
 209:Src/main.c    **** /* Configure the peripherals common clocks */
 210:Src/main.c    ****   PeriphCommonClock_Config();
 211:Src/main.c    **** 
 212:Src/main.c    ****   /* USER CODE BEGIN SysInit */
 213:Src/main.c    **** 
 214:Src/main.c    ****   /* USER CODE END SysInit */
 215:Src/main.c    **** 
 216:Src/main.c    ****   /* Initialize all configured peripherals */
 217:Src/main.c    ****   MX_GPIO_Init();
 218:Src/main.c    ****   MX_DMA_Init();
 219:Src/main.c    ****   MX_ADC1_Init();
 220:Src/main.c    ****   MX_ADC2_Init();
 221:Src/main.c    ****   MX_ADC3_Init();
 222:Src/main.c    ****   MX_DAC1_Init();
 223:Src/main.c    ****   MX_FMC_Init();
 224:Src/main.c    ****   MX_HRTIM_Init();
 225:Src/main.c    ****   MX_I2C2_Init();
 226:Src/main.c    ****   MX_I2C3_Init();
 227:Src/main.c    ****   MX_I2C4_Init();
 228:Src/main.c    ****   MX_LPUART1_UART_Init();
 229:Src/main.c    ****   MX_UART4_Init();
 230:Src/main.c    ****   MX_UART7_Init();
 231:Src/main.c    ****   MX_UART8_Init();
 232:Src/main.c    ****   MX_USART1_Init();
 233:Src/main.c    ****   MX_USART2_UART_Init();
 234:Src/main.c    ****   MX_RTC_Init();
 235:Src/main.c    ****   MX_SPI1_Init();
 236:Src/main.c    ****   MX_SPI2_Init();
 237:Src/main.c    ****   MX_SPI5_Init();
ARM GAS  C:\Users\simon\AppData\Local\Temp\cceYPmWR.s 			page 17


 238:Src/main.c    ****   MX_SPI6_Init();
 239:Src/main.c    ****   MX_TIM1_Init();
 240:Src/main.c    ****   MX_TIM2_Init();
 241:Src/main.c    ****   MX_TIM3_Init();
 242:Src/main.c    ****   MX_TIM4_Init();
 243:Src/main.c    ****   MX_TIM5_Init();
 244:Src/main.c    ****   MX_TIM6_Init();
 245:Src/main.c    ****   MX_TIM7_Init();
 246:Src/main.c    ****   MX_TIM8_Init();
 247:Src/main.c    ****   MX_TIM12_Init();
 248:Src/main.c    ****   MX_TIM13_Init();
 249:Src/main.c    ****   MX_TIM14_Init();
 250:Src/main.c    ****   MX_TIM15_Init();
 251:Src/main.c    ****   MX_TIM16_Init();
 252:Src/main.c    ****   MX_TIM17_Init();
 253:Src/main.c    ****   MX_USB_OTG_FS_USB_Init();
 254:Src/main.c    ****   /* USER CODE BEGIN 2 */
 255:Src/main.c    ****   HAL_UART_Receive_IT(&huart4, rx_buffer, RX_LENGTH);
 256:Src/main.c    ****   /* USER CODE END 2 */
 257:Src/main.c    **** 
 258:Src/main.c    ****   /* Infinite loop */
 259:Src/main.c    ****   /* USER CODE BEGIN WHILE */
 260:Src/main.c    ****   while (1)
 261:Src/main.c    ****   {
 262:Src/main.c    ****     /* USER CODE END WHILE */
 263:Src/main.c    **** 
 264:Src/main.c    ****     /* USER CODE BEGIN 3 */
 265:Src/main.c    ****   }
 266:Src/main.c    ****   /* USER CODE END 3 */
 267:Src/main.c    **** }
 268:Src/main.c    **** 
 269:Src/main.c    **** /**
 270:Src/main.c    ****   * @brief System Clock Configuration
 271:Src/main.c    ****   * @retval None
 272:Src/main.c    ****   */
 273:Src/main.c    **** void SystemClock_Config(void)
 274:Src/main.c    **** {
 275:Src/main.c    ****   RCC_OscInitTypeDef RCC_OscInitStruct = {0};
 276:Src/main.c    ****   RCC_ClkInitTypeDef RCC_ClkInitStruct = {0};
 277:Src/main.c    **** 
 278:Src/main.c    ****   /** Supply configuration update enable
 279:Src/main.c    ****   */
 280:Src/main.c    ****   HAL_PWREx_ConfigSupply(PWR_LDO_SUPPLY);
 281:Src/main.c    ****   /** Configure the main internal regulator output voltage
 282:Src/main.c    ****   */
 283:Src/main.c    ****   __HAL_PWR_VOLTAGESCALING_CONFIG(PWR_REGULATOR_VOLTAGE_SCALE3);
 284:Src/main.c    **** 
 285:Src/main.c    ****   while(!__HAL_PWR_GET_FLAG(PWR_FLAG_VOSRDY)) {}
 286:Src/main.c    ****   /** Macro to configure the PLL clock source
 287:Src/main.c    ****   */
 288:Src/main.c    ****   __HAL_RCC_PLL_PLLSOURCE_CONFIG(RCC_PLLSOURCE_HSE);
 289:Src/main.c    ****   /** Initializes the RCC Oscillators according to the specified parameters
 290:Src/main.c    ****   * in the RCC_OscInitTypeDef structure.
 291:Src/main.c    ****   */
 292:Src/main.c    ****   RCC_OscInitStruct.OscillatorType = RCC_OSCILLATORTYPE_HSI48|RCC_OSCILLATORTYPE_LSI
 293:Src/main.c    ****                               |RCC_OSCILLATORTYPE_HSE;
 294:Src/main.c    ****   RCC_OscInitStruct.HSEState = RCC_HSE_ON;
ARM GAS  C:\Users\simon\AppData\Local\Temp\cceYPmWR.s 			page 18


 295:Src/main.c    ****   RCC_OscInitStruct.LSIState = RCC_LSI_ON;
 296:Src/main.c    ****   RCC_OscInitStruct.HSI48State = RCC_HSI48_ON;
 297:Src/main.c    ****   RCC_OscInitStruct.PLL.PLLState = RCC_PLL_ON;
 298:Src/main.c    ****   RCC_OscInitStruct.PLL.PLLSource = RCC_PLLSOURCE_HSE;
 299:Src/main.c    ****   RCC_OscInitStruct.PLL.PLLM = 1;
 300:Src/main.c    ****   RCC_OscInitStruct.PLL.PLLN = 9;
 301:Src/main.c    ****   RCC_OscInitStruct.PLL.PLLP = 2;
 302:Src/main.c    ****   RCC_OscInitStruct.PLL.PLLQ = 2;
 303:Src/main.c    ****   RCC_OscInitStruct.PLL.PLLR = 2;
 304:Src/main.c    ****   RCC_OscInitStruct.PLL.PLLRGE = RCC_PLL1VCIRANGE_3;
 305:Src/main.c    ****   RCC_OscInitStruct.PLL.PLLVCOSEL = RCC_PLL1VCOMEDIUM;
 306:Src/main.c    ****   RCC_OscInitStruct.PLL.PLLFRACN = 3072;
 307:Src/main.c    ****   if (HAL_RCC_OscConfig(&RCC_OscInitStruct) != HAL_OK)
 308:Src/main.c    ****   {
 309:Src/main.c    ****     Error_Handler();
 310:Src/main.c    ****   }
 311:Src/main.c    ****   /** Initializes the CPU, AHB and APB buses clocks
 312:Src/main.c    ****   */
 313:Src/main.c    ****   RCC_ClkInitStruct.ClockType = RCC_CLOCKTYPE_HCLK|RCC_CLOCKTYPE_SYSCLK
 314:Src/main.c    ****                               |RCC_CLOCKTYPE_PCLK1|RCC_CLOCKTYPE_PCLK2
 315:Src/main.c    ****                               |RCC_CLOCKTYPE_D3PCLK1|RCC_CLOCKTYPE_D1PCLK1;
 316:Src/main.c    ****   RCC_ClkInitStruct.SYSCLKSource = RCC_SYSCLKSOURCE_PLLCLK;
 317:Src/main.c    ****   RCC_ClkInitStruct.SYSCLKDivider = RCC_SYSCLK_DIV1;
 318:Src/main.c    ****   RCC_ClkInitStruct.AHBCLKDivider = RCC_HCLK_DIV1;
 319:Src/main.c    ****   RCC_ClkInitStruct.APB3CLKDivider = RCC_APB3_DIV2;
 320:Src/main.c    ****   RCC_ClkInitStruct.APB1CLKDivider = RCC_APB1_DIV2;
 321:Src/main.c    ****   RCC_ClkInitStruct.APB2CLKDivider = RCC_APB2_DIV2;
 322:Src/main.c    ****   RCC_ClkInitStruct.APB4CLKDivider = RCC_APB4_DIV2;
 323:Src/main.c    **** 
 324:Src/main.c    ****   if (HAL_RCC_ClockConfig(&RCC_ClkInitStruct, FLASH_LATENCY_1) != HAL_OK)
 325:Src/main.c    ****   {
 326:Src/main.c    ****     Error_Handler();
 327:Src/main.c    ****   }
 328:Src/main.c    **** }
 329:Src/main.c    **** 
 330:Src/main.c    **** /**
 331:Src/main.c    ****   * @brief Peripherals Common Clock Configuration
 332:Src/main.c    ****   * @retval None
 333:Src/main.c    ****   */
 334:Src/main.c    **** void PeriphCommonClock_Config(void)
 335:Src/main.c    **** {
 336:Src/main.c    ****   RCC_PeriphCLKInitTypeDef PeriphClkInitStruct = {0};
 337:Src/main.c    **** 
 338:Src/main.c    ****   /** Initializes the peripherals clock
 339:Src/main.c    ****   */
 340:Src/main.c    ****   PeriphClkInitStruct.PeriphClockSelection = RCC_PERIPHCLK_ADC;
 341:Src/main.c    ****   PeriphClkInitStruct.PLL2.PLL2M = 1;
 342:Src/main.c    ****   PeriphClkInitStruct.PLL2.PLL2N = 9;
 343:Src/main.c    ****   PeriphClkInitStruct.PLL2.PLL2P = 4;
 344:Src/main.c    ****   PeriphClkInitStruct.PLL2.PLL2Q = 2;
 345:Src/main.c    ****   PeriphClkInitStruct.PLL2.PLL2R = 2;
 346:Src/main.c    ****   PeriphClkInitStruct.PLL2.PLL2RGE = RCC_PLL2VCIRANGE_3;
 347:Src/main.c    ****   PeriphClkInitStruct.PLL2.PLL2VCOSEL = RCC_PLL2VCOMEDIUM;
 348:Src/main.c    ****   PeriphClkInitStruct.PLL2.PLL2FRACN = 3072;
 349:Src/main.c    ****   PeriphClkInitStruct.AdcClockSelection = RCC_ADCCLKSOURCE_PLL2;
 350:Src/main.c    ****   if (HAL_RCCEx_PeriphCLKConfig(&PeriphClkInitStruct) != HAL_OK)
 351:Src/main.c    ****   {
ARM GAS  C:\Users\simon\AppData\Local\Temp\cceYPmWR.s 			page 19


 352:Src/main.c    ****     Error_Handler();
 353:Src/main.c    ****   }
 354:Src/main.c    **** }
 355:Src/main.c    **** 
 356:Src/main.c    **** /* USER CODE BEGIN 4 */
 357:Src/main.c    **** 
 358:Src/main.c    **** /* USER CODE END 4 */
 359:Src/main.c    **** 
 360:Src/main.c    **** /**
 361:Src/main.c    ****   * @brief  This function is executed in case of error occurrence.
 362:Src/main.c    ****   * @retval None
 363:Src/main.c    ****   */
 364:Src/main.c    **** void Error_Handler(void)
 365:Src/main.c    **** {
 629              		.loc 1 365 1 is_stmt 1 view -0
 630              		.cfi_startproc
 631              		@ Volatile: function does not return.
 632              		@ args = 0, pretend = 0, frame = 0
 633              		@ frame_needed = 0, uses_anonymous_args = 0
 634              		@ link register save eliminated.
 366:Src/main.c    ****   /* USER CODE BEGIN Error_Handler_msg */
 367:Src/main.c    ****   /* User can add his own implementation to report the HAL error return state */
 368:Src/main.c    ****   __disable_irq();
 635              		.loc 1 368 3 view .LVU117
 636              	.LBB48:
 637              	.LBI48:
 638              		.file 2 "Drivers/CMSIS/Include/cmsis_gcc.h"
   1:Drivers/CMSIS/Include/cmsis_gcc.h **** /**************************************************************************//**
   2:Drivers/CMSIS/Include/cmsis_gcc.h ****  * @file     cmsis_gcc.h
   3:Drivers/CMSIS/Include/cmsis_gcc.h ****  * @brief    CMSIS compiler GCC header file
   4:Drivers/CMSIS/Include/cmsis_gcc.h ****  * @version  V5.2.0
   5:Drivers/CMSIS/Include/cmsis_gcc.h ****  * @date     08. May 2019
   6:Drivers/CMSIS/Include/cmsis_gcc.h ****  ******************************************************************************/
   7:Drivers/CMSIS/Include/cmsis_gcc.h **** /*
   8:Drivers/CMSIS/Include/cmsis_gcc.h ****  * Copyright (c) 2009-2019 Arm Limited. All rights reserved.
   9:Drivers/CMSIS/Include/cmsis_gcc.h ****  *
  10:Drivers/CMSIS/Include/cmsis_gcc.h ****  * SPDX-License-Identifier: Apache-2.0
  11:Drivers/CMSIS/Include/cmsis_gcc.h ****  *
  12:Drivers/CMSIS/Include/cmsis_gcc.h ****  * Licensed under the Apache License, Version 2.0 (the License); you may
  13:Drivers/CMSIS/Include/cmsis_gcc.h ****  * not use this file except in compliance with the License.
  14:Drivers/CMSIS/Include/cmsis_gcc.h ****  * You may obtain a copy of the License at
  15:Drivers/CMSIS/Include/cmsis_gcc.h ****  *
  16:Drivers/CMSIS/Include/cmsis_gcc.h ****  * www.apache.org/licenses/LICENSE-2.0
  17:Drivers/CMSIS/Include/cmsis_gcc.h ****  *
  18:Drivers/CMSIS/Include/cmsis_gcc.h ****  * Unless required by applicable law or agreed to in writing, software
  19:Drivers/CMSIS/Include/cmsis_gcc.h ****  * distributed under the License is distributed on an AS IS BASIS, WITHOUT
  20:Drivers/CMSIS/Include/cmsis_gcc.h ****  * WARRANTIES OR CONDITIONS OF ANY KIND, either express or implied.
  21:Drivers/CMSIS/Include/cmsis_gcc.h ****  * See the License for the specific language governing permissions and
  22:Drivers/CMSIS/Include/cmsis_gcc.h ****  * limitations under the License.
  23:Drivers/CMSIS/Include/cmsis_gcc.h ****  */
  24:Drivers/CMSIS/Include/cmsis_gcc.h **** 
  25:Drivers/CMSIS/Include/cmsis_gcc.h **** #ifndef __CMSIS_GCC_H
  26:Drivers/CMSIS/Include/cmsis_gcc.h **** #define __CMSIS_GCC_H
  27:Drivers/CMSIS/Include/cmsis_gcc.h **** 
  28:Drivers/CMSIS/Include/cmsis_gcc.h **** /* ignore some GCC warnings */
  29:Drivers/CMSIS/Include/cmsis_gcc.h **** #pragma GCC diagnostic push
  30:Drivers/CMSIS/Include/cmsis_gcc.h **** #pragma GCC diagnostic ignored "-Wsign-conversion"
ARM GAS  C:\Users\simon\AppData\Local\Temp\cceYPmWR.s 			page 20


  31:Drivers/CMSIS/Include/cmsis_gcc.h **** #pragma GCC diagnostic ignored "-Wconversion"
  32:Drivers/CMSIS/Include/cmsis_gcc.h **** #pragma GCC diagnostic ignored "-Wunused-parameter"
  33:Drivers/CMSIS/Include/cmsis_gcc.h **** 
  34:Drivers/CMSIS/Include/cmsis_gcc.h **** /* Fallback for __has_builtin */
  35:Drivers/CMSIS/Include/cmsis_gcc.h **** #ifndef __has_builtin
  36:Drivers/CMSIS/Include/cmsis_gcc.h ****   #define __has_builtin(x) (0)
  37:Drivers/CMSIS/Include/cmsis_gcc.h **** #endif
  38:Drivers/CMSIS/Include/cmsis_gcc.h **** 
  39:Drivers/CMSIS/Include/cmsis_gcc.h **** /* CMSIS compiler specific defines */
  40:Drivers/CMSIS/Include/cmsis_gcc.h **** #ifndef   __ASM
  41:Drivers/CMSIS/Include/cmsis_gcc.h ****   #define __ASM                                  __asm
  42:Drivers/CMSIS/Include/cmsis_gcc.h **** #endif
  43:Drivers/CMSIS/Include/cmsis_gcc.h **** #ifndef   __INLINE
  44:Drivers/CMSIS/Include/cmsis_gcc.h ****   #define __INLINE                               inline
  45:Drivers/CMSIS/Include/cmsis_gcc.h **** #endif
  46:Drivers/CMSIS/Include/cmsis_gcc.h **** #ifndef   __STATIC_INLINE
  47:Drivers/CMSIS/Include/cmsis_gcc.h ****   #define __STATIC_INLINE                        static inline
  48:Drivers/CMSIS/Include/cmsis_gcc.h **** #endif
  49:Drivers/CMSIS/Include/cmsis_gcc.h **** #ifndef   __STATIC_FORCEINLINE                 
  50:Drivers/CMSIS/Include/cmsis_gcc.h ****   #define __STATIC_FORCEINLINE                   __attribute__((always_inline)) static inline
  51:Drivers/CMSIS/Include/cmsis_gcc.h **** #endif                                           
  52:Drivers/CMSIS/Include/cmsis_gcc.h **** #ifndef   __NO_RETURN
  53:Drivers/CMSIS/Include/cmsis_gcc.h ****   #define __NO_RETURN                            __attribute__((__noreturn__))
  54:Drivers/CMSIS/Include/cmsis_gcc.h **** #endif
  55:Drivers/CMSIS/Include/cmsis_gcc.h **** #ifndef   __USED
  56:Drivers/CMSIS/Include/cmsis_gcc.h ****   #define __USED                                 __attribute__((used))
  57:Drivers/CMSIS/Include/cmsis_gcc.h **** #endif
  58:Drivers/CMSIS/Include/cmsis_gcc.h **** #ifndef   __WEAK
  59:Drivers/CMSIS/Include/cmsis_gcc.h ****   #define __WEAK                                 __attribute__((weak))
  60:Drivers/CMSIS/Include/cmsis_gcc.h **** #endif
  61:Drivers/CMSIS/Include/cmsis_gcc.h **** #ifndef   __PACKED
  62:Drivers/CMSIS/Include/cmsis_gcc.h ****   #define __PACKED                               __attribute__((packed, aligned(1)))
  63:Drivers/CMSIS/Include/cmsis_gcc.h **** #endif
  64:Drivers/CMSIS/Include/cmsis_gcc.h **** #ifndef   __PACKED_STRUCT
  65:Drivers/CMSIS/Include/cmsis_gcc.h ****   #define __PACKED_STRUCT                        struct __attribute__((packed, aligned(1)))
  66:Drivers/CMSIS/Include/cmsis_gcc.h **** #endif
  67:Drivers/CMSIS/Include/cmsis_gcc.h **** #ifndef   __PACKED_UNION
  68:Drivers/CMSIS/Include/cmsis_gcc.h ****   #define __PACKED_UNION                         union __attribute__((packed, aligned(1)))
  69:Drivers/CMSIS/Include/cmsis_gcc.h **** #endif
  70:Drivers/CMSIS/Include/cmsis_gcc.h **** #ifndef   __UNALIGNED_UINT32        /* deprecated */
  71:Drivers/CMSIS/Include/cmsis_gcc.h ****   #pragma GCC diagnostic push
  72:Drivers/CMSIS/Include/cmsis_gcc.h ****   #pragma GCC diagnostic ignored "-Wpacked"
  73:Drivers/CMSIS/Include/cmsis_gcc.h ****   #pragma GCC diagnostic ignored "-Wattributes"
  74:Drivers/CMSIS/Include/cmsis_gcc.h ****   struct __attribute__((packed)) T_UINT32 { uint32_t v; };
  75:Drivers/CMSIS/Include/cmsis_gcc.h ****   #pragma GCC diagnostic pop
  76:Drivers/CMSIS/Include/cmsis_gcc.h ****   #define __UNALIGNED_UINT32(x)                  (((struct T_UINT32 *)(x))->v)
  77:Drivers/CMSIS/Include/cmsis_gcc.h **** #endif
  78:Drivers/CMSIS/Include/cmsis_gcc.h **** #ifndef   __UNALIGNED_UINT16_WRITE
  79:Drivers/CMSIS/Include/cmsis_gcc.h ****   #pragma GCC diagnostic push
  80:Drivers/CMSIS/Include/cmsis_gcc.h ****   #pragma GCC diagnostic ignored "-Wpacked"
  81:Drivers/CMSIS/Include/cmsis_gcc.h ****   #pragma GCC diagnostic ignored "-Wattributes"
  82:Drivers/CMSIS/Include/cmsis_gcc.h ****   __PACKED_STRUCT T_UINT16_WRITE { uint16_t v; };
  83:Drivers/CMSIS/Include/cmsis_gcc.h ****   #pragma GCC diagnostic pop
  84:Drivers/CMSIS/Include/cmsis_gcc.h ****   #define __UNALIGNED_UINT16_WRITE(addr, val)    (void)((((struct T_UINT16_WRITE *)(void *)(addr))-
  85:Drivers/CMSIS/Include/cmsis_gcc.h **** #endif
  86:Drivers/CMSIS/Include/cmsis_gcc.h **** #ifndef   __UNALIGNED_UINT16_READ
  87:Drivers/CMSIS/Include/cmsis_gcc.h ****   #pragma GCC diagnostic push
ARM GAS  C:\Users\simon\AppData\Local\Temp\cceYPmWR.s 			page 21


  88:Drivers/CMSIS/Include/cmsis_gcc.h ****   #pragma GCC diagnostic ignored "-Wpacked"
  89:Drivers/CMSIS/Include/cmsis_gcc.h ****   #pragma GCC diagnostic ignored "-Wattributes"
  90:Drivers/CMSIS/Include/cmsis_gcc.h ****   __PACKED_STRUCT T_UINT16_READ { uint16_t v; };
  91:Drivers/CMSIS/Include/cmsis_gcc.h ****   #pragma GCC diagnostic pop
  92:Drivers/CMSIS/Include/cmsis_gcc.h ****   #define __UNALIGNED_UINT16_READ(addr)          (((const struct T_UINT16_READ *)(const void *)(add
  93:Drivers/CMSIS/Include/cmsis_gcc.h **** #endif
  94:Drivers/CMSIS/Include/cmsis_gcc.h **** #ifndef   __UNALIGNED_UINT32_WRITE
  95:Drivers/CMSIS/Include/cmsis_gcc.h ****   #pragma GCC diagnostic push
  96:Drivers/CMSIS/Include/cmsis_gcc.h ****   #pragma GCC diagnostic ignored "-Wpacked"
  97:Drivers/CMSIS/Include/cmsis_gcc.h ****   #pragma GCC diagnostic ignored "-Wattributes"
  98:Drivers/CMSIS/Include/cmsis_gcc.h ****   __PACKED_STRUCT T_UINT32_WRITE { uint32_t v; };
  99:Drivers/CMSIS/Include/cmsis_gcc.h ****   #pragma GCC diagnostic pop
 100:Drivers/CMSIS/Include/cmsis_gcc.h ****   #define __UNALIGNED_UINT32_WRITE(addr, val)    (void)((((struct T_UINT32_WRITE *)(void *)(addr))-
 101:Drivers/CMSIS/Include/cmsis_gcc.h **** #endif
 102:Drivers/CMSIS/Include/cmsis_gcc.h **** #ifndef   __UNALIGNED_UINT32_READ
 103:Drivers/CMSIS/Include/cmsis_gcc.h ****   #pragma GCC diagnostic push
 104:Drivers/CMSIS/Include/cmsis_gcc.h ****   #pragma GCC diagnostic ignored "-Wpacked"
 105:Drivers/CMSIS/Include/cmsis_gcc.h ****   #pragma GCC diagnostic ignored "-Wattributes"
 106:Drivers/CMSIS/Include/cmsis_gcc.h ****   __PACKED_STRUCT T_UINT32_READ { uint32_t v; };
 107:Drivers/CMSIS/Include/cmsis_gcc.h ****   #pragma GCC diagnostic pop
 108:Drivers/CMSIS/Include/cmsis_gcc.h ****   #define __UNALIGNED_UINT32_READ(addr)          (((const struct T_UINT32_READ *)(const void *)(add
 109:Drivers/CMSIS/Include/cmsis_gcc.h **** #endif
 110:Drivers/CMSIS/Include/cmsis_gcc.h **** #ifndef   __ALIGNED
 111:Drivers/CMSIS/Include/cmsis_gcc.h ****   #define __ALIGNED(x)                           __attribute__((aligned(x)))
 112:Drivers/CMSIS/Include/cmsis_gcc.h **** #endif
 113:Drivers/CMSIS/Include/cmsis_gcc.h **** #ifndef   __RESTRICT
 114:Drivers/CMSIS/Include/cmsis_gcc.h ****   #define __RESTRICT                             __restrict
 115:Drivers/CMSIS/Include/cmsis_gcc.h **** #endif
 116:Drivers/CMSIS/Include/cmsis_gcc.h **** #ifndef   __COMPILER_BARRIER
 117:Drivers/CMSIS/Include/cmsis_gcc.h ****   #define __COMPILER_BARRIER()                   __ASM volatile("":::"memory")
 118:Drivers/CMSIS/Include/cmsis_gcc.h **** #endif
 119:Drivers/CMSIS/Include/cmsis_gcc.h **** 
 120:Drivers/CMSIS/Include/cmsis_gcc.h **** /* #########################  Startup and Lowlevel Init  ######################## */
 121:Drivers/CMSIS/Include/cmsis_gcc.h **** 
 122:Drivers/CMSIS/Include/cmsis_gcc.h **** #ifndef __PROGRAM_START
 123:Drivers/CMSIS/Include/cmsis_gcc.h **** 
 124:Drivers/CMSIS/Include/cmsis_gcc.h **** /**
 125:Drivers/CMSIS/Include/cmsis_gcc.h ****   \brief   Initializes data and bss sections
 126:Drivers/CMSIS/Include/cmsis_gcc.h ****   \details This default implementations initialized all data and additional bss
 127:Drivers/CMSIS/Include/cmsis_gcc.h ****            sections relying on .copy.table and .zero.table specified properly
 128:Drivers/CMSIS/Include/cmsis_gcc.h ****            in the used linker script.
 129:Drivers/CMSIS/Include/cmsis_gcc.h ****   
 130:Drivers/CMSIS/Include/cmsis_gcc.h ****  */
 131:Drivers/CMSIS/Include/cmsis_gcc.h **** __STATIC_FORCEINLINE __NO_RETURN void __cmsis_start(void)
 132:Drivers/CMSIS/Include/cmsis_gcc.h **** {
 133:Drivers/CMSIS/Include/cmsis_gcc.h ****   extern void _start(void) __NO_RETURN;
 134:Drivers/CMSIS/Include/cmsis_gcc.h ****   
 135:Drivers/CMSIS/Include/cmsis_gcc.h ****   typedef struct {
 136:Drivers/CMSIS/Include/cmsis_gcc.h ****     uint32_t const* src;
 137:Drivers/CMSIS/Include/cmsis_gcc.h ****     uint32_t* dest;
 138:Drivers/CMSIS/Include/cmsis_gcc.h ****     uint32_t  wlen;
 139:Drivers/CMSIS/Include/cmsis_gcc.h ****   } __copy_table_t;
 140:Drivers/CMSIS/Include/cmsis_gcc.h ****   
 141:Drivers/CMSIS/Include/cmsis_gcc.h ****   typedef struct {
 142:Drivers/CMSIS/Include/cmsis_gcc.h ****     uint32_t* dest;
 143:Drivers/CMSIS/Include/cmsis_gcc.h ****     uint32_t  wlen;
 144:Drivers/CMSIS/Include/cmsis_gcc.h ****   } __zero_table_t;
ARM GAS  C:\Users\simon\AppData\Local\Temp\cceYPmWR.s 			page 22


 145:Drivers/CMSIS/Include/cmsis_gcc.h ****   
 146:Drivers/CMSIS/Include/cmsis_gcc.h ****   extern const __copy_table_t __copy_table_start__;
 147:Drivers/CMSIS/Include/cmsis_gcc.h ****   extern const __copy_table_t __copy_table_end__;
 148:Drivers/CMSIS/Include/cmsis_gcc.h ****   extern const __zero_table_t __zero_table_start__;
 149:Drivers/CMSIS/Include/cmsis_gcc.h ****   extern const __zero_table_t __zero_table_end__;
 150:Drivers/CMSIS/Include/cmsis_gcc.h **** 
 151:Drivers/CMSIS/Include/cmsis_gcc.h ****   for (__copy_table_t const* pTable = &__copy_table_start__; pTable < &__copy_table_end__; ++pTable
 152:Drivers/CMSIS/Include/cmsis_gcc.h ****     for(uint32_t i=0u; i<pTable->wlen; ++i) {
 153:Drivers/CMSIS/Include/cmsis_gcc.h ****       pTable->dest[i] = pTable->src[i];
 154:Drivers/CMSIS/Include/cmsis_gcc.h ****     }
 155:Drivers/CMSIS/Include/cmsis_gcc.h ****   }
 156:Drivers/CMSIS/Include/cmsis_gcc.h ****  
 157:Drivers/CMSIS/Include/cmsis_gcc.h ****   for (__zero_table_t const* pTable = &__zero_table_start__; pTable < &__zero_table_end__; ++pTable
 158:Drivers/CMSIS/Include/cmsis_gcc.h ****     for(uint32_t i=0u; i<pTable->wlen; ++i) {
 159:Drivers/CMSIS/Include/cmsis_gcc.h ****       pTable->dest[i] = 0u;
 160:Drivers/CMSIS/Include/cmsis_gcc.h ****     }
 161:Drivers/CMSIS/Include/cmsis_gcc.h ****   }
 162:Drivers/CMSIS/Include/cmsis_gcc.h ****  
 163:Drivers/CMSIS/Include/cmsis_gcc.h ****   _start();
 164:Drivers/CMSIS/Include/cmsis_gcc.h **** }
 165:Drivers/CMSIS/Include/cmsis_gcc.h ****   
 166:Drivers/CMSIS/Include/cmsis_gcc.h **** #define __PROGRAM_START           __cmsis_start
 167:Drivers/CMSIS/Include/cmsis_gcc.h **** #endif
 168:Drivers/CMSIS/Include/cmsis_gcc.h **** 
 169:Drivers/CMSIS/Include/cmsis_gcc.h **** #ifndef __INITIAL_SP
 170:Drivers/CMSIS/Include/cmsis_gcc.h **** #define __INITIAL_SP              __StackTop
 171:Drivers/CMSIS/Include/cmsis_gcc.h **** #endif
 172:Drivers/CMSIS/Include/cmsis_gcc.h **** 
 173:Drivers/CMSIS/Include/cmsis_gcc.h **** #ifndef __STACK_LIMIT
 174:Drivers/CMSIS/Include/cmsis_gcc.h **** #define __STACK_LIMIT             __StackLimit
 175:Drivers/CMSIS/Include/cmsis_gcc.h **** #endif
 176:Drivers/CMSIS/Include/cmsis_gcc.h **** 
 177:Drivers/CMSIS/Include/cmsis_gcc.h **** #ifndef __VECTOR_TABLE
 178:Drivers/CMSIS/Include/cmsis_gcc.h **** #define __VECTOR_TABLE            __Vectors
 179:Drivers/CMSIS/Include/cmsis_gcc.h **** #endif
 180:Drivers/CMSIS/Include/cmsis_gcc.h **** 
 181:Drivers/CMSIS/Include/cmsis_gcc.h **** #ifndef __VECTOR_TABLE_ATTRIBUTE
 182:Drivers/CMSIS/Include/cmsis_gcc.h **** #define __VECTOR_TABLE_ATTRIBUTE  __attribute((used, section(".vectors")))
 183:Drivers/CMSIS/Include/cmsis_gcc.h **** #endif
 184:Drivers/CMSIS/Include/cmsis_gcc.h **** 
 185:Drivers/CMSIS/Include/cmsis_gcc.h **** /* ###########################  Core Function Access  ########################### */
 186:Drivers/CMSIS/Include/cmsis_gcc.h **** /** \ingroup  CMSIS_Core_FunctionInterface
 187:Drivers/CMSIS/Include/cmsis_gcc.h ****     \defgroup CMSIS_Core_RegAccFunctions CMSIS Core Register Access Functions
 188:Drivers/CMSIS/Include/cmsis_gcc.h ****   @{
 189:Drivers/CMSIS/Include/cmsis_gcc.h ****  */
 190:Drivers/CMSIS/Include/cmsis_gcc.h **** 
 191:Drivers/CMSIS/Include/cmsis_gcc.h **** /**
 192:Drivers/CMSIS/Include/cmsis_gcc.h ****   \brief   Enable IRQ Interrupts
 193:Drivers/CMSIS/Include/cmsis_gcc.h ****   \details Enables IRQ interrupts by clearing the I-bit in the CPSR.
 194:Drivers/CMSIS/Include/cmsis_gcc.h ****            Can only be executed in Privileged modes.
 195:Drivers/CMSIS/Include/cmsis_gcc.h ****  */
 196:Drivers/CMSIS/Include/cmsis_gcc.h **** __STATIC_FORCEINLINE void __enable_irq(void)
 197:Drivers/CMSIS/Include/cmsis_gcc.h **** {
 198:Drivers/CMSIS/Include/cmsis_gcc.h ****   __ASM volatile ("cpsie i" : : : "memory");
 199:Drivers/CMSIS/Include/cmsis_gcc.h **** }
 200:Drivers/CMSIS/Include/cmsis_gcc.h **** 
 201:Drivers/CMSIS/Include/cmsis_gcc.h **** 
ARM GAS  C:\Users\simon\AppData\Local\Temp\cceYPmWR.s 			page 23


 202:Drivers/CMSIS/Include/cmsis_gcc.h **** /**
 203:Drivers/CMSIS/Include/cmsis_gcc.h ****   \brief   Disable IRQ Interrupts
 204:Drivers/CMSIS/Include/cmsis_gcc.h ****   \details Disables IRQ interrupts by setting the I-bit in the CPSR.
 205:Drivers/CMSIS/Include/cmsis_gcc.h ****            Can only be executed in Privileged modes.
 206:Drivers/CMSIS/Include/cmsis_gcc.h ****  */
 207:Drivers/CMSIS/Include/cmsis_gcc.h **** __STATIC_FORCEINLINE void __disable_irq(void)
 639              		.loc 2 207 27 view .LVU118
 640              	.LBB49:
 208:Drivers/CMSIS/Include/cmsis_gcc.h **** {
 209:Drivers/CMSIS/Include/cmsis_gcc.h ****   __ASM volatile ("cpsid i" : : : "memory");
 641              		.loc 2 209 3 view .LVU119
 642              		.syntax unified
 643              	@ 209 "Drivers/CMSIS/Include/cmsis_gcc.h" 1
 644 0000 72B6     		cpsid i
 645              	@ 0 "" 2
 646              		.thumb
 647              		.syntax unified
 648              	.L61:
 649              	.LBE49:
 650              	.LBE48:
 369:Src/main.c    ****   while (1)
 651              		.loc 1 369 3 discriminator 1 view .LVU120
 370:Src/main.c    ****   {
 371:Src/main.c    ****   }
 652              		.loc 1 371 3 discriminator 1 view .LVU121
 369:Src/main.c    ****   while (1)
 653              		.loc 1 369 9 discriminator 1 view .LVU122
 654 0002 FEE7     		b	.L61
 655              		.cfi_endproc
 656              	.LFE344:
 658              		.section	.text.SystemClock_Config,"ax",%progbits
 659              		.align	1
 660              		.global	SystemClock_Config
 661              		.syntax unified
 662              		.thumb
 663              		.thumb_func
 665              	SystemClock_Config:
 666              	.LFB342:
 274:Src/main.c    ****   RCC_OscInitTypeDef RCC_OscInitStruct = {0};
 667              		.loc 1 274 1 view -0
 668              		.cfi_startproc
 669              		@ args = 0, pretend = 0, frame = 112
 670              		@ frame_needed = 0, uses_anonymous_args = 0
 671 0000 00B5     		push	{lr}
 672              	.LCFI13:
 673              		.cfi_def_cfa_offset 4
 674              		.cfi_offset 14, -4
 675 0002 9DB0     		sub	sp, sp, #116
 676              	.LCFI14:
 677              		.cfi_def_cfa_offset 120
 275:Src/main.c    ****   RCC_ClkInitTypeDef RCC_ClkInitStruct = {0};
 678              		.loc 1 275 3 view .LVU124
 275:Src/main.c    ****   RCC_ClkInitTypeDef RCC_ClkInitStruct = {0};
 679              		.loc 1 275 22 is_stmt 0 view .LVU125
 680 0004 4C22     		movs	r2, #76
 681 0006 0021     		movs	r1, #0
 682 0008 09A8     		add	r0, sp, #36
ARM GAS  C:\Users\simon\AppData\Local\Temp\cceYPmWR.s 			page 24


 683 000a FFF7FEFF 		bl	memset
 684              	.LVL48:
 276:Src/main.c    **** 
 685              		.loc 1 276 3 is_stmt 1 view .LVU126
 276:Src/main.c    **** 
 686              		.loc 1 276 22 is_stmt 0 view .LVU127
 687 000e 2022     		movs	r2, #32
 688 0010 0021     		movs	r1, #0
 689 0012 01A8     		add	r0, sp, #4
 690 0014 FFF7FEFF 		bl	memset
 691              	.LVL49:
 280:Src/main.c    ****   /** Configure the main internal regulator output voltage
 692              		.loc 1 280 3 is_stmt 1 view .LVU128
 693 0018 0220     		movs	r0, #2
 694 001a FFF7FEFF 		bl	HAL_PWREx_ConfigSupply
 695              	.LVL50:
 283:Src/main.c    **** 
 696              		.loc 1 283 3 view .LVU129
 697              	.LBB50:
 283:Src/main.c    **** 
 698              		.loc 1 283 3 view .LVU130
 699 001e 0023     		movs	r3, #0
 700 0020 0093     		str	r3, [sp]
 283:Src/main.c    **** 
 701              		.loc 1 283 3 view .LVU131
 283:Src/main.c    **** 
 702              		.loc 1 283 3 view .LVU132
 703 0022 2B4B     		ldr	r3, .L69
 704 0024 DA6A     		ldr	r2, [r3, #44]
 705 0026 22F00102 		bic	r2, r2, #1
 706 002a DA62     		str	r2, [r3, #44]
 283:Src/main.c    **** 
 707              		.loc 1 283 3 view .LVU133
 708 002c DB6A     		ldr	r3, [r3, #44]
 709 002e 03F00103 		and	r3, r3, #1
 710 0032 0093     		str	r3, [sp]
 283:Src/main.c    **** 
 711              		.loc 1 283 3 view .LVU134
 712 0034 274A     		ldr	r2, .L69+4
 713 0036 9369     		ldr	r3, [r2, #24]
 714 0038 23F44043 		bic	r3, r3, #49152
 715 003c 43F48043 		orr	r3, r3, #16384
 716 0040 9361     		str	r3, [r2, #24]
 283:Src/main.c    **** 
 717              		.loc 1 283 3 view .LVU135
 718 0042 9369     		ldr	r3, [r2, #24]
 719 0044 03F44043 		and	r3, r3, #49152
 720 0048 0093     		str	r3, [sp]
 283:Src/main.c    **** 
 721              		.loc 1 283 3 view .LVU136
 722 004a 009B     		ldr	r3, [sp]
 723              	.LBE50:
 283:Src/main.c    **** 
 724              		.loc 1 283 3 view .LVU137
 285:Src/main.c    ****   /** Macro to configure the PLL clock source
 725              		.loc 1 285 3 view .LVU138
 726              	.L63:
ARM GAS  C:\Users\simon\AppData\Local\Temp\cceYPmWR.s 			page 25


 285:Src/main.c    ****   /** Macro to configure the PLL clock source
 727              		.loc 1 285 48 discriminator 1 view .LVU139
 285:Src/main.c    ****   /** Macro to configure the PLL clock source
 728              		.loc 1 285 8 discriminator 1 view .LVU140
 285:Src/main.c    ****   /** Macro to configure the PLL clock source
 729              		.loc 1 285 10 is_stmt 0 discriminator 1 view .LVU141
 730 004c 214B     		ldr	r3, .L69+4
 731 004e 9B69     		ldr	r3, [r3, #24]
 285:Src/main.c    ****   /** Macro to configure the PLL clock source
 732              		.loc 1 285 8 discriminator 1 view .LVU142
 733 0050 13F4005F 		tst	r3, #8192
 734 0054 FAD0     		beq	.L63
 288:Src/main.c    ****   /** Initializes the RCC Oscillators according to the specified parameters
 735              		.loc 1 288 3 is_stmt 1 view .LVU143
 736 0056 204A     		ldr	r2, .L69+8
 737 0058 936A     		ldr	r3, [r2, #40]
 738 005a 23F00303 		bic	r3, r3, #3
 739 005e 43F00203 		orr	r3, r3, #2
 740 0062 9362     		str	r3, [r2, #40]
 292:Src/main.c    ****                               |RCC_OSCILLATORTYPE_HSE;
 741              		.loc 1 292 3 view .LVU144
 292:Src/main.c    ****                               |RCC_OSCILLATORTYPE_HSE;
 742              		.loc 1 292 36 is_stmt 0 view .LVU145
 743 0064 2923     		movs	r3, #41
 744 0066 0993     		str	r3, [sp, #36]
 294:Src/main.c    ****   RCC_OscInitStruct.LSIState = RCC_LSI_ON;
 745              		.loc 1 294 3 is_stmt 1 view .LVU146
 294:Src/main.c    ****   RCC_OscInitStruct.LSIState = RCC_LSI_ON;
 746              		.loc 1 294 30 is_stmt 0 view .LVU147
 747 0068 4FF48033 		mov	r3, #65536
 748 006c 0A93     		str	r3, [sp, #40]
 295:Src/main.c    ****   RCC_OscInitStruct.HSI48State = RCC_HSI48_ON;
 749              		.loc 1 295 3 is_stmt 1 view .LVU148
 295:Src/main.c    ****   RCC_OscInitStruct.HSI48State = RCC_HSI48_ON;
 750              		.loc 1 295 30 is_stmt 0 view .LVU149
 751 006e 0122     		movs	r2, #1
 752 0070 0E92     		str	r2, [sp, #56]
 296:Src/main.c    ****   RCC_OscInitStruct.PLL.PLLState = RCC_PLL_ON;
 753              		.loc 1 296 3 is_stmt 1 view .LVU150
 296:Src/main.c    ****   RCC_OscInitStruct.PLL.PLLState = RCC_PLL_ON;
 754              		.loc 1 296 32 is_stmt 0 view .LVU151
 755 0072 0F92     		str	r2, [sp, #60]
 297:Src/main.c    ****   RCC_OscInitStruct.PLL.PLLSource = RCC_PLLSOURCE_HSE;
 756              		.loc 1 297 3 is_stmt 1 view .LVU152
 297:Src/main.c    ****   RCC_OscInitStruct.PLL.PLLSource = RCC_PLLSOURCE_HSE;
 757              		.loc 1 297 34 is_stmt 0 view .LVU153
 758 0074 0223     		movs	r3, #2
 759 0076 1293     		str	r3, [sp, #72]
 298:Src/main.c    ****   RCC_OscInitStruct.PLL.PLLM = 1;
 760              		.loc 1 298 3 is_stmt 1 view .LVU154
 298:Src/main.c    ****   RCC_OscInitStruct.PLL.PLLM = 1;
 761              		.loc 1 298 35 is_stmt 0 view .LVU155
 762 0078 1393     		str	r3, [sp, #76]
 299:Src/main.c    ****   RCC_OscInitStruct.PLL.PLLN = 9;
 763              		.loc 1 299 3 is_stmt 1 view .LVU156
 299:Src/main.c    ****   RCC_OscInitStruct.PLL.PLLN = 9;
 764              		.loc 1 299 30 is_stmt 0 view .LVU157
ARM GAS  C:\Users\simon\AppData\Local\Temp\cceYPmWR.s 			page 26


 765 007a 1492     		str	r2, [sp, #80]
 300:Src/main.c    ****   RCC_OscInitStruct.PLL.PLLP = 2;
 766              		.loc 1 300 3 is_stmt 1 view .LVU158
 300:Src/main.c    ****   RCC_OscInitStruct.PLL.PLLP = 2;
 767              		.loc 1 300 30 is_stmt 0 view .LVU159
 768 007c 0922     		movs	r2, #9
 769 007e 1592     		str	r2, [sp, #84]
 301:Src/main.c    ****   RCC_OscInitStruct.PLL.PLLQ = 2;
 770              		.loc 1 301 3 is_stmt 1 view .LVU160
 301:Src/main.c    ****   RCC_OscInitStruct.PLL.PLLQ = 2;
 771              		.loc 1 301 30 is_stmt 0 view .LVU161
 772 0080 1693     		str	r3, [sp, #88]
 302:Src/main.c    ****   RCC_OscInitStruct.PLL.PLLR = 2;
 773              		.loc 1 302 3 is_stmt 1 view .LVU162
 302:Src/main.c    ****   RCC_OscInitStruct.PLL.PLLR = 2;
 774              		.loc 1 302 30 is_stmt 0 view .LVU163
 775 0082 1793     		str	r3, [sp, #92]
 303:Src/main.c    ****   RCC_OscInitStruct.PLL.PLLRGE = RCC_PLL1VCIRANGE_3;
 776              		.loc 1 303 3 is_stmt 1 view .LVU164
 303:Src/main.c    ****   RCC_OscInitStruct.PLL.PLLRGE = RCC_PLL1VCIRANGE_3;
 777              		.loc 1 303 30 is_stmt 0 view .LVU165
 778 0084 1893     		str	r3, [sp, #96]
 304:Src/main.c    ****   RCC_OscInitStruct.PLL.PLLVCOSEL = RCC_PLL1VCOMEDIUM;
 779              		.loc 1 304 3 is_stmt 1 view .LVU166
 304:Src/main.c    ****   RCC_OscInitStruct.PLL.PLLVCOSEL = RCC_PLL1VCOMEDIUM;
 780              		.loc 1 304 32 is_stmt 0 view .LVU167
 781 0086 0C22     		movs	r2, #12
 782 0088 1992     		str	r2, [sp, #100]
 305:Src/main.c    ****   RCC_OscInitStruct.PLL.PLLFRACN = 3072;
 783              		.loc 1 305 3 is_stmt 1 view .LVU168
 305:Src/main.c    ****   RCC_OscInitStruct.PLL.PLLFRACN = 3072;
 784              		.loc 1 305 35 is_stmt 0 view .LVU169
 785 008a 1A93     		str	r3, [sp, #104]
 306:Src/main.c    ****   if (HAL_RCC_OscConfig(&RCC_OscInitStruct) != HAL_OK)
 786              		.loc 1 306 3 is_stmt 1 view .LVU170
 306:Src/main.c    ****   if (HAL_RCC_OscConfig(&RCC_OscInitStruct) != HAL_OK)
 787              		.loc 1 306 34 is_stmt 0 view .LVU171
 788 008c 4FF44063 		mov	r3, #3072
 789 0090 1B93     		str	r3, [sp, #108]
 307:Src/main.c    ****   {
 790              		.loc 1 307 3 is_stmt 1 view .LVU172
 307:Src/main.c    ****   {
 791              		.loc 1 307 7 is_stmt 0 view .LVU173
 792 0092 09A8     		add	r0, sp, #36
 793 0094 FFF7FEFF 		bl	HAL_RCC_OscConfig
 794              	.LVL51:
 307:Src/main.c    ****   {
 795              		.loc 1 307 6 view .LVU174
 796 0098 A8B9     		cbnz	r0, .L67
 313:Src/main.c    ****                               |RCC_CLOCKTYPE_PCLK1|RCC_CLOCKTYPE_PCLK2
 797              		.loc 1 313 3 is_stmt 1 view .LVU175
 313:Src/main.c    ****                               |RCC_CLOCKTYPE_PCLK1|RCC_CLOCKTYPE_PCLK2
 798              		.loc 1 313 31 is_stmt 0 view .LVU176
 799 009a 3F23     		movs	r3, #63
 800 009c 0193     		str	r3, [sp, #4]
 316:Src/main.c    ****   RCC_ClkInitStruct.SYSCLKDivider = RCC_SYSCLK_DIV1;
 801              		.loc 1 316 3 is_stmt 1 view .LVU177
ARM GAS  C:\Users\simon\AppData\Local\Temp\cceYPmWR.s 			page 27


 316:Src/main.c    ****   RCC_ClkInitStruct.SYSCLKDivider = RCC_SYSCLK_DIV1;
 802              		.loc 1 316 34 is_stmt 0 view .LVU178
 803 009e 0323     		movs	r3, #3
 804 00a0 0293     		str	r3, [sp, #8]
 317:Src/main.c    ****   RCC_ClkInitStruct.AHBCLKDivider = RCC_HCLK_DIV1;
 805              		.loc 1 317 3 is_stmt 1 view .LVU179
 317:Src/main.c    ****   RCC_ClkInitStruct.AHBCLKDivider = RCC_HCLK_DIV1;
 806              		.loc 1 317 35 is_stmt 0 view .LVU180
 807 00a2 0023     		movs	r3, #0
 808 00a4 0393     		str	r3, [sp, #12]
 318:Src/main.c    ****   RCC_ClkInitStruct.APB3CLKDivider = RCC_APB3_DIV2;
 809              		.loc 1 318 3 is_stmt 1 view .LVU181
 318:Src/main.c    ****   RCC_ClkInitStruct.APB3CLKDivider = RCC_APB3_DIV2;
 810              		.loc 1 318 35 is_stmt 0 view .LVU182
 811 00a6 0493     		str	r3, [sp, #16]
 319:Src/main.c    ****   RCC_ClkInitStruct.APB1CLKDivider = RCC_APB1_DIV2;
 812              		.loc 1 319 3 is_stmt 1 view .LVU183
 319:Src/main.c    ****   RCC_ClkInitStruct.APB1CLKDivider = RCC_APB1_DIV2;
 813              		.loc 1 319 36 is_stmt 0 view .LVU184
 814 00a8 4023     		movs	r3, #64
 815 00aa 0593     		str	r3, [sp, #20]
 320:Src/main.c    ****   RCC_ClkInitStruct.APB2CLKDivider = RCC_APB2_DIV2;
 816              		.loc 1 320 3 is_stmt 1 view .LVU185
 320:Src/main.c    ****   RCC_ClkInitStruct.APB2CLKDivider = RCC_APB2_DIV2;
 817              		.loc 1 320 36 is_stmt 0 view .LVU186
 818 00ac 0693     		str	r3, [sp, #24]
 321:Src/main.c    ****   RCC_ClkInitStruct.APB4CLKDivider = RCC_APB4_DIV2;
 819              		.loc 1 321 3 is_stmt 1 view .LVU187
 321:Src/main.c    ****   RCC_ClkInitStruct.APB4CLKDivider = RCC_APB4_DIV2;
 820              		.loc 1 321 36 is_stmt 0 view .LVU188
 821 00ae 4FF48062 		mov	r2, #1024
 822 00b2 0792     		str	r2, [sp, #28]
 322:Src/main.c    **** 
 823              		.loc 1 322 3 is_stmt 1 view .LVU189
 322:Src/main.c    **** 
 824              		.loc 1 322 36 is_stmt 0 view .LVU190
 825 00b4 0893     		str	r3, [sp, #32]
 324:Src/main.c    ****   {
 826              		.loc 1 324 3 is_stmt 1 view .LVU191
 324:Src/main.c    ****   {
 827              		.loc 1 324 7 is_stmt 0 view .LVU192
 828 00b6 0121     		movs	r1, #1
 829 00b8 01A8     		add	r0, sp, #4
 830 00ba FFF7FEFF 		bl	HAL_RCC_ClockConfig
 831              	.LVL52:
 324:Src/main.c    ****   {
 832              		.loc 1 324 6 view .LVU193
 833 00be 20B9     		cbnz	r0, .L68
 328:Src/main.c    **** 
 834              		.loc 1 328 1 view .LVU194
 835 00c0 1DB0     		add	sp, sp, #116
 836              	.LCFI15:
 837              		.cfi_remember_state
 838              		.cfi_def_cfa_offset 4
 839              		@ sp needed
 840 00c2 5DF804FB 		ldr	pc, [sp], #4
 841              	.L67:
ARM GAS  C:\Users\simon\AppData\Local\Temp\cceYPmWR.s 			page 28


 842              	.LCFI16:
 843              		.cfi_restore_state
 309:Src/main.c    ****   }
 844              		.loc 1 309 5 is_stmt 1 view .LVU195
 845 00c6 FFF7FEFF 		bl	Error_Handler
 846              	.LVL53:
 847              	.L68:
 326:Src/main.c    ****   }
 848              		.loc 1 326 5 view .LVU196
 849 00ca FFF7FEFF 		bl	Error_Handler
 850              	.LVL54:
 851              	.L70:
 852 00ce 00BF     		.align	2
 853              	.L69:
 854 00d0 00040058 		.word	1476396032
 855 00d4 00480258 		.word	1476544512
 856 00d8 00440258 		.word	1476543488
 857              		.cfi_endproc
 858              	.LFE342:
 860              		.section	.text.PeriphCommonClock_Config,"ax",%progbits
 861              		.align	1
 862              		.global	PeriphCommonClock_Config
 863              		.syntax unified
 864              		.thumb
 865              		.thumb_func
 867              	PeriphCommonClock_Config:
 868              	.LFB343:
 335:Src/main.c    ****   RCC_PeriphCLKInitTypeDef PeriphClkInitStruct = {0};
 869              		.loc 1 335 1 view -0
 870              		.cfi_startproc
 871              		@ args = 0, pretend = 0, frame = 192
 872              		@ frame_needed = 0, uses_anonymous_args = 0
 873 0000 00B5     		push	{lr}
 874              	.LCFI17:
 875              		.cfi_def_cfa_offset 4
 876              		.cfi_offset 14, -4
 877 0002 B1B0     		sub	sp, sp, #196
 878              	.LCFI18:
 879              		.cfi_def_cfa_offset 200
 336:Src/main.c    **** 
 880              		.loc 1 336 3 view .LVU198
 336:Src/main.c    **** 
 881              		.loc 1 336 28 is_stmt 0 view .LVU199
 882 0004 BC22     		movs	r2, #188
 883 0006 0021     		movs	r1, #0
 884 0008 01A8     		add	r0, sp, #4
 885 000a FFF7FEFF 		bl	memset
 886              	.LVL55:
 340:Src/main.c    ****   PeriphClkInitStruct.PLL2.PLL2M = 1;
 887              		.loc 1 340 3 is_stmt 1 view .LVU200
 340:Src/main.c    ****   PeriphClkInitStruct.PLL2.PLL2M = 1;
 888              		.loc 1 340 44 is_stmt 0 view .LVU201
 889 000e 4FF40023 		mov	r3, #524288
 890 0012 0193     		str	r3, [sp, #4]
 341:Src/main.c    ****   PeriphClkInitStruct.PLL2.PLL2N = 9;
 891              		.loc 1 341 3 is_stmt 1 view .LVU202
 341:Src/main.c    ****   PeriphClkInitStruct.PLL2.PLL2N = 9;
ARM GAS  C:\Users\simon\AppData\Local\Temp\cceYPmWR.s 			page 29


 892              		.loc 1 341 34 is_stmt 0 view .LVU203
 893 0014 0123     		movs	r3, #1
 894 0016 0293     		str	r3, [sp, #8]
 342:Src/main.c    ****   PeriphClkInitStruct.PLL2.PLL2P = 4;
 895              		.loc 1 342 3 is_stmt 1 view .LVU204
 342:Src/main.c    ****   PeriphClkInitStruct.PLL2.PLL2P = 4;
 896              		.loc 1 342 34 is_stmt 0 view .LVU205
 897 0018 0923     		movs	r3, #9
 898 001a 0393     		str	r3, [sp, #12]
 343:Src/main.c    ****   PeriphClkInitStruct.PLL2.PLL2Q = 2;
 899              		.loc 1 343 3 is_stmt 1 view .LVU206
 343:Src/main.c    ****   PeriphClkInitStruct.PLL2.PLL2Q = 2;
 900              		.loc 1 343 34 is_stmt 0 view .LVU207
 901 001c 0423     		movs	r3, #4
 902 001e 0493     		str	r3, [sp, #16]
 344:Src/main.c    ****   PeriphClkInitStruct.PLL2.PLL2R = 2;
 903              		.loc 1 344 3 is_stmt 1 view .LVU208
 344:Src/main.c    ****   PeriphClkInitStruct.PLL2.PLL2R = 2;
 904              		.loc 1 344 34 is_stmt 0 view .LVU209
 905 0020 0223     		movs	r3, #2
 906 0022 0593     		str	r3, [sp, #20]
 345:Src/main.c    ****   PeriphClkInitStruct.PLL2.PLL2RGE = RCC_PLL2VCIRANGE_3;
 907              		.loc 1 345 3 is_stmt 1 view .LVU210
 345:Src/main.c    ****   PeriphClkInitStruct.PLL2.PLL2RGE = RCC_PLL2VCIRANGE_3;
 908              		.loc 1 345 34 is_stmt 0 view .LVU211
 909 0024 0693     		str	r3, [sp, #24]
 346:Src/main.c    ****   PeriphClkInitStruct.PLL2.PLL2VCOSEL = RCC_PLL2VCOMEDIUM;
 910              		.loc 1 346 3 is_stmt 1 view .LVU212
 346:Src/main.c    ****   PeriphClkInitStruct.PLL2.PLL2VCOSEL = RCC_PLL2VCOMEDIUM;
 911              		.loc 1 346 36 is_stmt 0 view .LVU213
 912 0026 C023     		movs	r3, #192
 913 0028 0793     		str	r3, [sp, #28]
 347:Src/main.c    ****   PeriphClkInitStruct.PLL2.PLL2FRACN = 3072;
 914              		.loc 1 347 3 is_stmt 1 view .LVU214
 347:Src/main.c    ****   PeriphClkInitStruct.PLL2.PLL2FRACN = 3072;
 915              		.loc 1 347 39 is_stmt 0 view .LVU215
 916 002a 2023     		movs	r3, #32
 917 002c 0893     		str	r3, [sp, #32]
 348:Src/main.c    ****   PeriphClkInitStruct.AdcClockSelection = RCC_ADCCLKSOURCE_PLL2;
 918              		.loc 1 348 3 is_stmt 1 view .LVU216
 348:Src/main.c    ****   PeriphClkInitStruct.AdcClockSelection = RCC_ADCCLKSOURCE_PLL2;
 919              		.loc 1 348 38 is_stmt 0 view .LVU217
 920 002e 4FF44063 		mov	r3, #3072
 921 0032 0993     		str	r3, [sp, #36]
 349:Src/main.c    ****   if (HAL_RCCEx_PeriphCLKConfig(&PeriphClkInitStruct) != HAL_OK)
 922              		.loc 1 349 3 is_stmt 1 view .LVU218
 350:Src/main.c    ****   {
 923              		.loc 1 350 3 view .LVU219
 350:Src/main.c    ****   {
 924              		.loc 1 350 7 is_stmt 0 view .LVU220
 925 0034 01A8     		add	r0, sp, #4
 926 0036 FFF7FEFF 		bl	HAL_RCCEx_PeriphCLKConfig
 927              	.LVL56:
 350:Src/main.c    ****   {
 928              		.loc 1 350 6 view .LVU221
 929 003a 10B9     		cbnz	r0, .L74
 354:Src/main.c    **** 
ARM GAS  C:\Users\simon\AppData\Local\Temp\cceYPmWR.s 			page 30


 930              		.loc 1 354 1 view .LVU222
 931 003c 31B0     		add	sp, sp, #196
 932              	.LCFI19:
 933              		.cfi_remember_state
 934              		.cfi_def_cfa_offset 4
 935              		@ sp needed
 936 003e 5DF804FB 		ldr	pc, [sp], #4
 937              	.L74:
 938              	.LCFI20:
 939              		.cfi_restore_state
 352:Src/main.c    ****   }
 940              		.loc 1 352 5 is_stmt 1 view .LVU223
 941 0042 FFF7FEFF 		bl	Error_Handler
 942              	.LVL57:
 943              		.cfi_endproc
 944              	.LFE343:
 946              		.section	.text.main,"ax",%progbits
 947              		.align	1
 948              		.global	main
 949              		.syntax unified
 950              		.thumb
 951              		.thumb_func
 953              	main:
 954              	.LFB341:
 186:Src/main.c    ****   /* USER CODE BEGIN 1 */
 955              		.loc 1 186 1 view -0
 956              		.cfi_startproc
 957              		@ Volatile: function does not return.
 958              		@ args = 0, pretend = 0, frame = 0
 959              		@ frame_needed = 0, uses_anonymous_args = 0
 960 0000 08B5     		push	{r3, lr}
 961              	.LCFI21:
 962              		.cfi_def_cfa_offset 8
 963              		.cfi_offset 3, -8
 964              		.cfi_offset 14, -4
 192:Src/main.c    **** 
 965              		.loc 1 192 3 view .LVU225
 966              	.LBB51:
 967              	.LBI51:
 968              		.file 3 "Drivers/CMSIS/Include/core_cm7.h"
   1:Drivers/CMSIS/Include/core_cm7.h **** /**************************************************************************//**
   2:Drivers/CMSIS/Include/core_cm7.h ****  * @file     core_cm7.h
   3:Drivers/CMSIS/Include/core_cm7.h ****  * @brief    CMSIS Cortex-M7 Core Peripheral Access Layer Header File
   4:Drivers/CMSIS/Include/core_cm7.h ****  * @version  V5.1.1
   5:Drivers/CMSIS/Include/core_cm7.h ****  * @date     28. March 2019
   6:Drivers/CMSIS/Include/core_cm7.h ****  ******************************************************************************/
   7:Drivers/CMSIS/Include/core_cm7.h **** /*
   8:Drivers/CMSIS/Include/core_cm7.h ****  * Copyright (c) 2009-2019 Arm Limited. All rights reserved.
   9:Drivers/CMSIS/Include/core_cm7.h ****  *
  10:Drivers/CMSIS/Include/core_cm7.h ****  * SPDX-License-Identifier: Apache-2.0
  11:Drivers/CMSIS/Include/core_cm7.h ****  *
  12:Drivers/CMSIS/Include/core_cm7.h ****  * Licensed under the Apache License, Version 2.0 (the License); you may
  13:Drivers/CMSIS/Include/core_cm7.h ****  * not use this file except in compliance with the License.
  14:Drivers/CMSIS/Include/core_cm7.h ****  * You may obtain a copy of the License at
  15:Drivers/CMSIS/Include/core_cm7.h ****  *
  16:Drivers/CMSIS/Include/core_cm7.h ****  * www.apache.org/licenses/LICENSE-2.0
  17:Drivers/CMSIS/Include/core_cm7.h ****  *
ARM GAS  C:\Users\simon\AppData\Local\Temp\cceYPmWR.s 			page 31


  18:Drivers/CMSIS/Include/core_cm7.h ****  * Unless required by applicable law or agreed to in writing, software
  19:Drivers/CMSIS/Include/core_cm7.h ****  * distributed under the License is distributed on an AS IS BASIS, WITHOUT
  20:Drivers/CMSIS/Include/core_cm7.h ****  * WARRANTIES OR CONDITIONS OF ANY KIND, either express or implied.
  21:Drivers/CMSIS/Include/core_cm7.h ****  * See the License for the specific language governing permissions and
  22:Drivers/CMSIS/Include/core_cm7.h ****  * limitations under the License.
  23:Drivers/CMSIS/Include/core_cm7.h ****  */
  24:Drivers/CMSIS/Include/core_cm7.h **** 
  25:Drivers/CMSIS/Include/core_cm7.h **** #if   defined ( __ICCARM__ )
  26:Drivers/CMSIS/Include/core_cm7.h ****   #pragma system_include         /* treat file as system include file for MISRA check */
  27:Drivers/CMSIS/Include/core_cm7.h **** #elif defined (__clang__)
  28:Drivers/CMSIS/Include/core_cm7.h ****   #pragma clang system_header   /* treat file as system include file */
  29:Drivers/CMSIS/Include/core_cm7.h **** #endif
  30:Drivers/CMSIS/Include/core_cm7.h **** 
  31:Drivers/CMSIS/Include/core_cm7.h **** #ifndef __CORE_CM7_H_GENERIC
  32:Drivers/CMSIS/Include/core_cm7.h **** #define __CORE_CM7_H_GENERIC
  33:Drivers/CMSIS/Include/core_cm7.h **** 
  34:Drivers/CMSIS/Include/core_cm7.h **** #include <stdint.h>
  35:Drivers/CMSIS/Include/core_cm7.h **** 
  36:Drivers/CMSIS/Include/core_cm7.h **** #ifdef __cplusplus
  37:Drivers/CMSIS/Include/core_cm7.h ****  extern "C" {
  38:Drivers/CMSIS/Include/core_cm7.h **** #endif
  39:Drivers/CMSIS/Include/core_cm7.h **** 
  40:Drivers/CMSIS/Include/core_cm7.h **** /**
  41:Drivers/CMSIS/Include/core_cm7.h ****   \page CMSIS_MISRA_Exceptions  MISRA-C:2004 Compliance Exceptions
  42:Drivers/CMSIS/Include/core_cm7.h ****   CMSIS violates the following MISRA-C:2004 rules:
  43:Drivers/CMSIS/Include/core_cm7.h **** 
  44:Drivers/CMSIS/Include/core_cm7.h ****    \li Required Rule 8.5, object/function definition in header file.<br>
  45:Drivers/CMSIS/Include/core_cm7.h ****      Function definitions in header files are used to allow 'inlining'.
  46:Drivers/CMSIS/Include/core_cm7.h **** 
  47:Drivers/CMSIS/Include/core_cm7.h ****    \li Required Rule 18.4, declaration of union type or object of union type: '{...}'.<br>
  48:Drivers/CMSIS/Include/core_cm7.h ****      Unions are used for effective representation of core registers.
  49:Drivers/CMSIS/Include/core_cm7.h **** 
  50:Drivers/CMSIS/Include/core_cm7.h ****    \li Advisory Rule 19.7, Function-like macro defined.<br>
  51:Drivers/CMSIS/Include/core_cm7.h ****      Function-like macros are used to allow more efficient code.
  52:Drivers/CMSIS/Include/core_cm7.h ****  */
  53:Drivers/CMSIS/Include/core_cm7.h **** 
  54:Drivers/CMSIS/Include/core_cm7.h **** 
  55:Drivers/CMSIS/Include/core_cm7.h **** /*******************************************************************************
  56:Drivers/CMSIS/Include/core_cm7.h ****  *                 CMSIS definitions
  57:Drivers/CMSIS/Include/core_cm7.h ****  ******************************************************************************/
  58:Drivers/CMSIS/Include/core_cm7.h **** /**
  59:Drivers/CMSIS/Include/core_cm7.h ****   \ingroup Cortex_M7
  60:Drivers/CMSIS/Include/core_cm7.h ****   @{
  61:Drivers/CMSIS/Include/core_cm7.h ****  */
  62:Drivers/CMSIS/Include/core_cm7.h **** 
  63:Drivers/CMSIS/Include/core_cm7.h **** #include "cmsis_version.h"
  64:Drivers/CMSIS/Include/core_cm7.h **** 
  65:Drivers/CMSIS/Include/core_cm7.h **** /* CMSIS CM7 definitions */
  66:Drivers/CMSIS/Include/core_cm7.h **** #define __CM7_CMSIS_VERSION_MAIN  (__CM_CMSIS_VERSION_MAIN)                  /*!< \deprecated [31:1
  67:Drivers/CMSIS/Include/core_cm7.h **** #define __CM7_CMSIS_VERSION_SUB   ( __CM_CMSIS_VERSION_SUB)                  /*!< \deprecated [15:0
  68:Drivers/CMSIS/Include/core_cm7.h **** #define __CM7_CMSIS_VERSION       ((__CM7_CMSIS_VERSION_MAIN << 16U) | \
  69:Drivers/CMSIS/Include/core_cm7.h ****                                     __CM7_CMSIS_VERSION_SUB           )      /*!< \deprecated CMSIS
  70:Drivers/CMSIS/Include/core_cm7.h **** 
  71:Drivers/CMSIS/Include/core_cm7.h **** #define __CORTEX_M                (7U)                                       /*!< Cortex-M Core */
  72:Drivers/CMSIS/Include/core_cm7.h **** 
  73:Drivers/CMSIS/Include/core_cm7.h **** /** __FPU_USED indicates whether an FPU is used or not.
  74:Drivers/CMSIS/Include/core_cm7.h ****     For this, __FPU_PRESENT has to be checked prior to making use of FPU specific registers and fun
ARM GAS  C:\Users\simon\AppData\Local\Temp\cceYPmWR.s 			page 32


  75:Drivers/CMSIS/Include/core_cm7.h **** */
  76:Drivers/CMSIS/Include/core_cm7.h **** #if defined ( __CC_ARM )
  77:Drivers/CMSIS/Include/core_cm7.h ****   #if defined __TARGET_FPU_VFP
  78:Drivers/CMSIS/Include/core_cm7.h ****     #if defined (__FPU_PRESENT) && (__FPU_PRESENT == 1U)
  79:Drivers/CMSIS/Include/core_cm7.h ****       #define __FPU_USED       1U
  80:Drivers/CMSIS/Include/core_cm7.h ****     #else
  81:Drivers/CMSIS/Include/core_cm7.h ****       #error "Compiler generates FPU instructions for a device without an FPU (check __FPU_PRESENT)
  82:Drivers/CMSIS/Include/core_cm7.h ****       #define __FPU_USED       0U
  83:Drivers/CMSIS/Include/core_cm7.h ****     #endif
  84:Drivers/CMSIS/Include/core_cm7.h ****   #else
  85:Drivers/CMSIS/Include/core_cm7.h ****     #define __FPU_USED         0U
  86:Drivers/CMSIS/Include/core_cm7.h ****   #endif
  87:Drivers/CMSIS/Include/core_cm7.h **** 
  88:Drivers/CMSIS/Include/core_cm7.h **** #elif defined (__ARMCC_VERSION) && (__ARMCC_VERSION >= 6010050)
  89:Drivers/CMSIS/Include/core_cm7.h ****   #if defined __ARM_FP
  90:Drivers/CMSIS/Include/core_cm7.h ****     #if defined (__FPU_PRESENT) && (__FPU_PRESENT == 1U)
  91:Drivers/CMSIS/Include/core_cm7.h ****       #define __FPU_USED       1U
  92:Drivers/CMSIS/Include/core_cm7.h ****     #else
  93:Drivers/CMSIS/Include/core_cm7.h ****       #warning "Compiler generates FPU instructions for a device without an FPU (check __FPU_PRESEN
  94:Drivers/CMSIS/Include/core_cm7.h ****       #define __FPU_USED       0U
  95:Drivers/CMSIS/Include/core_cm7.h ****     #endif
  96:Drivers/CMSIS/Include/core_cm7.h ****   #else
  97:Drivers/CMSIS/Include/core_cm7.h ****     #define __FPU_USED         0U
  98:Drivers/CMSIS/Include/core_cm7.h ****   #endif
  99:Drivers/CMSIS/Include/core_cm7.h **** 
 100:Drivers/CMSIS/Include/core_cm7.h **** #elif defined ( __GNUC__ )
 101:Drivers/CMSIS/Include/core_cm7.h ****   #if defined (__VFP_FP__) && !defined(__SOFTFP__)
 102:Drivers/CMSIS/Include/core_cm7.h ****     #if defined (__FPU_PRESENT) && (__FPU_PRESENT == 1U)
 103:Drivers/CMSIS/Include/core_cm7.h ****       #define __FPU_USED       1U
 104:Drivers/CMSIS/Include/core_cm7.h ****     #else
 105:Drivers/CMSIS/Include/core_cm7.h ****       #error "Compiler generates FPU instructions for a device without an FPU (check __FPU_PRESENT)
 106:Drivers/CMSIS/Include/core_cm7.h ****       #define __FPU_USED       0U
 107:Drivers/CMSIS/Include/core_cm7.h ****     #endif
 108:Drivers/CMSIS/Include/core_cm7.h ****   #else
 109:Drivers/CMSIS/Include/core_cm7.h ****     #define __FPU_USED         0U
 110:Drivers/CMSIS/Include/core_cm7.h ****   #endif
 111:Drivers/CMSIS/Include/core_cm7.h **** 
 112:Drivers/CMSIS/Include/core_cm7.h **** #elif defined ( __ICCARM__ )
 113:Drivers/CMSIS/Include/core_cm7.h ****   #if defined __ARMVFP__
 114:Drivers/CMSIS/Include/core_cm7.h ****     #if defined (__FPU_PRESENT) && (__FPU_PRESENT == 1U)
 115:Drivers/CMSIS/Include/core_cm7.h ****       #define __FPU_USED       1U
 116:Drivers/CMSIS/Include/core_cm7.h ****     #else
 117:Drivers/CMSIS/Include/core_cm7.h ****       #error "Compiler generates FPU instructions for a device without an FPU (check __FPU_PRESENT)
 118:Drivers/CMSIS/Include/core_cm7.h ****       #define __FPU_USED       0U
 119:Drivers/CMSIS/Include/core_cm7.h ****     #endif
 120:Drivers/CMSIS/Include/core_cm7.h ****   #else
 121:Drivers/CMSIS/Include/core_cm7.h ****     #define __FPU_USED         0U
 122:Drivers/CMSIS/Include/core_cm7.h ****   #endif
 123:Drivers/CMSIS/Include/core_cm7.h **** 
 124:Drivers/CMSIS/Include/core_cm7.h **** #elif defined ( __TI_ARM__ )
 125:Drivers/CMSIS/Include/core_cm7.h ****   #if defined __TI_VFP_SUPPORT__
 126:Drivers/CMSIS/Include/core_cm7.h ****     #if defined (__FPU_PRESENT) && (__FPU_PRESENT == 1U)
 127:Drivers/CMSIS/Include/core_cm7.h ****       #define __FPU_USED       1U
 128:Drivers/CMSIS/Include/core_cm7.h ****     #else
 129:Drivers/CMSIS/Include/core_cm7.h ****       #error "Compiler generates FPU instructions for a device without an FPU (check __FPU_PRESENT)
 130:Drivers/CMSIS/Include/core_cm7.h ****       #define __FPU_USED       0U
 131:Drivers/CMSIS/Include/core_cm7.h ****     #endif
ARM GAS  C:\Users\simon\AppData\Local\Temp\cceYPmWR.s 			page 33


 132:Drivers/CMSIS/Include/core_cm7.h ****   #else
 133:Drivers/CMSIS/Include/core_cm7.h ****     #define __FPU_USED         0U
 134:Drivers/CMSIS/Include/core_cm7.h ****   #endif
 135:Drivers/CMSIS/Include/core_cm7.h **** 
 136:Drivers/CMSIS/Include/core_cm7.h **** #elif defined ( __TASKING__ )
 137:Drivers/CMSIS/Include/core_cm7.h ****   #if defined __FPU_VFP__
 138:Drivers/CMSIS/Include/core_cm7.h ****     #if defined (__FPU_PRESENT) && (__FPU_PRESENT == 1U)
 139:Drivers/CMSIS/Include/core_cm7.h ****       #define __FPU_USED       1U
 140:Drivers/CMSIS/Include/core_cm7.h ****     #else
 141:Drivers/CMSIS/Include/core_cm7.h ****       #error "Compiler generates FPU instructions for a device without an FPU (check __FPU_PRESENT)
 142:Drivers/CMSIS/Include/core_cm7.h ****       #define __FPU_USED       0U
 143:Drivers/CMSIS/Include/core_cm7.h ****     #endif
 144:Drivers/CMSIS/Include/core_cm7.h ****   #else
 145:Drivers/CMSIS/Include/core_cm7.h ****     #define __FPU_USED         0U
 146:Drivers/CMSIS/Include/core_cm7.h ****   #endif
 147:Drivers/CMSIS/Include/core_cm7.h **** 
 148:Drivers/CMSIS/Include/core_cm7.h **** #elif defined ( __CSMC__ )
 149:Drivers/CMSIS/Include/core_cm7.h ****   #if ( __CSMC__ & 0x400U)
 150:Drivers/CMSIS/Include/core_cm7.h ****     #if defined (__FPU_PRESENT) && (__FPU_PRESENT == 1U)
 151:Drivers/CMSIS/Include/core_cm7.h ****       #define __FPU_USED       1U
 152:Drivers/CMSIS/Include/core_cm7.h ****     #else
 153:Drivers/CMSIS/Include/core_cm7.h ****       #error "Compiler generates FPU instructions for a device without an FPU (check __FPU_PRESENT)
 154:Drivers/CMSIS/Include/core_cm7.h ****       #define __FPU_USED       0U
 155:Drivers/CMSIS/Include/core_cm7.h ****     #endif
 156:Drivers/CMSIS/Include/core_cm7.h ****   #else
 157:Drivers/CMSIS/Include/core_cm7.h ****     #define __FPU_USED         0U
 158:Drivers/CMSIS/Include/core_cm7.h ****   #endif
 159:Drivers/CMSIS/Include/core_cm7.h **** 
 160:Drivers/CMSIS/Include/core_cm7.h **** #endif
 161:Drivers/CMSIS/Include/core_cm7.h **** 
 162:Drivers/CMSIS/Include/core_cm7.h **** #include "cmsis_compiler.h"               /* CMSIS compiler specific defines */
 163:Drivers/CMSIS/Include/core_cm7.h **** 
 164:Drivers/CMSIS/Include/core_cm7.h **** 
 165:Drivers/CMSIS/Include/core_cm7.h **** #ifdef __cplusplus
 166:Drivers/CMSIS/Include/core_cm7.h **** }
 167:Drivers/CMSIS/Include/core_cm7.h **** #endif
 168:Drivers/CMSIS/Include/core_cm7.h **** 
 169:Drivers/CMSIS/Include/core_cm7.h **** #endif /* __CORE_CM7_H_GENERIC */
 170:Drivers/CMSIS/Include/core_cm7.h **** 
 171:Drivers/CMSIS/Include/core_cm7.h **** #ifndef __CMSIS_GENERIC
 172:Drivers/CMSIS/Include/core_cm7.h **** 
 173:Drivers/CMSIS/Include/core_cm7.h **** #ifndef __CORE_CM7_H_DEPENDANT
 174:Drivers/CMSIS/Include/core_cm7.h **** #define __CORE_CM7_H_DEPENDANT
 175:Drivers/CMSIS/Include/core_cm7.h **** 
 176:Drivers/CMSIS/Include/core_cm7.h **** #ifdef __cplusplus
 177:Drivers/CMSIS/Include/core_cm7.h ****  extern "C" {
 178:Drivers/CMSIS/Include/core_cm7.h **** #endif
 179:Drivers/CMSIS/Include/core_cm7.h **** 
 180:Drivers/CMSIS/Include/core_cm7.h **** /* check device defines and use defaults */
 181:Drivers/CMSIS/Include/core_cm7.h **** #if defined __CHECK_DEVICE_DEFINES
 182:Drivers/CMSIS/Include/core_cm7.h ****   #ifndef __CM7_REV
 183:Drivers/CMSIS/Include/core_cm7.h ****     #define __CM7_REV               0x0000U
 184:Drivers/CMSIS/Include/core_cm7.h ****     #warning "__CM7_REV not defined in device header file; using default!"
 185:Drivers/CMSIS/Include/core_cm7.h ****   #endif
 186:Drivers/CMSIS/Include/core_cm7.h **** 
 187:Drivers/CMSIS/Include/core_cm7.h ****   #ifndef __FPU_PRESENT
 188:Drivers/CMSIS/Include/core_cm7.h ****     #define __FPU_PRESENT             0U
ARM GAS  C:\Users\simon\AppData\Local\Temp\cceYPmWR.s 			page 34


 189:Drivers/CMSIS/Include/core_cm7.h ****     #warning "__FPU_PRESENT not defined in device header file; using default!"
 190:Drivers/CMSIS/Include/core_cm7.h ****   #endif
 191:Drivers/CMSIS/Include/core_cm7.h **** 
 192:Drivers/CMSIS/Include/core_cm7.h ****   #ifndef __MPU_PRESENT
 193:Drivers/CMSIS/Include/core_cm7.h ****     #define __MPU_PRESENT             0U
 194:Drivers/CMSIS/Include/core_cm7.h ****     #warning "__MPU_PRESENT not defined in device header file; using default!"
 195:Drivers/CMSIS/Include/core_cm7.h ****   #endif
 196:Drivers/CMSIS/Include/core_cm7.h **** 
 197:Drivers/CMSIS/Include/core_cm7.h ****   #ifndef __ICACHE_PRESENT
 198:Drivers/CMSIS/Include/core_cm7.h ****     #define __ICACHE_PRESENT          0U
 199:Drivers/CMSIS/Include/core_cm7.h ****     #warning "__ICACHE_PRESENT not defined in device header file; using default!"
 200:Drivers/CMSIS/Include/core_cm7.h ****   #endif
 201:Drivers/CMSIS/Include/core_cm7.h **** 
 202:Drivers/CMSIS/Include/core_cm7.h ****   #ifndef __DCACHE_PRESENT
 203:Drivers/CMSIS/Include/core_cm7.h ****     #define __DCACHE_PRESENT          0U
 204:Drivers/CMSIS/Include/core_cm7.h ****     #warning "__DCACHE_PRESENT not defined in device header file; using default!"
 205:Drivers/CMSIS/Include/core_cm7.h ****   #endif
 206:Drivers/CMSIS/Include/core_cm7.h **** 
 207:Drivers/CMSIS/Include/core_cm7.h ****   #ifndef __DTCM_PRESENT
 208:Drivers/CMSIS/Include/core_cm7.h ****     #define __DTCM_PRESENT            0U
 209:Drivers/CMSIS/Include/core_cm7.h ****     #warning "__DTCM_PRESENT        not defined in device header file; using default!"
 210:Drivers/CMSIS/Include/core_cm7.h ****   #endif
 211:Drivers/CMSIS/Include/core_cm7.h **** 
 212:Drivers/CMSIS/Include/core_cm7.h ****   #ifndef __NVIC_PRIO_BITS
 213:Drivers/CMSIS/Include/core_cm7.h ****     #define __NVIC_PRIO_BITS          3U
 214:Drivers/CMSIS/Include/core_cm7.h ****     #warning "__NVIC_PRIO_BITS not defined in device header file; using default!"
 215:Drivers/CMSIS/Include/core_cm7.h ****   #endif
 216:Drivers/CMSIS/Include/core_cm7.h **** 
 217:Drivers/CMSIS/Include/core_cm7.h ****   #ifndef __Vendor_SysTickConfig
 218:Drivers/CMSIS/Include/core_cm7.h ****     #define __Vendor_SysTickConfig    0U
 219:Drivers/CMSIS/Include/core_cm7.h ****     #warning "__Vendor_SysTickConfig not defined in device header file; using default!"
 220:Drivers/CMSIS/Include/core_cm7.h ****   #endif
 221:Drivers/CMSIS/Include/core_cm7.h **** #endif
 222:Drivers/CMSIS/Include/core_cm7.h **** 
 223:Drivers/CMSIS/Include/core_cm7.h **** /* IO definitions (access restrictions to peripheral registers) */
 224:Drivers/CMSIS/Include/core_cm7.h **** /**
 225:Drivers/CMSIS/Include/core_cm7.h ****     \defgroup CMSIS_glob_defs CMSIS Global Defines
 226:Drivers/CMSIS/Include/core_cm7.h **** 
 227:Drivers/CMSIS/Include/core_cm7.h ****     <strong>IO Type Qualifiers</strong> are used
 228:Drivers/CMSIS/Include/core_cm7.h ****     \li to specify the access to peripheral variables.
 229:Drivers/CMSIS/Include/core_cm7.h ****     \li for automatic generation of peripheral register debug information.
 230:Drivers/CMSIS/Include/core_cm7.h **** */
 231:Drivers/CMSIS/Include/core_cm7.h **** #ifdef __cplusplus
 232:Drivers/CMSIS/Include/core_cm7.h ****   #define   __I     volatile             /*!< Defines 'read only' permissions */
 233:Drivers/CMSIS/Include/core_cm7.h **** #else
 234:Drivers/CMSIS/Include/core_cm7.h ****   #define   __I     volatile const       /*!< Defines 'read only' permissions */
 235:Drivers/CMSIS/Include/core_cm7.h **** #endif
 236:Drivers/CMSIS/Include/core_cm7.h **** #define     __O     volatile             /*!< Defines 'write only' permissions */
 237:Drivers/CMSIS/Include/core_cm7.h **** #define     __IO    volatile             /*!< Defines 'read / write' permissions */
 238:Drivers/CMSIS/Include/core_cm7.h **** 
 239:Drivers/CMSIS/Include/core_cm7.h **** /* following defines should be used for structure members */
 240:Drivers/CMSIS/Include/core_cm7.h **** #define     __IM     volatile const      /*! Defines 'read only' structure member permissions */
 241:Drivers/CMSIS/Include/core_cm7.h **** #define     __OM     volatile            /*! Defines 'write only' structure member permissions */
 242:Drivers/CMSIS/Include/core_cm7.h **** #define     __IOM    volatile            /*! Defines 'read / write' structure member permissions */
 243:Drivers/CMSIS/Include/core_cm7.h **** 
 244:Drivers/CMSIS/Include/core_cm7.h **** /*@} end of group Cortex_M7 */
 245:Drivers/CMSIS/Include/core_cm7.h **** 
ARM GAS  C:\Users\simon\AppData\Local\Temp\cceYPmWR.s 			page 35


 246:Drivers/CMSIS/Include/core_cm7.h **** 
 247:Drivers/CMSIS/Include/core_cm7.h **** 
 248:Drivers/CMSIS/Include/core_cm7.h **** /*******************************************************************************
 249:Drivers/CMSIS/Include/core_cm7.h ****  *                 Register Abstraction
 250:Drivers/CMSIS/Include/core_cm7.h ****   Core Register contain:
 251:Drivers/CMSIS/Include/core_cm7.h ****   - Core Register
 252:Drivers/CMSIS/Include/core_cm7.h ****   - Core NVIC Register
 253:Drivers/CMSIS/Include/core_cm7.h ****   - Core SCB Register
 254:Drivers/CMSIS/Include/core_cm7.h ****   - Core SysTick Register
 255:Drivers/CMSIS/Include/core_cm7.h ****   - Core Debug Register
 256:Drivers/CMSIS/Include/core_cm7.h ****   - Core MPU Register
 257:Drivers/CMSIS/Include/core_cm7.h ****   - Core FPU Register
 258:Drivers/CMSIS/Include/core_cm7.h ****  ******************************************************************************/
 259:Drivers/CMSIS/Include/core_cm7.h **** /**
 260:Drivers/CMSIS/Include/core_cm7.h ****   \defgroup CMSIS_core_register Defines and Type Definitions
 261:Drivers/CMSIS/Include/core_cm7.h ****   \brief Type definitions and defines for Cortex-M processor based devices.
 262:Drivers/CMSIS/Include/core_cm7.h **** */
 263:Drivers/CMSIS/Include/core_cm7.h **** 
 264:Drivers/CMSIS/Include/core_cm7.h **** /**
 265:Drivers/CMSIS/Include/core_cm7.h ****   \ingroup    CMSIS_core_register
 266:Drivers/CMSIS/Include/core_cm7.h ****   \defgroup   CMSIS_CORE  Status and Control Registers
 267:Drivers/CMSIS/Include/core_cm7.h ****   \brief      Core Register type definitions.
 268:Drivers/CMSIS/Include/core_cm7.h ****   @{
 269:Drivers/CMSIS/Include/core_cm7.h ****  */
 270:Drivers/CMSIS/Include/core_cm7.h **** 
 271:Drivers/CMSIS/Include/core_cm7.h **** /**
 272:Drivers/CMSIS/Include/core_cm7.h ****   \brief  Union type to access the Application Program Status Register (APSR).
 273:Drivers/CMSIS/Include/core_cm7.h ****  */
 274:Drivers/CMSIS/Include/core_cm7.h **** typedef union
 275:Drivers/CMSIS/Include/core_cm7.h **** {
 276:Drivers/CMSIS/Include/core_cm7.h ****   struct
 277:Drivers/CMSIS/Include/core_cm7.h ****   {
 278:Drivers/CMSIS/Include/core_cm7.h ****     uint32_t _reserved0:16;              /*!< bit:  0..15  Reserved */
 279:Drivers/CMSIS/Include/core_cm7.h ****     uint32_t GE:4;                       /*!< bit: 16..19  Greater than or Equal flags */
 280:Drivers/CMSIS/Include/core_cm7.h ****     uint32_t _reserved1:7;               /*!< bit: 20..26  Reserved */
 281:Drivers/CMSIS/Include/core_cm7.h ****     uint32_t Q:1;                        /*!< bit:     27  Saturation condition flag */
 282:Drivers/CMSIS/Include/core_cm7.h ****     uint32_t V:1;                        /*!< bit:     28  Overflow condition code flag */
 283:Drivers/CMSIS/Include/core_cm7.h ****     uint32_t C:1;                        /*!< bit:     29  Carry condition code flag */
 284:Drivers/CMSIS/Include/core_cm7.h ****     uint32_t Z:1;                        /*!< bit:     30  Zero condition code flag */
 285:Drivers/CMSIS/Include/core_cm7.h ****     uint32_t N:1;                        /*!< bit:     31  Negative condition code flag */
 286:Drivers/CMSIS/Include/core_cm7.h ****   } b;                                   /*!< Structure used for bit  access */
 287:Drivers/CMSIS/Include/core_cm7.h ****   uint32_t w;                            /*!< Type      used for word access */
 288:Drivers/CMSIS/Include/core_cm7.h **** } APSR_Type;
 289:Drivers/CMSIS/Include/core_cm7.h **** 
 290:Drivers/CMSIS/Include/core_cm7.h **** /* APSR Register Definitions */
 291:Drivers/CMSIS/Include/core_cm7.h **** #define APSR_N_Pos                         31U                                            /*!< APSR
 292:Drivers/CMSIS/Include/core_cm7.h **** #define APSR_N_Msk                         (1UL << APSR_N_Pos)                            /*!< APSR
 293:Drivers/CMSIS/Include/core_cm7.h **** 
 294:Drivers/CMSIS/Include/core_cm7.h **** #define APSR_Z_Pos                         30U                                            /*!< APSR
 295:Drivers/CMSIS/Include/core_cm7.h **** #define APSR_Z_Msk                         (1UL << APSR_Z_Pos)                            /*!< APSR
 296:Drivers/CMSIS/Include/core_cm7.h **** 
 297:Drivers/CMSIS/Include/core_cm7.h **** #define APSR_C_Pos                         29U                                            /*!< APSR
 298:Drivers/CMSIS/Include/core_cm7.h **** #define APSR_C_Msk                         (1UL << APSR_C_Pos)                            /*!< APSR
 299:Drivers/CMSIS/Include/core_cm7.h **** 
 300:Drivers/CMSIS/Include/core_cm7.h **** #define APSR_V_Pos                         28U                                            /*!< APSR
 301:Drivers/CMSIS/Include/core_cm7.h **** #define APSR_V_Msk                         (1UL << APSR_V_Pos)                            /*!< APSR
 302:Drivers/CMSIS/Include/core_cm7.h **** 
ARM GAS  C:\Users\simon\AppData\Local\Temp\cceYPmWR.s 			page 36


 303:Drivers/CMSIS/Include/core_cm7.h **** #define APSR_Q_Pos                         27U                                            /*!< APSR
 304:Drivers/CMSIS/Include/core_cm7.h **** #define APSR_Q_Msk                         (1UL << APSR_Q_Pos)                            /*!< APSR
 305:Drivers/CMSIS/Include/core_cm7.h **** 
 306:Drivers/CMSIS/Include/core_cm7.h **** #define APSR_GE_Pos                        16U                                            /*!< APSR
 307:Drivers/CMSIS/Include/core_cm7.h **** #define APSR_GE_Msk                        (0xFUL << APSR_GE_Pos)                         /*!< APSR
 308:Drivers/CMSIS/Include/core_cm7.h **** 
 309:Drivers/CMSIS/Include/core_cm7.h **** 
 310:Drivers/CMSIS/Include/core_cm7.h **** /**
 311:Drivers/CMSIS/Include/core_cm7.h ****   \brief  Union type to access the Interrupt Program Status Register (IPSR).
 312:Drivers/CMSIS/Include/core_cm7.h ****  */
 313:Drivers/CMSIS/Include/core_cm7.h **** typedef union
 314:Drivers/CMSIS/Include/core_cm7.h **** {
 315:Drivers/CMSIS/Include/core_cm7.h ****   struct
 316:Drivers/CMSIS/Include/core_cm7.h ****   {
 317:Drivers/CMSIS/Include/core_cm7.h ****     uint32_t ISR:9;                      /*!< bit:  0.. 8  Exception number */
 318:Drivers/CMSIS/Include/core_cm7.h ****     uint32_t _reserved0:23;              /*!< bit:  9..31  Reserved */
 319:Drivers/CMSIS/Include/core_cm7.h ****   } b;                                   /*!< Structure used for bit  access */
 320:Drivers/CMSIS/Include/core_cm7.h ****   uint32_t w;                            /*!< Type      used for word access */
 321:Drivers/CMSIS/Include/core_cm7.h **** } IPSR_Type;
 322:Drivers/CMSIS/Include/core_cm7.h **** 
 323:Drivers/CMSIS/Include/core_cm7.h **** /* IPSR Register Definitions */
 324:Drivers/CMSIS/Include/core_cm7.h **** #define IPSR_ISR_Pos                        0U                                            /*!< IPSR
 325:Drivers/CMSIS/Include/core_cm7.h **** #define IPSR_ISR_Msk                       (0x1FFUL /*<< IPSR_ISR_Pos*/)                  /*!< IPSR
 326:Drivers/CMSIS/Include/core_cm7.h **** 
 327:Drivers/CMSIS/Include/core_cm7.h **** 
 328:Drivers/CMSIS/Include/core_cm7.h **** /**
 329:Drivers/CMSIS/Include/core_cm7.h ****   \brief  Union type to access the Special-Purpose Program Status Registers (xPSR).
 330:Drivers/CMSIS/Include/core_cm7.h ****  */
 331:Drivers/CMSIS/Include/core_cm7.h **** typedef union
 332:Drivers/CMSIS/Include/core_cm7.h **** {
 333:Drivers/CMSIS/Include/core_cm7.h ****   struct
 334:Drivers/CMSIS/Include/core_cm7.h ****   {
 335:Drivers/CMSIS/Include/core_cm7.h ****     uint32_t ISR:9;                      /*!< bit:  0.. 8  Exception number */
 336:Drivers/CMSIS/Include/core_cm7.h ****     uint32_t _reserved0:1;               /*!< bit:      9  Reserved */
 337:Drivers/CMSIS/Include/core_cm7.h ****     uint32_t ICI_IT_1:6;                 /*!< bit: 10..15  ICI/IT part 1 */
 338:Drivers/CMSIS/Include/core_cm7.h ****     uint32_t GE:4;                       /*!< bit: 16..19  Greater than or Equal flags */
 339:Drivers/CMSIS/Include/core_cm7.h ****     uint32_t _reserved1:4;               /*!< bit: 20..23  Reserved */
 340:Drivers/CMSIS/Include/core_cm7.h ****     uint32_t T:1;                        /*!< bit:     24  Thumb bit */
 341:Drivers/CMSIS/Include/core_cm7.h ****     uint32_t ICI_IT_2:2;                 /*!< bit: 25..26  ICI/IT part 2 */
 342:Drivers/CMSIS/Include/core_cm7.h ****     uint32_t Q:1;                        /*!< bit:     27  Saturation condition flag */
 343:Drivers/CMSIS/Include/core_cm7.h ****     uint32_t V:1;                        /*!< bit:     28  Overflow condition code flag */
 344:Drivers/CMSIS/Include/core_cm7.h ****     uint32_t C:1;                        /*!< bit:     29  Carry condition code flag */
 345:Drivers/CMSIS/Include/core_cm7.h ****     uint32_t Z:1;                        /*!< bit:     30  Zero condition code flag */
 346:Drivers/CMSIS/Include/core_cm7.h ****     uint32_t N:1;                        /*!< bit:     31  Negative condition code flag */
 347:Drivers/CMSIS/Include/core_cm7.h ****   } b;                                   /*!< Structure used for bit  access */
 348:Drivers/CMSIS/Include/core_cm7.h ****   uint32_t w;                            /*!< Type      used for word access */
 349:Drivers/CMSIS/Include/core_cm7.h **** } xPSR_Type;
 350:Drivers/CMSIS/Include/core_cm7.h **** 
 351:Drivers/CMSIS/Include/core_cm7.h **** /* xPSR Register Definitions */
 352:Drivers/CMSIS/Include/core_cm7.h **** #define xPSR_N_Pos                         31U                                            /*!< xPSR
 353:Drivers/CMSIS/Include/core_cm7.h **** #define xPSR_N_Msk                         (1UL << xPSR_N_Pos)                            /*!< xPSR
 354:Drivers/CMSIS/Include/core_cm7.h **** 
 355:Drivers/CMSIS/Include/core_cm7.h **** #define xPSR_Z_Pos                         30U                                            /*!< xPSR
 356:Drivers/CMSIS/Include/core_cm7.h **** #define xPSR_Z_Msk                         (1UL << xPSR_Z_Pos)                            /*!< xPSR
 357:Drivers/CMSIS/Include/core_cm7.h **** 
 358:Drivers/CMSIS/Include/core_cm7.h **** #define xPSR_C_Pos                         29U                                            /*!< xPSR
 359:Drivers/CMSIS/Include/core_cm7.h **** #define xPSR_C_Msk                         (1UL << xPSR_C_Pos)                            /*!< xPSR
ARM GAS  C:\Users\simon\AppData\Local\Temp\cceYPmWR.s 			page 37


 360:Drivers/CMSIS/Include/core_cm7.h **** 
 361:Drivers/CMSIS/Include/core_cm7.h **** #define xPSR_V_Pos                         28U                                            /*!< xPSR
 362:Drivers/CMSIS/Include/core_cm7.h **** #define xPSR_V_Msk                         (1UL << xPSR_V_Pos)                            /*!< xPSR
 363:Drivers/CMSIS/Include/core_cm7.h **** 
 364:Drivers/CMSIS/Include/core_cm7.h **** #define xPSR_Q_Pos                         27U                                            /*!< xPSR
 365:Drivers/CMSIS/Include/core_cm7.h **** #define xPSR_Q_Msk                         (1UL << xPSR_Q_Pos)                            /*!< xPSR
 366:Drivers/CMSIS/Include/core_cm7.h **** 
 367:Drivers/CMSIS/Include/core_cm7.h **** #define xPSR_ICI_IT_2_Pos                  25U                                            /*!< xPSR
 368:Drivers/CMSIS/Include/core_cm7.h **** #define xPSR_ICI_IT_2_Msk                  (3UL << xPSR_ICI_IT_2_Pos)                     /*!< xPSR
 369:Drivers/CMSIS/Include/core_cm7.h **** 
 370:Drivers/CMSIS/Include/core_cm7.h **** #define xPSR_T_Pos                         24U                                            /*!< xPSR
 371:Drivers/CMSIS/Include/core_cm7.h **** #define xPSR_T_Msk                         (1UL << xPSR_T_Pos)                            /*!< xPSR
 372:Drivers/CMSIS/Include/core_cm7.h **** 
 373:Drivers/CMSIS/Include/core_cm7.h **** #define xPSR_GE_Pos                        16U                                            /*!< xPSR
 374:Drivers/CMSIS/Include/core_cm7.h **** #define xPSR_GE_Msk                        (0xFUL << xPSR_GE_Pos)                         /*!< xPSR
 375:Drivers/CMSIS/Include/core_cm7.h **** 
 376:Drivers/CMSIS/Include/core_cm7.h **** #define xPSR_ICI_IT_1_Pos                  10U                                            /*!< xPSR
 377:Drivers/CMSIS/Include/core_cm7.h **** #define xPSR_ICI_IT_1_Msk                  (0x3FUL << xPSR_ICI_IT_1_Pos)                  /*!< xPSR
 378:Drivers/CMSIS/Include/core_cm7.h **** 
 379:Drivers/CMSIS/Include/core_cm7.h **** #define xPSR_ISR_Pos                        0U                                            /*!< xPSR
 380:Drivers/CMSIS/Include/core_cm7.h **** #define xPSR_ISR_Msk                       (0x1FFUL /*<< xPSR_ISR_Pos*/)                  /*!< xPSR
 381:Drivers/CMSIS/Include/core_cm7.h **** 
 382:Drivers/CMSIS/Include/core_cm7.h **** 
 383:Drivers/CMSIS/Include/core_cm7.h **** /**
 384:Drivers/CMSIS/Include/core_cm7.h ****   \brief  Union type to access the Control Registers (CONTROL).
 385:Drivers/CMSIS/Include/core_cm7.h ****  */
 386:Drivers/CMSIS/Include/core_cm7.h **** typedef union
 387:Drivers/CMSIS/Include/core_cm7.h **** {
 388:Drivers/CMSIS/Include/core_cm7.h ****   struct
 389:Drivers/CMSIS/Include/core_cm7.h ****   {
 390:Drivers/CMSIS/Include/core_cm7.h ****     uint32_t nPRIV:1;                    /*!< bit:      0  Execution privilege in Thread mode */
 391:Drivers/CMSIS/Include/core_cm7.h ****     uint32_t SPSEL:1;                    /*!< bit:      1  Stack to be used */
 392:Drivers/CMSIS/Include/core_cm7.h ****     uint32_t FPCA:1;                     /*!< bit:      2  FP extension active flag */
 393:Drivers/CMSIS/Include/core_cm7.h ****     uint32_t _reserved0:29;              /*!< bit:  3..31  Reserved */
 394:Drivers/CMSIS/Include/core_cm7.h ****   } b;                                   /*!< Structure used for bit  access */
 395:Drivers/CMSIS/Include/core_cm7.h ****   uint32_t w;                            /*!< Type      used for word access */
 396:Drivers/CMSIS/Include/core_cm7.h **** } CONTROL_Type;
 397:Drivers/CMSIS/Include/core_cm7.h **** 
 398:Drivers/CMSIS/Include/core_cm7.h **** /* CONTROL Register Definitions */
 399:Drivers/CMSIS/Include/core_cm7.h **** #define CONTROL_FPCA_Pos                    2U                                            /*!< CONT
 400:Drivers/CMSIS/Include/core_cm7.h **** #define CONTROL_FPCA_Msk                   (1UL << CONTROL_FPCA_Pos)                      /*!< CONT
 401:Drivers/CMSIS/Include/core_cm7.h **** 
 402:Drivers/CMSIS/Include/core_cm7.h **** #define CONTROL_SPSEL_Pos                   1U                                            /*!< CONT
 403:Drivers/CMSIS/Include/core_cm7.h **** #define CONTROL_SPSEL_Msk                  (1UL << CONTROL_SPSEL_Pos)                     /*!< CONT
 404:Drivers/CMSIS/Include/core_cm7.h **** 
 405:Drivers/CMSIS/Include/core_cm7.h **** #define CONTROL_nPRIV_Pos                   0U                                            /*!< CONT
 406:Drivers/CMSIS/Include/core_cm7.h **** #define CONTROL_nPRIV_Msk                  (1UL /*<< CONTROL_nPRIV_Pos*/)                 /*!< CONT
 407:Drivers/CMSIS/Include/core_cm7.h **** 
 408:Drivers/CMSIS/Include/core_cm7.h **** /*@} end of group CMSIS_CORE */
 409:Drivers/CMSIS/Include/core_cm7.h **** 
 410:Drivers/CMSIS/Include/core_cm7.h **** 
 411:Drivers/CMSIS/Include/core_cm7.h **** /**
 412:Drivers/CMSIS/Include/core_cm7.h ****   \ingroup    CMSIS_core_register
 413:Drivers/CMSIS/Include/core_cm7.h ****   \defgroup   CMSIS_NVIC  Nested Vectored Interrupt Controller (NVIC)
 414:Drivers/CMSIS/Include/core_cm7.h ****   \brief      Type definitions for the NVIC Registers
 415:Drivers/CMSIS/Include/core_cm7.h ****   @{
 416:Drivers/CMSIS/Include/core_cm7.h ****  */
ARM GAS  C:\Users\simon\AppData\Local\Temp\cceYPmWR.s 			page 38


 417:Drivers/CMSIS/Include/core_cm7.h **** 
 418:Drivers/CMSIS/Include/core_cm7.h **** /**
 419:Drivers/CMSIS/Include/core_cm7.h ****   \brief  Structure type to access the Nested Vectored Interrupt Controller (NVIC).
 420:Drivers/CMSIS/Include/core_cm7.h ****  */
 421:Drivers/CMSIS/Include/core_cm7.h **** typedef struct
 422:Drivers/CMSIS/Include/core_cm7.h **** {
 423:Drivers/CMSIS/Include/core_cm7.h ****   __IOM uint32_t ISER[8U];               /*!< Offset: 0x000 (R/W)  Interrupt Set Enable Register */
 424:Drivers/CMSIS/Include/core_cm7.h ****         uint32_t RESERVED0[24U];
 425:Drivers/CMSIS/Include/core_cm7.h ****   __IOM uint32_t ICER[8U];               /*!< Offset: 0x080 (R/W)  Interrupt Clear Enable Register 
 426:Drivers/CMSIS/Include/core_cm7.h ****         uint32_t RESERVED1[24U];
 427:Drivers/CMSIS/Include/core_cm7.h ****   __IOM uint32_t ISPR[8U];               /*!< Offset: 0x100 (R/W)  Interrupt Set Pending Register *
 428:Drivers/CMSIS/Include/core_cm7.h ****         uint32_t RESERVED2[24U];
 429:Drivers/CMSIS/Include/core_cm7.h ****   __IOM uint32_t ICPR[8U];               /*!< Offset: 0x180 (R/W)  Interrupt Clear Pending Register
 430:Drivers/CMSIS/Include/core_cm7.h ****         uint32_t RESERVED3[24U];
 431:Drivers/CMSIS/Include/core_cm7.h ****   __IOM uint32_t IABR[8U];               /*!< Offset: 0x200 (R/W)  Interrupt Active bit Register */
 432:Drivers/CMSIS/Include/core_cm7.h ****         uint32_t RESERVED4[56U];
 433:Drivers/CMSIS/Include/core_cm7.h ****   __IOM uint8_t  IP[240U];               /*!< Offset: 0x300 (R/W)  Interrupt Priority Register (8Bi
 434:Drivers/CMSIS/Include/core_cm7.h ****         uint32_t RESERVED5[644U];
 435:Drivers/CMSIS/Include/core_cm7.h ****   __OM  uint32_t STIR;                   /*!< Offset: 0xE00 ( /W)  Software Trigger Interrupt Regis
 436:Drivers/CMSIS/Include/core_cm7.h **** }  NVIC_Type;
 437:Drivers/CMSIS/Include/core_cm7.h **** 
 438:Drivers/CMSIS/Include/core_cm7.h **** /* Software Triggered Interrupt Register Definitions */
 439:Drivers/CMSIS/Include/core_cm7.h **** #define NVIC_STIR_INTID_Pos                 0U                                         /*!< STIR: I
 440:Drivers/CMSIS/Include/core_cm7.h **** #define NVIC_STIR_INTID_Msk                (0x1FFUL /*<< NVIC_STIR_INTID_Pos*/)        /*!< STIR: I
 441:Drivers/CMSIS/Include/core_cm7.h **** 
 442:Drivers/CMSIS/Include/core_cm7.h **** /*@} end of group CMSIS_NVIC */
 443:Drivers/CMSIS/Include/core_cm7.h **** 
 444:Drivers/CMSIS/Include/core_cm7.h **** 
 445:Drivers/CMSIS/Include/core_cm7.h **** /**
 446:Drivers/CMSIS/Include/core_cm7.h ****   \ingroup  CMSIS_core_register
 447:Drivers/CMSIS/Include/core_cm7.h ****   \defgroup CMSIS_SCB     System Control Block (SCB)
 448:Drivers/CMSIS/Include/core_cm7.h ****   \brief    Type definitions for the System Control Block Registers
 449:Drivers/CMSIS/Include/core_cm7.h ****   @{
 450:Drivers/CMSIS/Include/core_cm7.h ****  */
 451:Drivers/CMSIS/Include/core_cm7.h **** 
 452:Drivers/CMSIS/Include/core_cm7.h **** /**
 453:Drivers/CMSIS/Include/core_cm7.h ****   \brief  Structure type to access the System Control Block (SCB).
 454:Drivers/CMSIS/Include/core_cm7.h ****  */
 455:Drivers/CMSIS/Include/core_cm7.h **** typedef struct
 456:Drivers/CMSIS/Include/core_cm7.h **** {
 457:Drivers/CMSIS/Include/core_cm7.h ****   __IM  uint32_t CPUID;                  /*!< Offset: 0x000 (R/ )  CPUID Base Register */
 458:Drivers/CMSIS/Include/core_cm7.h ****   __IOM uint32_t ICSR;                   /*!< Offset: 0x004 (R/W)  Interrupt Control and State Regi
 459:Drivers/CMSIS/Include/core_cm7.h ****   __IOM uint32_t VTOR;                   /*!< Offset: 0x008 (R/W)  Vector Table Offset Register */
 460:Drivers/CMSIS/Include/core_cm7.h ****   __IOM uint32_t AIRCR;                  /*!< Offset: 0x00C (R/W)  Application Interrupt and Reset 
 461:Drivers/CMSIS/Include/core_cm7.h ****   __IOM uint32_t SCR;                    /*!< Offset: 0x010 (R/W)  System Control Register */
 462:Drivers/CMSIS/Include/core_cm7.h ****   __IOM uint32_t CCR;                    /*!< Offset: 0x014 (R/W)  Configuration Control Register *
 463:Drivers/CMSIS/Include/core_cm7.h ****   __IOM uint8_t  SHPR[12U];              /*!< Offset: 0x018 (R/W)  System Handlers Priority Registe
 464:Drivers/CMSIS/Include/core_cm7.h ****   __IOM uint32_t SHCSR;                  /*!< Offset: 0x024 (R/W)  System Handler Control and State
 465:Drivers/CMSIS/Include/core_cm7.h ****   __IOM uint32_t CFSR;                   /*!< Offset: 0x028 (R/W)  Configurable Fault Status Regist
 466:Drivers/CMSIS/Include/core_cm7.h ****   __IOM uint32_t HFSR;                   /*!< Offset: 0x02C (R/W)  HardFault Status Register */
 467:Drivers/CMSIS/Include/core_cm7.h ****   __IOM uint32_t DFSR;                   /*!< Offset: 0x030 (R/W)  Debug Fault Status Register */
 468:Drivers/CMSIS/Include/core_cm7.h ****   __IOM uint32_t MMFAR;                  /*!< Offset: 0x034 (R/W)  MemManage Fault Address Register
 469:Drivers/CMSIS/Include/core_cm7.h ****   __IOM uint32_t BFAR;                   /*!< Offset: 0x038 (R/W)  BusFault Address Register */
 470:Drivers/CMSIS/Include/core_cm7.h ****   __IOM uint32_t AFSR;                   /*!< Offset: 0x03C (R/W)  Auxiliary Fault Status Register 
 471:Drivers/CMSIS/Include/core_cm7.h ****   __IM  uint32_t ID_PFR[2U];             /*!< Offset: 0x040 (R/ )  Processor Feature Register */
 472:Drivers/CMSIS/Include/core_cm7.h ****   __IM  uint32_t ID_DFR;                 /*!< Offset: 0x048 (R/ )  Debug Feature Register */
 473:Drivers/CMSIS/Include/core_cm7.h ****   __IM  uint32_t ID_AFR;                 /*!< Offset: 0x04C (R/ )  Auxiliary Feature Register */
ARM GAS  C:\Users\simon\AppData\Local\Temp\cceYPmWR.s 			page 39


 474:Drivers/CMSIS/Include/core_cm7.h ****   __IM  uint32_t ID_MFR[4U];             /*!< Offset: 0x050 (R/ )  Memory Model Feature Register */
 475:Drivers/CMSIS/Include/core_cm7.h ****   __IM  uint32_t ID_ISAR[5U];            /*!< Offset: 0x060 (R/ )  Instruction Set Attributes Regis
 476:Drivers/CMSIS/Include/core_cm7.h ****         uint32_t RESERVED0[1U];
 477:Drivers/CMSIS/Include/core_cm7.h ****   __IM  uint32_t CLIDR;                  /*!< Offset: 0x078 (R/ )  Cache Level ID register */
 478:Drivers/CMSIS/Include/core_cm7.h ****   __IM  uint32_t CTR;                    /*!< Offset: 0x07C (R/ )  Cache Type register */
 479:Drivers/CMSIS/Include/core_cm7.h ****   __IM  uint32_t CCSIDR;                 /*!< Offset: 0x080 (R/ )  Cache Size ID Register */
 480:Drivers/CMSIS/Include/core_cm7.h ****   __IOM uint32_t CSSELR;                 /*!< Offset: 0x084 (R/W)  Cache Size Selection Register */
 481:Drivers/CMSIS/Include/core_cm7.h ****   __IOM uint32_t CPACR;                  /*!< Offset: 0x088 (R/W)  Coprocessor Access Control Regis
 482:Drivers/CMSIS/Include/core_cm7.h ****         uint32_t RESERVED3[93U];
 483:Drivers/CMSIS/Include/core_cm7.h ****   __OM  uint32_t STIR;                   /*!< Offset: 0x200 ( /W)  Software Triggered Interrupt Reg
 484:Drivers/CMSIS/Include/core_cm7.h ****         uint32_t RESERVED4[15U];
 485:Drivers/CMSIS/Include/core_cm7.h ****   __IM  uint32_t MVFR0;                  /*!< Offset: 0x240 (R/ )  Media and VFP Feature Register 0
 486:Drivers/CMSIS/Include/core_cm7.h ****   __IM  uint32_t MVFR1;                  /*!< Offset: 0x244 (R/ )  Media and VFP Feature Register 1
 487:Drivers/CMSIS/Include/core_cm7.h ****   __IM  uint32_t MVFR2;                  /*!< Offset: 0x248 (R/ )  Media and VFP Feature Register 2
 488:Drivers/CMSIS/Include/core_cm7.h ****         uint32_t RESERVED5[1U];
 489:Drivers/CMSIS/Include/core_cm7.h ****   __OM  uint32_t ICIALLU;                /*!< Offset: 0x250 ( /W)  I-Cache Invalidate All to PoU */
 490:Drivers/CMSIS/Include/core_cm7.h ****         uint32_t RESERVED6[1U];
 491:Drivers/CMSIS/Include/core_cm7.h ****   __OM  uint32_t ICIMVAU;                /*!< Offset: 0x258 ( /W)  I-Cache Invalidate by MVA to PoU
 492:Drivers/CMSIS/Include/core_cm7.h ****   __OM  uint32_t DCIMVAC;                /*!< Offset: 0x25C ( /W)  D-Cache Invalidate by MVA to PoC
 493:Drivers/CMSIS/Include/core_cm7.h ****   __OM  uint32_t DCISW;                  /*!< Offset: 0x260 ( /W)  D-Cache Invalidate by Set-way */
 494:Drivers/CMSIS/Include/core_cm7.h ****   __OM  uint32_t DCCMVAU;                /*!< Offset: 0x264 ( /W)  D-Cache Clean by MVA to PoU */
 495:Drivers/CMSIS/Include/core_cm7.h ****   __OM  uint32_t DCCMVAC;                /*!< Offset: 0x268 ( /W)  D-Cache Clean by MVA to PoC */
 496:Drivers/CMSIS/Include/core_cm7.h ****   __OM  uint32_t DCCSW;                  /*!< Offset: 0x26C ( /W)  D-Cache Clean by Set-way */
 497:Drivers/CMSIS/Include/core_cm7.h ****   __OM  uint32_t DCCIMVAC;               /*!< Offset: 0x270 ( /W)  D-Cache Clean and Invalidate by 
 498:Drivers/CMSIS/Include/core_cm7.h ****   __OM  uint32_t DCCISW;                 /*!< Offset: 0x274 ( /W)  D-Cache Clean and Invalidate by 
 499:Drivers/CMSIS/Include/core_cm7.h ****         uint32_t RESERVED7[6U];
 500:Drivers/CMSIS/Include/core_cm7.h ****   __IOM uint32_t ITCMCR;                 /*!< Offset: 0x290 (R/W)  Instruction Tightly-Coupled Memo
 501:Drivers/CMSIS/Include/core_cm7.h ****   __IOM uint32_t DTCMCR;                 /*!< Offset: 0x294 (R/W)  Data Tightly-Coupled Memory Cont
 502:Drivers/CMSIS/Include/core_cm7.h ****   __IOM uint32_t AHBPCR;                 /*!< Offset: 0x298 (R/W)  AHBP Control Register */
 503:Drivers/CMSIS/Include/core_cm7.h ****   __IOM uint32_t CACR;                   /*!< Offset: 0x29C (R/W)  L1 Cache Control Register */
 504:Drivers/CMSIS/Include/core_cm7.h ****   __IOM uint32_t AHBSCR;                 /*!< Offset: 0x2A0 (R/W)  AHB Slave Control Register */
 505:Drivers/CMSIS/Include/core_cm7.h ****         uint32_t RESERVED8[1U];
 506:Drivers/CMSIS/Include/core_cm7.h ****   __IOM uint32_t ABFSR;                  /*!< Offset: 0x2A8 (R/W)  Auxiliary Bus Fault Status Regis
 507:Drivers/CMSIS/Include/core_cm7.h **** } SCB_Type;
 508:Drivers/CMSIS/Include/core_cm7.h **** 
 509:Drivers/CMSIS/Include/core_cm7.h **** /* SCB CPUID Register Definitions */
 510:Drivers/CMSIS/Include/core_cm7.h **** #define SCB_CPUID_IMPLEMENTER_Pos          24U                                            /*!< SCB 
 511:Drivers/CMSIS/Include/core_cm7.h **** #define SCB_CPUID_IMPLEMENTER_Msk          (0xFFUL << SCB_CPUID_IMPLEMENTER_Pos)          /*!< SCB 
 512:Drivers/CMSIS/Include/core_cm7.h **** 
 513:Drivers/CMSIS/Include/core_cm7.h **** #define SCB_CPUID_VARIANT_Pos              20U                                            /*!< SCB 
 514:Drivers/CMSIS/Include/core_cm7.h **** #define SCB_CPUID_VARIANT_Msk              (0xFUL << SCB_CPUID_VARIANT_Pos)               /*!< SCB 
 515:Drivers/CMSIS/Include/core_cm7.h **** 
 516:Drivers/CMSIS/Include/core_cm7.h **** #define SCB_CPUID_ARCHITECTURE_Pos         16U                                            /*!< SCB 
 517:Drivers/CMSIS/Include/core_cm7.h **** #define SCB_CPUID_ARCHITECTURE_Msk         (0xFUL << SCB_CPUID_ARCHITECTURE_Pos)          /*!< SCB 
 518:Drivers/CMSIS/Include/core_cm7.h **** 
 519:Drivers/CMSIS/Include/core_cm7.h **** #define SCB_CPUID_PARTNO_Pos                4U                                            /*!< SCB 
 520:Drivers/CMSIS/Include/core_cm7.h **** #define SCB_CPUID_PARTNO_Msk               (0xFFFUL << SCB_CPUID_PARTNO_Pos)              /*!< SCB 
 521:Drivers/CMSIS/Include/core_cm7.h **** 
 522:Drivers/CMSIS/Include/core_cm7.h **** #define SCB_CPUID_REVISION_Pos              0U                                            /*!< SCB 
 523:Drivers/CMSIS/Include/core_cm7.h **** #define SCB_CPUID_REVISION_Msk             (0xFUL /*<< SCB_CPUID_REVISION_Pos*/)          /*!< SCB 
 524:Drivers/CMSIS/Include/core_cm7.h **** 
 525:Drivers/CMSIS/Include/core_cm7.h **** /* SCB Interrupt Control State Register Definitions */
 526:Drivers/CMSIS/Include/core_cm7.h **** #define SCB_ICSR_NMIPENDSET_Pos            31U                                            /*!< SCB 
 527:Drivers/CMSIS/Include/core_cm7.h **** #define SCB_ICSR_NMIPENDSET_Msk            (1UL << SCB_ICSR_NMIPENDSET_Pos)               /*!< SCB 
 528:Drivers/CMSIS/Include/core_cm7.h **** 
 529:Drivers/CMSIS/Include/core_cm7.h **** #define SCB_ICSR_PENDSVSET_Pos             28U                                            /*!< SCB 
 530:Drivers/CMSIS/Include/core_cm7.h **** #define SCB_ICSR_PENDSVSET_Msk             (1UL << SCB_ICSR_PENDSVSET_Pos)                /*!< SCB 
ARM GAS  C:\Users\simon\AppData\Local\Temp\cceYPmWR.s 			page 40


 531:Drivers/CMSIS/Include/core_cm7.h **** 
 532:Drivers/CMSIS/Include/core_cm7.h **** #define SCB_ICSR_PENDSVCLR_Pos             27U                                            /*!< SCB 
 533:Drivers/CMSIS/Include/core_cm7.h **** #define SCB_ICSR_PENDSVCLR_Msk             (1UL << SCB_ICSR_PENDSVCLR_Pos)                /*!< SCB 
 534:Drivers/CMSIS/Include/core_cm7.h **** 
 535:Drivers/CMSIS/Include/core_cm7.h **** #define SCB_ICSR_PENDSTSET_Pos             26U                                            /*!< SCB 
 536:Drivers/CMSIS/Include/core_cm7.h **** #define SCB_ICSR_PENDSTSET_Msk             (1UL << SCB_ICSR_PENDSTSET_Pos)                /*!< SCB 
 537:Drivers/CMSIS/Include/core_cm7.h **** 
 538:Drivers/CMSIS/Include/core_cm7.h **** #define SCB_ICSR_PENDSTCLR_Pos             25U                                            /*!< SCB 
 539:Drivers/CMSIS/Include/core_cm7.h **** #define SCB_ICSR_PENDSTCLR_Msk             (1UL << SCB_ICSR_PENDSTCLR_Pos)                /*!< SCB 
 540:Drivers/CMSIS/Include/core_cm7.h **** 
 541:Drivers/CMSIS/Include/core_cm7.h **** #define SCB_ICSR_ISRPREEMPT_Pos            23U                                            /*!< SCB 
 542:Drivers/CMSIS/Include/core_cm7.h **** #define SCB_ICSR_ISRPREEMPT_Msk            (1UL << SCB_ICSR_ISRPREEMPT_Pos)               /*!< SCB 
 543:Drivers/CMSIS/Include/core_cm7.h **** 
 544:Drivers/CMSIS/Include/core_cm7.h **** #define SCB_ICSR_ISRPENDING_Pos            22U                                            /*!< SCB 
 545:Drivers/CMSIS/Include/core_cm7.h **** #define SCB_ICSR_ISRPENDING_Msk            (1UL << SCB_ICSR_ISRPENDING_Pos)               /*!< SCB 
 546:Drivers/CMSIS/Include/core_cm7.h **** 
 547:Drivers/CMSIS/Include/core_cm7.h **** #define SCB_ICSR_VECTPENDING_Pos           12U                                            /*!< SCB 
 548:Drivers/CMSIS/Include/core_cm7.h **** #define SCB_ICSR_VECTPENDING_Msk           (0x1FFUL << SCB_ICSR_VECTPENDING_Pos)          /*!< SCB 
 549:Drivers/CMSIS/Include/core_cm7.h **** 
 550:Drivers/CMSIS/Include/core_cm7.h **** #define SCB_ICSR_RETTOBASE_Pos             11U                                            /*!< SCB 
 551:Drivers/CMSIS/Include/core_cm7.h **** #define SCB_ICSR_RETTOBASE_Msk             (1UL << SCB_ICSR_RETTOBASE_Pos)                /*!< SCB 
 552:Drivers/CMSIS/Include/core_cm7.h **** 
 553:Drivers/CMSIS/Include/core_cm7.h **** #define SCB_ICSR_VECTACTIVE_Pos             0U                                            /*!< SCB 
 554:Drivers/CMSIS/Include/core_cm7.h **** #define SCB_ICSR_VECTACTIVE_Msk            (0x1FFUL /*<< SCB_ICSR_VECTACTIVE_Pos*/)       /*!< SCB 
 555:Drivers/CMSIS/Include/core_cm7.h **** 
 556:Drivers/CMSIS/Include/core_cm7.h **** /* SCB Vector Table Offset Register Definitions */
 557:Drivers/CMSIS/Include/core_cm7.h **** #define SCB_VTOR_TBLOFF_Pos                 7U                                            /*!< SCB 
 558:Drivers/CMSIS/Include/core_cm7.h **** #define SCB_VTOR_TBLOFF_Msk                (0x1FFFFFFUL << SCB_VTOR_TBLOFF_Pos)           /*!< SCB 
 559:Drivers/CMSIS/Include/core_cm7.h **** 
 560:Drivers/CMSIS/Include/core_cm7.h **** /* SCB Application Interrupt and Reset Control Register Definitions */
 561:Drivers/CMSIS/Include/core_cm7.h **** #define SCB_AIRCR_VECTKEY_Pos              16U                                            /*!< SCB 
 562:Drivers/CMSIS/Include/core_cm7.h **** #define SCB_AIRCR_VECTKEY_Msk              (0xFFFFUL << SCB_AIRCR_VECTKEY_Pos)            /*!< SCB 
 563:Drivers/CMSIS/Include/core_cm7.h **** 
 564:Drivers/CMSIS/Include/core_cm7.h **** #define SCB_AIRCR_VECTKEYSTAT_Pos          16U                                            /*!< SCB 
 565:Drivers/CMSIS/Include/core_cm7.h **** #define SCB_AIRCR_VECTKEYSTAT_Msk          (0xFFFFUL << SCB_AIRCR_VECTKEYSTAT_Pos)        /*!< SCB 
 566:Drivers/CMSIS/Include/core_cm7.h **** 
 567:Drivers/CMSIS/Include/core_cm7.h **** #define SCB_AIRCR_ENDIANESS_Pos            15U                                            /*!< SCB 
 568:Drivers/CMSIS/Include/core_cm7.h **** #define SCB_AIRCR_ENDIANESS_Msk            (1UL << SCB_AIRCR_ENDIANESS_Pos)               /*!< SCB 
 569:Drivers/CMSIS/Include/core_cm7.h **** 
 570:Drivers/CMSIS/Include/core_cm7.h **** #define SCB_AIRCR_PRIGROUP_Pos              8U                                            /*!< SCB 
 571:Drivers/CMSIS/Include/core_cm7.h **** #define SCB_AIRCR_PRIGROUP_Msk             (7UL << SCB_AIRCR_PRIGROUP_Pos)                /*!< SCB 
 572:Drivers/CMSIS/Include/core_cm7.h **** 
 573:Drivers/CMSIS/Include/core_cm7.h **** #define SCB_AIRCR_SYSRESETREQ_Pos           2U                                            /*!< SCB 
 574:Drivers/CMSIS/Include/core_cm7.h **** #define SCB_AIRCR_SYSRESETREQ_Msk          (1UL << SCB_AIRCR_SYSRESETREQ_Pos)             /*!< SCB 
 575:Drivers/CMSIS/Include/core_cm7.h **** 
 576:Drivers/CMSIS/Include/core_cm7.h **** #define SCB_AIRCR_VECTCLRACTIVE_Pos         1U                                            /*!< SCB 
 577:Drivers/CMSIS/Include/core_cm7.h **** #define SCB_AIRCR_VECTCLRACTIVE_Msk        (1UL << SCB_AIRCR_VECTCLRACTIVE_Pos)           /*!< SCB 
 578:Drivers/CMSIS/Include/core_cm7.h **** 
 579:Drivers/CMSIS/Include/core_cm7.h **** #define SCB_AIRCR_VECTRESET_Pos             0U                                            /*!< SCB 
 580:Drivers/CMSIS/Include/core_cm7.h **** #define SCB_AIRCR_VECTRESET_Msk            (1UL /*<< SCB_AIRCR_VECTRESET_Pos*/)           /*!< SCB 
 581:Drivers/CMSIS/Include/core_cm7.h **** 
 582:Drivers/CMSIS/Include/core_cm7.h **** /* SCB System Control Register Definitions */
 583:Drivers/CMSIS/Include/core_cm7.h **** #define SCB_SCR_SEVONPEND_Pos               4U                                            /*!< SCB 
 584:Drivers/CMSIS/Include/core_cm7.h **** #define SCB_SCR_SEVONPEND_Msk              (1UL << SCB_SCR_SEVONPEND_Pos)                 /*!< SCB 
 585:Drivers/CMSIS/Include/core_cm7.h **** 
 586:Drivers/CMSIS/Include/core_cm7.h **** #define SCB_SCR_SLEEPDEEP_Pos               2U                                            /*!< SCB 
 587:Drivers/CMSIS/Include/core_cm7.h **** #define SCB_SCR_SLEEPDEEP_Msk              (1UL << SCB_SCR_SLEEPDEEP_Pos)                 /*!< SCB 
ARM GAS  C:\Users\simon\AppData\Local\Temp\cceYPmWR.s 			page 41


 588:Drivers/CMSIS/Include/core_cm7.h **** 
 589:Drivers/CMSIS/Include/core_cm7.h **** #define SCB_SCR_SLEEPONEXIT_Pos             1U                                            /*!< SCB 
 590:Drivers/CMSIS/Include/core_cm7.h **** #define SCB_SCR_SLEEPONEXIT_Msk            (1UL << SCB_SCR_SLEEPONEXIT_Pos)               /*!< SCB 
 591:Drivers/CMSIS/Include/core_cm7.h **** 
 592:Drivers/CMSIS/Include/core_cm7.h **** /* SCB Configuration Control Register Definitions */
 593:Drivers/CMSIS/Include/core_cm7.h **** #define SCB_CCR_BP_Pos                      18U                                           /*!< SCB 
 594:Drivers/CMSIS/Include/core_cm7.h **** #define SCB_CCR_BP_Msk                     (1UL << SCB_CCR_BP_Pos)                        /*!< SCB 
 595:Drivers/CMSIS/Include/core_cm7.h **** 
 596:Drivers/CMSIS/Include/core_cm7.h **** #define SCB_CCR_IC_Pos                      17U                                           /*!< SCB 
 597:Drivers/CMSIS/Include/core_cm7.h **** #define SCB_CCR_IC_Msk                     (1UL << SCB_CCR_IC_Pos)                        /*!< SCB 
 598:Drivers/CMSIS/Include/core_cm7.h **** 
 599:Drivers/CMSIS/Include/core_cm7.h **** #define SCB_CCR_DC_Pos                      16U                                           /*!< SCB 
 600:Drivers/CMSIS/Include/core_cm7.h **** #define SCB_CCR_DC_Msk                     (1UL << SCB_CCR_DC_Pos)                        /*!< SCB 
 601:Drivers/CMSIS/Include/core_cm7.h **** 
 602:Drivers/CMSIS/Include/core_cm7.h **** #define SCB_CCR_STKALIGN_Pos                9U                                            /*!< SCB 
 603:Drivers/CMSIS/Include/core_cm7.h **** #define SCB_CCR_STKALIGN_Msk               (1UL << SCB_CCR_STKALIGN_Pos)                  /*!< SCB 
 604:Drivers/CMSIS/Include/core_cm7.h **** 
 605:Drivers/CMSIS/Include/core_cm7.h **** #define SCB_CCR_BFHFNMIGN_Pos               8U                                            /*!< SCB 
 606:Drivers/CMSIS/Include/core_cm7.h **** #define SCB_CCR_BFHFNMIGN_Msk              (1UL << SCB_CCR_BFHFNMIGN_Pos)                 /*!< SCB 
 607:Drivers/CMSIS/Include/core_cm7.h **** 
 608:Drivers/CMSIS/Include/core_cm7.h **** #define SCB_CCR_DIV_0_TRP_Pos               4U                                            /*!< SCB 
 609:Drivers/CMSIS/Include/core_cm7.h **** #define SCB_CCR_DIV_0_TRP_Msk              (1UL << SCB_CCR_DIV_0_TRP_Pos)                 /*!< SCB 
 610:Drivers/CMSIS/Include/core_cm7.h **** 
 611:Drivers/CMSIS/Include/core_cm7.h **** #define SCB_CCR_UNALIGN_TRP_Pos             3U                                            /*!< SCB 
 612:Drivers/CMSIS/Include/core_cm7.h **** #define SCB_CCR_UNALIGN_TRP_Msk            (1UL << SCB_CCR_UNALIGN_TRP_Pos)               /*!< SCB 
 613:Drivers/CMSIS/Include/core_cm7.h **** 
 614:Drivers/CMSIS/Include/core_cm7.h **** #define SCB_CCR_USERSETMPEND_Pos            1U                                            /*!< SCB 
 615:Drivers/CMSIS/Include/core_cm7.h **** #define SCB_CCR_USERSETMPEND_Msk           (1UL << SCB_CCR_USERSETMPEND_Pos)              /*!< SCB 
 616:Drivers/CMSIS/Include/core_cm7.h **** 
 617:Drivers/CMSIS/Include/core_cm7.h **** #define SCB_CCR_NONBASETHRDENA_Pos          0U                                            /*!< SCB 
 618:Drivers/CMSIS/Include/core_cm7.h **** #define SCB_CCR_NONBASETHRDENA_Msk         (1UL /*<< SCB_CCR_NONBASETHRDENA_Pos*/)        /*!< SCB 
 619:Drivers/CMSIS/Include/core_cm7.h **** 
 620:Drivers/CMSIS/Include/core_cm7.h **** /* SCB System Handler Control and State Register Definitions */
 621:Drivers/CMSIS/Include/core_cm7.h **** #define SCB_SHCSR_USGFAULTENA_Pos          18U                                            /*!< SCB 
 622:Drivers/CMSIS/Include/core_cm7.h **** #define SCB_SHCSR_USGFAULTENA_Msk          (1UL << SCB_SHCSR_USGFAULTENA_Pos)             /*!< SCB 
 623:Drivers/CMSIS/Include/core_cm7.h **** 
 624:Drivers/CMSIS/Include/core_cm7.h **** #define SCB_SHCSR_BUSFAULTENA_Pos          17U                                            /*!< SCB 
 625:Drivers/CMSIS/Include/core_cm7.h **** #define SCB_SHCSR_BUSFAULTENA_Msk          (1UL << SCB_SHCSR_BUSFAULTENA_Pos)             /*!< SCB 
 626:Drivers/CMSIS/Include/core_cm7.h **** 
 627:Drivers/CMSIS/Include/core_cm7.h **** #define SCB_SHCSR_MEMFAULTENA_Pos          16U                                            /*!< SCB 
 628:Drivers/CMSIS/Include/core_cm7.h **** #define SCB_SHCSR_MEMFAULTENA_Msk          (1UL << SCB_SHCSR_MEMFAULTENA_Pos)             /*!< SCB 
 629:Drivers/CMSIS/Include/core_cm7.h **** 
 630:Drivers/CMSIS/Include/core_cm7.h **** #define SCB_SHCSR_SVCALLPENDED_Pos         15U                                            /*!< SCB 
 631:Drivers/CMSIS/Include/core_cm7.h **** #define SCB_SHCSR_SVCALLPENDED_Msk         (1UL << SCB_SHCSR_SVCALLPENDED_Pos)            /*!< SCB 
 632:Drivers/CMSIS/Include/core_cm7.h **** 
 633:Drivers/CMSIS/Include/core_cm7.h **** #define SCB_SHCSR_BUSFAULTPENDED_Pos       14U                                            /*!< SCB 
 634:Drivers/CMSIS/Include/core_cm7.h **** #define SCB_SHCSR_BUSFAULTPENDED_Msk       (1UL << SCB_SHCSR_BUSFAULTPENDED_Pos)          /*!< SCB 
 635:Drivers/CMSIS/Include/core_cm7.h **** 
 636:Drivers/CMSIS/Include/core_cm7.h **** #define SCB_SHCSR_MEMFAULTPENDED_Pos       13U                                            /*!< SCB 
 637:Drivers/CMSIS/Include/core_cm7.h **** #define SCB_SHCSR_MEMFAULTPENDED_Msk       (1UL << SCB_SHCSR_MEMFAULTPENDED_Pos)          /*!< SCB 
 638:Drivers/CMSIS/Include/core_cm7.h **** 
 639:Drivers/CMSIS/Include/core_cm7.h **** #define SCB_SHCSR_USGFAULTPENDED_Pos       12U                                            /*!< SCB 
 640:Drivers/CMSIS/Include/core_cm7.h **** #define SCB_SHCSR_USGFAULTPENDED_Msk       (1UL << SCB_SHCSR_USGFAULTPENDED_Pos)          /*!< SCB 
 641:Drivers/CMSIS/Include/core_cm7.h **** 
 642:Drivers/CMSIS/Include/core_cm7.h **** #define SCB_SHCSR_SYSTICKACT_Pos           11U                                            /*!< SCB 
 643:Drivers/CMSIS/Include/core_cm7.h **** #define SCB_SHCSR_SYSTICKACT_Msk           (1UL << SCB_SHCSR_SYSTICKACT_Pos)              /*!< SCB 
 644:Drivers/CMSIS/Include/core_cm7.h **** 
ARM GAS  C:\Users\simon\AppData\Local\Temp\cceYPmWR.s 			page 42


 645:Drivers/CMSIS/Include/core_cm7.h **** #define SCB_SHCSR_PENDSVACT_Pos            10U                                            /*!< SCB 
 646:Drivers/CMSIS/Include/core_cm7.h **** #define SCB_SHCSR_PENDSVACT_Msk            (1UL << SCB_SHCSR_PENDSVACT_Pos)               /*!< SCB 
 647:Drivers/CMSIS/Include/core_cm7.h **** 
 648:Drivers/CMSIS/Include/core_cm7.h **** #define SCB_SHCSR_MONITORACT_Pos            8U                                            /*!< SCB 
 649:Drivers/CMSIS/Include/core_cm7.h **** #define SCB_SHCSR_MONITORACT_Msk           (1UL << SCB_SHCSR_MONITORACT_Pos)              /*!< SCB 
 650:Drivers/CMSIS/Include/core_cm7.h **** 
 651:Drivers/CMSIS/Include/core_cm7.h **** #define SCB_SHCSR_SVCALLACT_Pos             7U                                            /*!< SCB 
 652:Drivers/CMSIS/Include/core_cm7.h **** #define SCB_SHCSR_SVCALLACT_Msk            (1UL << SCB_SHCSR_SVCALLACT_Pos)               /*!< SCB 
 653:Drivers/CMSIS/Include/core_cm7.h **** 
 654:Drivers/CMSIS/Include/core_cm7.h **** #define SCB_SHCSR_USGFAULTACT_Pos           3U                                            /*!< SCB 
 655:Drivers/CMSIS/Include/core_cm7.h **** #define SCB_SHCSR_USGFAULTACT_Msk          (1UL << SCB_SHCSR_USGFAULTACT_Pos)             /*!< SCB 
 656:Drivers/CMSIS/Include/core_cm7.h **** 
 657:Drivers/CMSIS/Include/core_cm7.h **** #define SCB_SHCSR_BUSFAULTACT_Pos           1U                                            /*!< SCB 
 658:Drivers/CMSIS/Include/core_cm7.h **** #define SCB_SHCSR_BUSFAULTACT_Msk          (1UL << SCB_SHCSR_BUSFAULTACT_Pos)             /*!< SCB 
 659:Drivers/CMSIS/Include/core_cm7.h **** 
 660:Drivers/CMSIS/Include/core_cm7.h **** #define SCB_SHCSR_MEMFAULTACT_Pos           0U                                            /*!< SCB 
 661:Drivers/CMSIS/Include/core_cm7.h **** #define SCB_SHCSR_MEMFAULTACT_Msk          (1UL /*<< SCB_SHCSR_MEMFAULTACT_Pos*/)         /*!< SCB 
 662:Drivers/CMSIS/Include/core_cm7.h **** 
 663:Drivers/CMSIS/Include/core_cm7.h **** /* SCB Configurable Fault Status Register Definitions */
 664:Drivers/CMSIS/Include/core_cm7.h **** #define SCB_CFSR_USGFAULTSR_Pos            16U                                            /*!< SCB 
 665:Drivers/CMSIS/Include/core_cm7.h **** #define SCB_CFSR_USGFAULTSR_Msk            (0xFFFFUL << SCB_CFSR_USGFAULTSR_Pos)          /*!< SCB 
 666:Drivers/CMSIS/Include/core_cm7.h **** 
 667:Drivers/CMSIS/Include/core_cm7.h **** #define SCB_CFSR_BUSFAULTSR_Pos             8U                                            /*!< SCB 
 668:Drivers/CMSIS/Include/core_cm7.h **** #define SCB_CFSR_BUSFAULTSR_Msk            (0xFFUL << SCB_CFSR_BUSFAULTSR_Pos)            /*!< SCB 
 669:Drivers/CMSIS/Include/core_cm7.h **** 
 670:Drivers/CMSIS/Include/core_cm7.h **** #define SCB_CFSR_MEMFAULTSR_Pos             0U                                            /*!< SCB 
 671:Drivers/CMSIS/Include/core_cm7.h **** #define SCB_CFSR_MEMFAULTSR_Msk            (0xFFUL /*<< SCB_CFSR_MEMFAULTSR_Pos*/)        /*!< SCB 
 672:Drivers/CMSIS/Include/core_cm7.h **** 
 673:Drivers/CMSIS/Include/core_cm7.h **** /* MemManage Fault Status Register (part of SCB Configurable Fault Status Register) */
 674:Drivers/CMSIS/Include/core_cm7.h **** #define SCB_CFSR_MMARVALID_Pos             (SCB_SHCSR_MEMFAULTACT_Pos + 7U)               /*!< SCB 
 675:Drivers/CMSIS/Include/core_cm7.h **** #define SCB_CFSR_MMARVALID_Msk             (1UL << SCB_CFSR_MMARVALID_Pos)                /*!< SCB 
 676:Drivers/CMSIS/Include/core_cm7.h **** 
 677:Drivers/CMSIS/Include/core_cm7.h **** #define SCB_CFSR_MLSPERR_Pos               (SCB_SHCSR_MEMFAULTACT_Pos + 5U)               /*!< SCB 
 678:Drivers/CMSIS/Include/core_cm7.h **** #define SCB_CFSR_MLSPERR_Msk               (1UL << SCB_CFSR_MLSPERR_Pos)                  /*!< SCB 
 679:Drivers/CMSIS/Include/core_cm7.h **** 
 680:Drivers/CMSIS/Include/core_cm7.h **** #define SCB_CFSR_MSTKERR_Pos               (SCB_SHCSR_MEMFAULTACT_Pos + 4U)               /*!< SCB 
 681:Drivers/CMSIS/Include/core_cm7.h **** #define SCB_CFSR_MSTKERR_Msk               (1UL << SCB_CFSR_MSTKERR_Pos)                  /*!< SCB 
 682:Drivers/CMSIS/Include/core_cm7.h **** 
 683:Drivers/CMSIS/Include/core_cm7.h **** #define SCB_CFSR_MUNSTKERR_Pos             (SCB_SHCSR_MEMFAULTACT_Pos + 3U)               /*!< SCB 
 684:Drivers/CMSIS/Include/core_cm7.h **** #define SCB_CFSR_MUNSTKERR_Msk             (1UL << SCB_CFSR_MUNSTKERR_Pos)                /*!< SCB 
 685:Drivers/CMSIS/Include/core_cm7.h **** 
 686:Drivers/CMSIS/Include/core_cm7.h **** #define SCB_CFSR_DACCVIOL_Pos              (SCB_SHCSR_MEMFAULTACT_Pos + 1U)               /*!< SCB 
 687:Drivers/CMSIS/Include/core_cm7.h **** #define SCB_CFSR_DACCVIOL_Msk              (1UL << SCB_CFSR_DACCVIOL_Pos)                 /*!< SCB 
 688:Drivers/CMSIS/Include/core_cm7.h **** 
 689:Drivers/CMSIS/Include/core_cm7.h **** #define SCB_CFSR_IACCVIOL_Pos              (SCB_SHCSR_MEMFAULTACT_Pos + 0U)               /*!< SCB 
 690:Drivers/CMSIS/Include/core_cm7.h **** #define SCB_CFSR_IACCVIOL_Msk              (1UL /*<< SCB_CFSR_IACCVIOL_Pos*/)             /*!< SCB 
 691:Drivers/CMSIS/Include/core_cm7.h **** 
 692:Drivers/CMSIS/Include/core_cm7.h **** /* BusFault Status Register (part of SCB Configurable Fault Status Register) */
 693:Drivers/CMSIS/Include/core_cm7.h **** #define SCB_CFSR_BFARVALID_Pos            (SCB_CFSR_BUSFAULTSR_Pos + 7U)                  /*!< SCB 
 694:Drivers/CMSIS/Include/core_cm7.h **** #define SCB_CFSR_BFARVALID_Msk            (1UL << SCB_CFSR_BFARVALID_Pos)                 /*!< SCB 
 695:Drivers/CMSIS/Include/core_cm7.h **** 
 696:Drivers/CMSIS/Include/core_cm7.h **** #define SCB_CFSR_LSPERR_Pos               (SCB_CFSR_BUSFAULTSR_Pos + 5U)                  /*!< SCB 
 697:Drivers/CMSIS/Include/core_cm7.h **** #define SCB_CFSR_LSPERR_Msk               (1UL << SCB_CFSR_LSPERR_Pos)                    /*!< SCB 
 698:Drivers/CMSIS/Include/core_cm7.h **** 
 699:Drivers/CMSIS/Include/core_cm7.h **** #define SCB_CFSR_STKERR_Pos               (SCB_CFSR_BUSFAULTSR_Pos + 4U)                  /*!< SCB 
 700:Drivers/CMSIS/Include/core_cm7.h **** #define SCB_CFSR_STKERR_Msk               (1UL << SCB_CFSR_STKERR_Pos)                    /*!< SCB 
 701:Drivers/CMSIS/Include/core_cm7.h **** 
ARM GAS  C:\Users\simon\AppData\Local\Temp\cceYPmWR.s 			page 43


 702:Drivers/CMSIS/Include/core_cm7.h **** #define SCB_CFSR_UNSTKERR_Pos             (SCB_CFSR_BUSFAULTSR_Pos + 3U)                  /*!< SCB 
 703:Drivers/CMSIS/Include/core_cm7.h **** #define SCB_CFSR_UNSTKERR_Msk             (1UL << SCB_CFSR_UNSTKERR_Pos)                  /*!< SCB 
 704:Drivers/CMSIS/Include/core_cm7.h **** 
 705:Drivers/CMSIS/Include/core_cm7.h **** #define SCB_CFSR_IMPRECISERR_Pos          (SCB_CFSR_BUSFAULTSR_Pos + 2U)                  /*!< SCB 
 706:Drivers/CMSIS/Include/core_cm7.h **** #define SCB_CFSR_IMPRECISERR_Msk          (1UL << SCB_CFSR_IMPRECISERR_Pos)               /*!< SCB 
 707:Drivers/CMSIS/Include/core_cm7.h **** 
 708:Drivers/CMSIS/Include/core_cm7.h **** #define SCB_CFSR_PRECISERR_Pos            (SCB_CFSR_BUSFAULTSR_Pos + 1U)                  /*!< SCB 
 709:Drivers/CMSIS/Include/core_cm7.h **** #define SCB_CFSR_PRECISERR_Msk            (1UL << SCB_CFSR_PRECISERR_Pos)                 /*!< SCB 
 710:Drivers/CMSIS/Include/core_cm7.h **** 
 711:Drivers/CMSIS/Include/core_cm7.h **** #define SCB_CFSR_IBUSERR_Pos              (SCB_CFSR_BUSFAULTSR_Pos + 0U)                  /*!< SCB 
 712:Drivers/CMSIS/Include/core_cm7.h **** #define SCB_CFSR_IBUSERR_Msk              (1UL << SCB_CFSR_IBUSERR_Pos)                   /*!< SCB 
 713:Drivers/CMSIS/Include/core_cm7.h **** 
 714:Drivers/CMSIS/Include/core_cm7.h **** /* UsageFault Status Register (part of SCB Configurable Fault Status Register) */
 715:Drivers/CMSIS/Include/core_cm7.h **** #define SCB_CFSR_DIVBYZERO_Pos            (SCB_CFSR_USGFAULTSR_Pos + 9U)                  /*!< SCB 
 716:Drivers/CMSIS/Include/core_cm7.h **** #define SCB_CFSR_DIVBYZERO_Msk            (1UL << SCB_CFSR_DIVBYZERO_Pos)                 /*!< SCB 
 717:Drivers/CMSIS/Include/core_cm7.h **** 
 718:Drivers/CMSIS/Include/core_cm7.h **** #define SCB_CFSR_UNALIGNED_Pos            (SCB_CFSR_USGFAULTSR_Pos + 8U)                  /*!< SCB 
 719:Drivers/CMSIS/Include/core_cm7.h **** #define SCB_CFSR_UNALIGNED_Msk            (1UL << SCB_CFSR_UNALIGNED_Pos)                 /*!< SCB 
 720:Drivers/CMSIS/Include/core_cm7.h **** 
 721:Drivers/CMSIS/Include/core_cm7.h **** #define SCB_CFSR_NOCP_Pos                 (SCB_CFSR_USGFAULTSR_Pos + 3U)                  /*!< SCB 
 722:Drivers/CMSIS/Include/core_cm7.h **** #define SCB_CFSR_NOCP_Msk                 (1UL << SCB_CFSR_NOCP_Pos)                      /*!< SCB 
 723:Drivers/CMSIS/Include/core_cm7.h **** 
 724:Drivers/CMSIS/Include/core_cm7.h **** #define SCB_CFSR_INVPC_Pos                (SCB_CFSR_USGFAULTSR_Pos + 2U)                  /*!< SCB 
 725:Drivers/CMSIS/Include/core_cm7.h **** #define SCB_CFSR_INVPC_Msk                (1UL << SCB_CFSR_INVPC_Pos)                     /*!< SCB 
 726:Drivers/CMSIS/Include/core_cm7.h **** 
 727:Drivers/CMSIS/Include/core_cm7.h **** #define SCB_CFSR_INVSTATE_Pos             (SCB_CFSR_USGFAULTSR_Pos + 1U)                  /*!< SCB 
 728:Drivers/CMSIS/Include/core_cm7.h **** #define SCB_CFSR_INVSTATE_Msk             (1UL << SCB_CFSR_INVSTATE_Pos)                  /*!< SCB 
 729:Drivers/CMSIS/Include/core_cm7.h **** 
 730:Drivers/CMSIS/Include/core_cm7.h **** #define SCB_CFSR_UNDEFINSTR_Pos           (SCB_CFSR_USGFAULTSR_Pos + 0U)                  /*!< SCB 
 731:Drivers/CMSIS/Include/core_cm7.h **** #define SCB_CFSR_UNDEFINSTR_Msk           (1UL << SCB_CFSR_UNDEFINSTR_Pos)                /*!< SCB 
 732:Drivers/CMSIS/Include/core_cm7.h **** 
 733:Drivers/CMSIS/Include/core_cm7.h **** /* SCB Hard Fault Status Register Definitions */
 734:Drivers/CMSIS/Include/core_cm7.h **** #define SCB_HFSR_DEBUGEVT_Pos              31U                                            /*!< SCB 
 735:Drivers/CMSIS/Include/core_cm7.h **** #define SCB_HFSR_DEBUGEVT_Msk              (1UL << SCB_HFSR_DEBUGEVT_Pos)                 /*!< SCB 
 736:Drivers/CMSIS/Include/core_cm7.h **** 
 737:Drivers/CMSIS/Include/core_cm7.h **** #define SCB_HFSR_FORCED_Pos                30U                                            /*!< SCB 
 738:Drivers/CMSIS/Include/core_cm7.h **** #define SCB_HFSR_FORCED_Msk                (1UL << SCB_HFSR_FORCED_Pos)                   /*!< SCB 
 739:Drivers/CMSIS/Include/core_cm7.h **** 
 740:Drivers/CMSIS/Include/core_cm7.h **** #define SCB_HFSR_VECTTBL_Pos                1U                                            /*!< SCB 
 741:Drivers/CMSIS/Include/core_cm7.h **** #define SCB_HFSR_VECTTBL_Msk               (1UL << SCB_HFSR_VECTTBL_Pos)                  /*!< SCB 
 742:Drivers/CMSIS/Include/core_cm7.h **** 
 743:Drivers/CMSIS/Include/core_cm7.h **** /* SCB Debug Fault Status Register Definitions */
 744:Drivers/CMSIS/Include/core_cm7.h **** #define SCB_DFSR_EXTERNAL_Pos               4U                                            /*!< SCB 
 745:Drivers/CMSIS/Include/core_cm7.h **** #define SCB_DFSR_EXTERNAL_Msk              (1UL << SCB_DFSR_EXTERNAL_Pos)                 /*!< SCB 
 746:Drivers/CMSIS/Include/core_cm7.h **** 
 747:Drivers/CMSIS/Include/core_cm7.h **** #define SCB_DFSR_VCATCH_Pos                 3U                                            /*!< SCB 
 748:Drivers/CMSIS/Include/core_cm7.h **** #define SCB_DFSR_VCATCH_Msk                (1UL << SCB_DFSR_VCATCH_Pos)                   /*!< SCB 
 749:Drivers/CMSIS/Include/core_cm7.h **** 
 750:Drivers/CMSIS/Include/core_cm7.h **** #define SCB_DFSR_DWTTRAP_Pos                2U                                            /*!< SCB 
 751:Drivers/CMSIS/Include/core_cm7.h **** #define SCB_DFSR_DWTTRAP_Msk               (1UL << SCB_DFSR_DWTTRAP_Pos)                  /*!< SCB 
 752:Drivers/CMSIS/Include/core_cm7.h **** 
 753:Drivers/CMSIS/Include/core_cm7.h **** #define SCB_DFSR_BKPT_Pos                   1U                                            /*!< SCB 
 754:Drivers/CMSIS/Include/core_cm7.h **** #define SCB_DFSR_BKPT_Msk                  (1UL << SCB_DFSR_BKPT_Pos)                     /*!< SCB 
 755:Drivers/CMSIS/Include/core_cm7.h **** 
 756:Drivers/CMSIS/Include/core_cm7.h **** #define SCB_DFSR_HALTED_Pos                 0U                                            /*!< SCB 
 757:Drivers/CMSIS/Include/core_cm7.h **** #define SCB_DFSR_HALTED_Msk                (1UL /*<< SCB_DFSR_HALTED_Pos*/)               /*!< SCB 
 758:Drivers/CMSIS/Include/core_cm7.h **** 
ARM GAS  C:\Users\simon\AppData\Local\Temp\cceYPmWR.s 			page 44


 759:Drivers/CMSIS/Include/core_cm7.h **** /* SCB Cache Level ID Register Definitions */
 760:Drivers/CMSIS/Include/core_cm7.h **** #define SCB_CLIDR_LOUU_Pos                 27U                                            /*!< SCB 
 761:Drivers/CMSIS/Include/core_cm7.h **** #define SCB_CLIDR_LOUU_Msk                 (7UL << SCB_CLIDR_LOUU_Pos)                    /*!< SCB 
 762:Drivers/CMSIS/Include/core_cm7.h **** 
 763:Drivers/CMSIS/Include/core_cm7.h **** #define SCB_CLIDR_LOC_Pos                  24U                                            /*!< SCB 
 764:Drivers/CMSIS/Include/core_cm7.h **** #define SCB_CLIDR_LOC_Msk                  (7UL << SCB_CLIDR_LOC_Pos)                     /*!< SCB 
 765:Drivers/CMSIS/Include/core_cm7.h **** 
 766:Drivers/CMSIS/Include/core_cm7.h **** /* SCB Cache Type Register Definitions */
 767:Drivers/CMSIS/Include/core_cm7.h **** #define SCB_CTR_FORMAT_Pos                 29U                                            /*!< SCB 
 768:Drivers/CMSIS/Include/core_cm7.h **** #define SCB_CTR_FORMAT_Msk                 (7UL << SCB_CTR_FORMAT_Pos)                    /*!< SCB 
 769:Drivers/CMSIS/Include/core_cm7.h **** 
 770:Drivers/CMSIS/Include/core_cm7.h **** #define SCB_CTR_CWG_Pos                    24U                                            /*!< SCB 
 771:Drivers/CMSIS/Include/core_cm7.h **** #define SCB_CTR_CWG_Msk                    (0xFUL << SCB_CTR_CWG_Pos)                     /*!< SCB 
 772:Drivers/CMSIS/Include/core_cm7.h **** 
 773:Drivers/CMSIS/Include/core_cm7.h **** #define SCB_CTR_ERG_Pos                    20U                                            /*!< SCB 
 774:Drivers/CMSIS/Include/core_cm7.h **** #define SCB_CTR_ERG_Msk                    (0xFUL << SCB_CTR_ERG_Pos)                     /*!< SCB 
 775:Drivers/CMSIS/Include/core_cm7.h **** 
 776:Drivers/CMSIS/Include/core_cm7.h **** #define SCB_CTR_DMINLINE_Pos               16U                                            /*!< SCB 
 777:Drivers/CMSIS/Include/core_cm7.h **** #define SCB_CTR_DMINLINE_Msk               (0xFUL << SCB_CTR_DMINLINE_Pos)                /*!< SCB 
 778:Drivers/CMSIS/Include/core_cm7.h **** 
 779:Drivers/CMSIS/Include/core_cm7.h **** #define SCB_CTR_IMINLINE_Pos                0U                                            /*!< SCB 
 780:Drivers/CMSIS/Include/core_cm7.h **** #define SCB_CTR_IMINLINE_Msk               (0xFUL /*<< SCB_CTR_IMINLINE_Pos*/)            /*!< SCB 
 781:Drivers/CMSIS/Include/core_cm7.h **** 
 782:Drivers/CMSIS/Include/core_cm7.h **** /* SCB Cache Size ID Register Definitions */
 783:Drivers/CMSIS/Include/core_cm7.h **** #define SCB_CCSIDR_WT_Pos                  31U                                            /*!< SCB 
 784:Drivers/CMSIS/Include/core_cm7.h **** #define SCB_CCSIDR_WT_Msk                  (1UL << SCB_CCSIDR_WT_Pos)                     /*!< SCB 
 785:Drivers/CMSIS/Include/core_cm7.h **** 
 786:Drivers/CMSIS/Include/core_cm7.h **** #define SCB_CCSIDR_WB_Pos                  30U                                            /*!< SCB 
 787:Drivers/CMSIS/Include/core_cm7.h **** #define SCB_CCSIDR_WB_Msk                  (1UL << SCB_CCSIDR_WB_Pos)                     /*!< SCB 
 788:Drivers/CMSIS/Include/core_cm7.h **** 
 789:Drivers/CMSIS/Include/core_cm7.h **** #define SCB_CCSIDR_RA_Pos                  29U                                            /*!< SCB 
 790:Drivers/CMSIS/Include/core_cm7.h **** #define SCB_CCSIDR_RA_Msk                  (1UL << SCB_CCSIDR_RA_Pos)                     /*!< SCB 
 791:Drivers/CMSIS/Include/core_cm7.h **** 
 792:Drivers/CMSIS/Include/core_cm7.h **** #define SCB_CCSIDR_WA_Pos                  28U                                            /*!< SCB 
 793:Drivers/CMSIS/Include/core_cm7.h **** #define SCB_CCSIDR_WA_Msk                  (1UL << SCB_CCSIDR_WA_Pos)                     /*!< SCB 
 794:Drivers/CMSIS/Include/core_cm7.h **** 
 795:Drivers/CMSIS/Include/core_cm7.h **** #define SCB_CCSIDR_NUMSETS_Pos             13U                                            /*!< SCB 
 796:Drivers/CMSIS/Include/core_cm7.h **** #define SCB_CCSIDR_NUMSETS_Msk             (0x7FFFUL << SCB_CCSIDR_NUMSETS_Pos)           /*!< SCB 
 797:Drivers/CMSIS/Include/core_cm7.h **** 
 798:Drivers/CMSIS/Include/core_cm7.h **** #define SCB_CCSIDR_ASSOCIATIVITY_Pos        3U                                            /*!< SCB 
 799:Drivers/CMSIS/Include/core_cm7.h **** #define SCB_CCSIDR_ASSOCIATIVITY_Msk       (0x3FFUL << SCB_CCSIDR_ASSOCIATIVITY_Pos)      /*!< SCB 
 800:Drivers/CMSIS/Include/core_cm7.h **** 
 801:Drivers/CMSIS/Include/core_cm7.h **** #define SCB_CCSIDR_LINESIZE_Pos             0U                                            /*!< SCB 
 802:Drivers/CMSIS/Include/core_cm7.h **** #define SCB_CCSIDR_LINESIZE_Msk            (7UL /*<< SCB_CCSIDR_LINESIZE_Pos*/)           /*!< SCB 
 803:Drivers/CMSIS/Include/core_cm7.h **** 
 804:Drivers/CMSIS/Include/core_cm7.h **** /* SCB Cache Size Selection Register Definitions */
 805:Drivers/CMSIS/Include/core_cm7.h **** #define SCB_CSSELR_LEVEL_Pos                1U                                            /*!< SCB 
 806:Drivers/CMSIS/Include/core_cm7.h **** #define SCB_CSSELR_LEVEL_Msk               (7UL << SCB_CSSELR_LEVEL_Pos)                  /*!< SCB 
 807:Drivers/CMSIS/Include/core_cm7.h **** 
 808:Drivers/CMSIS/Include/core_cm7.h **** #define SCB_CSSELR_IND_Pos                  0U                                            /*!< SCB 
 809:Drivers/CMSIS/Include/core_cm7.h **** #define SCB_CSSELR_IND_Msk                 (1UL /*<< SCB_CSSELR_IND_Pos*/)                /*!< SCB 
 810:Drivers/CMSIS/Include/core_cm7.h **** 
 811:Drivers/CMSIS/Include/core_cm7.h **** /* SCB Software Triggered Interrupt Register Definitions */
 812:Drivers/CMSIS/Include/core_cm7.h **** #define SCB_STIR_INTID_Pos                  0U                                            /*!< SCB 
 813:Drivers/CMSIS/Include/core_cm7.h **** #define SCB_STIR_INTID_Msk                 (0x1FFUL /*<< SCB_STIR_INTID_Pos*/)            /*!< SCB 
 814:Drivers/CMSIS/Include/core_cm7.h **** 
 815:Drivers/CMSIS/Include/core_cm7.h **** /* SCB D-Cache Invalidate by Set-way Register Definitions */
ARM GAS  C:\Users\simon\AppData\Local\Temp\cceYPmWR.s 			page 45


 816:Drivers/CMSIS/Include/core_cm7.h **** #define SCB_DCISW_WAY_Pos                  30U                                            /*!< SCB 
 817:Drivers/CMSIS/Include/core_cm7.h **** #define SCB_DCISW_WAY_Msk                  (3UL << SCB_DCISW_WAY_Pos)                     /*!< SCB 
 818:Drivers/CMSIS/Include/core_cm7.h **** 
 819:Drivers/CMSIS/Include/core_cm7.h **** #define SCB_DCISW_SET_Pos                   5U                                            /*!< SCB 
 820:Drivers/CMSIS/Include/core_cm7.h **** #define SCB_DCISW_SET_Msk                  (0x1FFUL << SCB_DCISW_SET_Pos)                 /*!< SCB 
 821:Drivers/CMSIS/Include/core_cm7.h **** 
 822:Drivers/CMSIS/Include/core_cm7.h **** /* SCB D-Cache Clean by Set-way Register Definitions */
 823:Drivers/CMSIS/Include/core_cm7.h **** #define SCB_DCCSW_WAY_Pos                  30U                                            /*!< SCB 
 824:Drivers/CMSIS/Include/core_cm7.h **** #define SCB_DCCSW_WAY_Msk                  (3UL << SCB_DCCSW_WAY_Pos)                     /*!< SCB 
 825:Drivers/CMSIS/Include/core_cm7.h **** 
 826:Drivers/CMSIS/Include/core_cm7.h **** #define SCB_DCCSW_SET_Pos                   5U                                            /*!< SCB 
 827:Drivers/CMSIS/Include/core_cm7.h **** #define SCB_DCCSW_SET_Msk                  (0x1FFUL << SCB_DCCSW_SET_Pos)                 /*!< SCB 
 828:Drivers/CMSIS/Include/core_cm7.h **** 
 829:Drivers/CMSIS/Include/core_cm7.h **** /* SCB D-Cache Clean and Invalidate by Set-way Register Definitions */
 830:Drivers/CMSIS/Include/core_cm7.h **** #define SCB_DCCISW_WAY_Pos                 30U                                            /*!< SCB 
 831:Drivers/CMSIS/Include/core_cm7.h **** #define SCB_DCCISW_WAY_Msk                 (3UL << SCB_DCCISW_WAY_Pos)                    /*!< SCB 
 832:Drivers/CMSIS/Include/core_cm7.h **** 
 833:Drivers/CMSIS/Include/core_cm7.h **** #define SCB_DCCISW_SET_Pos                  5U                                            /*!< SCB 
 834:Drivers/CMSIS/Include/core_cm7.h **** #define SCB_DCCISW_SET_Msk                 (0x1FFUL << SCB_DCCISW_SET_Pos)                /*!< SCB 
 835:Drivers/CMSIS/Include/core_cm7.h **** 
 836:Drivers/CMSIS/Include/core_cm7.h **** /* Instruction Tightly-Coupled Memory Control Register Definitions */
 837:Drivers/CMSIS/Include/core_cm7.h **** #define SCB_ITCMCR_SZ_Pos                   3U                                            /*!< SCB 
 838:Drivers/CMSIS/Include/core_cm7.h **** #define SCB_ITCMCR_SZ_Msk                  (0xFUL << SCB_ITCMCR_SZ_Pos)                   /*!< SCB 
 839:Drivers/CMSIS/Include/core_cm7.h **** 
 840:Drivers/CMSIS/Include/core_cm7.h **** #define SCB_ITCMCR_RETEN_Pos                2U                                            /*!< SCB 
 841:Drivers/CMSIS/Include/core_cm7.h **** #define SCB_ITCMCR_RETEN_Msk               (1UL << SCB_ITCMCR_RETEN_Pos)                  /*!< SCB 
 842:Drivers/CMSIS/Include/core_cm7.h **** 
 843:Drivers/CMSIS/Include/core_cm7.h **** #define SCB_ITCMCR_RMW_Pos                  1U                                            /*!< SCB 
 844:Drivers/CMSIS/Include/core_cm7.h **** #define SCB_ITCMCR_RMW_Msk                 (1UL << SCB_ITCMCR_RMW_Pos)                    /*!< SCB 
 845:Drivers/CMSIS/Include/core_cm7.h **** 
 846:Drivers/CMSIS/Include/core_cm7.h **** #define SCB_ITCMCR_EN_Pos                   0U                                            /*!< SCB 
 847:Drivers/CMSIS/Include/core_cm7.h **** #define SCB_ITCMCR_EN_Msk                  (1UL /*<< SCB_ITCMCR_EN_Pos*/)                 /*!< SCB 
 848:Drivers/CMSIS/Include/core_cm7.h **** 
 849:Drivers/CMSIS/Include/core_cm7.h **** /* Data Tightly-Coupled Memory Control Register Definitions */
 850:Drivers/CMSIS/Include/core_cm7.h **** #define SCB_DTCMCR_SZ_Pos                   3U                                            /*!< SCB 
 851:Drivers/CMSIS/Include/core_cm7.h **** #define SCB_DTCMCR_SZ_Msk                  (0xFUL << SCB_DTCMCR_SZ_Pos)                   /*!< SCB 
 852:Drivers/CMSIS/Include/core_cm7.h **** 
 853:Drivers/CMSIS/Include/core_cm7.h **** #define SCB_DTCMCR_RETEN_Pos                2U                                            /*!< SCB 
 854:Drivers/CMSIS/Include/core_cm7.h **** #define SCB_DTCMCR_RETEN_Msk               (1UL << SCB_DTCMCR_RETEN_Pos)                   /*!< SCB
 855:Drivers/CMSIS/Include/core_cm7.h **** 
 856:Drivers/CMSIS/Include/core_cm7.h **** #define SCB_DTCMCR_RMW_Pos                  1U                                            /*!< SCB 
 857:Drivers/CMSIS/Include/core_cm7.h **** #define SCB_DTCMCR_RMW_Msk                 (1UL << SCB_DTCMCR_RMW_Pos)                    /*!< SCB 
 858:Drivers/CMSIS/Include/core_cm7.h **** 
 859:Drivers/CMSIS/Include/core_cm7.h **** #define SCB_DTCMCR_EN_Pos                   0U                                            /*!< SCB 
 860:Drivers/CMSIS/Include/core_cm7.h **** #define SCB_DTCMCR_EN_Msk                  (1UL /*<< SCB_DTCMCR_EN_Pos*/)                 /*!< SCB 
 861:Drivers/CMSIS/Include/core_cm7.h **** 
 862:Drivers/CMSIS/Include/core_cm7.h **** /* AHBP Control Register Definitions */
 863:Drivers/CMSIS/Include/core_cm7.h **** #define SCB_AHBPCR_SZ_Pos                   1U                                            /*!< SCB 
 864:Drivers/CMSIS/Include/core_cm7.h **** #define SCB_AHBPCR_SZ_Msk                  (7UL << SCB_AHBPCR_SZ_Pos)                     /*!< SCB 
 865:Drivers/CMSIS/Include/core_cm7.h **** 
 866:Drivers/CMSIS/Include/core_cm7.h **** #define SCB_AHBPCR_EN_Pos                   0U                                            /*!< SCB 
 867:Drivers/CMSIS/Include/core_cm7.h **** #define SCB_AHBPCR_EN_Msk                  (1UL /*<< SCB_AHBPCR_EN_Pos*/)                 /*!< SCB 
 868:Drivers/CMSIS/Include/core_cm7.h **** 
 869:Drivers/CMSIS/Include/core_cm7.h **** /* L1 Cache Control Register Definitions */
 870:Drivers/CMSIS/Include/core_cm7.h **** #define SCB_CACR_FORCEWT_Pos                2U                                            /*!< SCB 
 871:Drivers/CMSIS/Include/core_cm7.h **** #define SCB_CACR_FORCEWT_Msk               (1UL << SCB_CACR_FORCEWT_Pos)                  /*!< SCB 
 872:Drivers/CMSIS/Include/core_cm7.h **** 
ARM GAS  C:\Users\simon\AppData\Local\Temp\cceYPmWR.s 			page 46


 873:Drivers/CMSIS/Include/core_cm7.h **** #define SCB_CACR_ECCEN_Pos                  1U                                            /*!< SCB 
 874:Drivers/CMSIS/Include/core_cm7.h **** #define SCB_CACR_ECCEN_Msk                 (1UL << SCB_CACR_ECCEN_Pos)                    /*!< SCB 
 875:Drivers/CMSIS/Include/core_cm7.h **** 
 876:Drivers/CMSIS/Include/core_cm7.h **** #define SCB_CACR_SIWT_Pos                   0U                                            /*!< SCB 
 877:Drivers/CMSIS/Include/core_cm7.h **** #define SCB_CACR_SIWT_Msk                  (1UL /*<< SCB_CACR_SIWT_Pos*/)                 /*!< SCB 
 878:Drivers/CMSIS/Include/core_cm7.h **** 
 879:Drivers/CMSIS/Include/core_cm7.h **** /* AHBS Control Register Definitions */
 880:Drivers/CMSIS/Include/core_cm7.h **** #define SCB_AHBSCR_INITCOUNT_Pos           11U                                            /*!< SCB 
 881:Drivers/CMSIS/Include/core_cm7.h **** #define SCB_AHBSCR_INITCOUNT_Msk           (0x1FUL << SCB_AHBPCR_INITCOUNT_Pos)           /*!< SCB 
 882:Drivers/CMSIS/Include/core_cm7.h **** 
 883:Drivers/CMSIS/Include/core_cm7.h **** #define SCB_AHBSCR_TPRI_Pos                 2U                                            /*!< SCB 
 884:Drivers/CMSIS/Include/core_cm7.h **** #define SCB_AHBSCR_TPRI_Msk                (0x1FFUL << SCB_AHBPCR_TPRI_Pos)               /*!< SCB 
 885:Drivers/CMSIS/Include/core_cm7.h **** 
 886:Drivers/CMSIS/Include/core_cm7.h **** #define SCB_AHBSCR_CTL_Pos                  0U                                            /*!< SCB 
 887:Drivers/CMSIS/Include/core_cm7.h **** #define SCB_AHBSCR_CTL_Msk                 (3UL /*<< SCB_AHBPCR_CTL_Pos*/)                /*!< SCB 
 888:Drivers/CMSIS/Include/core_cm7.h **** 
 889:Drivers/CMSIS/Include/core_cm7.h **** /* Auxiliary Bus Fault Status Register Definitions */
 890:Drivers/CMSIS/Include/core_cm7.h **** #define SCB_ABFSR_AXIMTYPE_Pos              8U                                            /*!< SCB 
 891:Drivers/CMSIS/Include/core_cm7.h **** #define SCB_ABFSR_AXIMTYPE_Msk             (3UL << SCB_ABFSR_AXIMTYPE_Pos)                /*!< SCB 
 892:Drivers/CMSIS/Include/core_cm7.h **** 
 893:Drivers/CMSIS/Include/core_cm7.h **** #define SCB_ABFSR_EPPB_Pos                  4U                                            /*!< SCB 
 894:Drivers/CMSIS/Include/core_cm7.h **** #define SCB_ABFSR_EPPB_Msk                 (1UL << SCB_ABFSR_EPPB_Pos)                    /*!< SCB 
 895:Drivers/CMSIS/Include/core_cm7.h **** 
 896:Drivers/CMSIS/Include/core_cm7.h **** #define SCB_ABFSR_AXIM_Pos                  3U                                            /*!< SCB 
 897:Drivers/CMSIS/Include/core_cm7.h **** #define SCB_ABFSR_AXIM_Msk                 (1UL << SCB_ABFSR_AXIM_Pos)                    /*!< SCB 
 898:Drivers/CMSIS/Include/core_cm7.h **** 
 899:Drivers/CMSIS/Include/core_cm7.h **** #define SCB_ABFSR_AHBP_Pos                  2U                                            /*!< SCB 
 900:Drivers/CMSIS/Include/core_cm7.h **** #define SCB_ABFSR_AHBP_Msk                 (1UL << SCB_ABFSR_AHBP_Pos)                    /*!< SCB 
 901:Drivers/CMSIS/Include/core_cm7.h **** 
 902:Drivers/CMSIS/Include/core_cm7.h **** #define SCB_ABFSR_DTCM_Pos                  1U                                            /*!< SCB 
 903:Drivers/CMSIS/Include/core_cm7.h **** #define SCB_ABFSR_DTCM_Msk                 (1UL << SCB_ABFSR_DTCM_Pos)                    /*!< SCB 
 904:Drivers/CMSIS/Include/core_cm7.h **** 
 905:Drivers/CMSIS/Include/core_cm7.h **** #define SCB_ABFSR_ITCM_Pos                  0U                                            /*!< SCB 
 906:Drivers/CMSIS/Include/core_cm7.h **** #define SCB_ABFSR_ITCM_Msk                 (1UL /*<< SCB_ABFSR_ITCM_Pos*/)                /*!< SCB 
 907:Drivers/CMSIS/Include/core_cm7.h **** 
 908:Drivers/CMSIS/Include/core_cm7.h **** /*@} end of group CMSIS_SCB */
 909:Drivers/CMSIS/Include/core_cm7.h **** 
 910:Drivers/CMSIS/Include/core_cm7.h **** 
 911:Drivers/CMSIS/Include/core_cm7.h **** /**
 912:Drivers/CMSIS/Include/core_cm7.h ****   \ingroup  CMSIS_core_register
 913:Drivers/CMSIS/Include/core_cm7.h ****   \defgroup CMSIS_SCnSCB System Controls not in SCB (SCnSCB)
 914:Drivers/CMSIS/Include/core_cm7.h ****   \brief    Type definitions for the System Control and ID Register not in the SCB
 915:Drivers/CMSIS/Include/core_cm7.h ****   @{
 916:Drivers/CMSIS/Include/core_cm7.h ****  */
 917:Drivers/CMSIS/Include/core_cm7.h **** 
 918:Drivers/CMSIS/Include/core_cm7.h **** /**
 919:Drivers/CMSIS/Include/core_cm7.h ****   \brief  Structure type to access the System Control and ID Register not in the SCB.
 920:Drivers/CMSIS/Include/core_cm7.h ****  */
 921:Drivers/CMSIS/Include/core_cm7.h **** typedef struct
 922:Drivers/CMSIS/Include/core_cm7.h **** {
 923:Drivers/CMSIS/Include/core_cm7.h ****         uint32_t RESERVED0[1U];
 924:Drivers/CMSIS/Include/core_cm7.h ****   __IM  uint32_t ICTR;                   /*!< Offset: 0x004 (R/ )  Interrupt Controller Type Regist
 925:Drivers/CMSIS/Include/core_cm7.h ****   __IOM uint32_t ACTLR;                  /*!< Offset: 0x008 (R/W)  Auxiliary Control Register */
 926:Drivers/CMSIS/Include/core_cm7.h **** } SCnSCB_Type;
 927:Drivers/CMSIS/Include/core_cm7.h **** 
 928:Drivers/CMSIS/Include/core_cm7.h **** /* Interrupt Controller Type Register Definitions */
 929:Drivers/CMSIS/Include/core_cm7.h **** #define SCnSCB_ICTR_INTLINESNUM_Pos         0U                                         /*!< ICTR: I
ARM GAS  C:\Users\simon\AppData\Local\Temp\cceYPmWR.s 			page 47


 930:Drivers/CMSIS/Include/core_cm7.h **** #define SCnSCB_ICTR_INTLINESNUM_Msk        (0xFUL /*<< SCnSCB_ICTR_INTLINESNUM_Pos*/)  /*!< ICTR: I
 931:Drivers/CMSIS/Include/core_cm7.h **** 
 932:Drivers/CMSIS/Include/core_cm7.h **** /* Auxiliary Control Register Definitions */
 933:Drivers/CMSIS/Include/core_cm7.h **** #define SCnSCB_ACTLR_DISDYNADD_Pos         26U                                         /*!< ACTLR: 
 934:Drivers/CMSIS/Include/core_cm7.h **** #define SCnSCB_ACTLR_DISDYNADD_Msk         (1UL << SCnSCB_ACTLR_DISDYNADD_Pos)         /*!< ACTLR: 
 935:Drivers/CMSIS/Include/core_cm7.h **** 
 936:Drivers/CMSIS/Include/core_cm7.h **** #define SCnSCB_ACTLR_DISISSCH1_Pos         21U                                         /*!< ACTLR: 
 937:Drivers/CMSIS/Include/core_cm7.h **** #define SCnSCB_ACTLR_DISISSCH1_Msk         (0x1FUL << SCnSCB_ACTLR_DISISSCH1_Pos)      /*!< ACTLR: 
 938:Drivers/CMSIS/Include/core_cm7.h **** 
 939:Drivers/CMSIS/Include/core_cm7.h **** #define SCnSCB_ACTLR_DISDI_Pos             16U                                         /*!< ACTLR: 
 940:Drivers/CMSIS/Include/core_cm7.h **** #define SCnSCB_ACTLR_DISDI_Msk             (0x1FUL << SCnSCB_ACTLR_DISDI_Pos)          /*!< ACTLR: 
 941:Drivers/CMSIS/Include/core_cm7.h **** 
 942:Drivers/CMSIS/Include/core_cm7.h **** #define SCnSCB_ACTLR_DISCRITAXIRUR_Pos     15U                                         /*!< ACTLR: 
 943:Drivers/CMSIS/Include/core_cm7.h **** #define SCnSCB_ACTLR_DISCRITAXIRUR_Msk     (1UL << SCnSCB_ACTLR_DISCRITAXIRUR_Pos)     /*!< ACTLR: 
 944:Drivers/CMSIS/Include/core_cm7.h **** 
 945:Drivers/CMSIS/Include/core_cm7.h **** #define SCnSCB_ACTLR_DISBTACALLOC_Pos      14U                                         /*!< ACTLR: 
 946:Drivers/CMSIS/Include/core_cm7.h **** #define SCnSCB_ACTLR_DISBTACALLOC_Msk      (1UL << SCnSCB_ACTLR_DISBTACALLOC_Pos)      /*!< ACTLR: 
 947:Drivers/CMSIS/Include/core_cm7.h **** 
 948:Drivers/CMSIS/Include/core_cm7.h **** #define SCnSCB_ACTLR_DISBTACREAD_Pos       13U                                         /*!< ACTLR: 
 949:Drivers/CMSIS/Include/core_cm7.h **** #define SCnSCB_ACTLR_DISBTACREAD_Msk       (1UL << SCnSCB_ACTLR_DISBTACREAD_Pos)       /*!< ACTLR: 
 950:Drivers/CMSIS/Include/core_cm7.h **** 
 951:Drivers/CMSIS/Include/core_cm7.h **** #define SCnSCB_ACTLR_DISITMATBFLUSH_Pos    12U                                         /*!< ACTLR: 
 952:Drivers/CMSIS/Include/core_cm7.h **** #define SCnSCB_ACTLR_DISITMATBFLUSH_Msk    (1UL << SCnSCB_ACTLR_DISITMATBFLUSH_Pos)    /*!< ACTLR: 
 953:Drivers/CMSIS/Include/core_cm7.h **** 
 954:Drivers/CMSIS/Include/core_cm7.h **** #define SCnSCB_ACTLR_DISRAMODE_Pos         11U                                         /*!< ACTLR: 
 955:Drivers/CMSIS/Include/core_cm7.h **** #define SCnSCB_ACTLR_DISRAMODE_Msk         (1UL << SCnSCB_ACTLR_DISRAMODE_Pos)         /*!< ACTLR: 
 956:Drivers/CMSIS/Include/core_cm7.h **** 
 957:Drivers/CMSIS/Include/core_cm7.h **** #define SCnSCB_ACTLR_FPEXCODIS_Pos         10U                                         /*!< ACTLR: 
 958:Drivers/CMSIS/Include/core_cm7.h **** #define SCnSCB_ACTLR_FPEXCODIS_Msk         (1UL << SCnSCB_ACTLR_FPEXCODIS_Pos)         /*!< ACTLR: 
 959:Drivers/CMSIS/Include/core_cm7.h **** 
 960:Drivers/CMSIS/Include/core_cm7.h **** #define SCnSCB_ACTLR_DISFOLD_Pos            2U                                         /*!< ACTLR: 
 961:Drivers/CMSIS/Include/core_cm7.h **** #define SCnSCB_ACTLR_DISFOLD_Msk           (1UL << SCnSCB_ACTLR_DISFOLD_Pos)           /*!< ACTLR: 
 962:Drivers/CMSIS/Include/core_cm7.h **** 
 963:Drivers/CMSIS/Include/core_cm7.h **** #define SCnSCB_ACTLR_DISMCYCINT_Pos         0U                                         /*!< ACTLR: 
 964:Drivers/CMSIS/Include/core_cm7.h **** #define SCnSCB_ACTLR_DISMCYCINT_Msk        (1UL /*<< SCnSCB_ACTLR_DISMCYCINT_Pos*/)    /*!< ACTLR: 
 965:Drivers/CMSIS/Include/core_cm7.h **** 
 966:Drivers/CMSIS/Include/core_cm7.h **** /*@} end of group CMSIS_SCnotSCB */
 967:Drivers/CMSIS/Include/core_cm7.h **** 
 968:Drivers/CMSIS/Include/core_cm7.h **** 
 969:Drivers/CMSIS/Include/core_cm7.h **** /**
 970:Drivers/CMSIS/Include/core_cm7.h ****   \ingroup  CMSIS_core_register
 971:Drivers/CMSIS/Include/core_cm7.h ****   \defgroup CMSIS_SysTick     System Tick Timer (SysTick)
 972:Drivers/CMSIS/Include/core_cm7.h ****   \brief    Type definitions for the System Timer Registers.
 973:Drivers/CMSIS/Include/core_cm7.h ****   @{
 974:Drivers/CMSIS/Include/core_cm7.h ****  */
 975:Drivers/CMSIS/Include/core_cm7.h **** 
 976:Drivers/CMSIS/Include/core_cm7.h **** /**
 977:Drivers/CMSIS/Include/core_cm7.h ****   \brief  Structure type to access the System Timer (SysTick).
 978:Drivers/CMSIS/Include/core_cm7.h ****  */
 979:Drivers/CMSIS/Include/core_cm7.h **** typedef struct
 980:Drivers/CMSIS/Include/core_cm7.h **** {
 981:Drivers/CMSIS/Include/core_cm7.h ****   __IOM uint32_t CTRL;                   /*!< Offset: 0x000 (R/W)  SysTick Control and Status Regis
 982:Drivers/CMSIS/Include/core_cm7.h ****   __IOM uint32_t LOAD;                   /*!< Offset: 0x004 (R/W)  SysTick Reload Value Register */
 983:Drivers/CMSIS/Include/core_cm7.h ****   __IOM uint32_t VAL;                    /*!< Offset: 0x008 (R/W)  SysTick Current Value Register *
 984:Drivers/CMSIS/Include/core_cm7.h ****   __IM  uint32_t CALIB;                  /*!< Offset: 0x00C (R/ )  SysTick Calibration Register */
 985:Drivers/CMSIS/Include/core_cm7.h **** } SysTick_Type;
 986:Drivers/CMSIS/Include/core_cm7.h **** 
ARM GAS  C:\Users\simon\AppData\Local\Temp\cceYPmWR.s 			page 48


 987:Drivers/CMSIS/Include/core_cm7.h **** /* SysTick Control / Status Register Definitions */
 988:Drivers/CMSIS/Include/core_cm7.h **** #define SysTick_CTRL_COUNTFLAG_Pos         16U                                            /*!< SysT
 989:Drivers/CMSIS/Include/core_cm7.h **** #define SysTick_CTRL_COUNTFLAG_Msk         (1UL << SysTick_CTRL_COUNTFLAG_Pos)            /*!< SysT
 990:Drivers/CMSIS/Include/core_cm7.h **** 
 991:Drivers/CMSIS/Include/core_cm7.h **** #define SysTick_CTRL_CLKSOURCE_Pos          2U                                            /*!< SysT
 992:Drivers/CMSIS/Include/core_cm7.h **** #define SysTick_CTRL_CLKSOURCE_Msk         (1UL << SysTick_CTRL_CLKSOURCE_Pos)            /*!< SysT
 993:Drivers/CMSIS/Include/core_cm7.h **** 
 994:Drivers/CMSIS/Include/core_cm7.h **** #define SysTick_CTRL_TICKINT_Pos            1U                                            /*!< SysT
 995:Drivers/CMSIS/Include/core_cm7.h **** #define SysTick_CTRL_TICKINT_Msk           (1UL << SysTick_CTRL_TICKINT_Pos)              /*!< SysT
 996:Drivers/CMSIS/Include/core_cm7.h **** 
 997:Drivers/CMSIS/Include/core_cm7.h **** #define SysTick_CTRL_ENABLE_Pos             0U                                            /*!< SysT
 998:Drivers/CMSIS/Include/core_cm7.h **** #define SysTick_CTRL_ENABLE_Msk            (1UL /*<< SysTick_CTRL_ENABLE_Pos*/)           /*!< SysT
 999:Drivers/CMSIS/Include/core_cm7.h **** 
1000:Drivers/CMSIS/Include/core_cm7.h **** /* SysTick Reload Register Definitions */
1001:Drivers/CMSIS/Include/core_cm7.h **** #define SysTick_LOAD_RELOAD_Pos             0U                                            /*!< SysT
1002:Drivers/CMSIS/Include/core_cm7.h **** #define SysTick_LOAD_RELOAD_Msk            (0xFFFFFFUL /*<< SysTick_LOAD_RELOAD_Pos*/)    /*!< SysT
1003:Drivers/CMSIS/Include/core_cm7.h **** 
1004:Drivers/CMSIS/Include/core_cm7.h **** /* SysTick Current Register Definitions */
1005:Drivers/CMSIS/Include/core_cm7.h **** #define SysTick_VAL_CURRENT_Pos             0U                                            /*!< SysT
1006:Drivers/CMSIS/Include/core_cm7.h **** #define SysTick_VAL_CURRENT_Msk            (0xFFFFFFUL /*<< SysTick_VAL_CURRENT_Pos*/)    /*!< SysT
1007:Drivers/CMSIS/Include/core_cm7.h **** 
1008:Drivers/CMSIS/Include/core_cm7.h **** /* SysTick Calibration Register Definitions */
1009:Drivers/CMSIS/Include/core_cm7.h **** #define SysTick_CALIB_NOREF_Pos            31U                                            /*!< SysT
1010:Drivers/CMSIS/Include/core_cm7.h **** #define SysTick_CALIB_NOREF_Msk            (1UL << SysTick_CALIB_NOREF_Pos)               /*!< SysT
1011:Drivers/CMSIS/Include/core_cm7.h **** 
1012:Drivers/CMSIS/Include/core_cm7.h **** #define SysTick_CALIB_SKEW_Pos             30U                                            /*!< SysT
1013:Drivers/CMSIS/Include/core_cm7.h **** #define SysTick_CALIB_SKEW_Msk             (1UL << SysTick_CALIB_SKEW_Pos)                /*!< SysT
1014:Drivers/CMSIS/Include/core_cm7.h **** 
1015:Drivers/CMSIS/Include/core_cm7.h **** #define SysTick_CALIB_TENMS_Pos             0U                                            /*!< SysT
1016:Drivers/CMSIS/Include/core_cm7.h **** #define SysTick_CALIB_TENMS_Msk            (0xFFFFFFUL /*<< SysTick_CALIB_TENMS_Pos*/)    /*!< SysT
1017:Drivers/CMSIS/Include/core_cm7.h **** 
1018:Drivers/CMSIS/Include/core_cm7.h **** /*@} end of group CMSIS_SysTick */
1019:Drivers/CMSIS/Include/core_cm7.h **** 
1020:Drivers/CMSIS/Include/core_cm7.h **** 
1021:Drivers/CMSIS/Include/core_cm7.h **** /**
1022:Drivers/CMSIS/Include/core_cm7.h ****   \ingroup  CMSIS_core_register
1023:Drivers/CMSIS/Include/core_cm7.h ****   \defgroup CMSIS_ITM     Instrumentation Trace Macrocell (ITM)
1024:Drivers/CMSIS/Include/core_cm7.h ****   \brief    Type definitions for the Instrumentation Trace Macrocell (ITM)
1025:Drivers/CMSIS/Include/core_cm7.h ****   @{
1026:Drivers/CMSIS/Include/core_cm7.h ****  */
1027:Drivers/CMSIS/Include/core_cm7.h **** 
1028:Drivers/CMSIS/Include/core_cm7.h **** /**
1029:Drivers/CMSIS/Include/core_cm7.h ****   \brief  Structure type to access the Instrumentation Trace Macrocell Register (ITM).
1030:Drivers/CMSIS/Include/core_cm7.h ****  */
1031:Drivers/CMSIS/Include/core_cm7.h **** typedef struct
1032:Drivers/CMSIS/Include/core_cm7.h **** {
1033:Drivers/CMSIS/Include/core_cm7.h ****   __OM  union
1034:Drivers/CMSIS/Include/core_cm7.h ****   {
1035:Drivers/CMSIS/Include/core_cm7.h ****     __OM  uint8_t    u8;                 /*!< Offset: 0x000 ( /W)  ITM Stimulus Port 8-bit */
1036:Drivers/CMSIS/Include/core_cm7.h ****     __OM  uint16_t   u16;                /*!< Offset: 0x000 ( /W)  ITM Stimulus Port 16-bit */
1037:Drivers/CMSIS/Include/core_cm7.h ****     __OM  uint32_t   u32;                /*!< Offset: 0x000 ( /W)  ITM Stimulus Port 32-bit */
1038:Drivers/CMSIS/Include/core_cm7.h ****   }  PORT [32U];                         /*!< Offset: 0x000 ( /W)  ITM Stimulus Port Registers */
1039:Drivers/CMSIS/Include/core_cm7.h ****         uint32_t RESERVED0[864U];
1040:Drivers/CMSIS/Include/core_cm7.h ****   __IOM uint32_t TER;                    /*!< Offset: 0xE00 (R/W)  ITM Trace Enable Register */
1041:Drivers/CMSIS/Include/core_cm7.h ****         uint32_t RESERVED1[15U];
1042:Drivers/CMSIS/Include/core_cm7.h ****   __IOM uint32_t TPR;                    /*!< Offset: 0xE40 (R/W)  ITM Trace Privilege Register */
1043:Drivers/CMSIS/Include/core_cm7.h ****         uint32_t RESERVED2[15U];
ARM GAS  C:\Users\simon\AppData\Local\Temp\cceYPmWR.s 			page 49


1044:Drivers/CMSIS/Include/core_cm7.h ****   __IOM uint32_t TCR;                    /*!< Offset: 0xE80 (R/W)  ITM Trace Control Register */
1045:Drivers/CMSIS/Include/core_cm7.h ****         uint32_t RESERVED3[32U];
1046:Drivers/CMSIS/Include/core_cm7.h ****         uint32_t RESERVED4[43U];
1047:Drivers/CMSIS/Include/core_cm7.h ****   __OM  uint32_t LAR;                    /*!< Offset: 0xFB0 ( /W)  ITM Lock Access Register */
1048:Drivers/CMSIS/Include/core_cm7.h ****   __IM  uint32_t LSR;                    /*!< Offset: 0xFB4 (R/ )  ITM Lock Status Register */
1049:Drivers/CMSIS/Include/core_cm7.h ****         uint32_t RESERVED5[6U];
1050:Drivers/CMSIS/Include/core_cm7.h ****   __IM  uint32_t PID4;                   /*!< Offset: 0xFD0 (R/ )  ITM Peripheral Identification Re
1051:Drivers/CMSIS/Include/core_cm7.h ****   __IM  uint32_t PID5;                   /*!< Offset: 0xFD4 (R/ )  ITM Peripheral Identification Re
1052:Drivers/CMSIS/Include/core_cm7.h ****   __IM  uint32_t PID6;                   /*!< Offset: 0xFD8 (R/ )  ITM Peripheral Identification Re
1053:Drivers/CMSIS/Include/core_cm7.h ****   __IM  uint32_t PID7;                   /*!< Offset: 0xFDC (R/ )  ITM Peripheral Identification Re
1054:Drivers/CMSIS/Include/core_cm7.h ****   __IM  uint32_t PID0;                   /*!< Offset: 0xFE0 (R/ )  ITM Peripheral Identification Re
1055:Drivers/CMSIS/Include/core_cm7.h ****   __IM  uint32_t PID1;                   /*!< Offset: 0xFE4 (R/ )  ITM Peripheral Identification Re
1056:Drivers/CMSIS/Include/core_cm7.h ****   __IM  uint32_t PID2;                   /*!< Offset: 0xFE8 (R/ )  ITM Peripheral Identification Re
1057:Drivers/CMSIS/Include/core_cm7.h ****   __IM  uint32_t PID3;                   /*!< Offset: 0xFEC (R/ )  ITM Peripheral Identification Re
1058:Drivers/CMSIS/Include/core_cm7.h ****   __IM  uint32_t CID0;                   /*!< Offset: 0xFF0 (R/ )  ITM Component  Identification Re
1059:Drivers/CMSIS/Include/core_cm7.h ****   __IM  uint32_t CID1;                   /*!< Offset: 0xFF4 (R/ )  ITM Component  Identification Re
1060:Drivers/CMSIS/Include/core_cm7.h ****   __IM  uint32_t CID2;                   /*!< Offset: 0xFF8 (R/ )  ITM Component  Identification Re
1061:Drivers/CMSIS/Include/core_cm7.h ****   __IM  uint32_t CID3;                   /*!< Offset: 0xFFC (R/ )  ITM Component  Identification Re
1062:Drivers/CMSIS/Include/core_cm7.h **** } ITM_Type;
1063:Drivers/CMSIS/Include/core_cm7.h **** 
1064:Drivers/CMSIS/Include/core_cm7.h **** /* ITM Trace Privilege Register Definitions */
1065:Drivers/CMSIS/Include/core_cm7.h **** #define ITM_TPR_PRIVMASK_Pos                0U                                            /*!< ITM 
1066:Drivers/CMSIS/Include/core_cm7.h **** #define ITM_TPR_PRIVMASK_Msk               (0xFFFFFFFFUL /*<< ITM_TPR_PRIVMASK_Pos*/)     /*!< ITM 
1067:Drivers/CMSIS/Include/core_cm7.h **** 
1068:Drivers/CMSIS/Include/core_cm7.h **** /* ITM Trace Control Register Definitions */
1069:Drivers/CMSIS/Include/core_cm7.h **** #define ITM_TCR_BUSY_Pos                   23U                                            /*!< ITM 
1070:Drivers/CMSIS/Include/core_cm7.h **** #define ITM_TCR_BUSY_Msk                   (1UL << ITM_TCR_BUSY_Pos)                      /*!< ITM 
1071:Drivers/CMSIS/Include/core_cm7.h **** 
1072:Drivers/CMSIS/Include/core_cm7.h **** #define ITM_TCR_TraceBusID_Pos             16U                                            /*!< ITM 
1073:Drivers/CMSIS/Include/core_cm7.h **** #define ITM_TCR_TraceBusID_Msk             (0x7FUL << ITM_TCR_TraceBusID_Pos)             /*!< ITM 
1074:Drivers/CMSIS/Include/core_cm7.h **** 
1075:Drivers/CMSIS/Include/core_cm7.h **** #define ITM_TCR_GTSFREQ_Pos                10U                                            /*!< ITM 
1076:Drivers/CMSIS/Include/core_cm7.h **** #define ITM_TCR_GTSFREQ_Msk                (3UL << ITM_TCR_GTSFREQ_Pos)                   /*!< ITM 
1077:Drivers/CMSIS/Include/core_cm7.h **** 
1078:Drivers/CMSIS/Include/core_cm7.h **** #define ITM_TCR_TSPrescale_Pos              8U                                            /*!< ITM 
1079:Drivers/CMSIS/Include/core_cm7.h **** #define ITM_TCR_TSPrescale_Msk             (3UL << ITM_TCR_TSPrescale_Pos)                /*!< ITM 
1080:Drivers/CMSIS/Include/core_cm7.h **** 
1081:Drivers/CMSIS/Include/core_cm7.h **** #define ITM_TCR_SWOENA_Pos                  4U                                            /*!< ITM 
1082:Drivers/CMSIS/Include/core_cm7.h **** #define ITM_TCR_SWOENA_Msk                 (1UL << ITM_TCR_SWOENA_Pos)                    /*!< ITM 
1083:Drivers/CMSIS/Include/core_cm7.h **** 
1084:Drivers/CMSIS/Include/core_cm7.h **** #define ITM_TCR_DWTENA_Pos                  3U                                            /*!< ITM 
1085:Drivers/CMSIS/Include/core_cm7.h **** #define ITM_TCR_DWTENA_Msk                 (1UL << ITM_TCR_DWTENA_Pos)                    /*!< ITM 
1086:Drivers/CMSIS/Include/core_cm7.h **** 
1087:Drivers/CMSIS/Include/core_cm7.h **** #define ITM_TCR_SYNCENA_Pos                 2U                                            /*!< ITM 
1088:Drivers/CMSIS/Include/core_cm7.h **** #define ITM_TCR_SYNCENA_Msk                (1UL << ITM_TCR_SYNCENA_Pos)                   /*!< ITM 
1089:Drivers/CMSIS/Include/core_cm7.h **** 
1090:Drivers/CMSIS/Include/core_cm7.h **** #define ITM_TCR_TSENA_Pos                   1U                                            /*!< ITM 
1091:Drivers/CMSIS/Include/core_cm7.h **** #define ITM_TCR_TSENA_Msk                  (1UL << ITM_TCR_TSENA_Pos)                     /*!< ITM 
1092:Drivers/CMSIS/Include/core_cm7.h **** 
1093:Drivers/CMSIS/Include/core_cm7.h **** #define ITM_TCR_ITMENA_Pos                  0U                                            /*!< ITM 
1094:Drivers/CMSIS/Include/core_cm7.h **** #define ITM_TCR_ITMENA_Msk                 (1UL /*<< ITM_TCR_ITMENA_Pos*/)                /*!< ITM 
1095:Drivers/CMSIS/Include/core_cm7.h **** 
1096:Drivers/CMSIS/Include/core_cm7.h **** /* ITM Lock Status Register Definitions */
1097:Drivers/CMSIS/Include/core_cm7.h **** #define ITM_LSR_ByteAcc_Pos                 2U                                            /*!< ITM 
1098:Drivers/CMSIS/Include/core_cm7.h **** #define ITM_LSR_ByteAcc_Msk                (1UL << ITM_LSR_ByteAcc_Pos)                   /*!< ITM 
1099:Drivers/CMSIS/Include/core_cm7.h **** 
1100:Drivers/CMSIS/Include/core_cm7.h **** #define ITM_LSR_Access_Pos                  1U                                            /*!< ITM 
ARM GAS  C:\Users\simon\AppData\Local\Temp\cceYPmWR.s 			page 50


1101:Drivers/CMSIS/Include/core_cm7.h **** #define ITM_LSR_Access_Msk                 (1UL << ITM_LSR_Access_Pos)                    /*!< ITM 
1102:Drivers/CMSIS/Include/core_cm7.h **** 
1103:Drivers/CMSIS/Include/core_cm7.h **** #define ITM_LSR_Present_Pos                 0U                                            /*!< ITM 
1104:Drivers/CMSIS/Include/core_cm7.h **** #define ITM_LSR_Present_Msk                (1UL /*<< ITM_LSR_Present_Pos*/)               /*!< ITM 
1105:Drivers/CMSIS/Include/core_cm7.h **** 
1106:Drivers/CMSIS/Include/core_cm7.h **** /*@}*/ /* end of group CMSIS_ITM */
1107:Drivers/CMSIS/Include/core_cm7.h **** 
1108:Drivers/CMSIS/Include/core_cm7.h **** 
1109:Drivers/CMSIS/Include/core_cm7.h **** /**
1110:Drivers/CMSIS/Include/core_cm7.h ****   \ingroup  CMSIS_core_register
1111:Drivers/CMSIS/Include/core_cm7.h ****   \defgroup CMSIS_DWT     Data Watchpoint and Trace (DWT)
1112:Drivers/CMSIS/Include/core_cm7.h ****   \brief    Type definitions for the Data Watchpoint and Trace (DWT)
1113:Drivers/CMSIS/Include/core_cm7.h ****   @{
1114:Drivers/CMSIS/Include/core_cm7.h ****  */
1115:Drivers/CMSIS/Include/core_cm7.h **** 
1116:Drivers/CMSIS/Include/core_cm7.h **** /**
1117:Drivers/CMSIS/Include/core_cm7.h ****   \brief  Structure type to access the Data Watchpoint and Trace Register (DWT).
1118:Drivers/CMSIS/Include/core_cm7.h ****  */
1119:Drivers/CMSIS/Include/core_cm7.h **** typedef struct
1120:Drivers/CMSIS/Include/core_cm7.h **** {
1121:Drivers/CMSIS/Include/core_cm7.h ****   __IOM uint32_t CTRL;                   /*!< Offset: 0x000 (R/W)  Control Register */
1122:Drivers/CMSIS/Include/core_cm7.h ****   __IOM uint32_t CYCCNT;                 /*!< Offset: 0x004 (R/W)  Cycle Count Register */
1123:Drivers/CMSIS/Include/core_cm7.h ****   __IOM uint32_t CPICNT;                 /*!< Offset: 0x008 (R/W)  CPI Count Register */
1124:Drivers/CMSIS/Include/core_cm7.h ****   __IOM uint32_t EXCCNT;                 /*!< Offset: 0x00C (R/W)  Exception Overhead Count Registe
1125:Drivers/CMSIS/Include/core_cm7.h ****   __IOM uint32_t SLEEPCNT;               /*!< Offset: 0x010 (R/W)  Sleep Count Register */
1126:Drivers/CMSIS/Include/core_cm7.h ****   __IOM uint32_t LSUCNT;                 /*!< Offset: 0x014 (R/W)  LSU Count Register */
1127:Drivers/CMSIS/Include/core_cm7.h ****   __IOM uint32_t FOLDCNT;                /*!< Offset: 0x018 (R/W)  Folded-instruction Count Registe
1128:Drivers/CMSIS/Include/core_cm7.h ****   __IM  uint32_t PCSR;                   /*!< Offset: 0x01C (R/ )  Program Counter Sample Register 
1129:Drivers/CMSIS/Include/core_cm7.h ****   __IOM uint32_t COMP0;                  /*!< Offset: 0x020 (R/W)  Comparator Register 0 */
1130:Drivers/CMSIS/Include/core_cm7.h ****   __IOM uint32_t MASK0;                  /*!< Offset: 0x024 (R/W)  Mask Register 0 */
1131:Drivers/CMSIS/Include/core_cm7.h ****   __IOM uint32_t FUNCTION0;              /*!< Offset: 0x028 (R/W)  Function Register 0 */
1132:Drivers/CMSIS/Include/core_cm7.h ****         uint32_t RESERVED0[1U];
1133:Drivers/CMSIS/Include/core_cm7.h ****   __IOM uint32_t COMP1;                  /*!< Offset: 0x030 (R/W)  Comparator Register 1 */
1134:Drivers/CMSIS/Include/core_cm7.h ****   __IOM uint32_t MASK1;                  /*!< Offset: 0x034 (R/W)  Mask Register 1 */
1135:Drivers/CMSIS/Include/core_cm7.h ****   __IOM uint32_t FUNCTION1;              /*!< Offset: 0x038 (R/W)  Function Register 1 */
1136:Drivers/CMSIS/Include/core_cm7.h ****         uint32_t RESERVED1[1U];
1137:Drivers/CMSIS/Include/core_cm7.h ****   __IOM uint32_t COMP2;                  /*!< Offset: 0x040 (R/W)  Comparator Register 2 */
1138:Drivers/CMSIS/Include/core_cm7.h ****   __IOM uint32_t MASK2;                  /*!< Offset: 0x044 (R/W)  Mask Register 2 */
1139:Drivers/CMSIS/Include/core_cm7.h ****   __IOM uint32_t FUNCTION2;              /*!< Offset: 0x048 (R/W)  Function Register 2 */
1140:Drivers/CMSIS/Include/core_cm7.h ****         uint32_t RESERVED2[1U];
1141:Drivers/CMSIS/Include/core_cm7.h ****   __IOM uint32_t COMP3;                  /*!< Offset: 0x050 (R/W)  Comparator Register 3 */
1142:Drivers/CMSIS/Include/core_cm7.h ****   __IOM uint32_t MASK3;                  /*!< Offset: 0x054 (R/W)  Mask Register 3 */
1143:Drivers/CMSIS/Include/core_cm7.h ****   __IOM uint32_t FUNCTION3;              /*!< Offset: 0x058 (R/W)  Function Register 3 */
1144:Drivers/CMSIS/Include/core_cm7.h ****         uint32_t RESERVED3[981U];
1145:Drivers/CMSIS/Include/core_cm7.h ****   __OM  uint32_t LAR;                    /*!< Offset: 0xFB0 (  W)  Lock Access Register */
1146:Drivers/CMSIS/Include/core_cm7.h ****   __IM  uint32_t LSR;                    /*!< Offset: 0xFB4 (R  )  Lock Status Register */
1147:Drivers/CMSIS/Include/core_cm7.h **** } DWT_Type;
1148:Drivers/CMSIS/Include/core_cm7.h **** 
1149:Drivers/CMSIS/Include/core_cm7.h **** /* DWT Control Register Definitions */
1150:Drivers/CMSIS/Include/core_cm7.h **** #define DWT_CTRL_NUMCOMP_Pos               28U                                         /*!< DWT CTR
1151:Drivers/CMSIS/Include/core_cm7.h **** #define DWT_CTRL_NUMCOMP_Msk               (0xFUL << DWT_CTRL_NUMCOMP_Pos)             /*!< DWT CTR
1152:Drivers/CMSIS/Include/core_cm7.h **** 
1153:Drivers/CMSIS/Include/core_cm7.h **** #define DWT_CTRL_NOTRCPKT_Pos              27U                                         /*!< DWT CTR
1154:Drivers/CMSIS/Include/core_cm7.h **** #define DWT_CTRL_NOTRCPKT_Msk              (0x1UL << DWT_CTRL_NOTRCPKT_Pos)            /*!< DWT CTR
1155:Drivers/CMSIS/Include/core_cm7.h **** 
1156:Drivers/CMSIS/Include/core_cm7.h **** #define DWT_CTRL_NOEXTTRIG_Pos             26U                                         /*!< DWT CTR
1157:Drivers/CMSIS/Include/core_cm7.h **** #define DWT_CTRL_NOEXTTRIG_Msk             (0x1UL << DWT_CTRL_NOEXTTRIG_Pos)           /*!< DWT CTR
ARM GAS  C:\Users\simon\AppData\Local\Temp\cceYPmWR.s 			page 51


1158:Drivers/CMSIS/Include/core_cm7.h **** 
1159:Drivers/CMSIS/Include/core_cm7.h **** #define DWT_CTRL_NOCYCCNT_Pos              25U                                         /*!< DWT CTR
1160:Drivers/CMSIS/Include/core_cm7.h **** #define DWT_CTRL_NOCYCCNT_Msk              (0x1UL << DWT_CTRL_NOCYCCNT_Pos)            /*!< DWT CTR
1161:Drivers/CMSIS/Include/core_cm7.h **** 
1162:Drivers/CMSIS/Include/core_cm7.h **** #define DWT_CTRL_NOPRFCNT_Pos              24U                                         /*!< DWT CTR
1163:Drivers/CMSIS/Include/core_cm7.h **** #define DWT_CTRL_NOPRFCNT_Msk              (0x1UL << DWT_CTRL_NOPRFCNT_Pos)            /*!< DWT CTR
1164:Drivers/CMSIS/Include/core_cm7.h **** 
1165:Drivers/CMSIS/Include/core_cm7.h **** #define DWT_CTRL_CYCEVTENA_Pos             22U                                         /*!< DWT CTR
1166:Drivers/CMSIS/Include/core_cm7.h **** #define DWT_CTRL_CYCEVTENA_Msk             (0x1UL << DWT_CTRL_CYCEVTENA_Pos)           /*!< DWT CTR
1167:Drivers/CMSIS/Include/core_cm7.h **** 
1168:Drivers/CMSIS/Include/core_cm7.h **** #define DWT_CTRL_FOLDEVTENA_Pos            21U                                         /*!< DWT CTR
1169:Drivers/CMSIS/Include/core_cm7.h **** #define DWT_CTRL_FOLDEVTENA_Msk            (0x1UL << DWT_CTRL_FOLDEVTENA_Pos)          /*!< DWT CTR
1170:Drivers/CMSIS/Include/core_cm7.h **** 
1171:Drivers/CMSIS/Include/core_cm7.h **** #define DWT_CTRL_LSUEVTENA_Pos             20U                                         /*!< DWT CTR
1172:Drivers/CMSIS/Include/core_cm7.h **** #define DWT_CTRL_LSUEVTENA_Msk             (0x1UL << DWT_CTRL_LSUEVTENA_Pos)           /*!< DWT CTR
1173:Drivers/CMSIS/Include/core_cm7.h **** 
1174:Drivers/CMSIS/Include/core_cm7.h **** #define DWT_CTRL_SLEEPEVTENA_Pos           19U                                         /*!< DWT CTR
1175:Drivers/CMSIS/Include/core_cm7.h **** #define DWT_CTRL_SLEEPEVTENA_Msk           (0x1UL << DWT_CTRL_SLEEPEVTENA_Pos)         /*!< DWT CTR
1176:Drivers/CMSIS/Include/core_cm7.h **** 
1177:Drivers/CMSIS/Include/core_cm7.h **** #define DWT_CTRL_EXCEVTENA_Pos             18U                                         /*!< DWT CTR
1178:Drivers/CMSIS/Include/core_cm7.h **** #define DWT_CTRL_EXCEVTENA_Msk             (0x1UL << DWT_CTRL_EXCEVTENA_Pos)           /*!< DWT CTR
1179:Drivers/CMSIS/Include/core_cm7.h **** 
1180:Drivers/CMSIS/Include/core_cm7.h **** #define DWT_CTRL_CPIEVTENA_Pos             17U                                         /*!< DWT CTR
1181:Drivers/CMSIS/Include/core_cm7.h **** #define DWT_CTRL_CPIEVTENA_Msk             (0x1UL << DWT_CTRL_CPIEVTENA_Pos)           /*!< DWT CTR
1182:Drivers/CMSIS/Include/core_cm7.h **** 
1183:Drivers/CMSIS/Include/core_cm7.h **** #define DWT_CTRL_EXCTRCENA_Pos             16U                                         /*!< DWT CTR
1184:Drivers/CMSIS/Include/core_cm7.h **** #define DWT_CTRL_EXCTRCENA_Msk             (0x1UL << DWT_CTRL_EXCTRCENA_Pos)           /*!< DWT CTR
1185:Drivers/CMSIS/Include/core_cm7.h **** 
1186:Drivers/CMSIS/Include/core_cm7.h **** #define DWT_CTRL_PCSAMPLENA_Pos            12U                                         /*!< DWT CTR
1187:Drivers/CMSIS/Include/core_cm7.h **** #define DWT_CTRL_PCSAMPLENA_Msk            (0x1UL << DWT_CTRL_PCSAMPLENA_Pos)          /*!< DWT CTR
1188:Drivers/CMSIS/Include/core_cm7.h **** 
1189:Drivers/CMSIS/Include/core_cm7.h **** #define DWT_CTRL_SYNCTAP_Pos               10U                                         /*!< DWT CTR
1190:Drivers/CMSIS/Include/core_cm7.h **** #define DWT_CTRL_SYNCTAP_Msk               (0x3UL << DWT_CTRL_SYNCTAP_Pos)             /*!< DWT CTR
1191:Drivers/CMSIS/Include/core_cm7.h **** 
1192:Drivers/CMSIS/Include/core_cm7.h **** #define DWT_CTRL_CYCTAP_Pos                 9U                                         /*!< DWT CTR
1193:Drivers/CMSIS/Include/core_cm7.h **** #define DWT_CTRL_CYCTAP_Msk                (0x1UL << DWT_CTRL_CYCTAP_Pos)              /*!< DWT CTR
1194:Drivers/CMSIS/Include/core_cm7.h **** 
1195:Drivers/CMSIS/Include/core_cm7.h **** #define DWT_CTRL_POSTINIT_Pos               5U                                         /*!< DWT CTR
1196:Drivers/CMSIS/Include/core_cm7.h **** #define DWT_CTRL_POSTINIT_Msk              (0xFUL << DWT_CTRL_POSTINIT_Pos)            /*!< DWT CTR
1197:Drivers/CMSIS/Include/core_cm7.h **** 
1198:Drivers/CMSIS/Include/core_cm7.h **** #define DWT_CTRL_POSTPRESET_Pos             1U                                         /*!< DWT CTR
1199:Drivers/CMSIS/Include/core_cm7.h **** #define DWT_CTRL_POSTPRESET_Msk            (0xFUL << DWT_CTRL_POSTPRESET_Pos)          /*!< DWT CTR
1200:Drivers/CMSIS/Include/core_cm7.h **** 
1201:Drivers/CMSIS/Include/core_cm7.h **** #define DWT_CTRL_CYCCNTENA_Pos              0U                                         /*!< DWT CTR
1202:Drivers/CMSIS/Include/core_cm7.h **** #define DWT_CTRL_CYCCNTENA_Msk             (0x1UL /*<< DWT_CTRL_CYCCNTENA_Pos*/)       /*!< DWT CTR
1203:Drivers/CMSIS/Include/core_cm7.h **** 
1204:Drivers/CMSIS/Include/core_cm7.h **** /* DWT CPI Count Register Definitions */
1205:Drivers/CMSIS/Include/core_cm7.h **** #define DWT_CPICNT_CPICNT_Pos               0U                                         /*!< DWT CPI
1206:Drivers/CMSIS/Include/core_cm7.h **** #define DWT_CPICNT_CPICNT_Msk              (0xFFUL /*<< DWT_CPICNT_CPICNT_Pos*/)       /*!< DWT CPI
1207:Drivers/CMSIS/Include/core_cm7.h **** 
1208:Drivers/CMSIS/Include/core_cm7.h **** /* DWT Exception Overhead Count Register Definitions */
1209:Drivers/CMSIS/Include/core_cm7.h **** #define DWT_EXCCNT_EXCCNT_Pos               0U                                         /*!< DWT EXC
1210:Drivers/CMSIS/Include/core_cm7.h **** #define DWT_EXCCNT_EXCCNT_Msk              (0xFFUL /*<< DWT_EXCCNT_EXCCNT_Pos*/)       /*!< DWT EXC
1211:Drivers/CMSIS/Include/core_cm7.h **** 
1212:Drivers/CMSIS/Include/core_cm7.h **** /* DWT Sleep Count Register Definitions */
1213:Drivers/CMSIS/Include/core_cm7.h **** #define DWT_SLEEPCNT_SLEEPCNT_Pos           0U                                         /*!< DWT SLE
1214:Drivers/CMSIS/Include/core_cm7.h **** #define DWT_SLEEPCNT_SLEEPCNT_Msk          (0xFFUL /*<< DWT_SLEEPCNT_SLEEPCNT_Pos*/)   /*!< DWT SLE
ARM GAS  C:\Users\simon\AppData\Local\Temp\cceYPmWR.s 			page 52


1215:Drivers/CMSIS/Include/core_cm7.h **** 
1216:Drivers/CMSIS/Include/core_cm7.h **** /* DWT LSU Count Register Definitions */
1217:Drivers/CMSIS/Include/core_cm7.h **** #define DWT_LSUCNT_LSUCNT_Pos               0U                                         /*!< DWT LSU
1218:Drivers/CMSIS/Include/core_cm7.h **** #define DWT_LSUCNT_LSUCNT_Msk              (0xFFUL /*<< DWT_LSUCNT_LSUCNT_Pos*/)       /*!< DWT LSU
1219:Drivers/CMSIS/Include/core_cm7.h **** 
1220:Drivers/CMSIS/Include/core_cm7.h **** /* DWT Folded-instruction Count Register Definitions */
1221:Drivers/CMSIS/Include/core_cm7.h **** #define DWT_FOLDCNT_FOLDCNT_Pos             0U                                         /*!< DWT FOL
1222:Drivers/CMSIS/Include/core_cm7.h **** #define DWT_FOLDCNT_FOLDCNT_Msk            (0xFFUL /*<< DWT_FOLDCNT_FOLDCNT_Pos*/)     /*!< DWT FOL
1223:Drivers/CMSIS/Include/core_cm7.h **** 
1224:Drivers/CMSIS/Include/core_cm7.h **** /* DWT Comparator Mask Register Definitions */
1225:Drivers/CMSIS/Include/core_cm7.h **** #define DWT_MASK_MASK_Pos                   0U                                         /*!< DWT MAS
1226:Drivers/CMSIS/Include/core_cm7.h **** #define DWT_MASK_MASK_Msk                  (0x1FUL /*<< DWT_MASK_MASK_Pos*/)           /*!< DWT MAS
1227:Drivers/CMSIS/Include/core_cm7.h **** 
1228:Drivers/CMSIS/Include/core_cm7.h **** /* DWT Comparator Function Register Definitions */
1229:Drivers/CMSIS/Include/core_cm7.h **** #define DWT_FUNCTION_MATCHED_Pos           24U                                         /*!< DWT FUN
1230:Drivers/CMSIS/Include/core_cm7.h **** #define DWT_FUNCTION_MATCHED_Msk           (0x1UL << DWT_FUNCTION_MATCHED_Pos)         /*!< DWT FUN
1231:Drivers/CMSIS/Include/core_cm7.h **** 
1232:Drivers/CMSIS/Include/core_cm7.h **** #define DWT_FUNCTION_DATAVADDR1_Pos        16U                                         /*!< DWT FUN
1233:Drivers/CMSIS/Include/core_cm7.h **** #define DWT_FUNCTION_DATAVADDR1_Msk        (0xFUL << DWT_FUNCTION_DATAVADDR1_Pos)      /*!< DWT FUN
1234:Drivers/CMSIS/Include/core_cm7.h **** 
1235:Drivers/CMSIS/Include/core_cm7.h **** #define DWT_FUNCTION_DATAVADDR0_Pos        12U                                         /*!< DWT FUN
1236:Drivers/CMSIS/Include/core_cm7.h **** #define DWT_FUNCTION_DATAVADDR0_Msk        (0xFUL << DWT_FUNCTION_DATAVADDR0_Pos)      /*!< DWT FUN
1237:Drivers/CMSIS/Include/core_cm7.h **** 
1238:Drivers/CMSIS/Include/core_cm7.h **** #define DWT_FUNCTION_DATAVSIZE_Pos         10U                                         /*!< DWT FUN
1239:Drivers/CMSIS/Include/core_cm7.h **** #define DWT_FUNCTION_DATAVSIZE_Msk         (0x3UL << DWT_FUNCTION_DATAVSIZE_Pos)       /*!< DWT FUN
1240:Drivers/CMSIS/Include/core_cm7.h **** 
1241:Drivers/CMSIS/Include/core_cm7.h **** #define DWT_FUNCTION_LNK1ENA_Pos            9U                                         /*!< DWT FUN
1242:Drivers/CMSIS/Include/core_cm7.h **** #define DWT_FUNCTION_LNK1ENA_Msk           (0x1UL << DWT_FUNCTION_LNK1ENA_Pos)         /*!< DWT FUN
1243:Drivers/CMSIS/Include/core_cm7.h **** 
1244:Drivers/CMSIS/Include/core_cm7.h **** #define DWT_FUNCTION_DATAVMATCH_Pos         8U                                         /*!< DWT FUN
1245:Drivers/CMSIS/Include/core_cm7.h **** #define DWT_FUNCTION_DATAVMATCH_Msk        (0x1UL << DWT_FUNCTION_DATAVMATCH_Pos)      /*!< DWT FUN
1246:Drivers/CMSIS/Include/core_cm7.h **** 
1247:Drivers/CMSIS/Include/core_cm7.h **** #define DWT_FUNCTION_CYCMATCH_Pos           7U                                         /*!< DWT FUN
1248:Drivers/CMSIS/Include/core_cm7.h **** #define DWT_FUNCTION_CYCMATCH_Msk          (0x1UL << DWT_FUNCTION_CYCMATCH_Pos)        /*!< DWT FUN
1249:Drivers/CMSIS/Include/core_cm7.h **** 
1250:Drivers/CMSIS/Include/core_cm7.h **** #define DWT_FUNCTION_EMITRANGE_Pos          5U                                         /*!< DWT FUN
1251:Drivers/CMSIS/Include/core_cm7.h **** #define DWT_FUNCTION_EMITRANGE_Msk         (0x1UL << DWT_FUNCTION_EMITRANGE_Pos)       /*!< DWT FUN
1252:Drivers/CMSIS/Include/core_cm7.h **** 
1253:Drivers/CMSIS/Include/core_cm7.h **** #define DWT_FUNCTION_FUNCTION_Pos           0U                                         /*!< DWT FUN
1254:Drivers/CMSIS/Include/core_cm7.h **** #define DWT_FUNCTION_FUNCTION_Msk          (0xFUL /*<< DWT_FUNCTION_FUNCTION_Pos*/)    /*!< DWT FUN
1255:Drivers/CMSIS/Include/core_cm7.h **** 
1256:Drivers/CMSIS/Include/core_cm7.h **** /*@}*/ /* end of group CMSIS_DWT */
1257:Drivers/CMSIS/Include/core_cm7.h **** 
1258:Drivers/CMSIS/Include/core_cm7.h **** 
1259:Drivers/CMSIS/Include/core_cm7.h **** /**
1260:Drivers/CMSIS/Include/core_cm7.h ****   \ingroup  CMSIS_core_register
1261:Drivers/CMSIS/Include/core_cm7.h ****   \defgroup CMSIS_TPI     Trace Port Interface (TPI)
1262:Drivers/CMSIS/Include/core_cm7.h ****   \brief    Type definitions for the Trace Port Interface (TPI)
1263:Drivers/CMSIS/Include/core_cm7.h ****   @{
1264:Drivers/CMSIS/Include/core_cm7.h ****  */
1265:Drivers/CMSIS/Include/core_cm7.h **** 
1266:Drivers/CMSIS/Include/core_cm7.h **** /**
1267:Drivers/CMSIS/Include/core_cm7.h ****   \brief  Structure type to access the Trace Port Interface Register (TPI).
1268:Drivers/CMSIS/Include/core_cm7.h ****  */
1269:Drivers/CMSIS/Include/core_cm7.h **** typedef struct
1270:Drivers/CMSIS/Include/core_cm7.h **** {
1271:Drivers/CMSIS/Include/core_cm7.h ****   __IM  uint32_t SSPSR;                  /*!< Offset: 0x000 (R/ )  Supported Parallel Port Size Reg
ARM GAS  C:\Users\simon\AppData\Local\Temp\cceYPmWR.s 			page 53


1272:Drivers/CMSIS/Include/core_cm7.h ****   __IOM uint32_t CSPSR;                  /*!< Offset: 0x004 (R/W)  Current Parallel Port Size Regis
1273:Drivers/CMSIS/Include/core_cm7.h ****         uint32_t RESERVED0[2U];
1274:Drivers/CMSIS/Include/core_cm7.h ****   __IOM uint32_t ACPR;                   /*!< Offset: 0x010 (R/W)  Asynchronous Clock Prescaler Reg
1275:Drivers/CMSIS/Include/core_cm7.h ****         uint32_t RESERVED1[55U];
1276:Drivers/CMSIS/Include/core_cm7.h ****   __IOM uint32_t SPPR;                   /*!< Offset: 0x0F0 (R/W)  Selected Pin Protocol Register *
1277:Drivers/CMSIS/Include/core_cm7.h ****         uint32_t RESERVED2[131U];
1278:Drivers/CMSIS/Include/core_cm7.h ****   __IM  uint32_t FFSR;                   /*!< Offset: 0x300 (R/ )  Formatter and Flush Status Regis
1279:Drivers/CMSIS/Include/core_cm7.h ****   __IOM uint32_t FFCR;                   /*!< Offset: 0x304 (R/W)  Formatter and Flush Control Regi
1280:Drivers/CMSIS/Include/core_cm7.h ****   __IM  uint32_t FSCR;                   /*!< Offset: 0x308 (R/ )  Formatter Synchronization Counte
1281:Drivers/CMSIS/Include/core_cm7.h ****         uint32_t RESERVED3[759U];
1282:Drivers/CMSIS/Include/core_cm7.h ****   __IM  uint32_t TRIGGER;                /*!< Offset: 0xEE8 (R/ )  TRIGGER Register */
1283:Drivers/CMSIS/Include/core_cm7.h ****   __IM  uint32_t FIFO0;                  /*!< Offset: 0xEEC (R/ )  Integration ETM Data */
1284:Drivers/CMSIS/Include/core_cm7.h ****   __IM  uint32_t ITATBCTR2;              /*!< Offset: 0xEF0 (R/ )  ITATBCTR2 */
1285:Drivers/CMSIS/Include/core_cm7.h ****         uint32_t RESERVED4[1U];
1286:Drivers/CMSIS/Include/core_cm7.h ****   __IM  uint32_t ITATBCTR0;              /*!< Offset: 0xEF8 (R/ )  ITATBCTR0 */
1287:Drivers/CMSIS/Include/core_cm7.h ****   __IM  uint32_t FIFO1;                  /*!< Offset: 0xEFC (R/ )  Integration ITM Data */
1288:Drivers/CMSIS/Include/core_cm7.h ****   __IOM uint32_t ITCTRL;                 /*!< Offset: 0xF00 (R/W)  Integration Mode Control */
1289:Drivers/CMSIS/Include/core_cm7.h ****         uint32_t RESERVED5[39U];
1290:Drivers/CMSIS/Include/core_cm7.h ****   __IOM uint32_t CLAIMSET;               /*!< Offset: 0xFA0 (R/W)  Claim tag set */
1291:Drivers/CMSIS/Include/core_cm7.h ****   __IOM uint32_t CLAIMCLR;               /*!< Offset: 0xFA4 (R/W)  Claim tag clear */
1292:Drivers/CMSIS/Include/core_cm7.h ****         uint32_t RESERVED7[8U];
1293:Drivers/CMSIS/Include/core_cm7.h ****   __IM  uint32_t DEVID;                  /*!< Offset: 0xFC8 (R/ )  TPIU_DEVID */
1294:Drivers/CMSIS/Include/core_cm7.h ****   __IM  uint32_t DEVTYPE;                /*!< Offset: 0xFCC (R/ )  TPIU_DEVTYPE */
1295:Drivers/CMSIS/Include/core_cm7.h **** } TPI_Type;
1296:Drivers/CMSIS/Include/core_cm7.h **** 
1297:Drivers/CMSIS/Include/core_cm7.h **** /* TPI Asynchronous Clock Prescaler Register Definitions */
1298:Drivers/CMSIS/Include/core_cm7.h **** #define TPI_ACPR_PRESCALER_Pos              0U                                         /*!< TPI ACP
1299:Drivers/CMSIS/Include/core_cm7.h **** #define TPI_ACPR_PRESCALER_Msk             (0x1FFFUL /*<< TPI_ACPR_PRESCALER_Pos*/)    /*!< TPI ACP
1300:Drivers/CMSIS/Include/core_cm7.h **** 
1301:Drivers/CMSIS/Include/core_cm7.h **** /* TPI Selected Pin Protocol Register Definitions */
1302:Drivers/CMSIS/Include/core_cm7.h **** #define TPI_SPPR_TXMODE_Pos                 0U                                         /*!< TPI SPP
1303:Drivers/CMSIS/Include/core_cm7.h **** #define TPI_SPPR_TXMODE_Msk                (0x3UL /*<< TPI_SPPR_TXMODE_Pos*/)          /*!< TPI SPP
1304:Drivers/CMSIS/Include/core_cm7.h **** 
1305:Drivers/CMSIS/Include/core_cm7.h **** /* TPI Formatter and Flush Status Register Definitions */
1306:Drivers/CMSIS/Include/core_cm7.h **** #define TPI_FFSR_FtNonStop_Pos              3U                                         /*!< TPI FFS
1307:Drivers/CMSIS/Include/core_cm7.h **** #define TPI_FFSR_FtNonStop_Msk             (0x1UL << TPI_FFSR_FtNonStop_Pos)           /*!< TPI FFS
1308:Drivers/CMSIS/Include/core_cm7.h **** 
1309:Drivers/CMSIS/Include/core_cm7.h **** #define TPI_FFSR_TCPresent_Pos              2U                                         /*!< TPI FFS
1310:Drivers/CMSIS/Include/core_cm7.h **** #define TPI_FFSR_TCPresent_Msk             (0x1UL << TPI_FFSR_TCPresent_Pos)           /*!< TPI FFS
1311:Drivers/CMSIS/Include/core_cm7.h **** 
1312:Drivers/CMSIS/Include/core_cm7.h **** #define TPI_FFSR_FtStopped_Pos              1U                                         /*!< TPI FFS
1313:Drivers/CMSIS/Include/core_cm7.h **** #define TPI_FFSR_FtStopped_Msk             (0x1UL << TPI_FFSR_FtStopped_Pos)           /*!< TPI FFS
1314:Drivers/CMSIS/Include/core_cm7.h **** 
1315:Drivers/CMSIS/Include/core_cm7.h **** #define TPI_FFSR_FlInProg_Pos               0U                                         /*!< TPI FFS
1316:Drivers/CMSIS/Include/core_cm7.h **** #define TPI_FFSR_FlInProg_Msk              (0x1UL /*<< TPI_FFSR_FlInProg_Pos*/)        /*!< TPI FFS
1317:Drivers/CMSIS/Include/core_cm7.h **** 
1318:Drivers/CMSIS/Include/core_cm7.h **** /* TPI Formatter and Flush Control Register Definitions */
1319:Drivers/CMSIS/Include/core_cm7.h **** #define TPI_FFCR_TrigIn_Pos                 8U                                         /*!< TPI FFC
1320:Drivers/CMSIS/Include/core_cm7.h **** #define TPI_FFCR_TrigIn_Msk                (0x1UL << TPI_FFCR_TrigIn_Pos)              /*!< TPI FFC
1321:Drivers/CMSIS/Include/core_cm7.h **** 
1322:Drivers/CMSIS/Include/core_cm7.h **** #define TPI_FFCR_EnFCont_Pos                1U                                         /*!< TPI FFC
1323:Drivers/CMSIS/Include/core_cm7.h **** #define TPI_FFCR_EnFCont_Msk               (0x1UL << TPI_FFCR_EnFCont_Pos)             /*!< TPI FFC
1324:Drivers/CMSIS/Include/core_cm7.h **** 
1325:Drivers/CMSIS/Include/core_cm7.h **** /* TPI TRIGGER Register Definitions */
1326:Drivers/CMSIS/Include/core_cm7.h **** #define TPI_TRIGGER_TRIGGER_Pos             0U                                         /*!< TPI TRI
1327:Drivers/CMSIS/Include/core_cm7.h **** #define TPI_TRIGGER_TRIGGER_Msk            (0x1UL /*<< TPI_TRIGGER_TRIGGER_Pos*/)      /*!< TPI TRI
1328:Drivers/CMSIS/Include/core_cm7.h **** 
ARM GAS  C:\Users\simon\AppData\Local\Temp\cceYPmWR.s 			page 54


1329:Drivers/CMSIS/Include/core_cm7.h **** /* TPI Integration ETM Data Register Definitions (FIFO0) */
1330:Drivers/CMSIS/Include/core_cm7.h **** #define TPI_FIFO0_ITM_ATVALID_Pos          29U                                         /*!< TPI FIF
1331:Drivers/CMSIS/Include/core_cm7.h **** #define TPI_FIFO0_ITM_ATVALID_Msk          (0x1UL << TPI_FIFO0_ITM_ATVALID_Pos)        /*!< TPI FIF
1332:Drivers/CMSIS/Include/core_cm7.h **** 
1333:Drivers/CMSIS/Include/core_cm7.h **** #define TPI_FIFO0_ITM_bytecount_Pos        27U                                         /*!< TPI FIF
1334:Drivers/CMSIS/Include/core_cm7.h **** #define TPI_FIFO0_ITM_bytecount_Msk        (0x3UL << TPI_FIFO0_ITM_bytecount_Pos)      /*!< TPI FIF
1335:Drivers/CMSIS/Include/core_cm7.h **** 
1336:Drivers/CMSIS/Include/core_cm7.h **** #define TPI_FIFO0_ETM_ATVALID_Pos          26U                                         /*!< TPI FIF
1337:Drivers/CMSIS/Include/core_cm7.h **** #define TPI_FIFO0_ETM_ATVALID_Msk          (0x1UL << TPI_FIFO0_ETM_ATVALID_Pos)        /*!< TPI FIF
1338:Drivers/CMSIS/Include/core_cm7.h **** 
1339:Drivers/CMSIS/Include/core_cm7.h **** #define TPI_FIFO0_ETM_bytecount_Pos        24U                                         /*!< TPI FIF
1340:Drivers/CMSIS/Include/core_cm7.h **** #define TPI_FIFO0_ETM_bytecount_Msk        (0x3UL << TPI_FIFO0_ETM_bytecount_Pos)      /*!< TPI FIF
1341:Drivers/CMSIS/Include/core_cm7.h **** 
1342:Drivers/CMSIS/Include/core_cm7.h **** #define TPI_FIFO0_ETM2_Pos                 16U                                         /*!< TPI FIF
1343:Drivers/CMSIS/Include/core_cm7.h **** #define TPI_FIFO0_ETM2_Msk                 (0xFFUL << TPI_FIFO0_ETM2_Pos)              /*!< TPI FIF
1344:Drivers/CMSIS/Include/core_cm7.h **** 
1345:Drivers/CMSIS/Include/core_cm7.h **** #define TPI_FIFO0_ETM1_Pos                  8U                                         /*!< TPI FIF
1346:Drivers/CMSIS/Include/core_cm7.h **** #define TPI_FIFO0_ETM1_Msk                 (0xFFUL << TPI_FIFO0_ETM1_Pos)              /*!< TPI FIF
1347:Drivers/CMSIS/Include/core_cm7.h **** 
1348:Drivers/CMSIS/Include/core_cm7.h **** #define TPI_FIFO0_ETM0_Pos                  0U                                         /*!< TPI FIF
1349:Drivers/CMSIS/Include/core_cm7.h **** #define TPI_FIFO0_ETM0_Msk                 (0xFFUL /*<< TPI_FIFO0_ETM0_Pos*/)          /*!< TPI FIF
1350:Drivers/CMSIS/Include/core_cm7.h **** 
1351:Drivers/CMSIS/Include/core_cm7.h **** /* TPI ITATBCTR2 Register Definitions */
1352:Drivers/CMSIS/Include/core_cm7.h **** #define TPI_ITATBCTR2_ATREADY2_Pos          0U                                         /*!< TPI ITA
1353:Drivers/CMSIS/Include/core_cm7.h **** #define TPI_ITATBCTR2_ATREADY2_Msk         (0x1UL /*<< TPI_ITATBCTR2_ATREADY2_Pos*/)   /*!< TPI ITA
1354:Drivers/CMSIS/Include/core_cm7.h **** 
1355:Drivers/CMSIS/Include/core_cm7.h **** #define TPI_ITATBCTR2_ATREADY1_Pos          0U                                         /*!< TPI ITA
1356:Drivers/CMSIS/Include/core_cm7.h **** #define TPI_ITATBCTR2_ATREADY1_Msk         (0x1UL /*<< TPI_ITATBCTR2_ATREADY1_Pos*/)   /*!< TPI ITA
1357:Drivers/CMSIS/Include/core_cm7.h **** 
1358:Drivers/CMSIS/Include/core_cm7.h **** /* TPI Integration ITM Data Register Definitions (FIFO1) */
1359:Drivers/CMSIS/Include/core_cm7.h **** #define TPI_FIFO1_ITM_ATVALID_Pos          29U                                         /*!< TPI FIF
1360:Drivers/CMSIS/Include/core_cm7.h **** #define TPI_FIFO1_ITM_ATVALID_Msk          (0x1UL << TPI_FIFO1_ITM_ATVALID_Pos)        /*!< TPI FIF
1361:Drivers/CMSIS/Include/core_cm7.h **** 
1362:Drivers/CMSIS/Include/core_cm7.h **** #define TPI_FIFO1_ITM_bytecount_Pos        27U                                         /*!< TPI FIF
1363:Drivers/CMSIS/Include/core_cm7.h **** #define TPI_FIFO1_ITM_bytecount_Msk        (0x3UL << TPI_FIFO1_ITM_bytecount_Pos)      /*!< TPI FIF
1364:Drivers/CMSIS/Include/core_cm7.h **** 
1365:Drivers/CMSIS/Include/core_cm7.h **** #define TPI_FIFO1_ETM_ATVALID_Pos          26U                                         /*!< TPI FIF
1366:Drivers/CMSIS/Include/core_cm7.h **** #define TPI_FIFO1_ETM_ATVALID_Msk          (0x1UL << TPI_FIFO1_ETM_ATVALID_Pos)        /*!< TPI FIF
1367:Drivers/CMSIS/Include/core_cm7.h **** 
1368:Drivers/CMSIS/Include/core_cm7.h **** #define TPI_FIFO1_ETM_bytecount_Pos        24U                                         /*!< TPI FIF
1369:Drivers/CMSIS/Include/core_cm7.h **** #define TPI_FIFO1_ETM_bytecount_Msk        (0x3UL << TPI_FIFO1_ETM_bytecount_Pos)      /*!< TPI FIF
1370:Drivers/CMSIS/Include/core_cm7.h **** 
1371:Drivers/CMSIS/Include/core_cm7.h **** #define TPI_FIFO1_ITM2_Pos                 16U                                         /*!< TPI FIF
1372:Drivers/CMSIS/Include/core_cm7.h **** #define TPI_FIFO1_ITM2_Msk                 (0xFFUL << TPI_FIFO1_ITM2_Pos)              /*!< TPI FIF
1373:Drivers/CMSIS/Include/core_cm7.h **** 
1374:Drivers/CMSIS/Include/core_cm7.h **** #define TPI_FIFO1_ITM1_Pos                  8U                                         /*!< TPI FIF
1375:Drivers/CMSIS/Include/core_cm7.h **** #define TPI_FIFO1_ITM1_Msk                 (0xFFUL << TPI_FIFO1_ITM1_Pos)              /*!< TPI FIF
1376:Drivers/CMSIS/Include/core_cm7.h **** 
1377:Drivers/CMSIS/Include/core_cm7.h **** #define TPI_FIFO1_ITM0_Pos                  0U                                         /*!< TPI FIF
1378:Drivers/CMSIS/Include/core_cm7.h **** #define TPI_FIFO1_ITM0_Msk                 (0xFFUL /*<< TPI_FIFO1_ITM0_Pos*/)          /*!< TPI FIF
1379:Drivers/CMSIS/Include/core_cm7.h **** 
1380:Drivers/CMSIS/Include/core_cm7.h **** /* TPI ITATBCTR0 Register Definitions */
1381:Drivers/CMSIS/Include/core_cm7.h **** #define TPI_ITATBCTR0_ATREADY2_Pos          0U                                         /*!< TPI ITA
1382:Drivers/CMSIS/Include/core_cm7.h **** #define TPI_ITATBCTR0_ATREADY2_Msk         (0x1UL /*<< TPI_ITATBCTR0_ATREADY2_Pos*/)   /*!< TPI ITA
1383:Drivers/CMSIS/Include/core_cm7.h **** 
1384:Drivers/CMSIS/Include/core_cm7.h **** #define TPI_ITATBCTR0_ATREADY1_Pos          0U                                         /*!< TPI ITA
1385:Drivers/CMSIS/Include/core_cm7.h **** #define TPI_ITATBCTR0_ATREADY1_Msk         (0x1UL /*<< TPI_ITATBCTR0_ATREADY1_Pos*/)   /*!< TPI ITA
ARM GAS  C:\Users\simon\AppData\Local\Temp\cceYPmWR.s 			page 55


1386:Drivers/CMSIS/Include/core_cm7.h **** 
1387:Drivers/CMSIS/Include/core_cm7.h **** /* TPI Integration Mode Control Register Definitions */
1388:Drivers/CMSIS/Include/core_cm7.h **** #define TPI_ITCTRL_Mode_Pos                 0U                                         /*!< TPI ITC
1389:Drivers/CMSIS/Include/core_cm7.h **** #define TPI_ITCTRL_Mode_Msk                (0x3UL /*<< TPI_ITCTRL_Mode_Pos*/)          /*!< TPI ITC
1390:Drivers/CMSIS/Include/core_cm7.h **** 
1391:Drivers/CMSIS/Include/core_cm7.h **** /* TPI DEVID Register Definitions */
1392:Drivers/CMSIS/Include/core_cm7.h **** #define TPI_DEVID_NRZVALID_Pos             11U                                         /*!< TPI DEV
1393:Drivers/CMSIS/Include/core_cm7.h **** #define TPI_DEVID_NRZVALID_Msk             (0x1UL << TPI_DEVID_NRZVALID_Pos)           /*!< TPI DEV
1394:Drivers/CMSIS/Include/core_cm7.h **** 
1395:Drivers/CMSIS/Include/core_cm7.h **** #define TPI_DEVID_MANCVALID_Pos            10U                                         /*!< TPI DEV
1396:Drivers/CMSIS/Include/core_cm7.h **** #define TPI_DEVID_MANCVALID_Msk            (0x1UL << TPI_DEVID_MANCVALID_Pos)          /*!< TPI DEV
1397:Drivers/CMSIS/Include/core_cm7.h **** 
1398:Drivers/CMSIS/Include/core_cm7.h **** #define TPI_DEVID_PTINVALID_Pos             9U                                         /*!< TPI DEV
1399:Drivers/CMSIS/Include/core_cm7.h **** #define TPI_DEVID_PTINVALID_Msk            (0x1UL << TPI_DEVID_PTINVALID_Pos)          /*!< TPI DEV
1400:Drivers/CMSIS/Include/core_cm7.h **** 
1401:Drivers/CMSIS/Include/core_cm7.h **** #define TPI_DEVID_MinBufSz_Pos              6U                                         /*!< TPI DEV
1402:Drivers/CMSIS/Include/core_cm7.h **** #define TPI_DEVID_MinBufSz_Msk             (0x7UL << TPI_DEVID_MinBufSz_Pos)           /*!< TPI DEV
1403:Drivers/CMSIS/Include/core_cm7.h **** 
1404:Drivers/CMSIS/Include/core_cm7.h **** #define TPI_DEVID_AsynClkIn_Pos             5U                                         /*!< TPI DEV
1405:Drivers/CMSIS/Include/core_cm7.h **** #define TPI_DEVID_AsynClkIn_Msk            (0x1UL << TPI_DEVID_AsynClkIn_Pos)          /*!< TPI DEV
1406:Drivers/CMSIS/Include/core_cm7.h **** 
1407:Drivers/CMSIS/Include/core_cm7.h **** #define TPI_DEVID_NrTraceInput_Pos          0U                                         /*!< TPI DEV
1408:Drivers/CMSIS/Include/core_cm7.h **** #define TPI_DEVID_NrTraceInput_Msk         (0x1FUL /*<< TPI_DEVID_NrTraceInput_Pos*/)  /*!< TPI DEV
1409:Drivers/CMSIS/Include/core_cm7.h **** 
1410:Drivers/CMSIS/Include/core_cm7.h **** /* TPI DEVTYPE Register Definitions */
1411:Drivers/CMSIS/Include/core_cm7.h **** #define TPI_DEVTYPE_SubType_Pos             4U                                         /*!< TPI DEV
1412:Drivers/CMSIS/Include/core_cm7.h **** #define TPI_DEVTYPE_SubType_Msk            (0xFUL /*<< TPI_DEVTYPE_SubType_Pos*/)      /*!< TPI DEV
1413:Drivers/CMSIS/Include/core_cm7.h **** 
1414:Drivers/CMSIS/Include/core_cm7.h **** #define TPI_DEVTYPE_MajorType_Pos           0U                                         /*!< TPI DEV
1415:Drivers/CMSIS/Include/core_cm7.h **** #define TPI_DEVTYPE_MajorType_Msk          (0xFUL << TPI_DEVTYPE_MajorType_Pos)        /*!< TPI DEV
1416:Drivers/CMSIS/Include/core_cm7.h **** 
1417:Drivers/CMSIS/Include/core_cm7.h **** /*@}*/ /* end of group CMSIS_TPI */
1418:Drivers/CMSIS/Include/core_cm7.h **** 
1419:Drivers/CMSIS/Include/core_cm7.h **** 
1420:Drivers/CMSIS/Include/core_cm7.h **** #if defined (__MPU_PRESENT) && (__MPU_PRESENT == 1U)
1421:Drivers/CMSIS/Include/core_cm7.h **** /**
1422:Drivers/CMSIS/Include/core_cm7.h ****   \ingroup  CMSIS_core_register
1423:Drivers/CMSIS/Include/core_cm7.h ****   \defgroup CMSIS_MPU     Memory Protection Unit (MPU)
1424:Drivers/CMSIS/Include/core_cm7.h ****   \brief    Type definitions for the Memory Protection Unit (MPU)
1425:Drivers/CMSIS/Include/core_cm7.h ****   @{
1426:Drivers/CMSIS/Include/core_cm7.h ****  */
1427:Drivers/CMSIS/Include/core_cm7.h **** 
1428:Drivers/CMSIS/Include/core_cm7.h **** /**
1429:Drivers/CMSIS/Include/core_cm7.h ****   \brief  Structure type to access the Memory Protection Unit (MPU).
1430:Drivers/CMSIS/Include/core_cm7.h ****  */
1431:Drivers/CMSIS/Include/core_cm7.h **** typedef struct
1432:Drivers/CMSIS/Include/core_cm7.h **** {
1433:Drivers/CMSIS/Include/core_cm7.h ****   __IM  uint32_t TYPE;                   /*!< Offset: 0x000 (R/ )  MPU Type Register */
1434:Drivers/CMSIS/Include/core_cm7.h ****   __IOM uint32_t CTRL;                   /*!< Offset: 0x004 (R/W)  MPU Control Register */
1435:Drivers/CMSIS/Include/core_cm7.h ****   __IOM uint32_t RNR;                    /*!< Offset: 0x008 (R/W)  MPU Region RNRber Register */
1436:Drivers/CMSIS/Include/core_cm7.h ****   __IOM uint32_t RBAR;                   /*!< Offset: 0x00C (R/W)  MPU Region Base Address Register
1437:Drivers/CMSIS/Include/core_cm7.h ****   __IOM uint32_t RASR;                   /*!< Offset: 0x010 (R/W)  MPU Region Attribute and Size Re
1438:Drivers/CMSIS/Include/core_cm7.h ****   __IOM uint32_t RBAR_A1;                /*!< Offset: 0x014 (R/W)  MPU Alias 1 Region Base Address 
1439:Drivers/CMSIS/Include/core_cm7.h ****   __IOM uint32_t RASR_A1;                /*!< Offset: 0x018 (R/W)  MPU Alias 1 Region Attribute and
1440:Drivers/CMSIS/Include/core_cm7.h ****   __IOM uint32_t RBAR_A2;                /*!< Offset: 0x01C (R/W)  MPU Alias 2 Region Base Address 
1441:Drivers/CMSIS/Include/core_cm7.h ****   __IOM uint32_t RASR_A2;                /*!< Offset: 0x020 (R/W)  MPU Alias 2 Region Attribute and
1442:Drivers/CMSIS/Include/core_cm7.h ****   __IOM uint32_t RBAR_A3;                /*!< Offset: 0x024 (R/W)  MPU Alias 3 Region Base Address 
ARM GAS  C:\Users\simon\AppData\Local\Temp\cceYPmWR.s 			page 56


1443:Drivers/CMSIS/Include/core_cm7.h ****   __IOM uint32_t RASR_A3;                /*!< Offset: 0x028 (R/W)  MPU Alias 3 Region Attribute and
1444:Drivers/CMSIS/Include/core_cm7.h **** } MPU_Type;
1445:Drivers/CMSIS/Include/core_cm7.h **** 
1446:Drivers/CMSIS/Include/core_cm7.h **** #define MPU_TYPE_RALIASES                  4U
1447:Drivers/CMSIS/Include/core_cm7.h **** 
1448:Drivers/CMSIS/Include/core_cm7.h **** /* MPU Type Register Definitions */
1449:Drivers/CMSIS/Include/core_cm7.h **** #define MPU_TYPE_IREGION_Pos               16U                                            /*!< MPU 
1450:Drivers/CMSIS/Include/core_cm7.h **** #define MPU_TYPE_IREGION_Msk               (0xFFUL << MPU_TYPE_IREGION_Pos)               /*!< MPU 
1451:Drivers/CMSIS/Include/core_cm7.h **** 
1452:Drivers/CMSIS/Include/core_cm7.h **** #define MPU_TYPE_DREGION_Pos                8U                                            /*!< MPU 
1453:Drivers/CMSIS/Include/core_cm7.h **** #define MPU_TYPE_DREGION_Msk               (0xFFUL << MPU_TYPE_DREGION_Pos)               /*!< MPU 
1454:Drivers/CMSIS/Include/core_cm7.h **** 
1455:Drivers/CMSIS/Include/core_cm7.h **** #define MPU_TYPE_SEPARATE_Pos               0U                                            /*!< MPU 
1456:Drivers/CMSIS/Include/core_cm7.h **** #define MPU_TYPE_SEPARATE_Msk              (1UL /*<< MPU_TYPE_SEPARATE_Pos*/)             /*!< MPU 
1457:Drivers/CMSIS/Include/core_cm7.h **** 
1458:Drivers/CMSIS/Include/core_cm7.h **** /* MPU Control Register Definitions */
1459:Drivers/CMSIS/Include/core_cm7.h **** #define MPU_CTRL_PRIVDEFENA_Pos             2U                                            /*!< MPU 
1460:Drivers/CMSIS/Include/core_cm7.h **** #define MPU_CTRL_PRIVDEFENA_Msk            (1UL << MPU_CTRL_PRIVDEFENA_Pos)               /*!< MPU 
1461:Drivers/CMSIS/Include/core_cm7.h **** 
1462:Drivers/CMSIS/Include/core_cm7.h **** #define MPU_CTRL_HFNMIENA_Pos               1U                                            /*!< MPU 
1463:Drivers/CMSIS/Include/core_cm7.h **** #define MPU_CTRL_HFNMIENA_Msk              (1UL << MPU_CTRL_HFNMIENA_Pos)                 /*!< MPU 
1464:Drivers/CMSIS/Include/core_cm7.h **** 
1465:Drivers/CMSIS/Include/core_cm7.h **** #define MPU_CTRL_ENABLE_Pos                 0U                                            /*!< MPU 
1466:Drivers/CMSIS/Include/core_cm7.h **** #define MPU_CTRL_ENABLE_Msk                (1UL /*<< MPU_CTRL_ENABLE_Pos*/)               /*!< MPU 
1467:Drivers/CMSIS/Include/core_cm7.h **** 
1468:Drivers/CMSIS/Include/core_cm7.h **** /* MPU Region Number Register Definitions */
1469:Drivers/CMSIS/Include/core_cm7.h **** #define MPU_RNR_REGION_Pos                  0U                                            /*!< MPU 
1470:Drivers/CMSIS/Include/core_cm7.h **** #define MPU_RNR_REGION_Msk                 (0xFFUL /*<< MPU_RNR_REGION_Pos*/)             /*!< MPU 
1471:Drivers/CMSIS/Include/core_cm7.h **** 
1472:Drivers/CMSIS/Include/core_cm7.h **** /* MPU Region Base Address Register Definitions */
1473:Drivers/CMSIS/Include/core_cm7.h **** #define MPU_RBAR_ADDR_Pos                   5U                                            /*!< MPU 
1474:Drivers/CMSIS/Include/core_cm7.h **** #define MPU_RBAR_ADDR_Msk                  (0x7FFFFFFUL << MPU_RBAR_ADDR_Pos)             /*!< MPU 
1475:Drivers/CMSIS/Include/core_cm7.h **** 
1476:Drivers/CMSIS/Include/core_cm7.h **** #define MPU_RBAR_VALID_Pos                  4U                                            /*!< MPU 
1477:Drivers/CMSIS/Include/core_cm7.h **** #define MPU_RBAR_VALID_Msk                 (1UL << MPU_RBAR_VALID_Pos)                    /*!< MPU 
1478:Drivers/CMSIS/Include/core_cm7.h **** 
1479:Drivers/CMSIS/Include/core_cm7.h **** #define MPU_RBAR_REGION_Pos                 0U                                            /*!< MPU 
1480:Drivers/CMSIS/Include/core_cm7.h **** #define MPU_RBAR_REGION_Msk                (0xFUL /*<< MPU_RBAR_REGION_Pos*/)             /*!< MPU 
1481:Drivers/CMSIS/Include/core_cm7.h **** 
1482:Drivers/CMSIS/Include/core_cm7.h **** /* MPU Region Attribute and Size Register Definitions */
1483:Drivers/CMSIS/Include/core_cm7.h **** #define MPU_RASR_ATTRS_Pos                 16U                                            /*!< MPU 
1484:Drivers/CMSIS/Include/core_cm7.h **** #define MPU_RASR_ATTRS_Msk                 (0xFFFFUL << MPU_RASR_ATTRS_Pos)               /*!< MPU 
1485:Drivers/CMSIS/Include/core_cm7.h **** 
1486:Drivers/CMSIS/Include/core_cm7.h **** #define MPU_RASR_XN_Pos                    28U                                            /*!< MPU 
1487:Drivers/CMSIS/Include/core_cm7.h **** #define MPU_RASR_XN_Msk                    (1UL << MPU_RASR_XN_Pos)                       /*!< MPU 
1488:Drivers/CMSIS/Include/core_cm7.h **** 
1489:Drivers/CMSIS/Include/core_cm7.h **** #define MPU_RASR_AP_Pos                    24U                                            /*!< MPU 
1490:Drivers/CMSIS/Include/core_cm7.h **** #define MPU_RASR_AP_Msk                    (0x7UL << MPU_RASR_AP_Pos)                     /*!< MPU 
1491:Drivers/CMSIS/Include/core_cm7.h **** 
1492:Drivers/CMSIS/Include/core_cm7.h **** #define MPU_RASR_TEX_Pos                   19U                                            /*!< MPU 
1493:Drivers/CMSIS/Include/core_cm7.h **** #define MPU_RASR_TEX_Msk                   (0x7UL << MPU_RASR_TEX_Pos)                    /*!< MPU 
1494:Drivers/CMSIS/Include/core_cm7.h **** 
1495:Drivers/CMSIS/Include/core_cm7.h **** #define MPU_RASR_S_Pos                     18U                                            /*!< MPU 
1496:Drivers/CMSIS/Include/core_cm7.h **** #define MPU_RASR_S_Msk                     (1UL << MPU_RASR_S_Pos)                        /*!< MPU 
1497:Drivers/CMSIS/Include/core_cm7.h **** 
1498:Drivers/CMSIS/Include/core_cm7.h **** #define MPU_RASR_C_Pos                     17U                                            /*!< MPU 
1499:Drivers/CMSIS/Include/core_cm7.h **** #define MPU_RASR_C_Msk                     (1UL << MPU_RASR_C_Pos)                        /*!< MPU 
ARM GAS  C:\Users\simon\AppData\Local\Temp\cceYPmWR.s 			page 57


1500:Drivers/CMSIS/Include/core_cm7.h **** 
1501:Drivers/CMSIS/Include/core_cm7.h **** #define MPU_RASR_B_Pos                     16U                                            /*!< MPU 
1502:Drivers/CMSIS/Include/core_cm7.h **** #define MPU_RASR_B_Msk                     (1UL << MPU_RASR_B_Pos)                        /*!< MPU 
1503:Drivers/CMSIS/Include/core_cm7.h **** 
1504:Drivers/CMSIS/Include/core_cm7.h **** #define MPU_RASR_SRD_Pos                    8U                                            /*!< MPU 
1505:Drivers/CMSIS/Include/core_cm7.h **** #define MPU_RASR_SRD_Msk                   (0xFFUL << MPU_RASR_SRD_Pos)                   /*!< MPU 
1506:Drivers/CMSIS/Include/core_cm7.h **** 
1507:Drivers/CMSIS/Include/core_cm7.h **** #define MPU_RASR_SIZE_Pos                   1U                                            /*!< MPU 
1508:Drivers/CMSIS/Include/core_cm7.h **** #define MPU_RASR_SIZE_Msk                  (0x1FUL << MPU_RASR_SIZE_Pos)                  /*!< MPU 
1509:Drivers/CMSIS/Include/core_cm7.h **** 
1510:Drivers/CMSIS/Include/core_cm7.h **** #define MPU_RASR_ENABLE_Pos                 0U                                            /*!< MPU 
1511:Drivers/CMSIS/Include/core_cm7.h **** #define MPU_RASR_ENABLE_Msk                (1UL /*<< MPU_RASR_ENABLE_Pos*/)               /*!< MPU 
1512:Drivers/CMSIS/Include/core_cm7.h **** 
1513:Drivers/CMSIS/Include/core_cm7.h **** /*@} end of group CMSIS_MPU */
1514:Drivers/CMSIS/Include/core_cm7.h **** #endif /* defined (__MPU_PRESENT) && (__MPU_PRESENT == 1U) */
1515:Drivers/CMSIS/Include/core_cm7.h **** 
1516:Drivers/CMSIS/Include/core_cm7.h **** 
1517:Drivers/CMSIS/Include/core_cm7.h **** /**
1518:Drivers/CMSIS/Include/core_cm7.h ****   \ingroup  CMSIS_core_register
1519:Drivers/CMSIS/Include/core_cm7.h ****   \defgroup CMSIS_FPU     Floating Point Unit (FPU)
1520:Drivers/CMSIS/Include/core_cm7.h ****   \brief    Type definitions for the Floating Point Unit (FPU)
1521:Drivers/CMSIS/Include/core_cm7.h ****   @{
1522:Drivers/CMSIS/Include/core_cm7.h ****  */
1523:Drivers/CMSIS/Include/core_cm7.h **** 
1524:Drivers/CMSIS/Include/core_cm7.h **** /**
1525:Drivers/CMSIS/Include/core_cm7.h ****   \brief  Structure type to access the Floating Point Unit (FPU).
1526:Drivers/CMSIS/Include/core_cm7.h ****  */
1527:Drivers/CMSIS/Include/core_cm7.h **** typedef struct
1528:Drivers/CMSIS/Include/core_cm7.h **** {
1529:Drivers/CMSIS/Include/core_cm7.h ****         uint32_t RESERVED0[1U];
1530:Drivers/CMSIS/Include/core_cm7.h ****   __IOM uint32_t FPCCR;                  /*!< Offset: 0x004 (R/W)  Floating-Point Context Control R
1531:Drivers/CMSIS/Include/core_cm7.h ****   __IOM uint32_t FPCAR;                  /*!< Offset: 0x008 (R/W)  Floating-Point Context Address R
1532:Drivers/CMSIS/Include/core_cm7.h ****   __IOM uint32_t FPDSCR;                 /*!< Offset: 0x00C (R/W)  Floating-Point Default Status Co
1533:Drivers/CMSIS/Include/core_cm7.h ****   __IM  uint32_t MVFR0;                  /*!< Offset: 0x010 (R/ )  Media and FP Feature Register 0 
1534:Drivers/CMSIS/Include/core_cm7.h ****   __IM  uint32_t MVFR1;                  /*!< Offset: 0x014 (R/ )  Media and FP Feature Register 1 
1535:Drivers/CMSIS/Include/core_cm7.h ****   __IM  uint32_t MVFR2;                  /*!< Offset: 0x018 (R/ )  Media and FP Feature Register 2 
1536:Drivers/CMSIS/Include/core_cm7.h **** } FPU_Type;
1537:Drivers/CMSIS/Include/core_cm7.h **** 
1538:Drivers/CMSIS/Include/core_cm7.h **** /* Floating-Point Context Control Register Definitions */
1539:Drivers/CMSIS/Include/core_cm7.h **** #define FPU_FPCCR_ASPEN_Pos                31U                                            /*!< FPCC
1540:Drivers/CMSIS/Include/core_cm7.h **** #define FPU_FPCCR_ASPEN_Msk                (1UL << FPU_FPCCR_ASPEN_Pos)                   /*!< FPCC
1541:Drivers/CMSIS/Include/core_cm7.h **** 
1542:Drivers/CMSIS/Include/core_cm7.h **** #define FPU_FPCCR_LSPEN_Pos                30U                                            /*!< FPCC
1543:Drivers/CMSIS/Include/core_cm7.h **** #define FPU_FPCCR_LSPEN_Msk                (1UL << FPU_FPCCR_LSPEN_Pos)                   /*!< FPCC
1544:Drivers/CMSIS/Include/core_cm7.h **** 
1545:Drivers/CMSIS/Include/core_cm7.h **** #define FPU_FPCCR_MONRDY_Pos                8U                                            /*!< FPCC
1546:Drivers/CMSIS/Include/core_cm7.h **** #define FPU_FPCCR_MONRDY_Msk               (1UL << FPU_FPCCR_MONRDY_Pos)                  /*!< FPCC
1547:Drivers/CMSIS/Include/core_cm7.h **** 
1548:Drivers/CMSIS/Include/core_cm7.h **** #define FPU_FPCCR_BFRDY_Pos                 6U                                            /*!< FPCC
1549:Drivers/CMSIS/Include/core_cm7.h **** #define FPU_FPCCR_BFRDY_Msk                (1UL << FPU_FPCCR_BFRDY_Pos)                   /*!< FPCC
1550:Drivers/CMSIS/Include/core_cm7.h **** 
1551:Drivers/CMSIS/Include/core_cm7.h **** #define FPU_FPCCR_MMRDY_Pos                 5U                                            /*!< FPCC
1552:Drivers/CMSIS/Include/core_cm7.h **** #define FPU_FPCCR_MMRDY_Msk                (1UL << FPU_FPCCR_MMRDY_Pos)                   /*!< FPCC
1553:Drivers/CMSIS/Include/core_cm7.h **** 
1554:Drivers/CMSIS/Include/core_cm7.h **** #define FPU_FPCCR_HFRDY_Pos                 4U                                            /*!< FPCC
1555:Drivers/CMSIS/Include/core_cm7.h **** #define FPU_FPCCR_HFRDY_Msk                (1UL << FPU_FPCCR_HFRDY_Pos)                   /*!< FPCC
1556:Drivers/CMSIS/Include/core_cm7.h **** 
ARM GAS  C:\Users\simon\AppData\Local\Temp\cceYPmWR.s 			page 58


1557:Drivers/CMSIS/Include/core_cm7.h **** #define FPU_FPCCR_THREAD_Pos                3U                                            /*!< FPCC
1558:Drivers/CMSIS/Include/core_cm7.h **** #define FPU_FPCCR_THREAD_Msk               (1UL << FPU_FPCCR_THREAD_Pos)                  /*!< FPCC
1559:Drivers/CMSIS/Include/core_cm7.h **** 
1560:Drivers/CMSIS/Include/core_cm7.h **** #define FPU_FPCCR_USER_Pos                  1U                                            /*!< FPCC
1561:Drivers/CMSIS/Include/core_cm7.h **** #define FPU_FPCCR_USER_Msk                 (1UL << FPU_FPCCR_USER_Pos)                    /*!< FPCC
1562:Drivers/CMSIS/Include/core_cm7.h **** 
1563:Drivers/CMSIS/Include/core_cm7.h **** #define FPU_FPCCR_LSPACT_Pos                0U                                            /*!< FPCC
1564:Drivers/CMSIS/Include/core_cm7.h **** #define FPU_FPCCR_LSPACT_Msk               (1UL /*<< FPU_FPCCR_LSPACT_Pos*/)              /*!< FPCC
1565:Drivers/CMSIS/Include/core_cm7.h **** 
1566:Drivers/CMSIS/Include/core_cm7.h **** /* Floating-Point Context Address Register Definitions */
1567:Drivers/CMSIS/Include/core_cm7.h **** #define FPU_FPCAR_ADDRESS_Pos               3U                                            /*!< FPCA
1568:Drivers/CMSIS/Include/core_cm7.h **** #define FPU_FPCAR_ADDRESS_Msk              (0x1FFFFFFFUL << FPU_FPCAR_ADDRESS_Pos)        /*!< FPCA
1569:Drivers/CMSIS/Include/core_cm7.h **** 
1570:Drivers/CMSIS/Include/core_cm7.h **** /* Floating-Point Default Status Control Register Definitions */
1571:Drivers/CMSIS/Include/core_cm7.h **** #define FPU_FPDSCR_AHP_Pos                 26U                                            /*!< FPDS
1572:Drivers/CMSIS/Include/core_cm7.h **** #define FPU_FPDSCR_AHP_Msk                 (1UL << FPU_FPDSCR_AHP_Pos)                    /*!< FPDS
1573:Drivers/CMSIS/Include/core_cm7.h **** 
1574:Drivers/CMSIS/Include/core_cm7.h **** #define FPU_FPDSCR_DN_Pos                  25U                                            /*!< FPDS
1575:Drivers/CMSIS/Include/core_cm7.h **** #define FPU_FPDSCR_DN_Msk                  (1UL << FPU_FPDSCR_DN_Pos)                     /*!< FPDS
1576:Drivers/CMSIS/Include/core_cm7.h **** 
1577:Drivers/CMSIS/Include/core_cm7.h **** #define FPU_FPDSCR_FZ_Pos                  24U                                            /*!< FPDS
1578:Drivers/CMSIS/Include/core_cm7.h **** #define FPU_FPDSCR_FZ_Msk                  (1UL << FPU_FPDSCR_FZ_Pos)                     /*!< FPDS
1579:Drivers/CMSIS/Include/core_cm7.h **** 
1580:Drivers/CMSIS/Include/core_cm7.h **** #define FPU_FPDSCR_RMode_Pos               22U                                            /*!< FPDS
1581:Drivers/CMSIS/Include/core_cm7.h **** #define FPU_FPDSCR_RMode_Msk               (3UL << FPU_FPDSCR_RMode_Pos)                  /*!< FPDS
1582:Drivers/CMSIS/Include/core_cm7.h **** 
1583:Drivers/CMSIS/Include/core_cm7.h **** /* Media and FP Feature Register 0 Definitions */
1584:Drivers/CMSIS/Include/core_cm7.h **** #define FPU_MVFR0_FP_rounding_modes_Pos    28U                                            /*!< MVFR
1585:Drivers/CMSIS/Include/core_cm7.h **** #define FPU_MVFR0_FP_rounding_modes_Msk    (0xFUL << FPU_MVFR0_FP_rounding_modes_Pos)     /*!< MVFR
1586:Drivers/CMSIS/Include/core_cm7.h **** 
1587:Drivers/CMSIS/Include/core_cm7.h **** #define FPU_MVFR0_Short_vectors_Pos        24U                                            /*!< MVFR
1588:Drivers/CMSIS/Include/core_cm7.h **** #define FPU_MVFR0_Short_vectors_Msk        (0xFUL << FPU_MVFR0_Short_vectors_Pos)         /*!< MVFR
1589:Drivers/CMSIS/Include/core_cm7.h **** 
1590:Drivers/CMSIS/Include/core_cm7.h **** #define FPU_MVFR0_Square_root_Pos          20U                                            /*!< MVFR
1591:Drivers/CMSIS/Include/core_cm7.h **** #define FPU_MVFR0_Square_root_Msk          (0xFUL << FPU_MVFR0_Square_root_Pos)           /*!< MVFR
1592:Drivers/CMSIS/Include/core_cm7.h **** 
1593:Drivers/CMSIS/Include/core_cm7.h **** #define FPU_MVFR0_Divide_Pos               16U                                            /*!< MVFR
1594:Drivers/CMSIS/Include/core_cm7.h **** #define FPU_MVFR0_Divide_Msk               (0xFUL << FPU_MVFR0_Divide_Pos)                /*!< MVFR
1595:Drivers/CMSIS/Include/core_cm7.h **** 
1596:Drivers/CMSIS/Include/core_cm7.h **** #define FPU_MVFR0_FP_excep_trapping_Pos    12U                                            /*!< MVFR
1597:Drivers/CMSIS/Include/core_cm7.h **** #define FPU_MVFR0_FP_excep_trapping_Msk    (0xFUL << FPU_MVFR0_FP_excep_trapping_Pos)     /*!< MVFR
1598:Drivers/CMSIS/Include/core_cm7.h **** 
1599:Drivers/CMSIS/Include/core_cm7.h **** #define FPU_MVFR0_Double_precision_Pos      8U                                            /*!< MVFR
1600:Drivers/CMSIS/Include/core_cm7.h **** #define FPU_MVFR0_Double_precision_Msk     (0xFUL << FPU_MVFR0_Double_precision_Pos)      /*!< MVFR
1601:Drivers/CMSIS/Include/core_cm7.h **** 
1602:Drivers/CMSIS/Include/core_cm7.h **** #define FPU_MVFR0_Single_precision_Pos      4U                                            /*!< MVFR
1603:Drivers/CMSIS/Include/core_cm7.h **** #define FPU_MVFR0_Single_precision_Msk     (0xFUL << FPU_MVFR0_Single_precision_Pos)      /*!< MVFR
1604:Drivers/CMSIS/Include/core_cm7.h **** 
1605:Drivers/CMSIS/Include/core_cm7.h **** #define FPU_MVFR0_A_SIMD_registers_Pos      0U                                            /*!< MVFR
1606:Drivers/CMSIS/Include/core_cm7.h **** #define FPU_MVFR0_A_SIMD_registers_Msk     (0xFUL /*<< FPU_MVFR0_A_SIMD_registers_Pos*/)  /*!< MVFR
1607:Drivers/CMSIS/Include/core_cm7.h **** 
1608:Drivers/CMSIS/Include/core_cm7.h **** /* Media and FP Feature Register 1 Definitions */
1609:Drivers/CMSIS/Include/core_cm7.h **** #define FPU_MVFR1_FP_fused_MAC_Pos         28U                                            /*!< MVFR
1610:Drivers/CMSIS/Include/core_cm7.h **** #define FPU_MVFR1_FP_fused_MAC_Msk         (0xFUL << FPU_MVFR1_FP_fused_MAC_Pos)          /*!< MVFR
1611:Drivers/CMSIS/Include/core_cm7.h **** 
1612:Drivers/CMSIS/Include/core_cm7.h **** #define FPU_MVFR1_FP_HPFP_Pos              24U                                            /*!< MVFR
1613:Drivers/CMSIS/Include/core_cm7.h **** #define FPU_MVFR1_FP_HPFP_Msk              (0xFUL << FPU_MVFR1_FP_HPFP_Pos)               /*!< MVFR
ARM GAS  C:\Users\simon\AppData\Local\Temp\cceYPmWR.s 			page 59


1614:Drivers/CMSIS/Include/core_cm7.h **** 
1615:Drivers/CMSIS/Include/core_cm7.h **** #define FPU_MVFR1_D_NaN_mode_Pos            4U                                            /*!< MVFR
1616:Drivers/CMSIS/Include/core_cm7.h **** #define FPU_MVFR1_D_NaN_mode_Msk           (0xFUL << FPU_MVFR1_D_NaN_mode_Pos)            /*!< MVFR
1617:Drivers/CMSIS/Include/core_cm7.h **** 
1618:Drivers/CMSIS/Include/core_cm7.h **** #define FPU_MVFR1_FtZ_mode_Pos              0U                                            /*!< MVFR
1619:Drivers/CMSIS/Include/core_cm7.h **** #define FPU_MVFR1_FtZ_mode_Msk             (0xFUL /*<< FPU_MVFR1_FtZ_mode_Pos*/)          /*!< MVFR
1620:Drivers/CMSIS/Include/core_cm7.h **** 
1621:Drivers/CMSIS/Include/core_cm7.h **** /* Media and FP Feature Register 2 Definitions */
1622:Drivers/CMSIS/Include/core_cm7.h **** 
1623:Drivers/CMSIS/Include/core_cm7.h **** #define FPU_MVFR2_VFP_Misc_Pos              4U                                            /*!< MVFR
1624:Drivers/CMSIS/Include/core_cm7.h **** #define FPU_MVFR2_VFP_Misc_Msk             (0xFUL << FPU_MVFR2_VFP_Misc_Pos)              /*!< MVFR
1625:Drivers/CMSIS/Include/core_cm7.h **** 
1626:Drivers/CMSIS/Include/core_cm7.h **** /*@} end of group CMSIS_FPU */
1627:Drivers/CMSIS/Include/core_cm7.h **** 
1628:Drivers/CMSIS/Include/core_cm7.h **** 
1629:Drivers/CMSIS/Include/core_cm7.h **** /**
1630:Drivers/CMSIS/Include/core_cm7.h ****   \ingroup  CMSIS_core_register
1631:Drivers/CMSIS/Include/core_cm7.h ****   \defgroup CMSIS_CoreDebug       Core Debug Registers (CoreDebug)
1632:Drivers/CMSIS/Include/core_cm7.h ****   \brief    Type definitions for the Core Debug Registers
1633:Drivers/CMSIS/Include/core_cm7.h ****   @{
1634:Drivers/CMSIS/Include/core_cm7.h ****  */
1635:Drivers/CMSIS/Include/core_cm7.h **** 
1636:Drivers/CMSIS/Include/core_cm7.h **** /**
1637:Drivers/CMSIS/Include/core_cm7.h ****   \brief  Structure type to access the Core Debug Register (CoreDebug).
1638:Drivers/CMSIS/Include/core_cm7.h ****  */
1639:Drivers/CMSIS/Include/core_cm7.h **** typedef struct
1640:Drivers/CMSIS/Include/core_cm7.h **** {
1641:Drivers/CMSIS/Include/core_cm7.h ****   __IOM uint32_t DHCSR;                  /*!< Offset: 0x000 (R/W)  Debug Halting Control and Status
1642:Drivers/CMSIS/Include/core_cm7.h ****   __OM  uint32_t DCRSR;                  /*!< Offset: 0x004 ( /W)  Debug Core Register Selector Reg
1643:Drivers/CMSIS/Include/core_cm7.h ****   __IOM uint32_t DCRDR;                  /*!< Offset: 0x008 (R/W)  Debug Core Register Data Registe
1644:Drivers/CMSIS/Include/core_cm7.h ****   __IOM uint32_t DEMCR;                  /*!< Offset: 0x00C (R/W)  Debug Exception and Monitor Cont
1645:Drivers/CMSIS/Include/core_cm7.h **** } CoreDebug_Type;
1646:Drivers/CMSIS/Include/core_cm7.h **** 
1647:Drivers/CMSIS/Include/core_cm7.h **** /* Debug Halting Control and Status Register Definitions */
1648:Drivers/CMSIS/Include/core_cm7.h **** #define CoreDebug_DHCSR_DBGKEY_Pos         16U                                            /*!< Core
1649:Drivers/CMSIS/Include/core_cm7.h **** #define CoreDebug_DHCSR_DBGKEY_Msk         (0xFFFFUL << CoreDebug_DHCSR_DBGKEY_Pos)       /*!< Core
1650:Drivers/CMSIS/Include/core_cm7.h **** 
1651:Drivers/CMSIS/Include/core_cm7.h **** #define CoreDebug_DHCSR_S_RESET_ST_Pos     25U                                            /*!< Core
1652:Drivers/CMSIS/Include/core_cm7.h **** #define CoreDebug_DHCSR_S_RESET_ST_Msk     (1UL << CoreDebug_DHCSR_S_RESET_ST_Pos)        /*!< Core
1653:Drivers/CMSIS/Include/core_cm7.h **** 
1654:Drivers/CMSIS/Include/core_cm7.h **** #define CoreDebug_DHCSR_S_RETIRE_ST_Pos    24U                                            /*!< Core
1655:Drivers/CMSIS/Include/core_cm7.h **** #define CoreDebug_DHCSR_S_RETIRE_ST_Msk    (1UL << CoreDebug_DHCSR_S_RETIRE_ST_Pos)       /*!< Core
1656:Drivers/CMSIS/Include/core_cm7.h **** 
1657:Drivers/CMSIS/Include/core_cm7.h **** #define CoreDebug_DHCSR_S_LOCKUP_Pos       19U                                            /*!< Core
1658:Drivers/CMSIS/Include/core_cm7.h **** #define CoreDebug_DHCSR_S_LOCKUP_Msk       (1UL << CoreDebug_DHCSR_S_LOCKUP_Pos)          /*!< Core
1659:Drivers/CMSIS/Include/core_cm7.h **** 
1660:Drivers/CMSIS/Include/core_cm7.h **** #define CoreDebug_DHCSR_S_SLEEP_Pos        18U                                            /*!< Core
1661:Drivers/CMSIS/Include/core_cm7.h **** #define CoreDebug_DHCSR_S_SLEEP_Msk        (1UL << CoreDebug_DHCSR_S_SLEEP_Pos)           /*!< Core
1662:Drivers/CMSIS/Include/core_cm7.h **** 
1663:Drivers/CMSIS/Include/core_cm7.h **** #define CoreDebug_DHCSR_S_HALT_Pos         17U                                            /*!< Core
1664:Drivers/CMSIS/Include/core_cm7.h **** #define CoreDebug_DHCSR_S_HALT_Msk         (1UL << CoreDebug_DHCSR_S_HALT_Pos)            /*!< Core
1665:Drivers/CMSIS/Include/core_cm7.h **** 
1666:Drivers/CMSIS/Include/core_cm7.h **** #define CoreDebug_DHCSR_S_REGRDY_Pos       16U                                            /*!< Core
1667:Drivers/CMSIS/Include/core_cm7.h **** #define CoreDebug_DHCSR_S_REGRDY_Msk       (1UL << CoreDebug_DHCSR_S_REGRDY_Pos)          /*!< Core
1668:Drivers/CMSIS/Include/core_cm7.h **** 
1669:Drivers/CMSIS/Include/core_cm7.h **** #define CoreDebug_DHCSR_C_SNAPSTALL_Pos     5U                                            /*!< Core
1670:Drivers/CMSIS/Include/core_cm7.h **** #define CoreDebug_DHCSR_C_SNAPSTALL_Msk    (1UL << CoreDebug_DHCSR_C_SNAPSTALL_Pos)       /*!< Core
ARM GAS  C:\Users\simon\AppData\Local\Temp\cceYPmWR.s 			page 60


1671:Drivers/CMSIS/Include/core_cm7.h **** 
1672:Drivers/CMSIS/Include/core_cm7.h **** #define CoreDebug_DHCSR_C_MASKINTS_Pos      3U                                            /*!< Core
1673:Drivers/CMSIS/Include/core_cm7.h **** #define CoreDebug_DHCSR_C_MASKINTS_Msk     (1UL << CoreDebug_DHCSR_C_MASKINTS_Pos)        /*!< Core
1674:Drivers/CMSIS/Include/core_cm7.h **** 
1675:Drivers/CMSIS/Include/core_cm7.h **** #define CoreDebug_DHCSR_C_STEP_Pos          2U                                            /*!< Core
1676:Drivers/CMSIS/Include/core_cm7.h **** #define CoreDebug_DHCSR_C_STEP_Msk         (1UL << CoreDebug_DHCSR_C_STEP_Pos)            /*!< Core
1677:Drivers/CMSIS/Include/core_cm7.h **** 
1678:Drivers/CMSIS/Include/core_cm7.h **** #define CoreDebug_DHCSR_C_HALT_Pos          1U                                            /*!< Core
1679:Drivers/CMSIS/Include/core_cm7.h **** #define CoreDebug_DHCSR_C_HALT_Msk         (1UL << CoreDebug_DHCSR_C_HALT_Pos)            /*!< Core
1680:Drivers/CMSIS/Include/core_cm7.h **** 
1681:Drivers/CMSIS/Include/core_cm7.h **** #define CoreDebug_DHCSR_C_DEBUGEN_Pos       0U                                            /*!< Core
1682:Drivers/CMSIS/Include/core_cm7.h **** #define CoreDebug_DHCSR_C_DEBUGEN_Msk      (1UL /*<< CoreDebug_DHCSR_C_DEBUGEN_Pos*/)     /*!< Core
1683:Drivers/CMSIS/Include/core_cm7.h **** 
1684:Drivers/CMSIS/Include/core_cm7.h **** /* Debug Core Register Selector Register Definitions */
1685:Drivers/CMSIS/Include/core_cm7.h **** #define CoreDebug_DCRSR_REGWnR_Pos         16U                                            /*!< Core
1686:Drivers/CMSIS/Include/core_cm7.h **** #define CoreDebug_DCRSR_REGWnR_Msk         (1UL << CoreDebug_DCRSR_REGWnR_Pos)            /*!< Core
1687:Drivers/CMSIS/Include/core_cm7.h **** 
1688:Drivers/CMSIS/Include/core_cm7.h **** #define CoreDebug_DCRSR_REGSEL_Pos          0U                                            /*!< Core
1689:Drivers/CMSIS/Include/core_cm7.h **** #define CoreDebug_DCRSR_REGSEL_Msk         (0x1FUL /*<< CoreDebug_DCRSR_REGSEL_Pos*/)     /*!< Core
1690:Drivers/CMSIS/Include/core_cm7.h **** 
1691:Drivers/CMSIS/Include/core_cm7.h **** /* Debug Exception and Monitor Control Register Definitions */
1692:Drivers/CMSIS/Include/core_cm7.h **** #define CoreDebug_DEMCR_TRCENA_Pos         24U                                            /*!< Core
1693:Drivers/CMSIS/Include/core_cm7.h **** #define CoreDebug_DEMCR_TRCENA_Msk         (1UL << CoreDebug_DEMCR_TRCENA_Pos)            /*!< Core
1694:Drivers/CMSIS/Include/core_cm7.h **** 
1695:Drivers/CMSIS/Include/core_cm7.h **** #define CoreDebug_DEMCR_MON_REQ_Pos        19U                                            /*!< Core
1696:Drivers/CMSIS/Include/core_cm7.h **** #define CoreDebug_DEMCR_MON_REQ_Msk        (1UL << CoreDebug_DEMCR_MON_REQ_Pos)           /*!< Core
1697:Drivers/CMSIS/Include/core_cm7.h **** 
1698:Drivers/CMSIS/Include/core_cm7.h **** #define CoreDebug_DEMCR_MON_STEP_Pos       18U                                            /*!< Core
1699:Drivers/CMSIS/Include/core_cm7.h **** #define CoreDebug_DEMCR_MON_STEP_Msk       (1UL << CoreDebug_DEMCR_MON_STEP_Pos)          /*!< Core
1700:Drivers/CMSIS/Include/core_cm7.h **** 
1701:Drivers/CMSIS/Include/core_cm7.h **** #define CoreDebug_DEMCR_MON_PEND_Pos       17U                                            /*!< Core
1702:Drivers/CMSIS/Include/core_cm7.h **** #define CoreDebug_DEMCR_MON_PEND_Msk       (1UL << CoreDebug_DEMCR_MON_PEND_Pos)          /*!< Core
1703:Drivers/CMSIS/Include/core_cm7.h **** 
1704:Drivers/CMSIS/Include/core_cm7.h **** #define CoreDebug_DEMCR_MON_EN_Pos         16U                                            /*!< Core
1705:Drivers/CMSIS/Include/core_cm7.h **** #define CoreDebug_DEMCR_MON_EN_Msk         (1UL << CoreDebug_DEMCR_MON_EN_Pos)            /*!< Core
1706:Drivers/CMSIS/Include/core_cm7.h **** 
1707:Drivers/CMSIS/Include/core_cm7.h **** #define CoreDebug_DEMCR_VC_HARDERR_Pos     10U                                            /*!< Core
1708:Drivers/CMSIS/Include/core_cm7.h **** #define CoreDebug_DEMCR_VC_HARDERR_Msk     (1UL << CoreDebug_DEMCR_VC_HARDERR_Pos)        /*!< Core
1709:Drivers/CMSIS/Include/core_cm7.h **** 
1710:Drivers/CMSIS/Include/core_cm7.h **** #define CoreDebug_DEMCR_VC_INTERR_Pos       9U                                            /*!< Core
1711:Drivers/CMSIS/Include/core_cm7.h **** #define CoreDebug_DEMCR_VC_INTERR_Msk      (1UL << CoreDebug_DEMCR_VC_INTERR_Pos)         /*!< Core
1712:Drivers/CMSIS/Include/core_cm7.h **** 
1713:Drivers/CMSIS/Include/core_cm7.h **** #define CoreDebug_DEMCR_VC_BUSERR_Pos       8U                                            /*!< Core
1714:Drivers/CMSIS/Include/core_cm7.h **** #define CoreDebug_DEMCR_VC_BUSERR_Msk      (1UL << CoreDebug_DEMCR_VC_BUSERR_Pos)         /*!< Core
1715:Drivers/CMSIS/Include/core_cm7.h **** 
1716:Drivers/CMSIS/Include/core_cm7.h **** #define CoreDebug_DEMCR_VC_STATERR_Pos      7U                                            /*!< Core
1717:Drivers/CMSIS/Include/core_cm7.h **** #define CoreDebug_DEMCR_VC_STATERR_Msk     (1UL << CoreDebug_DEMCR_VC_STATERR_Pos)        /*!< Core
1718:Drivers/CMSIS/Include/core_cm7.h **** 
1719:Drivers/CMSIS/Include/core_cm7.h **** #define CoreDebug_DEMCR_VC_CHKERR_Pos       6U                                            /*!< Core
1720:Drivers/CMSIS/Include/core_cm7.h **** #define CoreDebug_DEMCR_VC_CHKERR_Msk      (1UL << CoreDebug_DEMCR_VC_CHKERR_Pos)         /*!< Core
1721:Drivers/CMSIS/Include/core_cm7.h **** 
1722:Drivers/CMSIS/Include/core_cm7.h **** #define CoreDebug_DEMCR_VC_NOCPERR_Pos      5U                                            /*!< Core
1723:Drivers/CMSIS/Include/core_cm7.h **** #define CoreDebug_DEMCR_VC_NOCPERR_Msk     (1UL << CoreDebug_DEMCR_VC_NOCPERR_Pos)        /*!< Core
1724:Drivers/CMSIS/Include/core_cm7.h **** 
1725:Drivers/CMSIS/Include/core_cm7.h **** #define CoreDebug_DEMCR_VC_MMERR_Pos        4U                                            /*!< Core
1726:Drivers/CMSIS/Include/core_cm7.h **** #define CoreDebug_DEMCR_VC_MMERR_Msk       (1UL << CoreDebug_DEMCR_VC_MMERR_Pos)          /*!< Core
1727:Drivers/CMSIS/Include/core_cm7.h **** 
ARM GAS  C:\Users\simon\AppData\Local\Temp\cceYPmWR.s 			page 61


1728:Drivers/CMSIS/Include/core_cm7.h **** #define CoreDebug_DEMCR_VC_CORERESET_Pos    0U                                            /*!< Core
1729:Drivers/CMSIS/Include/core_cm7.h **** #define CoreDebug_DEMCR_VC_CORERESET_Msk   (1UL /*<< CoreDebug_DEMCR_VC_CORERESET_Pos*/)  /*!< Core
1730:Drivers/CMSIS/Include/core_cm7.h **** 
1731:Drivers/CMSIS/Include/core_cm7.h **** /*@} end of group CMSIS_CoreDebug */
1732:Drivers/CMSIS/Include/core_cm7.h **** 
1733:Drivers/CMSIS/Include/core_cm7.h **** 
1734:Drivers/CMSIS/Include/core_cm7.h **** /**
1735:Drivers/CMSIS/Include/core_cm7.h ****   \ingroup    CMSIS_core_register
1736:Drivers/CMSIS/Include/core_cm7.h ****   \defgroup   CMSIS_core_bitfield     Core register bit field macros
1737:Drivers/CMSIS/Include/core_cm7.h ****   \brief      Macros for use with bit field definitions (xxx_Pos, xxx_Msk).
1738:Drivers/CMSIS/Include/core_cm7.h ****   @{
1739:Drivers/CMSIS/Include/core_cm7.h ****  */
1740:Drivers/CMSIS/Include/core_cm7.h **** 
1741:Drivers/CMSIS/Include/core_cm7.h **** /**
1742:Drivers/CMSIS/Include/core_cm7.h ****   \brief   Mask and shift a bit field value for use in a register bit range.
1743:Drivers/CMSIS/Include/core_cm7.h ****   \param[in] field  Name of the register bit field.
1744:Drivers/CMSIS/Include/core_cm7.h ****   \param[in] value  Value of the bit field. This parameter is interpreted as an uint32_t type.
1745:Drivers/CMSIS/Include/core_cm7.h ****   \return           Masked and shifted value.
1746:Drivers/CMSIS/Include/core_cm7.h **** */
1747:Drivers/CMSIS/Include/core_cm7.h **** #define _VAL2FLD(field, value)    (((uint32_t)(value) << field ## _Pos) & field ## _Msk)
1748:Drivers/CMSIS/Include/core_cm7.h **** 
1749:Drivers/CMSIS/Include/core_cm7.h **** /**
1750:Drivers/CMSIS/Include/core_cm7.h ****   \brief     Mask and shift a register value to extract a bit filed value.
1751:Drivers/CMSIS/Include/core_cm7.h ****   \param[in] field  Name of the register bit field.
1752:Drivers/CMSIS/Include/core_cm7.h ****   \param[in] value  Value of register. This parameter is interpreted as an uint32_t type.
1753:Drivers/CMSIS/Include/core_cm7.h ****   \return           Masked and shifted bit field value.
1754:Drivers/CMSIS/Include/core_cm7.h **** */
1755:Drivers/CMSIS/Include/core_cm7.h **** #define _FLD2VAL(field, value)    (((uint32_t)(value) & field ## _Msk) >> field ## _Pos)
1756:Drivers/CMSIS/Include/core_cm7.h **** 
1757:Drivers/CMSIS/Include/core_cm7.h **** /*@} end of group CMSIS_core_bitfield */
1758:Drivers/CMSIS/Include/core_cm7.h **** 
1759:Drivers/CMSIS/Include/core_cm7.h **** 
1760:Drivers/CMSIS/Include/core_cm7.h **** /**
1761:Drivers/CMSIS/Include/core_cm7.h ****   \ingroup    CMSIS_core_register
1762:Drivers/CMSIS/Include/core_cm7.h ****   \defgroup   CMSIS_core_base     Core Definitions
1763:Drivers/CMSIS/Include/core_cm7.h ****   \brief      Definitions for base addresses, unions, and structures.
1764:Drivers/CMSIS/Include/core_cm7.h ****   @{
1765:Drivers/CMSIS/Include/core_cm7.h ****  */
1766:Drivers/CMSIS/Include/core_cm7.h **** 
1767:Drivers/CMSIS/Include/core_cm7.h **** /* Memory mapping of Core Hardware */
1768:Drivers/CMSIS/Include/core_cm7.h **** #define SCS_BASE            (0xE000E000UL)                            /*!< System Control Space Bas
1769:Drivers/CMSIS/Include/core_cm7.h **** #define ITM_BASE            (0xE0000000UL)                            /*!< ITM Base Address */
1770:Drivers/CMSIS/Include/core_cm7.h **** #define DWT_BASE            (0xE0001000UL)                            /*!< DWT Base Address */
1771:Drivers/CMSIS/Include/core_cm7.h **** #define TPI_BASE            (0xE0040000UL)                            /*!< TPI Base Address */
1772:Drivers/CMSIS/Include/core_cm7.h **** #define CoreDebug_BASE      (0xE000EDF0UL)                            /*!< Core Debug Base Address 
1773:Drivers/CMSIS/Include/core_cm7.h **** #define SysTick_BASE        (SCS_BASE +  0x0010UL)                    /*!< SysTick Base Address */
1774:Drivers/CMSIS/Include/core_cm7.h **** #define NVIC_BASE           (SCS_BASE +  0x0100UL)                    /*!< NVIC Base Address */
1775:Drivers/CMSIS/Include/core_cm7.h **** #define SCB_BASE            (SCS_BASE +  0x0D00UL)                    /*!< System Control Block Bas
1776:Drivers/CMSIS/Include/core_cm7.h **** 
1777:Drivers/CMSIS/Include/core_cm7.h **** #define SCnSCB              ((SCnSCB_Type    *)     SCS_BASE      )   /*!< System control Register 
1778:Drivers/CMSIS/Include/core_cm7.h **** #define SCB                 ((SCB_Type       *)     SCB_BASE      )   /*!< SCB configuration struct
1779:Drivers/CMSIS/Include/core_cm7.h **** #define SysTick             ((SysTick_Type   *)     SysTick_BASE  )   /*!< SysTick configuration st
1780:Drivers/CMSIS/Include/core_cm7.h **** #define NVIC                ((NVIC_Type      *)     NVIC_BASE     )   /*!< NVIC configuration struc
1781:Drivers/CMSIS/Include/core_cm7.h **** #define ITM                 ((ITM_Type       *)     ITM_BASE      )   /*!< ITM configuration struct
1782:Drivers/CMSIS/Include/core_cm7.h **** #define DWT                 ((DWT_Type       *)     DWT_BASE      )   /*!< DWT configuration struct
1783:Drivers/CMSIS/Include/core_cm7.h **** #define TPI                 ((TPI_Type       *)     TPI_BASE      )   /*!< TPI configuration struct
1784:Drivers/CMSIS/Include/core_cm7.h **** #define CoreDebug           ((CoreDebug_Type *)     CoreDebug_BASE)   /*!< Core Debug configuration
ARM GAS  C:\Users\simon\AppData\Local\Temp\cceYPmWR.s 			page 62


1785:Drivers/CMSIS/Include/core_cm7.h **** 
1786:Drivers/CMSIS/Include/core_cm7.h **** #if defined (__MPU_PRESENT) && (__MPU_PRESENT == 1U)
1787:Drivers/CMSIS/Include/core_cm7.h ****   #define MPU_BASE          (SCS_BASE +  0x0D90UL)                    /*!< Memory Protection Unit *
1788:Drivers/CMSIS/Include/core_cm7.h ****   #define MPU               ((MPU_Type       *)     MPU_BASE      )   /*!< Memory Protection Unit *
1789:Drivers/CMSIS/Include/core_cm7.h **** #endif
1790:Drivers/CMSIS/Include/core_cm7.h **** 
1791:Drivers/CMSIS/Include/core_cm7.h **** #define FPU_BASE            (SCS_BASE +  0x0F30UL)                    /*!< Floating Point Unit */
1792:Drivers/CMSIS/Include/core_cm7.h **** #define FPU                 ((FPU_Type       *)     FPU_BASE      )   /*!< Floating Point Unit */
1793:Drivers/CMSIS/Include/core_cm7.h **** 
1794:Drivers/CMSIS/Include/core_cm7.h **** /*@} */
1795:Drivers/CMSIS/Include/core_cm7.h **** 
1796:Drivers/CMSIS/Include/core_cm7.h **** 
1797:Drivers/CMSIS/Include/core_cm7.h **** 
1798:Drivers/CMSIS/Include/core_cm7.h **** /*******************************************************************************
1799:Drivers/CMSIS/Include/core_cm7.h ****  *                Hardware Abstraction Layer
1800:Drivers/CMSIS/Include/core_cm7.h ****   Core Function Interface contains:
1801:Drivers/CMSIS/Include/core_cm7.h ****   - Core NVIC Functions
1802:Drivers/CMSIS/Include/core_cm7.h ****   - Core SysTick Functions
1803:Drivers/CMSIS/Include/core_cm7.h ****   - Core Debug Functions
1804:Drivers/CMSIS/Include/core_cm7.h ****   - Core Register Access Functions
1805:Drivers/CMSIS/Include/core_cm7.h ****  ******************************************************************************/
1806:Drivers/CMSIS/Include/core_cm7.h **** /**
1807:Drivers/CMSIS/Include/core_cm7.h ****   \defgroup CMSIS_Core_FunctionInterface Functions and Instructions Reference
1808:Drivers/CMSIS/Include/core_cm7.h **** */
1809:Drivers/CMSIS/Include/core_cm7.h **** 
1810:Drivers/CMSIS/Include/core_cm7.h **** 
1811:Drivers/CMSIS/Include/core_cm7.h **** 
1812:Drivers/CMSIS/Include/core_cm7.h **** /* ##########################   NVIC functions  #################################### */
1813:Drivers/CMSIS/Include/core_cm7.h **** /**
1814:Drivers/CMSIS/Include/core_cm7.h ****   \ingroup  CMSIS_Core_FunctionInterface
1815:Drivers/CMSIS/Include/core_cm7.h ****   \defgroup CMSIS_Core_NVICFunctions NVIC Functions
1816:Drivers/CMSIS/Include/core_cm7.h ****   \brief    Functions that manage interrupts and exceptions via the NVIC.
1817:Drivers/CMSIS/Include/core_cm7.h ****   @{
1818:Drivers/CMSIS/Include/core_cm7.h ****  */
1819:Drivers/CMSIS/Include/core_cm7.h **** 
1820:Drivers/CMSIS/Include/core_cm7.h **** #ifdef CMSIS_NVIC_VIRTUAL
1821:Drivers/CMSIS/Include/core_cm7.h ****   #ifndef CMSIS_NVIC_VIRTUAL_HEADER_FILE
1822:Drivers/CMSIS/Include/core_cm7.h ****     #define CMSIS_NVIC_VIRTUAL_HEADER_FILE "cmsis_nvic_virtual.h"
1823:Drivers/CMSIS/Include/core_cm7.h ****   #endif
1824:Drivers/CMSIS/Include/core_cm7.h ****   #include CMSIS_NVIC_VIRTUAL_HEADER_FILE
1825:Drivers/CMSIS/Include/core_cm7.h **** #else
1826:Drivers/CMSIS/Include/core_cm7.h ****   #define NVIC_SetPriorityGrouping    __NVIC_SetPriorityGrouping
1827:Drivers/CMSIS/Include/core_cm7.h ****   #define NVIC_GetPriorityGrouping    __NVIC_GetPriorityGrouping
1828:Drivers/CMSIS/Include/core_cm7.h ****   #define NVIC_EnableIRQ              __NVIC_EnableIRQ
1829:Drivers/CMSIS/Include/core_cm7.h ****   #define NVIC_GetEnableIRQ           __NVIC_GetEnableIRQ
1830:Drivers/CMSIS/Include/core_cm7.h ****   #define NVIC_DisableIRQ             __NVIC_DisableIRQ
1831:Drivers/CMSIS/Include/core_cm7.h ****   #define NVIC_GetPendingIRQ          __NVIC_GetPendingIRQ
1832:Drivers/CMSIS/Include/core_cm7.h ****   #define NVIC_SetPendingIRQ          __NVIC_SetPendingIRQ
1833:Drivers/CMSIS/Include/core_cm7.h ****   #define NVIC_ClearPendingIRQ        __NVIC_ClearPendingIRQ
1834:Drivers/CMSIS/Include/core_cm7.h ****   #define NVIC_GetActive              __NVIC_GetActive
1835:Drivers/CMSIS/Include/core_cm7.h ****   #define NVIC_SetPriority            __NVIC_SetPriority
1836:Drivers/CMSIS/Include/core_cm7.h ****   #define NVIC_GetPriority            __NVIC_GetPriority
1837:Drivers/CMSIS/Include/core_cm7.h ****   #define NVIC_SystemReset            __NVIC_SystemReset
1838:Drivers/CMSIS/Include/core_cm7.h **** #endif /* CMSIS_NVIC_VIRTUAL */
1839:Drivers/CMSIS/Include/core_cm7.h **** 
1840:Drivers/CMSIS/Include/core_cm7.h **** #ifdef CMSIS_VECTAB_VIRTUAL
1841:Drivers/CMSIS/Include/core_cm7.h ****   #ifndef CMSIS_VECTAB_VIRTUAL_HEADER_FILE
ARM GAS  C:\Users\simon\AppData\Local\Temp\cceYPmWR.s 			page 63


1842:Drivers/CMSIS/Include/core_cm7.h ****     #define CMSIS_VECTAB_VIRTUAL_HEADER_FILE "cmsis_vectab_virtual.h"
1843:Drivers/CMSIS/Include/core_cm7.h ****   #endif
1844:Drivers/CMSIS/Include/core_cm7.h ****   #include CMSIS_VECTAB_VIRTUAL_HEADER_FILE
1845:Drivers/CMSIS/Include/core_cm7.h **** #else
1846:Drivers/CMSIS/Include/core_cm7.h ****   #define NVIC_SetVector              __NVIC_SetVector
1847:Drivers/CMSIS/Include/core_cm7.h ****   #define NVIC_GetVector              __NVIC_GetVector
1848:Drivers/CMSIS/Include/core_cm7.h **** #endif  /* (CMSIS_VECTAB_VIRTUAL) */
1849:Drivers/CMSIS/Include/core_cm7.h **** 
1850:Drivers/CMSIS/Include/core_cm7.h **** #define NVIC_USER_IRQ_OFFSET          16
1851:Drivers/CMSIS/Include/core_cm7.h **** 
1852:Drivers/CMSIS/Include/core_cm7.h **** 
1853:Drivers/CMSIS/Include/core_cm7.h **** /* The following EXC_RETURN values are saved the LR on exception entry */
1854:Drivers/CMSIS/Include/core_cm7.h **** #define EXC_RETURN_HANDLER         (0xFFFFFFF1UL)     /* return to Handler mode, uses MSP after ret
1855:Drivers/CMSIS/Include/core_cm7.h **** #define EXC_RETURN_THREAD_MSP      (0xFFFFFFF9UL)     /* return to Thread mode, uses MSP after retu
1856:Drivers/CMSIS/Include/core_cm7.h **** #define EXC_RETURN_THREAD_PSP      (0xFFFFFFFDUL)     /* return to Thread mode, uses PSP after retu
1857:Drivers/CMSIS/Include/core_cm7.h **** #define EXC_RETURN_HANDLER_FPU     (0xFFFFFFE1UL)     /* return to Handler mode, uses MSP after ret
1858:Drivers/CMSIS/Include/core_cm7.h **** #define EXC_RETURN_THREAD_MSP_FPU  (0xFFFFFFE9UL)     /* return to Thread mode, uses MSP after retu
1859:Drivers/CMSIS/Include/core_cm7.h **** #define EXC_RETURN_THREAD_PSP_FPU  (0xFFFFFFEDUL)     /* return to Thread mode, uses PSP after retu
1860:Drivers/CMSIS/Include/core_cm7.h **** 
1861:Drivers/CMSIS/Include/core_cm7.h **** 
1862:Drivers/CMSIS/Include/core_cm7.h **** /**
1863:Drivers/CMSIS/Include/core_cm7.h ****   \brief   Set Priority Grouping
1864:Drivers/CMSIS/Include/core_cm7.h ****   \details Sets the priority grouping field using the required unlock sequence.
1865:Drivers/CMSIS/Include/core_cm7.h ****            The parameter PriorityGroup is assigned to the field SCB->AIRCR [10:8] PRIGROUP field.
1866:Drivers/CMSIS/Include/core_cm7.h ****            Only values from 0..7 are used.
1867:Drivers/CMSIS/Include/core_cm7.h ****            In case of a conflict between priority grouping and available
1868:Drivers/CMSIS/Include/core_cm7.h ****            priority bits (__NVIC_PRIO_BITS), the smallest possible priority group is set.
1869:Drivers/CMSIS/Include/core_cm7.h ****   \param [in]      PriorityGroup  Priority grouping field.
1870:Drivers/CMSIS/Include/core_cm7.h ****  */
1871:Drivers/CMSIS/Include/core_cm7.h **** __STATIC_INLINE void __NVIC_SetPriorityGrouping(uint32_t PriorityGroup)
1872:Drivers/CMSIS/Include/core_cm7.h **** {
1873:Drivers/CMSIS/Include/core_cm7.h ****   uint32_t reg_value;
1874:Drivers/CMSIS/Include/core_cm7.h ****   uint32_t PriorityGroupTmp = (PriorityGroup & (uint32_t)0x07UL);             /* only values 0..7 a
1875:Drivers/CMSIS/Include/core_cm7.h **** 
1876:Drivers/CMSIS/Include/core_cm7.h ****   reg_value  =  SCB->AIRCR;                                                   /* read old register 
1877:Drivers/CMSIS/Include/core_cm7.h ****   reg_value &= ~((uint32_t)(SCB_AIRCR_VECTKEY_Msk | SCB_AIRCR_PRIGROUP_Msk)); /* clear bits to chan
1878:Drivers/CMSIS/Include/core_cm7.h ****   reg_value  =  (reg_value                                   |
1879:Drivers/CMSIS/Include/core_cm7.h ****                 ((uint32_t)0x5FAUL << SCB_AIRCR_VECTKEY_Pos) |
1880:Drivers/CMSIS/Include/core_cm7.h ****                 (PriorityGroupTmp << SCB_AIRCR_PRIGROUP_Pos)  );              /* Insert write key a
1881:Drivers/CMSIS/Include/core_cm7.h ****   SCB->AIRCR =  reg_value;
1882:Drivers/CMSIS/Include/core_cm7.h **** }
1883:Drivers/CMSIS/Include/core_cm7.h **** 
1884:Drivers/CMSIS/Include/core_cm7.h **** 
1885:Drivers/CMSIS/Include/core_cm7.h **** /**
1886:Drivers/CMSIS/Include/core_cm7.h ****   \brief   Get Priority Grouping
1887:Drivers/CMSIS/Include/core_cm7.h ****   \details Reads the priority grouping field from the NVIC Interrupt Controller.
1888:Drivers/CMSIS/Include/core_cm7.h ****   \return                Priority grouping field (SCB->AIRCR [10:8] PRIGROUP field).
1889:Drivers/CMSIS/Include/core_cm7.h ****  */
1890:Drivers/CMSIS/Include/core_cm7.h **** __STATIC_INLINE uint32_t __NVIC_GetPriorityGrouping(void)
1891:Drivers/CMSIS/Include/core_cm7.h **** {
1892:Drivers/CMSIS/Include/core_cm7.h ****   return ((uint32_t)((SCB->AIRCR & SCB_AIRCR_PRIGROUP_Msk) >> SCB_AIRCR_PRIGROUP_Pos));
1893:Drivers/CMSIS/Include/core_cm7.h **** }
1894:Drivers/CMSIS/Include/core_cm7.h **** 
1895:Drivers/CMSIS/Include/core_cm7.h **** 
1896:Drivers/CMSIS/Include/core_cm7.h **** /**
1897:Drivers/CMSIS/Include/core_cm7.h ****   \brief   Enable Interrupt
1898:Drivers/CMSIS/Include/core_cm7.h ****   \details Enables a device specific interrupt in the NVIC interrupt controller.
ARM GAS  C:\Users\simon\AppData\Local\Temp\cceYPmWR.s 			page 64


1899:Drivers/CMSIS/Include/core_cm7.h ****   \param [in]      IRQn  Device specific interrupt number.
1900:Drivers/CMSIS/Include/core_cm7.h ****   \note    IRQn must not be negative.
1901:Drivers/CMSIS/Include/core_cm7.h ****  */
1902:Drivers/CMSIS/Include/core_cm7.h **** __STATIC_INLINE void __NVIC_EnableIRQ(IRQn_Type IRQn)
1903:Drivers/CMSIS/Include/core_cm7.h **** {
1904:Drivers/CMSIS/Include/core_cm7.h ****   if ((int32_t)(IRQn) >= 0)
1905:Drivers/CMSIS/Include/core_cm7.h ****   {
1906:Drivers/CMSIS/Include/core_cm7.h ****     __COMPILER_BARRIER();
1907:Drivers/CMSIS/Include/core_cm7.h ****     NVIC->ISER[(((uint32_t)IRQn) >> 5UL)] = (uint32_t)(1UL << (((uint32_t)IRQn) & 0x1FUL));
1908:Drivers/CMSIS/Include/core_cm7.h ****     __COMPILER_BARRIER();
1909:Drivers/CMSIS/Include/core_cm7.h ****   }
1910:Drivers/CMSIS/Include/core_cm7.h **** }
1911:Drivers/CMSIS/Include/core_cm7.h **** 
1912:Drivers/CMSIS/Include/core_cm7.h **** 
1913:Drivers/CMSIS/Include/core_cm7.h **** /**
1914:Drivers/CMSIS/Include/core_cm7.h ****   \brief   Get Interrupt Enable status
1915:Drivers/CMSIS/Include/core_cm7.h ****   \details Returns a device specific interrupt enable status from the NVIC interrupt controller.
1916:Drivers/CMSIS/Include/core_cm7.h ****   \param [in]      IRQn  Device specific interrupt number.
1917:Drivers/CMSIS/Include/core_cm7.h ****   \return             0  Interrupt is not enabled.
1918:Drivers/CMSIS/Include/core_cm7.h ****   \return             1  Interrupt is enabled.
1919:Drivers/CMSIS/Include/core_cm7.h ****   \note    IRQn must not be negative.
1920:Drivers/CMSIS/Include/core_cm7.h ****  */
1921:Drivers/CMSIS/Include/core_cm7.h **** __STATIC_INLINE uint32_t __NVIC_GetEnableIRQ(IRQn_Type IRQn)
1922:Drivers/CMSIS/Include/core_cm7.h **** {
1923:Drivers/CMSIS/Include/core_cm7.h ****   if ((int32_t)(IRQn) >= 0)
1924:Drivers/CMSIS/Include/core_cm7.h ****   {
1925:Drivers/CMSIS/Include/core_cm7.h ****     return((uint32_t)(((NVIC->ISER[(((uint32_t)IRQn) >> 5UL)] & (1UL << (((uint32_t)IRQn) & 0x1FUL)
1926:Drivers/CMSIS/Include/core_cm7.h ****   }
1927:Drivers/CMSIS/Include/core_cm7.h ****   else
1928:Drivers/CMSIS/Include/core_cm7.h ****   {
1929:Drivers/CMSIS/Include/core_cm7.h ****     return(0U);
1930:Drivers/CMSIS/Include/core_cm7.h ****   }
1931:Drivers/CMSIS/Include/core_cm7.h **** }
1932:Drivers/CMSIS/Include/core_cm7.h **** 
1933:Drivers/CMSIS/Include/core_cm7.h **** 
1934:Drivers/CMSIS/Include/core_cm7.h **** /**
1935:Drivers/CMSIS/Include/core_cm7.h ****   \brief   Disable Interrupt
1936:Drivers/CMSIS/Include/core_cm7.h ****   \details Disables a device specific interrupt in the NVIC interrupt controller.
1937:Drivers/CMSIS/Include/core_cm7.h ****   \param [in]      IRQn  Device specific interrupt number.
1938:Drivers/CMSIS/Include/core_cm7.h ****   \note    IRQn must not be negative.
1939:Drivers/CMSIS/Include/core_cm7.h ****  */
1940:Drivers/CMSIS/Include/core_cm7.h **** __STATIC_INLINE void __NVIC_DisableIRQ(IRQn_Type IRQn)
1941:Drivers/CMSIS/Include/core_cm7.h **** {
1942:Drivers/CMSIS/Include/core_cm7.h ****   if ((int32_t)(IRQn) >= 0)
1943:Drivers/CMSIS/Include/core_cm7.h ****   {
1944:Drivers/CMSIS/Include/core_cm7.h ****     NVIC->ICER[(((uint32_t)IRQn) >> 5UL)] = (uint32_t)(1UL << (((uint32_t)IRQn) & 0x1FUL));
1945:Drivers/CMSIS/Include/core_cm7.h ****     __DSB();
1946:Drivers/CMSIS/Include/core_cm7.h ****     __ISB();
1947:Drivers/CMSIS/Include/core_cm7.h ****   }
1948:Drivers/CMSIS/Include/core_cm7.h **** }
1949:Drivers/CMSIS/Include/core_cm7.h **** 
1950:Drivers/CMSIS/Include/core_cm7.h **** 
1951:Drivers/CMSIS/Include/core_cm7.h **** /**
1952:Drivers/CMSIS/Include/core_cm7.h ****   \brief   Get Pending Interrupt
1953:Drivers/CMSIS/Include/core_cm7.h ****   \details Reads the NVIC pending register and returns the pending bit for the specified device spe
1954:Drivers/CMSIS/Include/core_cm7.h ****   \param [in]      IRQn  Device specific interrupt number.
1955:Drivers/CMSIS/Include/core_cm7.h ****   \return             0  Interrupt status is not pending.
ARM GAS  C:\Users\simon\AppData\Local\Temp\cceYPmWR.s 			page 65


1956:Drivers/CMSIS/Include/core_cm7.h ****   \return             1  Interrupt status is pending.
1957:Drivers/CMSIS/Include/core_cm7.h ****   \note    IRQn must not be negative.
1958:Drivers/CMSIS/Include/core_cm7.h ****  */
1959:Drivers/CMSIS/Include/core_cm7.h **** __STATIC_INLINE uint32_t __NVIC_GetPendingIRQ(IRQn_Type IRQn)
1960:Drivers/CMSIS/Include/core_cm7.h **** {
1961:Drivers/CMSIS/Include/core_cm7.h ****   if ((int32_t)(IRQn) >= 0)
1962:Drivers/CMSIS/Include/core_cm7.h ****   {
1963:Drivers/CMSIS/Include/core_cm7.h ****     return((uint32_t)(((NVIC->ISPR[(((uint32_t)IRQn) >> 5UL)] & (1UL << (((uint32_t)IRQn) & 0x1FUL)
1964:Drivers/CMSIS/Include/core_cm7.h ****   }
1965:Drivers/CMSIS/Include/core_cm7.h ****   else
1966:Drivers/CMSIS/Include/core_cm7.h ****   {
1967:Drivers/CMSIS/Include/core_cm7.h ****     return(0U);
1968:Drivers/CMSIS/Include/core_cm7.h ****   }
1969:Drivers/CMSIS/Include/core_cm7.h **** }
1970:Drivers/CMSIS/Include/core_cm7.h **** 
1971:Drivers/CMSIS/Include/core_cm7.h **** 
1972:Drivers/CMSIS/Include/core_cm7.h **** /**
1973:Drivers/CMSIS/Include/core_cm7.h ****   \brief   Set Pending Interrupt
1974:Drivers/CMSIS/Include/core_cm7.h ****   \details Sets the pending bit of a device specific interrupt in the NVIC pending register.
1975:Drivers/CMSIS/Include/core_cm7.h ****   \param [in]      IRQn  Device specific interrupt number.
1976:Drivers/CMSIS/Include/core_cm7.h ****   \note    IRQn must not be negative.
1977:Drivers/CMSIS/Include/core_cm7.h ****  */
1978:Drivers/CMSIS/Include/core_cm7.h **** __STATIC_INLINE void __NVIC_SetPendingIRQ(IRQn_Type IRQn)
1979:Drivers/CMSIS/Include/core_cm7.h **** {
1980:Drivers/CMSIS/Include/core_cm7.h ****   if ((int32_t)(IRQn) >= 0)
1981:Drivers/CMSIS/Include/core_cm7.h ****   {
1982:Drivers/CMSIS/Include/core_cm7.h ****     NVIC->ISPR[(((uint32_t)IRQn) >> 5UL)] = (uint32_t)(1UL << (((uint32_t)IRQn) & 0x1FUL));
1983:Drivers/CMSIS/Include/core_cm7.h ****   }
1984:Drivers/CMSIS/Include/core_cm7.h **** }
1985:Drivers/CMSIS/Include/core_cm7.h **** 
1986:Drivers/CMSIS/Include/core_cm7.h **** 
1987:Drivers/CMSIS/Include/core_cm7.h **** /**
1988:Drivers/CMSIS/Include/core_cm7.h ****   \brief   Clear Pending Interrupt
1989:Drivers/CMSIS/Include/core_cm7.h ****   \details Clears the pending bit of a device specific interrupt in the NVIC pending register.
1990:Drivers/CMSIS/Include/core_cm7.h ****   \param [in]      IRQn  Device specific interrupt number.
1991:Drivers/CMSIS/Include/core_cm7.h ****   \note    IRQn must not be negative.
1992:Drivers/CMSIS/Include/core_cm7.h ****  */
1993:Drivers/CMSIS/Include/core_cm7.h **** __STATIC_INLINE void __NVIC_ClearPendingIRQ(IRQn_Type IRQn)
1994:Drivers/CMSIS/Include/core_cm7.h **** {
1995:Drivers/CMSIS/Include/core_cm7.h ****   if ((int32_t)(IRQn) >= 0)
1996:Drivers/CMSIS/Include/core_cm7.h ****   {
1997:Drivers/CMSIS/Include/core_cm7.h ****     NVIC->ICPR[(((uint32_t)IRQn) >> 5UL)] = (uint32_t)(1UL << (((uint32_t)IRQn) & 0x1FUL));
1998:Drivers/CMSIS/Include/core_cm7.h ****   }
1999:Drivers/CMSIS/Include/core_cm7.h **** }
2000:Drivers/CMSIS/Include/core_cm7.h **** 
2001:Drivers/CMSIS/Include/core_cm7.h **** 
2002:Drivers/CMSIS/Include/core_cm7.h **** /**
2003:Drivers/CMSIS/Include/core_cm7.h ****   \brief   Get Active Interrupt
2004:Drivers/CMSIS/Include/core_cm7.h ****   \details Reads the active register in the NVIC and returns the active bit for the device specific
2005:Drivers/CMSIS/Include/core_cm7.h ****   \param [in]      IRQn  Device specific interrupt number.
2006:Drivers/CMSIS/Include/core_cm7.h ****   \return             0  Interrupt status is not active.
2007:Drivers/CMSIS/Include/core_cm7.h ****   \return             1  Interrupt status is active.
2008:Drivers/CMSIS/Include/core_cm7.h ****   \note    IRQn must not be negative.
2009:Drivers/CMSIS/Include/core_cm7.h ****  */
2010:Drivers/CMSIS/Include/core_cm7.h **** __STATIC_INLINE uint32_t __NVIC_GetActive(IRQn_Type IRQn)
2011:Drivers/CMSIS/Include/core_cm7.h **** {
2012:Drivers/CMSIS/Include/core_cm7.h ****   if ((int32_t)(IRQn) >= 0)
ARM GAS  C:\Users\simon\AppData\Local\Temp\cceYPmWR.s 			page 66


2013:Drivers/CMSIS/Include/core_cm7.h ****   {
2014:Drivers/CMSIS/Include/core_cm7.h ****     return((uint32_t)(((NVIC->IABR[(((uint32_t)IRQn) >> 5UL)] & (1UL << (((uint32_t)IRQn) & 0x1FUL)
2015:Drivers/CMSIS/Include/core_cm7.h ****   }
2016:Drivers/CMSIS/Include/core_cm7.h ****   else
2017:Drivers/CMSIS/Include/core_cm7.h ****   {
2018:Drivers/CMSIS/Include/core_cm7.h ****     return(0U);
2019:Drivers/CMSIS/Include/core_cm7.h ****   }
2020:Drivers/CMSIS/Include/core_cm7.h **** }
2021:Drivers/CMSIS/Include/core_cm7.h **** 
2022:Drivers/CMSIS/Include/core_cm7.h **** 
2023:Drivers/CMSIS/Include/core_cm7.h **** /**
2024:Drivers/CMSIS/Include/core_cm7.h ****   \brief   Set Interrupt Priority
2025:Drivers/CMSIS/Include/core_cm7.h ****   \details Sets the priority of a device specific interrupt or a processor exception.
2026:Drivers/CMSIS/Include/core_cm7.h ****            The interrupt number can be positive to specify a device specific interrupt,
2027:Drivers/CMSIS/Include/core_cm7.h ****            or negative to specify a processor exception.
2028:Drivers/CMSIS/Include/core_cm7.h ****   \param [in]      IRQn  Interrupt number.
2029:Drivers/CMSIS/Include/core_cm7.h ****   \param [in]  priority  Priority to set.
2030:Drivers/CMSIS/Include/core_cm7.h ****   \note    The priority cannot be set for every processor exception.
2031:Drivers/CMSIS/Include/core_cm7.h ****  */
2032:Drivers/CMSIS/Include/core_cm7.h **** __STATIC_INLINE void __NVIC_SetPriority(IRQn_Type IRQn, uint32_t priority)
2033:Drivers/CMSIS/Include/core_cm7.h **** {
2034:Drivers/CMSIS/Include/core_cm7.h ****   if ((int32_t)(IRQn) >= 0)
2035:Drivers/CMSIS/Include/core_cm7.h ****   {
2036:Drivers/CMSIS/Include/core_cm7.h ****     NVIC->IP[((uint32_t)IRQn)]                = (uint8_t)((priority << (8U - __NVIC_PRIO_BITS)) & (
2037:Drivers/CMSIS/Include/core_cm7.h ****   }
2038:Drivers/CMSIS/Include/core_cm7.h ****   else
2039:Drivers/CMSIS/Include/core_cm7.h ****   {
2040:Drivers/CMSIS/Include/core_cm7.h ****     SCB->SHPR[(((uint32_t)IRQn) & 0xFUL)-4UL] = (uint8_t)((priority << (8U - __NVIC_PRIO_BITS)) & (
2041:Drivers/CMSIS/Include/core_cm7.h ****   }
2042:Drivers/CMSIS/Include/core_cm7.h **** }
2043:Drivers/CMSIS/Include/core_cm7.h **** 
2044:Drivers/CMSIS/Include/core_cm7.h **** 
2045:Drivers/CMSIS/Include/core_cm7.h **** /**
2046:Drivers/CMSIS/Include/core_cm7.h ****   \brief   Get Interrupt Priority
2047:Drivers/CMSIS/Include/core_cm7.h ****   \details Reads the priority of a device specific interrupt or a processor exception.
2048:Drivers/CMSIS/Include/core_cm7.h ****            The interrupt number can be positive to specify a device specific interrupt,
2049:Drivers/CMSIS/Include/core_cm7.h ****            or negative to specify a processor exception.
2050:Drivers/CMSIS/Include/core_cm7.h ****   \param [in]   IRQn  Interrupt number.
2051:Drivers/CMSIS/Include/core_cm7.h ****   \return             Interrupt Priority.
2052:Drivers/CMSIS/Include/core_cm7.h ****                       Value is aligned automatically to the implemented priority bits of the microc
2053:Drivers/CMSIS/Include/core_cm7.h ****  */
2054:Drivers/CMSIS/Include/core_cm7.h **** __STATIC_INLINE uint32_t __NVIC_GetPriority(IRQn_Type IRQn)
2055:Drivers/CMSIS/Include/core_cm7.h **** {
2056:Drivers/CMSIS/Include/core_cm7.h **** 
2057:Drivers/CMSIS/Include/core_cm7.h ****   if ((int32_t)(IRQn) >= 0)
2058:Drivers/CMSIS/Include/core_cm7.h ****   {
2059:Drivers/CMSIS/Include/core_cm7.h ****     return(((uint32_t)NVIC->IP[((uint32_t)IRQn)]                >> (8U - __NVIC_PRIO_BITS)));
2060:Drivers/CMSIS/Include/core_cm7.h ****   }
2061:Drivers/CMSIS/Include/core_cm7.h ****   else
2062:Drivers/CMSIS/Include/core_cm7.h ****   {
2063:Drivers/CMSIS/Include/core_cm7.h ****     return(((uint32_t)SCB->SHPR[(((uint32_t)IRQn) & 0xFUL)-4UL] >> (8U - __NVIC_PRIO_BITS)));
2064:Drivers/CMSIS/Include/core_cm7.h ****   }
2065:Drivers/CMSIS/Include/core_cm7.h **** }
2066:Drivers/CMSIS/Include/core_cm7.h **** 
2067:Drivers/CMSIS/Include/core_cm7.h **** 
2068:Drivers/CMSIS/Include/core_cm7.h **** /**
2069:Drivers/CMSIS/Include/core_cm7.h ****   \brief   Encode Priority
ARM GAS  C:\Users\simon\AppData\Local\Temp\cceYPmWR.s 			page 67


2070:Drivers/CMSIS/Include/core_cm7.h ****   \details Encodes the priority for an interrupt with the given priority group,
2071:Drivers/CMSIS/Include/core_cm7.h ****            preemptive priority value, and subpriority value.
2072:Drivers/CMSIS/Include/core_cm7.h ****            In case of a conflict between priority grouping and available
2073:Drivers/CMSIS/Include/core_cm7.h ****            priority bits (__NVIC_PRIO_BITS), the smallest possible priority group is set.
2074:Drivers/CMSIS/Include/core_cm7.h ****   \param [in]     PriorityGroup  Used priority group.
2075:Drivers/CMSIS/Include/core_cm7.h ****   \param [in]   PreemptPriority  Preemptive priority value (starting from 0).
2076:Drivers/CMSIS/Include/core_cm7.h ****   \param [in]       SubPriority  Subpriority value (starting from 0).
2077:Drivers/CMSIS/Include/core_cm7.h ****   \return                        Encoded priority. Value can be used in the function \ref NVIC_SetP
2078:Drivers/CMSIS/Include/core_cm7.h ****  */
2079:Drivers/CMSIS/Include/core_cm7.h **** __STATIC_INLINE uint32_t NVIC_EncodePriority (uint32_t PriorityGroup, uint32_t PreemptPriority, uin
2080:Drivers/CMSIS/Include/core_cm7.h **** {
2081:Drivers/CMSIS/Include/core_cm7.h ****   uint32_t PriorityGroupTmp = (PriorityGroup & (uint32_t)0x07UL);   /* only values 0..7 are used   
2082:Drivers/CMSIS/Include/core_cm7.h ****   uint32_t PreemptPriorityBits;
2083:Drivers/CMSIS/Include/core_cm7.h ****   uint32_t SubPriorityBits;
2084:Drivers/CMSIS/Include/core_cm7.h **** 
2085:Drivers/CMSIS/Include/core_cm7.h ****   PreemptPriorityBits = ((7UL - PriorityGroupTmp) > (uint32_t)(__NVIC_PRIO_BITS)) ? (uint32_t)(__NV
2086:Drivers/CMSIS/Include/core_cm7.h ****   SubPriorityBits     = ((PriorityGroupTmp + (uint32_t)(__NVIC_PRIO_BITS)) < (uint32_t)7UL) ? (uint
2087:Drivers/CMSIS/Include/core_cm7.h **** 
2088:Drivers/CMSIS/Include/core_cm7.h ****   return (
2089:Drivers/CMSIS/Include/core_cm7.h ****            ((PreemptPriority & (uint32_t)((1UL << (PreemptPriorityBits)) - 1UL)) << SubPriorityBits
2090:Drivers/CMSIS/Include/core_cm7.h ****            ((SubPriority     & (uint32_t)((1UL << (SubPriorityBits    )) - 1UL)))
2091:Drivers/CMSIS/Include/core_cm7.h ****          );
2092:Drivers/CMSIS/Include/core_cm7.h **** }
2093:Drivers/CMSIS/Include/core_cm7.h **** 
2094:Drivers/CMSIS/Include/core_cm7.h **** 
2095:Drivers/CMSIS/Include/core_cm7.h **** /**
2096:Drivers/CMSIS/Include/core_cm7.h ****   \brief   Decode Priority
2097:Drivers/CMSIS/Include/core_cm7.h ****   \details Decodes an interrupt priority value with a given priority group to
2098:Drivers/CMSIS/Include/core_cm7.h ****            preemptive priority value and subpriority value.
2099:Drivers/CMSIS/Include/core_cm7.h ****            In case of a conflict between priority grouping and available
2100:Drivers/CMSIS/Include/core_cm7.h ****            priority bits (__NVIC_PRIO_BITS) the smallest possible priority group is set.
2101:Drivers/CMSIS/Include/core_cm7.h ****   \param [in]         Priority   Priority value, which can be retrieved with the function \ref NVIC
2102:Drivers/CMSIS/Include/core_cm7.h ****   \param [in]     PriorityGroup  Used priority group.
2103:Drivers/CMSIS/Include/core_cm7.h ****   \param [out] pPreemptPriority  Preemptive priority value (starting from 0).
2104:Drivers/CMSIS/Include/core_cm7.h ****   \param [out]     pSubPriority  Subpriority value (starting from 0).
2105:Drivers/CMSIS/Include/core_cm7.h ****  */
2106:Drivers/CMSIS/Include/core_cm7.h **** __STATIC_INLINE void NVIC_DecodePriority (uint32_t Priority, uint32_t PriorityGroup, uint32_t* cons
2107:Drivers/CMSIS/Include/core_cm7.h **** {
2108:Drivers/CMSIS/Include/core_cm7.h ****   uint32_t PriorityGroupTmp = (PriorityGroup & (uint32_t)0x07UL);   /* only values 0..7 are used   
2109:Drivers/CMSIS/Include/core_cm7.h ****   uint32_t PreemptPriorityBits;
2110:Drivers/CMSIS/Include/core_cm7.h ****   uint32_t SubPriorityBits;
2111:Drivers/CMSIS/Include/core_cm7.h **** 
2112:Drivers/CMSIS/Include/core_cm7.h ****   PreemptPriorityBits = ((7UL - PriorityGroupTmp) > (uint32_t)(__NVIC_PRIO_BITS)) ? (uint32_t)(__NV
2113:Drivers/CMSIS/Include/core_cm7.h ****   SubPriorityBits     = ((PriorityGroupTmp + (uint32_t)(__NVIC_PRIO_BITS)) < (uint32_t)7UL) ? (uint
2114:Drivers/CMSIS/Include/core_cm7.h **** 
2115:Drivers/CMSIS/Include/core_cm7.h ****   *pPreemptPriority = (Priority >> SubPriorityBits) & (uint32_t)((1UL << (PreemptPriorityBits)) - 1
2116:Drivers/CMSIS/Include/core_cm7.h ****   *pSubPriority     = (Priority                   ) & (uint32_t)((1UL << (SubPriorityBits    )) - 1
2117:Drivers/CMSIS/Include/core_cm7.h **** }
2118:Drivers/CMSIS/Include/core_cm7.h **** 
2119:Drivers/CMSIS/Include/core_cm7.h **** 
2120:Drivers/CMSIS/Include/core_cm7.h **** /**
2121:Drivers/CMSIS/Include/core_cm7.h ****   \brief   Set Interrupt Vector
2122:Drivers/CMSIS/Include/core_cm7.h ****   \details Sets an interrupt vector in SRAM based interrupt vector table.
2123:Drivers/CMSIS/Include/core_cm7.h ****            The interrupt number can be positive to specify a device specific interrupt,
2124:Drivers/CMSIS/Include/core_cm7.h ****            or negative to specify a processor exception.
2125:Drivers/CMSIS/Include/core_cm7.h ****            VTOR must been relocated to SRAM before.
2126:Drivers/CMSIS/Include/core_cm7.h ****   \param [in]   IRQn      Interrupt number
ARM GAS  C:\Users\simon\AppData\Local\Temp\cceYPmWR.s 			page 68


2127:Drivers/CMSIS/Include/core_cm7.h ****   \param [in]   vector    Address of interrupt handler function
2128:Drivers/CMSIS/Include/core_cm7.h ****  */
2129:Drivers/CMSIS/Include/core_cm7.h **** __STATIC_INLINE void __NVIC_SetVector(IRQn_Type IRQn, uint32_t vector)
2130:Drivers/CMSIS/Include/core_cm7.h **** {
2131:Drivers/CMSIS/Include/core_cm7.h ****   uint32_t vectors = (uint32_t )SCB->VTOR;
2132:Drivers/CMSIS/Include/core_cm7.h ****   (* (int *) (vectors + ((int32_t)IRQn + NVIC_USER_IRQ_OFFSET) * 4)) = vector;
2133:Drivers/CMSIS/Include/core_cm7.h ****   __DSB();
2134:Drivers/CMSIS/Include/core_cm7.h **** }
2135:Drivers/CMSIS/Include/core_cm7.h **** 
2136:Drivers/CMSIS/Include/core_cm7.h **** 
2137:Drivers/CMSIS/Include/core_cm7.h **** /**
2138:Drivers/CMSIS/Include/core_cm7.h ****   \brief   Get Interrupt Vector
2139:Drivers/CMSIS/Include/core_cm7.h ****   \details Reads an interrupt vector from interrupt vector table.
2140:Drivers/CMSIS/Include/core_cm7.h ****            The interrupt number can be positive to specify a device specific interrupt,
2141:Drivers/CMSIS/Include/core_cm7.h ****            or negative to specify a processor exception.
2142:Drivers/CMSIS/Include/core_cm7.h ****   \param [in]   IRQn      Interrupt number.
2143:Drivers/CMSIS/Include/core_cm7.h ****   \return                 Address of interrupt handler function
2144:Drivers/CMSIS/Include/core_cm7.h ****  */
2145:Drivers/CMSIS/Include/core_cm7.h **** __STATIC_INLINE uint32_t __NVIC_GetVector(IRQn_Type IRQn)
2146:Drivers/CMSIS/Include/core_cm7.h **** {
2147:Drivers/CMSIS/Include/core_cm7.h ****   uint32_t vectors = (uint32_t )SCB->VTOR;
2148:Drivers/CMSIS/Include/core_cm7.h ****   return (uint32_t)(* (int *) (vectors + ((int32_t)IRQn + NVIC_USER_IRQ_OFFSET) * 4));
2149:Drivers/CMSIS/Include/core_cm7.h **** }
2150:Drivers/CMSIS/Include/core_cm7.h **** 
2151:Drivers/CMSIS/Include/core_cm7.h **** 
2152:Drivers/CMSIS/Include/core_cm7.h **** /**
2153:Drivers/CMSIS/Include/core_cm7.h ****   \brief   System Reset
2154:Drivers/CMSIS/Include/core_cm7.h ****   \details Initiates a system reset request to reset the MCU.
2155:Drivers/CMSIS/Include/core_cm7.h ****  */
2156:Drivers/CMSIS/Include/core_cm7.h **** __NO_RETURN __STATIC_INLINE void __NVIC_SystemReset(void)
2157:Drivers/CMSIS/Include/core_cm7.h **** {
2158:Drivers/CMSIS/Include/core_cm7.h ****   __DSB();                                                          /* Ensure all outstanding memor
2159:Drivers/CMSIS/Include/core_cm7.h ****                                                                        buffered write are completed
2160:Drivers/CMSIS/Include/core_cm7.h ****   SCB->AIRCR  = (uint32_t)((0x5FAUL << SCB_AIRCR_VECTKEY_Pos)    |
2161:Drivers/CMSIS/Include/core_cm7.h ****                            (SCB->AIRCR & SCB_AIRCR_PRIGROUP_Msk) |
2162:Drivers/CMSIS/Include/core_cm7.h ****                             SCB_AIRCR_SYSRESETREQ_Msk    );         /* Keep priority group unchange
2163:Drivers/CMSIS/Include/core_cm7.h ****   __DSB();                                                          /* Ensure completion of memory 
2164:Drivers/CMSIS/Include/core_cm7.h **** 
2165:Drivers/CMSIS/Include/core_cm7.h ****   for(;;)                                                           /* wait until reset */
2166:Drivers/CMSIS/Include/core_cm7.h ****   {
2167:Drivers/CMSIS/Include/core_cm7.h ****     __NOP();
2168:Drivers/CMSIS/Include/core_cm7.h ****   }
2169:Drivers/CMSIS/Include/core_cm7.h **** }
2170:Drivers/CMSIS/Include/core_cm7.h **** 
2171:Drivers/CMSIS/Include/core_cm7.h **** /*@} end of CMSIS_Core_NVICFunctions */
2172:Drivers/CMSIS/Include/core_cm7.h **** 
2173:Drivers/CMSIS/Include/core_cm7.h **** 
2174:Drivers/CMSIS/Include/core_cm7.h **** /* ##########################  MPU functions  #################################### */
2175:Drivers/CMSIS/Include/core_cm7.h **** 
2176:Drivers/CMSIS/Include/core_cm7.h **** #if defined (__MPU_PRESENT) && (__MPU_PRESENT == 1U)
2177:Drivers/CMSIS/Include/core_cm7.h **** 
2178:Drivers/CMSIS/Include/core_cm7.h **** #include "mpu_armv7.h"
2179:Drivers/CMSIS/Include/core_cm7.h **** 
2180:Drivers/CMSIS/Include/core_cm7.h **** #endif
2181:Drivers/CMSIS/Include/core_cm7.h **** 
2182:Drivers/CMSIS/Include/core_cm7.h **** 
2183:Drivers/CMSIS/Include/core_cm7.h **** /* ##########################  FPU functions  #################################### */
ARM GAS  C:\Users\simon\AppData\Local\Temp\cceYPmWR.s 			page 69


2184:Drivers/CMSIS/Include/core_cm7.h **** /**
2185:Drivers/CMSIS/Include/core_cm7.h ****   \ingroup  CMSIS_Core_FunctionInterface
2186:Drivers/CMSIS/Include/core_cm7.h ****   \defgroup CMSIS_Core_FpuFunctions FPU Functions
2187:Drivers/CMSIS/Include/core_cm7.h ****   \brief    Function that provides FPU type.
2188:Drivers/CMSIS/Include/core_cm7.h ****   @{
2189:Drivers/CMSIS/Include/core_cm7.h ****  */
2190:Drivers/CMSIS/Include/core_cm7.h **** 
2191:Drivers/CMSIS/Include/core_cm7.h **** /**
2192:Drivers/CMSIS/Include/core_cm7.h ****   \brief   get FPU type
2193:Drivers/CMSIS/Include/core_cm7.h ****   \details returns the FPU type
2194:Drivers/CMSIS/Include/core_cm7.h ****   \returns
2195:Drivers/CMSIS/Include/core_cm7.h ****    - \b  0: No FPU
2196:Drivers/CMSIS/Include/core_cm7.h ****    - \b  1: Single precision FPU
2197:Drivers/CMSIS/Include/core_cm7.h ****    - \b  2: Double + Single precision FPU
2198:Drivers/CMSIS/Include/core_cm7.h ****  */
2199:Drivers/CMSIS/Include/core_cm7.h **** __STATIC_INLINE uint32_t SCB_GetFPUType(void)
2200:Drivers/CMSIS/Include/core_cm7.h **** {
2201:Drivers/CMSIS/Include/core_cm7.h ****   uint32_t mvfr0;
2202:Drivers/CMSIS/Include/core_cm7.h **** 
2203:Drivers/CMSIS/Include/core_cm7.h ****   mvfr0 = SCB->MVFR0;
2204:Drivers/CMSIS/Include/core_cm7.h ****   if      ((mvfr0 & (FPU_MVFR0_Single_precision_Msk | FPU_MVFR0_Double_precision_Msk)) == 0x220U)
2205:Drivers/CMSIS/Include/core_cm7.h ****   {
2206:Drivers/CMSIS/Include/core_cm7.h ****     return 2U;           /* Double + Single precision FPU */
2207:Drivers/CMSIS/Include/core_cm7.h ****   }
2208:Drivers/CMSIS/Include/core_cm7.h ****   else if ((mvfr0 & (FPU_MVFR0_Single_precision_Msk | FPU_MVFR0_Double_precision_Msk)) == 0x020U)
2209:Drivers/CMSIS/Include/core_cm7.h ****   {
2210:Drivers/CMSIS/Include/core_cm7.h ****     return 1U;           /* Single precision FPU */
2211:Drivers/CMSIS/Include/core_cm7.h ****   }
2212:Drivers/CMSIS/Include/core_cm7.h ****   else
2213:Drivers/CMSIS/Include/core_cm7.h ****   {
2214:Drivers/CMSIS/Include/core_cm7.h ****     return 0U;           /* No FPU */
2215:Drivers/CMSIS/Include/core_cm7.h ****   }
2216:Drivers/CMSIS/Include/core_cm7.h **** }
2217:Drivers/CMSIS/Include/core_cm7.h **** 
2218:Drivers/CMSIS/Include/core_cm7.h **** /*@} end of CMSIS_Core_FpuFunctions */
2219:Drivers/CMSIS/Include/core_cm7.h **** 
2220:Drivers/CMSIS/Include/core_cm7.h **** 
2221:Drivers/CMSIS/Include/core_cm7.h **** 
2222:Drivers/CMSIS/Include/core_cm7.h **** /* ##########################  Cache functions  #################################### */
2223:Drivers/CMSIS/Include/core_cm7.h **** /**
2224:Drivers/CMSIS/Include/core_cm7.h ****   \ingroup  CMSIS_Core_FunctionInterface
2225:Drivers/CMSIS/Include/core_cm7.h ****   \defgroup CMSIS_Core_CacheFunctions Cache Functions
2226:Drivers/CMSIS/Include/core_cm7.h ****   \brief    Functions that configure Instruction and Data cache.
2227:Drivers/CMSIS/Include/core_cm7.h ****   @{
2228:Drivers/CMSIS/Include/core_cm7.h ****  */
2229:Drivers/CMSIS/Include/core_cm7.h **** 
2230:Drivers/CMSIS/Include/core_cm7.h **** /* Cache Size ID Register Macros */
2231:Drivers/CMSIS/Include/core_cm7.h **** #define CCSIDR_WAYS(x)         (((x) & SCB_CCSIDR_ASSOCIATIVITY_Msk) >> SCB_CCSIDR_ASSOCIATIVITY_Po
2232:Drivers/CMSIS/Include/core_cm7.h **** #define CCSIDR_SETS(x)         (((x) & SCB_CCSIDR_NUMSETS_Msk      ) >> SCB_CCSIDR_NUMSETS_Pos     
2233:Drivers/CMSIS/Include/core_cm7.h **** 
2234:Drivers/CMSIS/Include/core_cm7.h **** #define __SCB_DCACHE_LINE_SIZE  32U /*!< Cortex-M7 cache line size is fixed to 32 bytes (8 words). 
2235:Drivers/CMSIS/Include/core_cm7.h **** #define __SCB_ICACHE_LINE_SIZE  32U /*!< Cortex-M7 cache line size is fixed to 32 bytes (8 words). 
2236:Drivers/CMSIS/Include/core_cm7.h **** 
2237:Drivers/CMSIS/Include/core_cm7.h **** /**
2238:Drivers/CMSIS/Include/core_cm7.h ****   \brief   Enable I-Cache
2239:Drivers/CMSIS/Include/core_cm7.h ****   \details Turns on I-Cache
2240:Drivers/CMSIS/Include/core_cm7.h ****   */
ARM GAS  C:\Users\simon\AppData\Local\Temp\cceYPmWR.s 			page 70


2241:Drivers/CMSIS/Include/core_cm7.h **** __STATIC_FORCEINLINE void SCB_EnableICache (void)
 969              		.loc 3 2241 27 view .LVU226
 970              	.LBB52:
2242:Drivers/CMSIS/Include/core_cm7.h **** {
2243:Drivers/CMSIS/Include/core_cm7.h ****   #if defined (__ICACHE_PRESENT) && (__ICACHE_PRESENT == 1U)
2244:Drivers/CMSIS/Include/core_cm7.h ****     if (SCB->CCR & SCB_CCR_IC_Msk) return;  /* return if ICache is already enabled */
 971              		.loc 3 2244 5 view .LVU227
 972              		.loc 3 2244 12 is_stmt 0 view .LVU228
 973 0002 4E4B     		ldr	r3, .L83
 974 0004 5B69     		ldr	r3, [r3, #20]
 975              		.loc 3 2244 8 view .LVU229
 976 0006 13F4003F 		tst	r3, #131072
 977 000a 13D1     		bne	.L76
2245:Drivers/CMSIS/Include/core_cm7.h **** 
2246:Drivers/CMSIS/Include/core_cm7.h ****     __DSB();
 978              		.loc 3 2246 5 is_stmt 1 view .LVU230
 979              	.LBB53:
 980              	.LBI53:
 210:Drivers/CMSIS/Include/cmsis_gcc.h **** }
 211:Drivers/CMSIS/Include/cmsis_gcc.h **** 
 212:Drivers/CMSIS/Include/cmsis_gcc.h **** 
 213:Drivers/CMSIS/Include/cmsis_gcc.h **** /**
 214:Drivers/CMSIS/Include/cmsis_gcc.h ****   \brief   Get Control Register
 215:Drivers/CMSIS/Include/cmsis_gcc.h ****   \details Returns the content of the Control Register.
 216:Drivers/CMSIS/Include/cmsis_gcc.h ****   \return               Control Register value
 217:Drivers/CMSIS/Include/cmsis_gcc.h ****  */
 218:Drivers/CMSIS/Include/cmsis_gcc.h **** __STATIC_FORCEINLINE uint32_t __get_CONTROL(void)
 219:Drivers/CMSIS/Include/cmsis_gcc.h **** {
 220:Drivers/CMSIS/Include/cmsis_gcc.h ****   uint32_t result;
 221:Drivers/CMSIS/Include/cmsis_gcc.h **** 
 222:Drivers/CMSIS/Include/cmsis_gcc.h ****   __ASM volatile ("MRS %0, control" : "=r" (result) );
 223:Drivers/CMSIS/Include/cmsis_gcc.h ****   return(result);
 224:Drivers/CMSIS/Include/cmsis_gcc.h **** }
 225:Drivers/CMSIS/Include/cmsis_gcc.h **** 
 226:Drivers/CMSIS/Include/cmsis_gcc.h **** 
 227:Drivers/CMSIS/Include/cmsis_gcc.h **** #if (defined (__ARM_FEATURE_CMSE ) && (__ARM_FEATURE_CMSE == 3))
 228:Drivers/CMSIS/Include/cmsis_gcc.h **** /**
 229:Drivers/CMSIS/Include/cmsis_gcc.h ****   \brief   Get Control Register (non-secure)
 230:Drivers/CMSIS/Include/cmsis_gcc.h ****   \details Returns the content of the non-secure Control Register when in secure mode.
 231:Drivers/CMSIS/Include/cmsis_gcc.h ****   \return               non-secure Control Register value
 232:Drivers/CMSIS/Include/cmsis_gcc.h ****  */
 233:Drivers/CMSIS/Include/cmsis_gcc.h **** __STATIC_FORCEINLINE uint32_t __TZ_get_CONTROL_NS(void)
 234:Drivers/CMSIS/Include/cmsis_gcc.h **** {
 235:Drivers/CMSIS/Include/cmsis_gcc.h ****   uint32_t result;
 236:Drivers/CMSIS/Include/cmsis_gcc.h **** 
 237:Drivers/CMSIS/Include/cmsis_gcc.h ****   __ASM volatile ("MRS %0, control_ns" : "=r" (result) );
 238:Drivers/CMSIS/Include/cmsis_gcc.h ****   return(result);
 239:Drivers/CMSIS/Include/cmsis_gcc.h **** }
 240:Drivers/CMSIS/Include/cmsis_gcc.h **** #endif
 241:Drivers/CMSIS/Include/cmsis_gcc.h **** 
 242:Drivers/CMSIS/Include/cmsis_gcc.h **** 
 243:Drivers/CMSIS/Include/cmsis_gcc.h **** /**
 244:Drivers/CMSIS/Include/cmsis_gcc.h ****   \brief   Set Control Register
 245:Drivers/CMSIS/Include/cmsis_gcc.h ****   \details Writes the given value to the Control Register.
 246:Drivers/CMSIS/Include/cmsis_gcc.h ****   \param [in]    control  Control Register value to set
 247:Drivers/CMSIS/Include/cmsis_gcc.h ****  */
 248:Drivers/CMSIS/Include/cmsis_gcc.h **** __STATIC_FORCEINLINE void __set_CONTROL(uint32_t control)
ARM GAS  C:\Users\simon\AppData\Local\Temp\cceYPmWR.s 			page 71


 249:Drivers/CMSIS/Include/cmsis_gcc.h **** {
 250:Drivers/CMSIS/Include/cmsis_gcc.h ****   __ASM volatile ("MSR control, %0" : : "r" (control) : "memory");
 251:Drivers/CMSIS/Include/cmsis_gcc.h **** }
 252:Drivers/CMSIS/Include/cmsis_gcc.h **** 
 253:Drivers/CMSIS/Include/cmsis_gcc.h **** 
 254:Drivers/CMSIS/Include/cmsis_gcc.h **** #if (defined (__ARM_FEATURE_CMSE ) && (__ARM_FEATURE_CMSE == 3))
 255:Drivers/CMSIS/Include/cmsis_gcc.h **** /**
 256:Drivers/CMSIS/Include/cmsis_gcc.h ****   \brief   Set Control Register (non-secure)
 257:Drivers/CMSIS/Include/cmsis_gcc.h ****   \details Writes the given value to the non-secure Control Register when in secure state.
 258:Drivers/CMSIS/Include/cmsis_gcc.h ****   \param [in]    control  Control Register value to set
 259:Drivers/CMSIS/Include/cmsis_gcc.h ****  */
 260:Drivers/CMSIS/Include/cmsis_gcc.h **** __STATIC_FORCEINLINE void __TZ_set_CONTROL_NS(uint32_t control)
 261:Drivers/CMSIS/Include/cmsis_gcc.h **** {
 262:Drivers/CMSIS/Include/cmsis_gcc.h ****   __ASM volatile ("MSR control_ns, %0" : : "r" (control) : "memory");
 263:Drivers/CMSIS/Include/cmsis_gcc.h **** }
 264:Drivers/CMSIS/Include/cmsis_gcc.h **** #endif
 265:Drivers/CMSIS/Include/cmsis_gcc.h **** 
 266:Drivers/CMSIS/Include/cmsis_gcc.h **** 
 267:Drivers/CMSIS/Include/cmsis_gcc.h **** /**
 268:Drivers/CMSIS/Include/cmsis_gcc.h ****   \brief   Get IPSR Register
 269:Drivers/CMSIS/Include/cmsis_gcc.h ****   \details Returns the content of the IPSR Register.
 270:Drivers/CMSIS/Include/cmsis_gcc.h ****   \return               IPSR Register value
 271:Drivers/CMSIS/Include/cmsis_gcc.h ****  */
 272:Drivers/CMSIS/Include/cmsis_gcc.h **** __STATIC_FORCEINLINE uint32_t __get_IPSR(void)
 273:Drivers/CMSIS/Include/cmsis_gcc.h **** {
 274:Drivers/CMSIS/Include/cmsis_gcc.h ****   uint32_t result;
 275:Drivers/CMSIS/Include/cmsis_gcc.h **** 
 276:Drivers/CMSIS/Include/cmsis_gcc.h ****   __ASM volatile ("MRS %0, ipsr" : "=r" (result) );
 277:Drivers/CMSIS/Include/cmsis_gcc.h ****   return(result);
 278:Drivers/CMSIS/Include/cmsis_gcc.h **** }
 279:Drivers/CMSIS/Include/cmsis_gcc.h **** 
 280:Drivers/CMSIS/Include/cmsis_gcc.h **** 
 281:Drivers/CMSIS/Include/cmsis_gcc.h **** /**
 282:Drivers/CMSIS/Include/cmsis_gcc.h ****   \brief   Get APSR Register
 283:Drivers/CMSIS/Include/cmsis_gcc.h ****   \details Returns the content of the APSR Register.
 284:Drivers/CMSIS/Include/cmsis_gcc.h ****   \return               APSR Register value
 285:Drivers/CMSIS/Include/cmsis_gcc.h ****  */
 286:Drivers/CMSIS/Include/cmsis_gcc.h **** __STATIC_FORCEINLINE uint32_t __get_APSR(void)
 287:Drivers/CMSIS/Include/cmsis_gcc.h **** {
 288:Drivers/CMSIS/Include/cmsis_gcc.h ****   uint32_t result;
 289:Drivers/CMSIS/Include/cmsis_gcc.h **** 
 290:Drivers/CMSIS/Include/cmsis_gcc.h ****   __ASM volatile ("MRS %0, apsr" : "=r" (result) );
 291:Drivers/CMSIS/Include/cmsis_gcc.h ****   return(result);
 292:Drivers/CMSIS/Include/cmsis_gcc.h **** }
 293:Drivers/CMSIS/Include/cmsis_gcc.h **** 
 294:Drivers/CMSIS/Include/cmsis_gcc.h **** 
 295:Drivers/CMSIS/Include/cmsis_gcc.h **** /**
 296:Drivers/CMSIS/Include/cmsis_gcc.h ****   \brief   Get xPSR Register
 297:Drivers/CMSIS/Include/cmsis_gcc.h ****   \details Returns the content of the xPSR Register.
 298:Drivers/CMSIS/Include/cmsis_gcc.h ****   \return               xPSR Register value
 299:Drivers/CMSIS/Include/cmsis_gcc.h ****  */
 300:Drivers/CMSIS/Include/cmsis_gcc.h **** __STATIC_FORCEINLINE uint32_t __get_xPSR(void)
 301:Drivers/CMSIS/Include/cmsis_gcc.h **** {
 302:Drivers/CMSIS/Include/cmsis_gcc.h ****   uint32_t result;
 303:Drivers/CMSIS/Include/cmsis_gcc.h **** 
 304:Drivers/CMSIS/Include/cmsis_gcc.h ****   __ASM volatile ("MRS %0, xpsr" : "=r" (result) );
 305:Drivers/CMSIS/Include/cmsis_gcc.h ****   return(result);
ARM GAS  C:\Users\simon\AppData\Local\Temp\cceYPmWR.s 			page 72


 306:Drivers/CMSIS/Include/cmsis_gcc.h **** }
 307:Drivers/CMSIS/Include/cmsis_gcc.h **** 
 308:Drivers/CMSIS/Include/cmsis_gcc.h **** 
 309:Drivers/CMSIS/Include/cmsis_gcc.h **** /**
 310:Drivers/CMSIS/Include/cmsis_gcc.h ****   \brief   Get Process Stack Pointer
 311:Drivers/CMSIS/Include/cmsis_gcc.h ****   \details Returns the current value of the Process Stack Pointer (PSP).
 312:Drivers/CMSIS/Include/cmsis_gcc.h ****   \return               PSP Register value
 313:Drivers/CMSIS/Include/cmsis_gcc.h ****  */
 314:Drivers/CMSIS/Include/cmsis_gcc.h **** __STATIC_FORCEINLINE uint32_t __get_PSP(void)
 315:Drivers/CMSIS/Include/cmsis_gcc.h **** {
 316:Drivers/CMSIS/Include/cmsis_gcc.h ****   uint32_t result;
 317:Drivers/CMSIS/Include/cmsis_gcc.h **** 
 318:Drivers/CMSIS/Include/cmsis_gcc.h ****   __ASM volatile ("MRS %0, psp"  : "=r" (result) );
 319:Drivers/CMSIS/Include/cmsis_gcc.h ****   return(result);
 320:Drivers/CMSIS/Include/cmsis_gcc.h **** }
 321:Drivers/CMSIS/Include/cmsis_gcc.h **** 
 322:Drivers/CMSIS/Include/cmsis_gcc.h **** 
 323:Drivers/CMSIS/Include/cmsis_gcc.h **** #if (defined (__ARM_FEATURE_CMSE ) && (__ARM_FEATURE_CMSE == 3))
 324:Drivers/CMSIS/Include/cmsis_gcc.h **** /**
 325:Drivers/CMSIS/Include/cmsis_gcc.h ****   \brief   Get Process Stack Pointer (non-secure)
 326:Drivers/CMSIS/Include/cmsis_gcc.h ****   \details Returns the current value of the non-secure Process Stack Pointer (PSP) when in secure s
 327:Drivers/CMSIS/Include/cmsis_gcc.h ****   \return               PSP Register value
 328:Drivers/CMSIS/Include/cmsis_gcc.h ****  */
 329:Drivers/CMSIS/Include/cmsis_gcc.h **** __STATIC_FORCEINLINE uint32_t __TZ_get_PSP_NS(void)
 330:Drivers/CMSIS/Include/cmsis_gcc.h **** {
 331:Drivers/CMSIS/Include/cmsis_gcc.h ****   uint32_t result;
 332:Drivers/CMSIS/Include/cmsis_gcc.h **** 
 333:Drivers/CMSIS/Include/cmsis_gcc.h ****   __ASM volatile ("MRS %0, psp_ns"  : "=r" (result) );
 334:Drivers/CMSIS/Include/cmsis_gcc.h ****   return(result);
 335:Drivers/CMSIS/Include/cmsis_gcc.h **** }
 336:Drivers/CMSIS/Include/cmsis_gcc.h **** #endif
 337:Drivers/CMSIS/Include/cmsis_gcc.h **** 
 338:Drivers/CMSIS/Include/cmsis_gcc.h **** 
 339:Drivers/CMSIS/Include/cmsis_gcc.h **** /**
 340:Drivers/CMSIS/Include/cmsis_gcc.h ****   \brief   Set Process Stack Pointer
 341:Drivers/CMSIS/Include/cmsis_gcc.h ****   \details Assigns the given value to the Process Stack Pointer (PSP).
 342:Drivers/CMSIS/Include/cmsis_gcc.h ****   \param [in]    topOfProcStack  Process Stack Pointer value to set
 343:Drivers/CMSIS/Include/cmsis_gcc.h ****  */
 344:Drivers/CMSIS/Include/cmsis_gcc.h **** __STATIC_FORCEINLINE void __set_PSP(uint32_t topOfProcStack)
 345:Drivers/CMSIS/Include/cmsis_gcc.h **** {
 346:Drivers/CMSIS/Include/cmsis_gcc.h ****   __ASM volatile ("MSR psp, %0" : : "r" (topOfProcStack) : );
 347:Drivers/CMSIS/Include/cmsis_gcc.h **** }
 348:Drivers/CMSIS/Include/cmsis_gcc.h **** 
 349:Drivers/CMSIS/Include/cmsis_gcc.h **** 
 350:Drivers/CMSIS/Include/cmsis_gcc.h **** #if (defined (__ARM_FEATURE_CMSE ) && (__ARM_FEATURE_CMSE == 3))
 351:Drivers/CMSIS/Include/cmsis_gcc.h **** /**
 352:Drivers/CMSIS/Include/cmsis_gcc.h ****   \brief   Set Process Stack Pointer (non-secure)
 353:Drivers/CMSIS/Include/cmsis_gcc.h ****   \details Assigns the given value to the non-secure Process Stack Pointer (PSP) when in secure sta
 354:Drivers/CMSIS/Include/cmsis_gcc.h ****   \param [in]    topOfProcStack  Process Stack Pointer value to set
 355:Drivers/CMSIS/Include/cmsis_gcc.h ****  */
 356:Drivers/CMSIS/Include/cmsis_gcc.h **** __STATIC_FORCEINLINE void __TZ_set_PSP_NS(uint32_t topOfProcStack)
 357:Drivers/CMSIS/Include/cmsis_gcc.h **** {
 358:Drivers/CMSIS/Include/cmsis_gcc.h ****   __ASM volatile ("MSR psp_ns, %0" : : "r" (topOfProcStack) : );
 359:Drivers/CMSIS/Include/cmsis_gcc.h **** }
 360:Drivers/CMSIS/Include/cmsis_gcc.h **** #endif
 361:Drivers/CMSIS/Include/cmsis_gcc.h **** 
 362:Drivers/CMSIS/Include/cmsis_gcc.h **** 
ARM GAS  C:\Users\simon\AppData\Local\Temp\cceYPmWR.s 			page 73


 363:Drivers/CMSIS/Include/cmsis_gcc.h **** /**
 364:Drivers/CMSIS/Include/cmsis_gcc.h ****   \brief   Get Main Stack Pointer
 365:Drivers/CMSIS/Include/cmsis_gcc.h ****   \details Returns the current value of the Main Stack Pointer (MSP).
 366:Drivers/CMSIS/Include/cmsis_gcc.h ****   \return               MSP Register value
 367:Drivers/CMSIS/Include/cmsis_gcc.h ****  */
 368:Drivers/CMSIS/Include/cmsis_gcc.h **** __STATIC_FORCEINLINE uint32_t __get_MSP(void)
 369:Drivers/CMSIS/Include/cmsis_gcc.h **** {
 370:Drivers/CMSIS/Include/cmsis_gcc.h ****   uint32_t result;
 371:Drivers/CMSIS/Include/cmsis_gcc.h **** 
 372:Drivers/CMSIS/Include/cmsis_gcc.h ****   __ASM volatile ("MRS %0, msp" : "=r" (result) );
 373:Drivers/CMSIS/Include/cmsis_gcc.h ****   return(result);
 374:Drivers/CMSIS/Include/cmsis_gcc.h **** }
 375:Drivers/CMSIS/Include/cmsis_gcc.h **** 
 376:Drivers/CMSIS/Include/cmsis_gcc.h **** 
 377:Drivers/CMSIS/Include/cmsis_gcc.h **** #if (defined (__ARM_FEATURE_CMSE ) && (__ARM_FEATURE_CMSE == 3))
 378:Drivers/CMSIS/Include/cmsis_gcc.h **** /**
 379:Drivers/CMSIS/Include/cmsis_gcc.h ****   \brief   Get Main Stack Pointer (non-secure)
 380:Drivers/CMSIS/Include/cmsis_gcc.h ****   \details Returns the current value of the non-secure Main Stack Pointer (MSP) when in secure stat
 381:Drivers/CMSIS/Include/cmsis_gcc.h ****   \return               MSP Register value
 382:Drivers/CMSIS/Include/cmsis_gcc.h ****  */
 383:Drivers/CMSIS/Include/cmsis_gcc.h **** __STATIC_FORCEINLINE uint32_t __TZ_get_MSP_NS(void)
 384:Drivers/CMSIS/Include/cmsis_gcc.h **** {
 385:Drivers/CMSIS/Include/cmsis_gcc.h ****   uint32_t result;
 386:Drivers/CMSIS/Include/cmsis_gcc.h **** 
 387:Drivers/CMSIS/Include/cmsis_gcc.h ****   __ASM volatile ("MRS %0, msp_ns" : "=r" (result) );
 388:Drivers/CMSIS/Include/cmsis_gcc.h ****   return(result);
 389:Drivers/CMSIS/Include/cmsis_gcc.h **** }
 390:Drivers/CMSIS/Include/cmsis_gcc.h **** #endif
 391:Drivers/CMSIS/Include/cmsis_gcc.h **** 
 392:Drivers/CMSIS/Include/cmsis_gcc.h **** 
 393:Drivers/CMSIS/Include/cmsis_gcc.h **** /**
 394:Drivers/CMSIS/Include/cmsis_gcc.h ****   \brief   Set Main Stack Pointer
 395:Drivers/CMSIS/Include/cmsis_gcc.h ****   \details Assigns the given value to the Main Stack Pointer (MSP).
 396:Drivers/CMSIS/Include/cmsis_gcc.h ****   \param [in]    topOfMainStack  Main Stack Pointer value to set
 397:Drivers/CMSIS/Include/cmsis_gcc.h ****  */
 398:Drivers/CMSIS/Include/cmsis_gcc.h **** __STATIC_FORCEINLINE void __set_MSP(uint32_t topOfMainStack)
 399:Drivers/CMSIS/Include/cmsis_gcc.h **** {
 400:Drivers/CMSIS/Include/cmsis_gcc.h ****   __ASM volatile ("MSR msp, %0" : : "r" (topOfMainStack) : );
 401:Drivers/CMSIS/Include/cmsis_gcc.h **** }
 402:Drivers/CMSIS/Include/cmsis_gcc.h **** 
 403:Drivers/CMSIS/Include/cmsis_gcc.h **** 
 404:Drivers/CMSIS/Include/cmsis_gcc.h **** #if (defined (__ARM_FEATURE_CMSE ) && (__ARM_FEATURE_CMSE == 3))
 405:Drivers/CMSIS/Include/cmsis_gcc.h **** /**
 406:Drivers/CMSIS/Include/cmsis_gcc.h ****   \brief   Set Main Stack Pointer (non-secure)
 407:Drivers/CMSIS/Include/cmsis_gcc.h ****   \details Assigns the given value to the non-secure Main Stack Pointer (MSP) when in secure state.
 408:Drivers/CMSIS/Include/cmsis_gcc.h ****   \param [in]    topOfMainStack  Main Stack Pointer value to set
 409:Drivers/CMSIS/Include/cmsis_gcc.h ****  */
 410:Drivers/CMSIS/Include/cmsis_gcc.h **** __STATIC_FORCEINLINE void __TZ_set_MSP_NS(uint32_t topOfMainStack)
 411:Drivers/CMSIS/Include/cmsis_gcc.h **** {
 412:Drivers/CMSIS/Include/cmsis_gcc.h ****   __ASM volatile ("MSR msp_ns, %0" : : "r" (topOfMainStack) : );
 413:Drivers/CMSIS/Include/cmsis_gcc.h **** }
 414:Drivers/CMSIS/Include/cmsis_gcc.h **** #endif
 415:Drivers/CMSIS/Include/cmsis_gcc.h **** 
 416:Drivers/CMSIS/Include/cmsis_gcc.h **** 
 417:Drivers/CMSIS/Include/cmsis_gcc.h **** #if (defined (__ARM_FEATURE_CMSE ) && (__ARM_FEATURE_CMSE == 3))
 418:Drivers/CMSIS/Include/cmsis_gcc.h **** /**
 419:Drivers/CMSIS/Include/cmsis_gcc.h ****   \brief   Get Stack Pointer (non-secure)
ARM GAS  C:\Users\simon\AppData\Local\Temp\cceYPmWR.s 			page 74


 420:Drivers/CMSIS/Include/cmsis_gcc.h ****   \details Returns the current value of the non-secure Stack Pointer (SP) when in secure state.
 421:Drivers/CMSIS/Include/cmsis_gcc.h ****   \return               SP Register value
 422:Drivers/CMSIS/Include/cmsis_gcc.h ****  */
 423:Drivers/CMSIS/Include/cmsis_gcc.h **** __STATIC_FORCEINLINE uint32_t __TZ_get_SP_NS(void)
 424:Drivers/CMSIS/Include/cmsis_gcc.h **** {
 425:Drivers/CMSIS/Include/cmsis_gcc.h ****   uint32_t result;
 426:Drivers/CMSIS/Include/cmsis_gcc.h **** 
 427:Drivers/CMSIS/Include/cmsis_gcc.h ****   __ASM volatile ("MRS %0, sp_ns" : "=r" (result) );
 428:Drivers/CMSIS/Include/cmsis_gcc.h ****   return(result);
 429:Drivers/CMSIS/Include/cmsis_gcc.h **** }
 430:Drivers/CMSIS/Include/cmsis_gcc.h **** 
 431:Drivers/CMSIS/Include/cmsis_gcc.h **** 
 432:Drivers/CMSIS/Include/cmsis_gcc.h **** /**
 433:Drivers/CMSIS/Include/cmsis_gcc.h ****   \brief   Set Stack Pointer (non-secure)
 434:Drivers/CMSIS/Include/cmsis_gcc.h ****   \details Assigns the given value to the non-secure Stack Pointer (SP) when in secure state.
 435:Drivers/CMSIS/Include/cmsis_gcc.h ****   \param [in]    topOfStack  Stack Pointer value to set
 436:Drivers/CMSIS/Include/cmsis_gcc.h ****  */
 437:Drivers/CMSIS/Include/cmsis_gcc.h **** __STATIC_FORCEINLINE void __TZ_set_SP_NS(uint32_t topOfStack)
 438:Drivers/CMSIS/Include/cmsis_gcc.h **** {
 439:Drivers/CMSIS/Include/cmsis_gcc.h ****   __ASM volatile ("MSR sp_ns, %0" : : "r" (topOfStack) : );
 440:Drivers/CMSIS/Include/cmsis_gcc.h **** }
 441:Drivers/CMSIS/Include/cmsis_gcc.h **** #endif
 442:Drivers/CMSIS/Include/cmsis_gcc.h **** 
 443:Drivers/CMSIS/Include/cmsis_gcc.h **** 
 444:Drivers/CMSIS/Include/cmsis_gcc.h **** /**
 445:Drivers/CMSIS/Include/cmsis_gcc.h ****   \brief   Get Priority Mask
 446:Drivers/CMSIS/Include/cmsis_gcc.h ****   \details Returns the current state of the priority mask bit from the Priority Mask Register.
 447:Drivers/CMSIS/Include/cmsis_gcc.h ****   \return               Priority Mask value
 448:Drivers/CMSIS/Include/cmsis_gcc.h ****  */
 449:Drivers/CMSIS/Include/cmsis_gcc.h **** __STATIC_FORCEINLINE uint32_t __get_PRIMASK(void)
 450:Drivers/CMSIS/Include/cmsis_gcc.h **** {
 451:Drivers/CMSIS/Include/cmsis_gcc.h ****   uint32_t result;
 452:Drivers/CMSIS/Include/cmsis_gcc.h **** 
 453:Drivers/CMSIS/Include/cmsis_gcc.h ****   __ASM volatile ("MRS %0, primask" : "=r" (result) :: "memory");
 454:Drivers/CMSIS/Include/cmsis_gcc.h ****   return(result);
 455:Drivers/CMSIS/Include/cmsis_gcc.h **** }
 456:Drivers/CMSIS/Include/cmsis_gcc.h **** 
 457:Drivers/CMSIS/Include/cmsis_gcc.h **** 
 458:Drivers/CMSIS/Include/cmsis_gcc.h **** #if (defined (__ARM_FEATURE_CMSE ) && (__ARM_FEATURE_CMSE == 3))
 459:Drivers/CMSIS/Include/cmsis_gcc.h **** /**
 460:Drivers/CMSIS/Include/cmsis_gcc.h ****   \brief   Get Priority Mask (non-secure)
 461:Drivers/CMSIS/Include/cmsis_gcc.h ****   \details Returns the current state of the non-secure priority mask bit from the Priority Mask Reg
 462:Drivers/CMSIS/Include/cmsis_gcc.h ****   \return               Priority Mask value
 463:Drivers/CMSIS/Include/cmsis_gcc.h ****  */
 464:Drivers/CMSIS/Include/cmsis_gcc.h **** __STATIC_FORCEINLINE uint32_t __TZ_get_PRIMASK_NS(void)
 465:Drivers/CMSIS/Include/cmsis_gcc.h **** {
 466:Drivers/CMSIS/Include/cmsis_gcc.h ****   uint32_t result;
 467:Drivers/CMSIS/Include/cmsis_gcc.h **** 
 468:Drivers/CMSIS/Include/cmsis_gcc.h ****   __ASM volatile ("MRS %0, primask_ns" : "=r" (result) :: "memory");
 469:Drivers/CMSIS/Include/cmsis_gcc.h ****   return(result);
 470:Drivers/CMSIS/Include/cmsis_gcc.h **** }
 471:Drivers/CMSIS/Include/cmsis_gcc.h **** #endif
 472:Drivers/CMSIS/Include/cmsis_gcc.h **** 
 473:Drivers/CMSIS/Include/cmsis_gcc.h **** 
 474:Drivers/CMSIS/Include/cmsis_gcc.h **** /**
 475:Drivers/CMSIS/Include/cmsis_gcc.h ****   \brief   Set Priority Mask
 476:Drivers/CMSIS/Include/cmsis_gcc.h ****   \details Assigns the given value to the Priority Mask Register.
ARM GAS  C:\Users\simon\AppData\Local\Temp\cceYPmWR.s 			page 75


 477:Drivers/CMSIS/Include/cmsis_gcc.h ****   \param [in]    priMask  Priority Mask
 478:Drivers/CMSIS/Include/cmsis_gcc.h ****  */
 479:Drivers/CMSIS/Include/cmsis_gcc.h **** __STATIC_FORCEINLINE void __set_PRIMASK(uint32_t priMask)
 480:Drivers/CMSIS/Include/cmsis_gcc.h **** {
 481:Drivers/CMSIS/Include/cmsis_gcc.h ****   __ASM volatile ("MSR primask, %0" : : "r" (priMask) : "memory");
 482:Drivers/CMSIS/Include/cmsis_gcc.h **** }
 483:Drivers/CMSIS/Include/cmsis_gcc.h **** 
 484:Drivers/CMSIS/Include/cmsis_gcc.h **** 
 485:Drivers/CMSIS/Include/cmsis_gcc.h **** #if (defined (__ARM_FEATURE_CMSE ) && (__ARM_FEATURE_CMSE == 3))
 486:Drivers/CMSIS/Include/cmsis_gcc.h **** /**
 487:Drivers/CMSIS/Include/cmsis_gcc.h ****   \brief   Set Priority Mask (non-secure)
 488:Drivers/CMSIS/Include/cmsis_gcc.h ****   \details Assigns the given value to the non-secure Priority Mask Register when in secure state.
 489:Drivers/CMSIS/Include/cmsis_gcc.h ****   \param [in]    priMask  Priority Mask
 490:Drivers/CMSIS/Include/cmsis_gcc.h ****  */
 491:Drivers/CMSIS/Include/cmsis_gcc.h **** __STATIC_FORCEINLINE void __TZ_set_PRIMASK_NS(uint32_t priMask)
 492:Drivers/CMSIS/Include/cmsis_gcc.h **** {
 493:Drivers/CMSIS/Include/cmsis_gcc.h ****   __ASM volatile ("MSR primask_ns, %0" : : "r" (priMask) : "memory");
 494:Drivers/CMSIS/Include/cmsis_gcc.h **** }
 495:Drivers/CMSIS/Include/cmsis_gcc.h **** #endif
 496:Drivers/CMSIS/Include/cmsis_gcc.h **** 
 497:Drivers/CMSIS/Include/cmsis_gcc.h **** 
 498:Drivers/CMSIS/Include/cmsis_gcc.h **** #if ((defined (__ARM_ARCH_7M__      ) && (__ARM_ARCH_7M__      == 1)) || \
 499:Drivers/CMSIS/Include/cmsis_gcc.h ****      (defined (__ARM_ARCH_7EM__     ) && (__ARM_ARCH_7EM__     == 1)) || \
 500:Drivers/CMSIS/Include/cmsis_gcc.h ****      (defined (__ARM_ARCH_8M_MAIN__ ) && (__ARM_ARCH_8M_MAIN__ == 1))    )
 501:Drivers/CMSIS/Include/cmsis_gcc.h **** /**
 502:Drivers/CMSIS/Include/cmsis_gcc.h ****   \brief   Enable FIQ
 503:Drivers/CMSIS/Include/cmsis_gcc.h ****   \details Enables FIQ interrupts by clearing the F-bit in the CPSR.
 504:Drivers/CMSIS/Include/cmsis_gcc.h ****            Can only be executed in Privileged modes.
 505:Drivers/CMSIS/Include/cmsis_gcc.h ****  */
 506:Drivers/CMSIS/Include/cmsis_gcc.h **** __STATIC_FORCEINLINE void __enable_fault_irq(void)
 507:Drivers/CMSIS/Include/cmsis_gcc.h **** {
 508:Drivers/CMSIS/Include/cmsis_gcc.h ****   __ASM volatile ("cpsie f" : : : "memory");
 509:Drivers/CMSIS/Include/cmsis_gcc.h **** }
 510:Drivers/CMSIS/Include/cmsis_gcc.h **** 
 511:Drivers/CMSIS/Include/cmsis_gcc.h **** 
 512:Drivers/CMSIS/Include/cmsis_gcc.h **** /**
 513:Drivers/CMSIS/Include/cmsis_gcc.h ****   \brief   Disable FIQ
 514:Drivers/CMSIS/Include/cmsis_gcc.h ****   \details Disables FIQ interrupts by setting the F-bit in the CPSR.
 515:Drivers/CMSIS/Include/cmsis_gcc.h ****            Can only be executed in Privileged modes.
 516:Drivers/CMSIS/Include/cmsis_gcc.h ****  */
 517:Drivers/CMSIS/Include/cmsis_gcc.h **** __STATIC_FORCEINLINE void __disable_fault_irq(void)
 518:Drivers/CMSIS/Include/cmsis_gcc.h **** {
 519:Drivers/CMSIS/Include/cmsis_gcc.h ****   __ASM volatile ("cpsid f" : : : "memory");
 520:Drivers/CMSIS/Include/cmsis_gcc.h **** }
 521:Drivers/CMSIS/Include/cmsis_gcc.h **** 
 522:Drivers/CMSIS/Include/cmsis_gcc.h **** 
 523:Drivers/CMSIS/Include/cmsis_gcc.h **** /**
 524:Drivers/CMSIS/Include/cmsis_gcc.h ****   \brief   Get Base Priority
 525:Drivers/CMSIS/Include/cmsis_gcc.h ****   \details Returns the current value of the Base Priority register.
 526:Drivers/CMSIS/Include/cmsis_gcc.h ****   \return               Base Priority register value
 527:Drivers/CMSIS/Include/cmsis_gcc.h ****  */
 528:Drivers/CMSIS/Include/cmsis_gcc.h **** __STATIC_FORCEINLINE uint32_t __get_BASEPRI(void)
 529:Drivers/CMSIS/Include/cmsis_gcc.h **** {
 530:Drivers/CMSIS/Include/cmsis_gcc.h ****   uint32_t result;
 531:Drivers/CMSIS/Include/cmsis_gcc.h **** 
 532:Drivers/CMSIS/Include/cmsis_gcc.h ****   __ASM volatile ("MRS %0, basepri" : "=r" (result) );
 533:Drivers/CMSIS/Include/cmsis_gcc.h ****   return(result);
ARM GAS  C:\Users\simon\AppData\Local\Temp\cceYPmWR.s 			page 76


 534:Drivers/CMSIS/Include/cmsis_gcc.h **** }
 535:Drivers/CMSIS/Include/cmsis_gcc.h **** 
 536:Drivers/CMSIS/Include/cmsis_gcc.h **** 
 537:Drivers/CMSIS/Include/cmsis_gcc.h **** #if (defined (__ARM_FEATURE_CMSE ) && (__ARM_FEATURE_CMSE == 3))
 538:Drivers/CMSIS/Include/cmsis_gcc.h **** /**
 539:Drivers/CMSIS/Include/cmsis_gcc.h ****   \brief   Get Base Priority (non-secure)
 540:Drivers/CMSIS/Include/cmsis_gcc.h ****   \details Returns the current value of the non-secure Base Priority register when in secure state.
 541:Drivers/CMSIS/Include/cmsis_gcc.h ****   \return               Base Priority register value
 542:Drivers/CMSIS/Include/cmsis_gcc.h ****  */
 543:Drivers/CMSIS/Include/cmsis_gcc.h **** __STATIC_FORCEINLINE uint32_t __TZ_get_BASEPRI_NS(void)
 544:Drivers/CMSIS/Include/cmsis_gcc.h **** {
 545:Drivers/CMSIS/Include/cmsis_gcc.h ****   uint32_t result;
 546:Drivers/CMSIS/Include/cmsis_gcc.h **** 
 547:Drivers/CMSIS/Include/cmsis_gcc.h ****   __ASM volatile ("MRS %0, basepri_ns" : "=r" (result) );
 548:Drivers/CMSIS/Include/cmsis_gcc.h ****   return(result);
 549:Drivers/CMSIS/Include/cmsis_gcc.h **** }
 550:Drivers/CMSIS/Include/cmsis_gcc.h **** #endif
 551:Drivers/CMSIS/Include/cmsis_gcc.h **** 
 552:Drivers/CMSIS/Include/cmsis_gcc.h **** 
 553:Drivers/CMSIS/Include/cmsis_gcc.h **** /**
 554:Drivers/CMSIS/Include/cmsis_gcc.h ****   \brief   Set Base Priority
 555:Drivers/CMSIS/Include/cmsis_gcc.h ****   \details Assigns the given value to the Base Priority register.
 556:Drivers/CMSIS/Include/cmsis_gcc.h ****   \param [in]    basePri  Base Priority value to set
 557:Drivers/CMSIS/Include/cmsis_gcc.h ****  */
 558:Drivers/CMSIS/Include/cmsis_gcc.h **** __STATIC_FORCEINLINE void __set_BASEPRI(uint32_t basePri)
 559:Drivers/CMSIS/Include/cmsis_gcc.h **** {
 560:Drivers/CMSIS/Include/cmsis_gcc.h ****   __ASM volatile ("MSR basepri, %0" : : "r" (basePri) : "memory");
 561:Drivers/CMSIS/Include/cmsis_gcc.h **** }
 562:Drivers/CMSIS/Include/cmsis_gcc.h **** 
 563:Drivers/CMSIS/Include/cmsis_gcc.h **** 
 564:Drivers/CMSIS/Include/cmsis_gcc.h **** #if (defined (__ARM_FEATURE_CMSE ) && (__ARM_FEATURE_CMSE == 3))
 565:Drivers/CMSIS/Include/cmsis_gcc.h **** /**
 566:Drivers/CMSIS/Include/cmsis_gcc.h ****   \brief   Set Base Priority (non-secure)
 567:Drivers/CMSIS/Include/cmsis_gcc.h ****   \details Assigns the given value to the non-secure Base Priority register when in secure state.
 568:Drivers/CMSIS/Include/cmsis_gcc.h ****   \param [in]    basePri  Base Priority value to set
 569:Drivers/CMSIS/Include/cmsis_gcc.h ****  */
 570:Drivers/CMSIS/Include/cmsis_gcc.h **** __STATIC_FORCEINLINE void __TZ_set_BASEPRI_NS(uint32_t basePri)
 571:Drivers/CMSIS/Include/cmsis_gcc.h **** {
 572:Drivers/CMSIS/Include/cmsis_gcc.h ****   __ASM volatile ("MSR basepri_ns, %0" : : "r" (basePri) : "memory");
 573:Drivers/CMSIS/Include/cmsis_gcc.h **** }
 574:Drivers/CMSIS/Include/cmsis_gcc.h **** #endif
 575:Drivers/CMSIS/Include/cmsis_gcc.h **** 
 576:Drivers/CMSIS/Include/cmsis_gcc.h **** 
 577:Drivers/CMSIS/Include/cmsis_gcc.h **** /**
 578:Drivers/CMSIS/Include/cmsis_gcc.h ****   \brief   Set Base Priority with condition
 579:Drivers/CMSIS/Include/cmsis_gcc.h ****   \details Assigns the given value to the Base Priority register only if BASEPRI masking is disable
 580:Drivers/CMSIS/Include/cmsis_gcc.h ****            or the new value increases the BASEPRI priority level.
 581:Drivers/CMSIS/Include/cmsis_gcc.h ****   \param [in]    basePri  Base Priority value to set
 582:Drivers/CMSIS/Include/cmsis_gcc.h ****  */
 583:Drivers/CMSIS/Include/cmsis_gcc.h **** __STATIC_FORCEINLINE void __set_BASEPRI_MAX(uint32_t basePri)
 584:Drivers/CMSIS/Include/cmsis_gcc.h **** {
 585:Drivers/CMSIS/Include/cmsis_gcc.h ****   __ASM volatile ("MSR basepri_max, %0" : : "r" (basePri) : "memory");
 586:Drivers/CMSIS/Include/cmsis_gcc.h **** }
 587:Drivers/CMSIS/Include/cmsis_gcc.h **** 
 588:Drivers/CMSIS/Include/cmsis_gcc.h **** 
 589:Drivers/CMSIS/Include/cmsis_gcc.h **** /**
 590:Drivers/CMSIS/Include/cmsis_gcc.h ****   \brief   Get Fault Mask
ARM GAS  C:\Users\simon\AppData\Local\Temp\cceYPmWR.s 			page 77


 591:Drivers/CMSIS/Include/cmsis_gcc.h ****   \details Returns the current value of the Fault Mask register.
 592:Drivers/CMSIS/Include/cmsis_gcc.h ****   \return               Fault Mask register value
 593:Drivers/CMSIS/Include/cmsis_gcc.h ****  */
 594:Drivers/CMSIS/Include/cmsis_gcc.h **** __STATIC_FORCEINLINE uint32_t __get_FAULTMASK(void)
 595:Drivers/CMSIS/Include/cmsis_gcc.h **** {
 596:Drivers/CMSIS/Include/cmsis_gcc.h ****   uint32_t result;
 597:Drivers/CMSIS/Include/cmsis_gcc.h **** 
 598:Drivers/CMSIS/Include/cmsis_gcc.h ****   __ASM volatile ("MRS %0, faultmask" : "=r" (result) );
 599:Drivers/CMSIS/Include/cmsis_gcc.h ****   return(result);
 600:Drivers/CMSIS/Include/cmsis_gcc.h **** }
 601:Drivers/CMSIS/Include/cmsis_gcc.h **** 
 602:Drivers/CMSIS/Include/cmsis_gcc.h **** 
 603:Drivers/CMSIS/Include/cmsis_gcc.h **** #if (defined (__ARM_FEATURE_CMSE ) && (__ARM_FEATURE_CMSE == 3))
 604:Drivers/CMSIS/Include/cmsis_gcc.h **** /**
 605:Drivers/CMSIS/Include/cmsis_gcc.h ****   \brief   Get Fault Mask (non-secure)
 606:Drivers/CMSIS/Include/cmsis_gcc.h ****   \details Returns the current value of the non-secure Fault Mask register when in secure state.
 607:Drivers/CMSIS/Include/cmsis_gcc.h ****   \return               Fault Mask register value
 608:Drivers/CMSIS/Include/cmsis_gcc.h ****  */
 609:Drivers/CMSIS/Include/cmsis_gcc.h **** __STATIC_FORCEINLINE uint32_t __TZ_get_FAULTMASK_NS(void)
 610:Drivers/CMSIS/Include/cmsis_gcc.h **** {
 611:Drivers/CMSIS/Include/cmsis_gcc.h ****   uint32_t result;
 612:Drivers/CMSIS/Include/cmsis_gcc.h **** 
 613:Drivers/CMSIS/Include/cmsis_gcc.h ****   __ASM volatile ("MRS %0, faultmask_ns" : "=r" (result) );
 614:Drivers/CMSIS/Include/cmsis_gcc.h ****   return(result);
 615:Drivers/CMSIS/Include/cmsis_gcc.h **** }
 616:Drivers/CMSIS/Include/cmsis_gcc.h **** #endif
 617:Drivers/CMSIS/Include/cmsis_gcc.h **** 
 618:Drivers/CMSIS/Include/cmsis_gcc.h **** 
 619:Drivers/CMSIS/Include/cmsis_gcc.h **** /**
 620:Drivers/CMSIS/Include/cmsis_gcc.h ****   \brief   Set Fault Mask
 621:Drivers/CMSIS/Include/cmsis_gcc.h ****   \details Assigns the given value to the Fault Mask register.
 622:Drivers/CMSIS/Include/cmsis_gcc.h ****   \param [in]    faultMask  Fault Mask value to set
 623:Drivers/CMSIS/Include/cmsis_gcc.h ****  */
 624:Drivers/CMSIS/Include/cmsis_gcc.h **** __STATIC_FORCEINLINE void __set_FAULTMASK(uint32_t faultMask)
 625:Drivers/CMSIS/Include/cmsis_gcc.h **** {
 626:Drivers/CMSIS/Include/cmsis_gcc.h ****   __ASM volatile ("MSR faultmask, %0" : : "r" (faultMask) : "memory");
 627:Drivers/CMSIS/Include/cmsis_gcc.h **** }
 628:Drivers/CMSIS/Include/cmsis_gcc.h **** 
 629:Drivers/CMSIS/Include/cmsis_gcc.h **** 
 630:Drivers/CMSIS/Include/cmsis_gcc.h **** #if (defined (__ARM_FEATURE_CMSE ) && (__ARM_FEATURE_CMSE == 3))
 631:Drivers/CMSIS/Include/cmsis_gcc.h **** /**
 632:Drivers/CMSIS/Include/cmsis_gcc.h ****   \brief   Set Fault Mask (non-secure)
 633:Drivers/CMSIS/Include/cmsis_gcc.h ****   \details Assigns the given value to the non-secure Fault Mask register when in secure state.
 634:Drivers/CMSIS/Include/cmsis_gcc.h ****   \param [in]    faultMask  Fault Mask value to set
 635:Drivers/CMSIS/Include/cmsis_gcc.h ****  */
 636:Drivers/CMSIS/Include/cmsis_gcc.h **** __STATIC_FORCEINLINE void __TZ_set_FAULTMASK_NS(uint32_t faultMask)
 637:Drivers/CMSIS/Include/cmsis_gcc.h **** {
 638:Drivers/CMSIS/Include/cmsis_gcc.h ****   __ASM volatile ("MSR faultmask_ns, %0" : : "r" (faultMask) : "memory");
 639:Drivers/CMSIS/Include/cmsis_gcc.h **** }
 640:Drivers/CMSIS/Include/cmsis_gcc.h **** #endif
 641:Drivers/CMSIS/Include/cmsis_gcc.h **** 
 642:Drivers/CMSIS/Include/cmsis_gcc.h **** #endif /* ((defined (__ARM_ARCH_7M__      ) && (__ARM_ARCH_7M__      == 1)) || \
 643:Drivers/CMSIS/Include/cmsis_gcc.h ****            (defined (__ARM_ARCH_7EM__     ) && (__ARM_ARCH_7EM__     == 1)) || \
 644:Drivers/CMSIS/Include/cmsis_gcc.h ****            (defined (__ARM_ARCH_8M_MAIN__ ) && (__ARM_ARCH_8M_MAIN__ == 1))    ) */
 645:Drivers/CMSIS/Include/cmsis_gcc.h **** 
 646:Drivers/CMSIS/Include/cmsis_gcc.h **** 
 647:Drivers/CMSIS/Include/cmsis_gcc.h **** #if ((defined (__ARM_ARCH_8M_MAIN__ ) && (__ARM_ARCH_8M_MAIN__ == 1)) || \
ARM GAS  C:\Users\simon\AppData\Local\Temp\cceYPmWR.s 			page 78


 648:Drivers/CMSIS/Include/cmsis_gcc.h ****      (defined (__ARM_ARCH_8M_BASE__ ) && (__ARM_ARCH_8M_BASE__ == 1))    )
 649:Drivers/CMSIS/Include/cmsis_gcc.h **** 
 650:Drivers/CMSIS/Include/cmsis_gcc.h **** /**
 651:Drivers/CMSIS/Include/cmsis_gcc.h ****   \brief   Get Process Stack Pointer Limit
 652:Drivers/CMSIS/Include/cmsis_gcc.h ****   Devices without ARMv8-M Main Extensions (i.e. Cortex-M23) lack the non-secure
 653:Drivers/CMSIS/Include/cmsis_gcc.h ****   Stack Pointer Limit register hence zero is returned always in non-secure
 654:Drivers/CMSIS/Include/cmsis_gcc.h ****   mode.
 655:Drivers/CMSIS/Include/cmsis_gcc.h ****   
 656:Drivers/CMSIS/Include/cmsis_gcc.h ****   \details Returns the current value of the Process Stack Pointer Limit (PSPLIM).
 657:Drivers/CMSIS/Include/cmsis_gcc.h ****   \return               PSPLIM Register value
 658:Drivers/CMSIS/Include/cmsis_gcc.h ****  */
 659:Drivers/CMSIS/Include/cmsis_gcc.h **** __STATIC_FORCEINLINE uint32_t __get_PSPLIM(void)
 660:Drivers/CMSIS/Include/cmsis_gcc.h **** {
 661:Drivers/CMSIS/Include/cmsis_gcc.h **** #if (!(defined (__ARM_ARCH_8M_MAIN__ ) && (__ARM_ARCH_8M_MAIN__ == 1)) && \
 662:Drivers/CMSIS/Include/cmsis_gcc.h ****     (!defined (__ARM_FEATURE_CMSE) || (__ARM_FEATURE_CMSE < 3)))
 663:Drivers/CMSIS/Include/cmsis_gcc.h ****     // without main extensions, the non-secure PSPLIM is RAZ/WI
 664:Drivers/CMSIS/Include/cmsis_gcc.h ****   return 0U;
 665:Drivers/CMSIS/Include/cmsis_gcc.h **** #else
 666:Drivers/CMSIS/Include/cmsis_gcc.h ****   uint32_t result;
 667:Drivers/CMSIS/Include/cmsis_gcc.h ****   __ASM volatile ("MRS %0, psplim"  : "=r" (result) );
 668:Drivers/CMSIS/Include/cmsis_gcc.h ****   return result;
 669:Drivers/CMSIS/Include/cmsis_gcc.h **** #endif
 670:Drivers/CMSIS/Include/cmsis_gcc.h **** }
 671:Drivers/CMSIS/Include/cmsis_gcc.h **** 
 672:Drivers/CMSIS/Include/cmsis_gcc.h **** #if (defined (__ARM_FEATURE_CMSE) && (__ARM_FEATURE_CMSE == 3))
 673:Drivers/CMSIS/Include/cmsis_gcc.h **** /**
 674:Drivers/CMSIS/Include/cmsis_gcc.h ****   \brief   Get Process Stack Pointer Limit (non-secure)
 675:Drivers/CMSIS/Include/cmsis_gcc.h ****   Devices without ARMv8-M Main Extensions (i.e. Cortex-M23) lack the non-secure
 676:Drivers/CMSIS/Include/cmsis_gcc.h ****   Stack Pointer Limit register hence zero is returned always.
 677:Drivers/CMSIS/Include/cmsis_gcc.h **** 
 678:Drivers/CMSIS/Include/cmsis_gcc.h ****   \details Returns the current value of the non-secure Process Stack Pointer Limit (PSPLIM) when in
 679:Drivers/CMSIS/Include/cmsis_gcc.h ****   \return               PSPLIM Register value
 680:Drivers/CMSIS/Include/cmsis_gcc.h ****  */
 681:Drivers/CMSIS/Include/cmsis_gcc.h **** __STATIC_FORCEINLINE uint32_t __TZ_get_PSPLIM_NS(void)
 682:Drivers/CMSIS/Include/cmsis_gcc.h **** {
 683:Drivers/CMSIS/Include/cmsis_gcc.h **** #if (!(defined (__ARM_ARCH_8M_MAIN__ ) && (__ARM_ARCH_8M_MAIN__ == 1)))
 684:Drivers/CMSIS/Include/cmsis_gcc.h ****   // without main extensions, the non-secure PSPLIM is RAZ/WI
 685:Drivers/CMSIS/Include/cmsis_gcc.h ****   return 0U;
 686:Drivers/CMSIS/Include/cmsis_gcc.h **** #else
 687:Drivers/CMSIS/Include/cmsis_gcc.h ****   uint32_t result;
 688:Drivers/CMSIS/Include/cmsis_gcc.h ****   __ASM volatile ("MRS %0, psplim_ns"  : "=r" (result) );
 689:Drivers/CMSIS/Include/cmsis_gcc.h ****   return result;
 690:Drivers/CMSIS/Include/cmsis_gcc.h **** #endif
 691:Drivers/CMSIS/Include/cmsis_gcc.h **** }
 692:Drivers/CMSIS/Include/cmsis_gcc.h **** #endif
 693:Drivers/CMSIS/Include/cmsis_gcc.h **** 
 694:Drivers/CMSIS/Include/cmsis_gcc.h **** 
 695:Drivers/CMSIS/Include/cmsis_gcc.h **** /**
 696:Drivers/CMSIS/Include/cmsis_gcc.h ****   \brief   Set Process Stack Pointer Limit
 697:Drivers/CMSIS/Include/cmsis_gcc.h ****   Devices without ARMv8-M Main Extensions (i.e. Cortex-M23) lack the non-secure
 698:Drivers/CMSIS/Include/cmsis_gcc.h ****   Stack Pointer Limit register hence the write is silently ignored in non-secure
 699:Drivers/CMSIS/Include/cmsis_gcc.h ****   mode.
 700:Drivers/CMSIS/Include/cmsis_gcc.h ****   
 701:Drivers/CMSIS/Include/cmsis_gcc.h ****   \details Assigns the given value to the Process Stack Pointer Limit (PSPLIM).
 702:Drivers/CMSIS/Include/cmsis_gcc.h ****   \param [in]    ProcStackPtrLimit  Process Stack Pointer Limit value to set
 703:Drivers/CMSIS/Include/cmsis_gcc.h ****  */
 704:Drivers/CMSIS/Include/cmsis_gcc.h **** __STATIC_FORCEINLINE void __set_PSPLIM(uint32_t ProcStackPtrLimit)
ARM GAS  C:\Users\simon\AppData\Local\Temp\cceYPmWR.s 			page 79


 705:Drivers/CMSIS/Include/cmsis_gcc.h **** {
 706:Drivers/CMSIS/Include/cmsis_gcc.h **** #if (!(defined (__ARM_ARCH_8M_MAIN__ ) && (__ARM_ARCH_8M_MAIN__ == 1)) && \
 707:Drivers/CMSIS/Include/cmsis_gcc.h ****     (!defined (__ARM_FEATURE_CMSE) || (__ARM_FEATURE_CMSE < 3)))
 708:Drivers/CMSIS/Include/cmsis_gcc.h ****   // without main extensions, the non-secure PSPLIM is RAZ/WI
 709:Drivers/CMSIS/Include/cmsis_gcc.h ****   (void)ProcStackPtrLimit;
 710:Drivers/CMSIS/Include/cmsis_gcc.h **** #else
 711:Drivers/CMSIS/Include/cmsis_gcc.h ****   __ASM volatile ("MSR psplim, %0" : : "r" (ProcStackPtrLimit));
 712:Drivers/CMSIS/Include/cmsis_gcc.h **** #endif
 713:Drivers/CMSIS/Include/cmsis_gcc.h **** }
 714:Drivers/CMSIS/Include/cmsis_gcc.h **** 
 715:Drivers/CMSIS/Include/cmsis_gcc.h **** 
 716:Drivers/CMSIS/Include/cmsis_gcc.h **** #if (defined (__ARM_FEATURE_CMSE  ) && (__ARM_FEATURE_CMSE   == 3))
 717:Drivers/CMSIS/Include/cmsis_gcc.h **** /**
 718:Drivers/CMSIS/Include/cmsis_gcc.h ****   \brief   Set Process Stack Pointer (non-secure)
 719:Drivers/CMSIS/Include/cmsis_gcc.h ****   Devices without ARMv8-M Main Extensions (i.e. Cortex-M23) lack the non-secure
 720:Drivers/CMSIS/Include/cmsis_gcc.h ****   Stack Pointer Limit register hence the write is silently ignored.
 721:Drivers/CMSIS/Include/cmsis_gcc.h **** 
 722:Drivers/CMSIS/Include/cmsis_gcc.h ****   \details Assigns the given value to the non-secure Process Stack Pointer Limit (PSPLIM) when in s
 723:Drivers/CMSIS/Include/cmsis_gcc.h ****   \param [in]    ProcStackPtrLimit  Process Stack Pointer Limit value to set
 724:Drivers/CMSIS/Include/cmsis_gcc.h ****  */
 725:Drivers/CMSIS/Include/cmsis_gcc.h **** __STATIC_FORCEINLINE void __TZ_set_PSPLIM_NS(uint32_t ProcStackPtrLimit)
 726:Drivers/CMSIS/Include/cmsis_gcc.h **** {
 727:Drivers/CMSIS/Include/cmsis_gcc.h **** #if (!(defined (__ARM_ARCH_8M_MAIN__ ) && (__ARM_ARCH_8M_MAIN__ == 1)))
 728:Drivers/CMSIS/Include/cmsis_gcc.h ****   // without main extensions, the non-secure PSPLIM is RAZ/WI
 729:Drivers/CMSIS/Include/cmsis_gcc.h ****   (void)ProcStackPtrLimit;
 730:Drivers/CMSIS/Include/cmsis_gcc.h **** #else
 731:Drivers/CMSIS/Include/cmsis_gcc.h ****   __ASM volatile ("MSR psplim_ns, %0\n" : : "r" (ProcStackPtrLimit));
 732:Drivers/CMSIS/Include/cmsis_gcc.h **** #endif
 733:Drivers/CMSIS/Include/cmsis_gcc.h **** }
 734:Drivers/CMSIS/Include/cmsis_gcc.h **** #endif
 735:Drivers/CMSIS/Include/cmsis_gcc.h **** 
 736:Drivers/CMSIS/Include/cmsis_gcc.h **** 
 737:Drivers/CMSIS/Include/cmsis_gcc.h **** /**
 738:Drivers/CMSIS/Include/cmsis_gcc.h ****   \brief   Get Main Stack Pointer Limit
 739:Drivers/CMSIS/Include/cmsis_gcc.h ****   Devices without ARMv8-M Main Extensions (i.e. Cortex-M23) lack the non-secure
 740:Drivers/CMSIS/Include/cmsis_gcc.h ****   Stack Pointer Limit register hence zero is returned always in non-secure
 741:Drivers/CMSIS/Include/cmsis_gcc.h ****   mode.
 742:Drivers/CMSIS/Include/cmsis_gcc.h **** 
 743:Drivers/CMSIS/Include/cmsis_gcc.h ****   \details Returns the current value of the Main Stack Pointer Limit (MSPLIM).
 744:Drivers/CMSIS/Include/cmsis_gcc.h ****   \return               MSPLIM Register value
 745:Drivers/CMSIS/Include/cmsis_gcc.h ****  */
 746:Drivers/CMSIS/Include/cmsis_gcc.h **** __STATIC_FORCEINLINE uint32_t __get_MSPLIM(void)
 747:Drivers/CMSIS/Include/cmsis_gcc.h **** {
 748:Drivers/CMSIS/Include/cmsis_gcc.h **** #if (!(defined (__ARM_ARCH_8M_MAIN__ ) && (__ARM_ARCH_8M_MAIN__ == 1)) && \
 749:Drivers/CMSIS/Include/cmsis_gcc.h ****     (!defined (__ARM_FEATURE_CMSE) || (__ARM_FEATURE_CMSE < 3)))
 750:Drivers/CMSIS/Include/cmsis_gcc.h ****   // without main extensions, the non-secure MSPLIM is RAZ/WI
 751:Drivers/CMSIS/Include/cmsis_gcc.h ****   return 0U;
 752:Drivers/CMSIS/Include/cmsis_gcc.h **** #else
 753:Drivers/CMSIS/Include/cmsis_gcc.h ****   uint32_t result;
 754:Drivers/CMSIS/Include/cmsis_gcc.h ****   __ASM volatile ("MRS %0, msplim" : "=r" (result) );
 755:Drivers/CMSIS/Include/cmsis_gcc.h ****   return result;
 756:Drivers/CMSIS/Include/cmsis_gcc.h **** #endif
 757:Drivers/CMSIS/Include/cmsis_gcc.h **** }
 758:Drivers/CMSIS/Include/cmsis_gcc.h **** 
 759:Drivers/CMSIS/Include/cmsis_gcc.h **** 
 760:Drivers/CMSIS/Include/cmsis_gcc.h **** #if (defined (__ARM_FEATURE_CMSE  ) && (__ARM_FEATURE_CMSE   == 3))
 761:Drivers/CMSIS/Include/cmsis_gcc.h **** /**
ARM GAS  C:\Users\simon\AppData\Local\Temp\cceYPmWR.s 			page 80


 762:Drivers/CMSIS/Include/cmsis_gcc.h ****   \brief   Get Main Stack Pointer Limit (non-secure)
 763:Drivers/CMSIS/Include/cmsis_gcc.h ****   Devices without ARMv8-M Main Extensions (i.e. Cortex-M23) lack the non-secure
 764:Drivers/CMSIS/Include/cmsis_gcc.h ****   Stack Pointer Limit register hence zero is returned always.
 765:Drivers/CMSIS/Include/cmsis_gcc.h **** 
 766:Drivers/CMSIS/Include/cmsis_gcc.h ****   \details Returns the current value of the non-secure Main Stack Pointer Limit(MSPLIM) when in sec
 767:Drivers/CMSIS/Include/cmsis_gcc.h ****   \return               MSPLIM Register value
 768:Drivers/CMSIS/Include/cmsis_gcc.h ****  */
 769:Drivers/CMSIS/Include/cmsis_gcc.h **** __STATIC_FORCEINLINE uint32_t __TZ_get_MSPLIM_NS(void)
 770:Drivers/CMSIS/Include/cmsis_gcc.h **** {
 771:Drivers/CMSIS/Include/cmsis_gcc.h **** #if (!(defined (__ARM_ARCH_8M_MAIN__ ) && (__ARM_ARCH_8M_MAIN__ == 1)))
 772:Drivers/CMSIS/Include/cmsis_gcc.h ****   // without main extensions, the non-secure MSPLIM is RAZ/WI
 773:Drivers/CMSIS/Include/cmsis_gcc.h ****   return 0U;
 774:Drivers/CMSIS/Include/cmsis_gcc.h **** #else
 775:Drivers/CMSIS/Include/cmsis_gcc.h ****   uint32_t result;
 776:Drivers/CMSIS/Include/cmsis_gcc.h ****   __ASM volatile ("MRS %0, msplim_ns" : "=r" (result) );
 777:Drivers/CMSIS/Include/cmsis_gcc.h ****   return result;
 778:Drivers/CMSIS/Include/cmsis_gcc.h **** #endif
 779:Drivers/CMSIS/Include/cmsis_gcc.h **** }
 780:Drivers/CMSIS/Include/cmsis_gcc.h **** #endif
 781:Drivers/CMSIS/Include/cmsis_gcc.h **** 
 782:Drivers/CMSIS/Include/cmsis_gcc.h **** 
 783:Drivers/CMSIS/Include/cmsis_gcc.h **** /**
 784:Drivers/CMSIS/Include/cmsis_gcc.h ****   \brief   Set Main Stack Pointer Limit
 785:Drivers/CMSIS/Include/cmsis_gcc.h ****   Devices without ARMv8-M Main Extensions (i.e. Cortex-M23) lack the non-secure
 786:Drivers/CMSIS/Include/cmsis_gcc.h ****   Stack Pointer Limit register hence the write is silently ignored in non-secure
 787:Drivers/CMSIS/Include/cmsis_gcc.h ****   mode.
 788:Drivers/CMSIS/Include/cmsis_gcc.h **** 
 789:Drivers/CMSIS/Include/cmsis_gcc.h ****   \details Assigns the given value to the Main Stack Pointer Limit (MSPLIM).
 790:Drivers/CMSIS/Include/cmsis_gcc.h ****   \param [in]    MainStackPtrLimit  Main Stack Pointer Limit value to set
 791:Drivers/CMSIS/Include/cmsis_gcc.h ****  */
 792:Drivers/CMSIS/Include/cmsis_gcc.h **** __STATIC_FORCEINLINE void __set_MSPLIM(uint32_t MainStackPtrLimit)
 793:Drivers/CMSIS/Include/cmsis_gcc.h **** {
 794:Drivers/CMSIS/Include/cmsis_gcc.h **** #if (!(defined (__ARM_ARCH_8M_MAIN__ ) && (__ARM_ARCH_8M_MAIN__ == 1)) && \
 795:Drivers/CMSIS/Include/cmsis_gcc.h ****     (!defined (__ARM_FEATURE_CMSE) || (__ARM_FEATURE_CMSE < 3)))
 796:Drivers/CMSIS/Include/cmsis_gcc.h ****   // without main extensions, the non-secure MSPLIM is RAZ/WI
 797:Drivers/CMSIS/Include/cmsis_gcc.h ****   (void)MainStackPtrLimit;
 798:Drivers/CMSIS/Include/cmsis_gcc.h **** #else
 799:Drivers/CMSIS/Include/cmsis_gcc.h ****   __ASM volatile ("MSR msplim, %0" : : "r" (MainStackPtrLimit));
 800:Drivers/CMSIS/Include/cmsis_gcc.h **** #endif
 801:Drivers/CMSIS/Include/cmsis_gcc.h **** }
 802:Drivers/CMSIS/Include/cmsis_gcc.h **** 
 803:Drivers/CMSIS/Include/cmsis_gcc.h **** 
 804:Drivers/CMSIS/Include/cmsis_gcc.h **** #if (defined (__ARM_FEATURE_CMSE  ) && (__ARM_FEATURE_CMSE   == 3))
 805:Drivers/CMSIS/Include/cmsis_gcc.h **** /**
 806:Drivers/CMSIS/Include/cmsis_gcc.h ****   \brief   Set Main Stack Pointer Limit (non-secure)
 807:Drivers/CMSIS/Include/cmsis_gcc.h ****   Devices without ARMv8-M Main Extensions (i.e. Cortex-M23) lack the non-secure
 808:Drivers/CMSIS/Include/cmsis_gcc.h ****   Stack Pointer Limit register hence the write is silently ignored.
 809:Drivers/CMSIS/Include/cmsis_gcc.h **** 
 810:Drivers/CMSIS/Include/cmsis_gcc.h ****   \details Assigns the given value to the non-secure Main Stack Pointer Limit (MSPLIM) when in secu
 811:Drivers/CMSIS/Include/cmsis_gcc.h ****   \param [in]    MainStackPtrLimit  Main Stack Pointer value to set
 812:Drivers/CMSIS/Include/cmsis_gcc.h ****  */
 813:Drivers/CMSIS/Include/cmsis_gcc.h **** __STATIC_FORCEINLINE void __TZ_set_MSPLIM_NS(uint32_t MainStackPtrLimit)
 814:Drivers/CMSIS/Include/cmsis_gcc.h **** {
 815:Drivers/CMSIS/Include/cmsis_gcc.h **** #if (!(defined (__ARM_ARCH_8M_MAIN__ ) && (__ARM_ARCH_8M_MAIN__ == 1)))
 816:Drivers/CMSIS/Include/cmsis_gcc.h ****   // without main extensions, the non-secure MSPLIM is RAZ/WI
 817:Drivers/CMSIS/Include/cmsis_gcc.h ****   (void)MainStackPtrLimit;
 818:Drivers/CMSIS/Include/cmsis_gcc.h **** #else
ARM GAS  C:\Users\simon\AppData\Local\Temp\cceYPmWR.s 			page 81


 819:Drivers/CMSIS/Include/cmsis_gcc.h ****   __ASM volatile ("MSR msplim_ns, %0" : : "r" (MainStackPtrLimit));
 820:Drivers/CMSIS/Include/cmsis_gcc.h **** #endif
 821:Drivers/CMSIS/Include/cmsis_gcc.h **** }
 822:Drivers/CMSIS/Include/cmsis_gcc.h **** #endif
 823:Drivers/CMSIS/Include/cmsis_gcc.h **** 
 824:Drivers/CMSIS/Include/cmsis_gcc.h **** #endif /* ((defined (__ARM_ARCH_8M_MAIN__ ) && (__ARM_ARCH_8M_MAIN__ == 1)) || \
 825:Drivers/CMSIS/Include/cmsis_gcc.h ****            (defined (__ARM_ARCH_8M_BASE__ ) && (__ARM_ARCH_8M_BASE__ == 1))    ) */
 826:Drivers/CMSIS/Include/cmsis_gcc.h **** 
 827:Drivers/CMSIS/Include/cmsis_gcc.h **** 
 828:Drivers/CMSIS/Include/cmsis_gcc.h **** /**
 829:Drivers/CMSIS/Include/cmsis_gcc.h ****   \brief   Get FPSCR
 830:Drivers/CMSIS/Include/cmsis_gcc.h ****   \details Returns the current value of the Floating Point Status/Control register.
 831:Drivers/CMSIS/Include/cmsis_gcc.h ****   \return               Floating Point Status/Control register value
 832:Drivers/CMSIS/Include/cmsis_gcc.h ****  */
 833:Drivers/CMSIS/Include/cmsis_gcc.h **** __STATIC_FORCEINLINE uint32_t __get_FPSCR(void)
 834:Drivers/CMSIS/Include/cmsis_gcc.h **** {
 835:Drivers/CMSIS/Include/cmsis_gcc.h **** #if ((defined (__FPU_PRESENT) && (__FPU_PRESENT == 1U)) && \
 836:Drivers/CMSIS/Include/cmsis_gcc.h ****      (defined (__FPU_USED   ) && (__FPU_USED    == 1U))     )
 837:Drivers/CMSIS/Include/cmsis_gcc.h **** #if __has_builtin(__builtin_arm_get_fpscr) 
 838:Drivers/CMSIS/Include/cmsis_gcc.h **** // Re-enable using built-in when GCC has been fixed
 839:Drivers/CMSIS/Include/cmsis_gcc.h **** // || (__GNUC__ > 7) || (__GNUC__ == 7 && __GNUC_MINOR__ >= 2)
 840:Drivers/CMSIS/Include/cmsis_gcc.h ****   /* see https://gcc.gnu.org/ml/gcc-patches/2017-04/msg00443.html */
 841:Drivers/CMSIS/Include/cmsis_gcc.h ****   return __builtin_arm_get_fpscr();
 842:Drivers/CMSIS/Include/cmsis_gcc.h **** #else
 843:Drivers/CMSIS/Include/cmsis_gcc.h ****   uint32_t result;
 844:Drivers/CMSIS/Include/cmsis_gcc.h **** 
 845:Drivers/CMSIS/Include/cmsis_gcc.h ****   __ASM volatile ("VMRS %0, fpscr" : "=r" (result) );
 846:Drivers/CMSIS/Include/cmsis_gcc.h ****   return(result);
 847:Drivers/CMSIS/Include/cmsis_gcc.h **** #endif
 848:Drivers/CMSIS/Include/cmsis_gcc.h **** #else
 849:Drivers/CMSIS/Include/cmsis_gcc.h ****   return(0U);
 850:Drivers/CMSIS/Include/cmsis_gcc.h **** #endif
 851:Drivers/CMSIS/Include/cmsis_gcc.h **** }
 852:Drivers/CMSIS/Include/cmsis_gcc.h **** 
 853:Drivers/CMSIS/Include/cmsis_gcc.h **** 
 854:Drivers/CMSIS/Include/cmsis_gcc.h **** /**
 855:Drivers/CMSIS/Include/cmsis_gcc.h ****   \brief   Set FPSCR
 856:Drivers/CMSIS/Include/cmsis_gcc.h ****   \details Assigns the given value to the Floating Point Status/Control register.
 857:Drivers/CMSIS/Include/cmsis_gcc.h ****   \param [in]    fpscr  Floating Point Status/Control value to set
 858:Drivers/CMSIS/Include/cmsis_gcc.h ****  */
 859:Drivers/CMSIS/Include/cmsis_gcc.h **** __STATIC_FORCEINLINE void __set_FPSCR(uint32_t fpscr)
 860:Drivers/CMSIS/Include/cmsis_gcc.h **** {
 861:Drivers/CMSIS/Include/cmsis_gcc.h **** #if ((defined (__FPU_PRESENT) && (__FPU_PRESENT == 1U)) && \
 862:Drivers/CMSIS/Include/cmsis_gcc.h ****      (defined (__FPU_USED   ) && (__FPU_USED    == 1U))     )
 863:Drivers/CMSIS/Include/cmsis_gcc.h **** #if __has_builtin(__builtin_arm_set_fpscr)
 864:Drivers/CMSIS/Include/cmsis_gcc.h **** // Re-enable using built-in when GCC has been fixed
 865:Drivers/CMSIS/Include/cmsis_gcc.h **** // || (__GNUC__ > 7) || (__GNUC__ == 7 && __GNUC_MINOR__ >= 2)
 866:Drivers/CMSIS/Include/cmsis_gcc.h ****   /* see https://gcc.gnu.org/ml/gcc-patches/2017-04/msg00443.html */
 867:Drivers/CMSIS/Include/cmsis_gcc.h ****   __builtin_arm_set_fpscr(fpscr);
 868:Drivers/CMSIS/Include/cmsis_gcc.h **** #else
 869:Drivers/CMSIS/Include/cmsis_gcc.h ****   __ASM volatile ("VMSR fpscr, %0" : : "r" (fpscr) : "vfpcc", "memory");
 870:Drivers/CMSIS/Include/cmsis_gcc.h **** #endif
 871:Drivers/CMSIS/Include/cmsis_gcc.h **** #else
 872:Drivers/CMSIS/Include/cmsis_gcc.h ****   (void)fpscr;
 873:Drivers/CMSIS/Include/cmsis_gcc.h **** #endif
 874:Drivers/CMSIS/Include/cmsis_gcc.h **** }
 875:Drivers/CMSIS/Include/cmsis_gcc.h **** 
ARM GAS  C:\Users\simon\AppData\Local\Temp\cceYPmWR.s 			page 82


 876:Drivers/CMSIS/Include/cmsis_gcc.h **** 
 877:Drivers/CMSIS/Include/cmsis_gcc.h **** /*@} end of CMSIS_Core_RegAccFunctions */
 878:Drivers/CMSIS/Include/cmsis_gcc.h **** 
 879:Drivers/CMSIS/Include/cmsis_gcc.h **** 
 880:Drivers/CMSIS/Include/cmsis_gcc.h **** /* ##########################  Core Instruction Access  ######################### */
 881:Drivers/CMSIS/Include/cmsis_gcc.h **** /** \defgroup CMSIS_Core_InstructionInterface CMSIS Core Instruction Interface
 882:Drivers/CMSIS/Include/cmsis_gcc.h ****   Access to dedicated instructions
 883:Drivers/CMSIS/Include/cmsis_gcc.h ****   @{
 884:Drivers/CMSIS/Include/cmsis_gcc.h **** */
 885:Drivers/CMSIS/Include/cmsis_gcc.h **** 
 886:Drivers/CMSIS/Include/cmsis_gcc.h **** /* Define macros for porting to both thumb1 and thumb2.
 887:Drivers/CMSIS/Include/cmsis_gcc.h ****  * For thumb1, use low register (r0-r7), specified by constraint "l"
 888:Drivers/CMSIS/Include/cmsis_gcc.h ****  * Otherwise, use general registers, specified by constraint "r" */
 889:Drivers/CMSIS/Include/cmsis_gcc.h **** #if defined (__thumb__) && !defined (__thumb2__)
 890:Drivers/CMSIS/Include/cmsis_gcc.h **** #define __CMSIS_GCC_OUT_REG(r) "=l" (r)
 891:Drivers/CMSIS/Include/cmsis_gcc.h **** #define __CMSIS_GCC_RW_REG(r) "+l" (r)
 892:Drivers/CMSIS/Include/cmsis_gcc.h **** #define __CMSIS_GCC_USE_REG(r) "l" (r)
 893:Drivers/CMSIS/Include/cmsis_gcc.h **** #else
 894:Drivers/CMSIS/Include/cmsis_gcc.h **** #define __CMSIS_GCC_OUT_REG(r) "=r" (r)
 895:Drivers/CMSIS/Include/cmsis_gcc.h **** #define __CMSIS_GCC_RW_REG(r) "+r" (r)
 896:Drivers/CMSIS/Include/cmsis_gcc.h **** #define __CMSIS_GCC_USE_REG(r) "r" (r)
 897:Drivers/CMSIS/Include/cmsis_gcc.h **** #endif
 898:Drivers/CMSIS/Include/cmsis_gcc.h **** 
 899:Drivers/CMSIS/Include/cmsis_gcc.h **** /**
 900:Drivers/CMSIS/Include/cmsis_gcc.h ****   \brief   No Operation
 901:Drivers/CMSIS/Include/cmsis_gcc.h ****   \details No Operation does nothing. This instruction can be used for code alignment purposes.
 902:Drivers/CMSIS/Include/cmsis_gcc.h ****  */
 903:Drivers/CMSIS/Include/cmsis_gcc.h **** #define __NOP()                             __ASM volatile ("nop")
 904:Drivers/CMSIS/Include/cmsis_gcc.h **** 
 905:Drivers/CMSIS/Include/cmsis_gcc.h **** /**
 906:Drivers/CMSIS/Include/cmsis_gcc.h ****   \brief   Wait For Interrupt
 907:Drivers/CMSIS/Include/cmsis_gcc.h ****   \details Wait For Interrupt is a hint instruction that suspends execution until one of a number o
 908:Drivers/CMSIS/Include/cmsis_gcc.h ****  */
 909:Drivers/CMSIS/Include/cmsis_gcc.h **** #define __WFI()                             __ASM volatile ("wfi")
 910:Drivers/CMSIS/Include/cmsis_gcc.h **** 
 911:Drivers/CMSIS/Include/cmsis_gcc.h **** 
 912:Drivers/CMSIS/Include/cmsis_gcc.h **** /**
 913:Drivers/CMSIS/Include/cmsis_gcc.h ****   \brief   Wait For Event
 914:Drivers/CMSIS/Include/cmsis_gcc.h ****   \details Wait For Event is a hint instruction that permits the processor to enter
 915:Drivers/CMSIS/Include/cmsis_gcc.h ****            a low-power state until one of a number of events occurs.
 916:Drivers/CMSIS/Include/cmsis_gcc.h ****  */
 917:Drivers/CMSIS/Include/cmsis_gcc.h **** #define __WFE()                             __ASM volatile ("wfe")
 918:Drivers/CMSIS/Include/cmsis_gcc.h **** 
 919:Drivers/CMSIS/Include/cmsis_gcc.h **** 
 920:Drivers/CMSIS/Include/cmsis_gcc.h **** /**
 921:Drivers/CMSIS/Include/cmsis_gcc.h ****   \brief   Send Event
 922:Drivers/CMSIS/Include/cmsis_gcc.h ****   \details Send Event is a hint instruction. It causes an event to be signaled to the CPU.
 923:Drivers/CMSIS/Include/cmsis_gcc.h ****  */
 924:Drivers/CMSIS/Include/cmsis_gcc.h **** #define __SEV()                             __ASM volatile ("sev")
 925:Drivers/CMSIS/Include/cmsis_gcc.h **** 
 926:Drivers/CMSIS/Include/cmsis_gcc.h **** 
 927:Drivers/CMSIS/Include/cmsis_gcc.h **** /**
 928:Drivers/CMSIS/Include/cmsis_gcc.h ****   \brief   Instruction Synchronization Barrier
 929:Drivers/CMSIS/Include/cmsis_gcc.h ****   \details Instruction Synchronization Barrier flushes the pipeline in the processor,
 930:Drivers/CMSIS/Include/cmsis_gcc.h ****            so that all instructions following the ISB are fetched from cache or memory,
 931:Drivers/CMSIS/Include/cmsis_gcc.h ****            after the instruction has been completed.
 932:Drivers/CMSIS/Include/cmsis_gcc.h ****  */
ARM GAS  C:\Users\simon\AppData\Local\Temp\cceYPmWR.s 			page 83


 933:Drivers/CMSIS/Include/cmsis_gcc.h **** __STATIC_FORCEINLINE void __ISB(void)
 934:Drivers/CMSIS/Include/cmsis_gcc.h **** {
 935:Drivers/CMSIS/Include/cmsis_gcc.h ****   __ASM volatile ("isb 0xF":::"memory");
 936:Drivers/CMSIS/Include/cmsis_gcc.h **** }
 937:Drivers/CMSIS/Include/cmsis_gcc.h **** 
 938:Drivers/CMSIS/Include/cmsis_gcc.h **** 
 939:Drivers/CMSIS/Include/cmsis_gcc.h **** /**
 940:Drivers/CMSIS/Include/cmsis_gcc.h ****   \brief   Data Synchronization Barrier
 941:Drivers/CMSIS/Include/cmsis_gcc.h ****   \details Acts as a special kind of Data Memory Barrier.
 942:Drivers/CMSIS/Include/cmsis_gcc.h ****            It completes when all explicit memory accesses before this instruction complete.
 943:Drivers/CMSIS/Include/cmsis_gcc.h ****  */
 944:Drivers/CMSIS/Include/cmsis_gcc.h **** __STATIC_FORCEINLINE void __DSB(void)
 981              		.loc 2 944 27 view .LVU231
 982              	.LBB54:
 945:Drivers/CMSIS/Include/cmsis_gcc.h **** {
 946:Drivers/CMSIS/Include/cmsis_gcc.h ****   __ASM volatile ("dsb 0xF":::"memory");
 983              		.loc 2 946 3 view .LVU232
 984              		.syntax unified
 985              	@ 946 "Drivers/CMSIS/Include/cmsis_gcc.h" 1
 986 000c BFF34F8F 		dsb 0xF
 987              	@ 0 "" 2
 988              		.thumb
 989              		.syntax unified
 990              	.LBE54:
 991              	.LBE53:
2247:Drivers/CMSIS/Include/core_cm7.h ****     __ISB();
 992              		.loc 3 2247 5 view .LVU233
 993              	.LBB55:
 994              	.LBI55:
 933:Drivers/CMSIS/Include/cmsis_gcc.h **** {
 995              		.loc 2 933 27 view .LVU234
 996              	.LBB56:
 935:Drivers/CMSIS/Include/cmsis_gcc.h **** }
 997              		.loc 2 935 3 view .LVU235
 998              		.syntax unified
 999              	@ 935 "Drivers/CMSIS/Include/cmsis_gcc.h" 1
 1000 0010 BFF36F8F 		isb 0xF
 1001              	@ 0 "" 2
 1002              		.thumb
 1003              		.syntax unified
 1004              	.LBE56:
 1005              	.LBE55:
2248:Drivers/CMSIS/Include/core_cm7.h ****     SCB->ICIALLU = 0UL;                     /* invalidate I-Cache */
 1006              		.loc 3 2248 5 view .LVU236
 1007              		.loc 3 2248 18 is_stmt 0 view .LVU237
 1008 0014 494B     		ldr	r3, .L83
 1009 0016 0022     		movs	r2, #0
 1010 0018 C3F85022 		str	r2, [r3, #592]
2249:Drivers/CMSIS/Include/core_cm7.h ****     __DSB();
 1011              		.loc 3 2249 5 is_stmt 1 view .LVU238
 1012              	.LBB57:
 1013              	.LBI57:
 944:Drivers/CMSIS/Include/cmsis_gcc.h **** {
 1014              		.loc 2 944 27 view .LVU239
 1015              	.LBB58:
 1016              		.loc 2 946 3 view .LVU240
 1017              		.syntax unified
ARM GAS  C:\Users\simon\AppData\Local\Temp\cceYPmWR.s 			page 84


 1018              	@ 946 "Drivers/CMSIS/Include/cmsis_gcc.h" 1
 1019 001c BFF34F8F 		dsb 0xF
 1020              	@ 0 "" 2
 1021              		.thumb
 1022              		.syntax unified
 1023              	.LBE58:
 1024              	.LBE57:
2250:Drivers/CMSIS/Include/core_cm7.h ****     __ISB();
 1025              		.loc 3 2250 5 view .LVU241
 1026              	.LBB59:
 1027              	.LBI59:
 933:Drivers/CMSIS/Include/cmsis_gcc.h **** {
 1028              		.loc 2 933 27 view .LVU242
 1029              	.LBB60:
 935:Drivers/CMSIS/Include/cmsis_gcc.h **** }
 1030              		.loc 2 935 3 view .LVU243
 1031              		.syntax unified
 1032              	@ 935 "Drivers/CMSIS/Include/cmsis_gcc.h" 1
 1033 0020 BFF36F8F 		isb 0xF
 1034              	@ 0 "" 2
 1035              		.thumb
 1036              		.syntax unified
 1037              	.LBE60:
 1038              	.LBE59:
2251:Drivers/CMSIS/Include/core_cm7.h ****     SCB->CCR |=  (uint32_t)SCB_CCR_IC_Msk;  /* enable I-Cache */
 1039              		.loc 3 2251 5 view .LVU244
 1040              		.loc 3 2251 14 is_stmt 0 view .LVU245
 1041 0024 5A69     		ldr	r2, [r3, #20]
 1042 0026 42F40032 		orr	r2, r2, #131072
 1043 002a 5A61     		str	r2, [r3, #20]
2252:Drivers/CMSIS/Include/core_cm7.h ****     __DSB();
 1044              		.loc 3 2252 5 is_stmt 1 view .LVU246
 1045              	.LBB61:
 1046              	.LBI61:
 944:Drivers/CMSIS/Include/cmsis_gcc.h **** {
 1047              		.loc 2 944 27 view .LVU247
 1048              	.LBB62:
 1049              		.loc 2 946 3 view .LVU248
 1050              		.syntax unified
 1051              	@ 946 "Drivers/CMSIS/Include/cmsis_gcc.h" 1
 1052 002c BFF34F8F 		dsb 0xF
 1053              	@ 0 "" 2
 1054              		.thumb
 1055              		.syntax unified
 1056              	.LBE62:
 1057              	.LBE61:
2253:Drivers/CMSIS/Include/core_cm7.h ****     __ISB();
 1058              		.loc 3 2253 5 view .LVU249
 1059              	.LBB63:
 1060              	.LBI63:
 933:Drivers/CMSIS/Include/cmsis_gcc.h **** {
 1061              		.loc 2 933 27 view .LVU250
 1062              	.LBB64:
 935:Drivers/CMSIS/Include/cmsis_gcc.h **** }
 1063              		.loc 2 935 3 view .LVU251
 1064              		.syntax unified
 1065              	@ 935 "Drivers/CMSIS/Include/cmsis_gcc.h" 1
ARM GAS  C:\Users\simon\AppData\Local\Temp\cceYPmWR.s 			page 85


 1066 0030 BFF36F8F 		isb 0xF
 1067              	@ 0 "" 2
 1068              		.thumb
 1069              		.syntax unified
 1070              	.L76:
 1071              	.LBE64:
 1072              	.LBE63:
 1073              	.LBE52:
 1074              	.LBE51:
 195:Src/main.c    **** 
 1075              		.loc 1 195 3 view .LVU252
 1076              	.LBB65:
 1077              	.LBI65:
2254:Drivers/CMSIS/Include/core_cm7.h ****   #endif
2255:Drivers/CMSIS/Include/core_cm7.h **** }
2256:Drivers/CMSIS/Include/core_cm7.h **** 
2257:Drivers/CMSIS/Include/core_cm7.h **** 
2258:Drivers/CMSIS/Include/core_cm7.h **** /**
2259:Drivers/CMSIS/Include/core_cm7.h ****   \brief   Disable I-Cache
2260:Drivers/CMSIS/Include/core_cm7.h ****   \details Turns off I-Cache
2261:Drivers/CMSIS/Include/core_cm7.h ****   */
2262:Drivers/CMSIS/Include/core_cm7.h **** __STATIC_FORCEINLINE void SCB_DisableICache (void)
2263:Drivers/CMSIS/Include/core_cm7.h **** {
2264:Drivers/CMSIS/Include/core_cm7.h ****   #if defined (__ICACHE_PRESENT) && (__ICACHE_PRESENT == 1U)
2265:Drivers/CMSIS/Include/core_cm7.h ****     __DSB();
2266:Drivers/CMSIS/Include/core_cm7.h ****     __ISB();
2267:Drivers/CMSIS/Include/core_cm7.h ****     SCB->CCR &= ~(uint32_t)SCB_CCR_IC_Msk;  /* disable I-Cache */
2268:Drivers/CMSIS/Include/core_cm7.h ****     SCB->ICIALLU = 0UL;                     /* invalidate I-Cache */
2269:Drivers/CMSIS/Include/core_cm7.h ****     __DSB();
2270:Drivers/CMSIS/Include/core_cm7.h ****     __ISB();
2271:Drivers/CMSIS/Include/core_cm7.h ****   #endif
2272:Drivers/CMSIS/Include/core_cm7.h **** }
2273:Drivers/CMSIS/Include/core_cm7.h **** 
2274:Drivers/CMSIS/Include/core_cm7.h **** 
2275:Drivers/CMSIS/Include/core_cm7.h **** /**
2276:Drivers/CMSIS/Include/core_cm7.h ****   \brief   Invalidate I-Cache
2277:Drivers/CMSIS/Include/core_cm7.h ****   \details Invalidates I-Cache
2278:Drivers/CMSIS/Include/core_cm7.h ****   */
2279:Drivers/CMSIS/Include/core_cm7.h **** __STATIC_FORCEINLINE void SCB_InvalidateICache (void)
2280:Drivers/CMSIS/Include/core_cm7.h **** {
2281:Drivers/CMSIS/Include/core_cm7.h ****   #if defined (__ICACHE_PRESENT) && (__ICACHE_PRESENT == 1U)
2282:Drivers/CMSIS/Include/core_cm7.h ****     __DSB();
2283:Drivers/CMSIS/Include/core_cm7.h ****     __ISB();
2284:Drivers/CMSIS/Include/core_cm7.h ****     SCB->ICIALLU = 0UL;
2285:Drivers/CMSIS/Include/core_cm7.h ****     __DSB();
2286:Drivers/CMSIS/Include/core_cm7.h ****     __ISB();
2287:Drivers/CMSIS/Include/core_cm7.h ****   #endif
2288:Drivers/CMSIS/Include/core_cm7.h **** }
2289:Drivers/CMSIS/Include/core_cm7.h **** 
2290:Drivers/CMSIS/Include/core_cm7.h **** 
2291:Drivers/CMSIS/Include/core_cm7.h **** /**
2292:Drivers/CMSIS/Include/core_cm7.h ****   \brief   I-Cache Invalidate by address
2293:Drivers/CMSIS/Include/core_cm7.h ****   \details Invalidates I-Cache for the given address.
2294:Drivers/CMSIS/Include/core_cm7.h ****            I-Cache is invalidated starting from a 32 byte aligned address in 32 byte granularity.
2295:Drivers/CMSIS/Include/core_cm7.h ****            I-Cache memory blocks which are part of given address + given size are invalidated.
2296:Drivers/CMSIS/Include/core_cm7.h ****   \param[in]   addr    address
2297:Drivers/CMSIS/Include/core_cm7.h ****   \param[in]   isize   size of memory block (in number of bytes)
ARM GAS  C:\Users\simon\AppData\Local\Temp\cceYPmWR.s 			page 86


2298:Drivers/CMSIS/Include/core_cm7.h **** */
2299:Drivers/CMSIS/Include/core_cm7.h **** __STATIC_FORCEINLINE void SCB_InvalidateICache_by_Addr (void *addr, int32_t isize)
2300:Drivers/CMSIS/Include/core_cm7.h **** {
2301:Drivers/CMSIS/Include/core_cm7.h ****   #if defined (__ICACHE_PRESENT) && (__ICACHE_PRESENT == 1U)
2302:Drivers/CMSIS/Include/core_cm7.h ****     if ( isize > 0 ) {
2303:Drivers/CMSIS/Include/core_cm7.h ****        int32_t op_size = isize + (((uint32_t)addr) & (__SCB_ICACHE_LINE_SIZE - 1U));
2304:Drivers/CMSIS/Include/core_cm7.h ****       uint32_t op_addr = (uint32_t)addr /* & ~(__SCB_ICACHE_LINE_SIZE - 1U) */;
2305:Drivers/CMSIS/Include/core_cm7.h **** 
2306:Drivers/CMSIS/Include/core_cm7.h ****       __DSB();
2307:Drivers/CMSIS/Include/core_cm7.h **** 
2308:Drivers/CMSIS/Include/core_cm7.h ****       do {
2309:Drivers/CMSIS/Include/core_cm7.h ****         SCB->ICIMVAU = op_addr;             /* register accepts only 32byte aligned values, only bi
2310:Drivers/CMSIS/Include/core_cm7.h ****         op_addr += __SCB_ICACHE_LINE_SIZE;
2311:Drivers/CMSIS/Include/core_cm7.h ****         op_size -= __SCB_ICACHE_LINE_SIZE;
2312:Drivers/CMSIS/Include/core_cm7.h ****       } while ( op_size > 0 );
2313:Drivers/CMSIS/Include/core_cm7.h **** 
2314:Drivers/CMSIS/Include/core_cm7.h ****       __DSB();
2315:Drivers/CMSIS/Include/core_cm7.h ****       __ISB();
2316:Drivers/CMSIS/Include/core_cm7.h ****     }
2317:Drivers/CMSIS/Include/core_cm7.h ****   #endif
2318:Drivers/CMSIS/Include/core_cm7.h **** }
2319:Drivers/CMSIS/Include/core_cm7.h **** 
2320:Drivers/CMSIS/Include/core_cm7.h **** 
2321:Drivers/CMSIS/Include/core_cm7.h **** /**
2322:Drivers/CMSIS/Include/core_cm7.h ****   \brief   Enable D-Cache
2323:Drivers/CMSIS/Include/core_cm7.h ****   \details Turns on D-Cache
2324:Drivers/CMSIS/Include/core_cm7.h ****   */
2325:Drivers/CMSIS/Include/core_cm7.h **** __STATIC_FORCEINLINE void SCB_EnableDCache (void)
 1078              		.loc 3 2325 27 view .LVU253
 1079              	.LBB66:
2326:Drivers/CMSIS/Include/core_cm7.h **** {
2327:Drivers/CMSIS/Include/core_cm7.h ****   #if defined (__DCACHE_PRESENT) && (__DCACHE_PRESENT == 1U)
2328:Drivers/CMSIS/Include/core_cm7.h ****     uint32_t ccsidr;
 1080              		.loc 3 2328 5 view .LVU254
2329:Drivers/CMSIS/Include/core_cm7.h ****     uint32_t sets;
 1081              		.loc 3 2329 5 view .LVU255
2330:Drivers/CMSIS/Include/core_cm7.h ****     uint32_t ways;
 1082              		.loc 3 2330 5 view .LVU256
2331:Drivers/CMSIS/Include/core_cm7.h **** 
2332:Drivers/CMSIS/Include/core_cm7.h ****     if (SCB->CCR & SCB_CCR_DC_Msk) return;  /* return if DCache is already enabled */
 1083              		.loc 3 2332 5 view .LVU257
 1084              		.loc 3 2332 12 is_stmt 0 view .LVU258
 1085 0034 414B     		ldr	r3, .L83
 1086 0036 5B69     		ldr	r3, [r3, #20]
 1087              		.loc 3 2332 8 view .LVU259
 1088 0038 13F4803F 		tst	r3, #65536
 1089 003c 27D1     		bne	.L77
2333:Drivers/CMSIS/Include/core_cm7.h **** 
2334:Drivers/CMSIS/Include/core_cm7.h ****     SCB->CSSELR = 0U;                       /* select Level 1 data cache */
 1090              		.loc 3 2334 5 is_stmt 1 view .LVU260
 1091              		.loc 3 2334 17 is_stmt 0 view .LVU261
 1092 003e 3F4B     		ldr	r3, .L83
 1093 0040 0022     		movs	r2, #0
 1094 0042 C3F88420 		str	r2, [r3, #132]
2335:Drivers/CMSIS/Include/core_cm7.h ****     __DSB();
 1095              		.loc 3 2335 5 is_stmt 1 view .LVU262
 1096              	.LBB67:
ARM GAS  C:\Users\simon\AppData\Local\Temp\cceYPmWR.s 			page 87


 1097              	.LBI67:
 944:Drivers/CMSIS/Include/cmsis_gcc.h **** {
 1098              		.loc 2 944 27 view .LVU263
 1099              	.LBB68:
 1100              		.loc 2 946 3 view .LVU264
 1101              		.syntax unified
 1102              	@ 946 "Drivers/CMSIS/Include/cmsis_gcc.h" 1
 1103 0046 BFF34F8F 		dsb 0xF
 1104              	@ 0 "" 2
 1105              		.thumb
 1106              		.syntax unified
 1107              	.LBE68:
 1108              	.LBE67:
2336:Drivers/CMSIS/Include/core_cm7.h **** 
2337:Drivers/CMSIS/Include/core_cm7.h ****     ccsidr = SCB->CCSIDR;
 1109              		.loc 3 2337 5 view .LVU265
 1110              		.loc 3 2337 12 is_stmt 0 view .LVU266
 1111 004a D3F88040 		ldr	r4, [r3, #128]
 1112              	.LVL58:
2338:Drivers/CMSIS/Include/core_cm7.h **** 
2339:Drivers/CMSIS/Include/core_cm7.h ****                                             /* invalidate D-Cache */
2340:Drivers/CMSIS/Include/core_cm7.h ****     sets = (uint32_t)(CCSIDR_SETS(ccsidr));
 1113              		.loc 3 2340 5 is_stmt 1 view .LVU267
 1114              		.loc 3 2340 10 is_stmt 0 view .LVU268
 1115 004e C4F34E30 		ubfx	r0, r4, #13, #15
 1116              	.LVL59:
 1117              		.loc 3 2340 10 view .LVU269
 1118 0052 00E0     		b	.L79
 1119              	.LVL60:
 1120              	.L81:
2341:Drivers/CMSIS/Include/core_cm7.h ****     do {
2342:Drivers/CMSIS/Include/core_cm7.h ****       ways = (uint32_t)(CCSIDR_WAYS(ccsidr));
2343:Drivers/CMSIS/Include/core_cm7.h ****       do {
2344:Drivers/CMSIS/Include/core_cm7.h ****         SCB->DCISW = (((sets << SCB_DCISW_SET_Pos) & SCB_DCISW_SET_Msk) |
2345:Drivers/CMSIS/Include/core_cm7.h ****                       ((ways << SCB_DCISW_WAY_Pos) & SCB_DCISW_WAY_Msk)  );
2346:Drivers/CMSIS/Include/core_cm7.h ****         #if defined ( __CC_ARM )
2347:Drivers/CMSIS/Include/core_cm7.h ****           __schedule_barrier();
2348:Drivers/CMSIS/Include/core_cm7.h ****         #endif
2349:Drivers/CMSIS/Include/core_cm7.h ****       } while (ways-- != 0U);
2350:Drivers/CMSIS/Include/core_cm7.h ****     } while(sets-- != 0U);
 1121              		.loc 3 2350 17 view .LVU270
 1122 0054 1846     		mov	r0, r3
 1123              	.LVL61:
 1124              	.L79:
2341:Drivers/CMSIS/Include/core_cm7.h ****     do {
 1125              		.loc 3 2341 5 is_stmt 1 view .LVU271
2342:Drivers/CMSIS/Include/core_cm7.h ****       do {
 1126              		.loc 3 2342 7 view .LVU272
2342:Drivers/CMSIS/Include/core_cm7.h ****       do {
 1127              		.loc 3 2342 12 is_stmt 0 view .LVU273
 1128 0056 C4F3C902 		ubfx	r2, r4, #3, #10
 1129              	.LVL62:
 1130              	.L78:
2343:Drivers/CMSIS/Include/core_cm7.h ****         SCB->DCISW = (((sets << SCB_DCISW_SET_Pos) & SCB_DCISW_SET_Msk) |
 1131              		.loc 3 2343 7 is_stmt 1 view .LVU274
2344:Drivers/CMSIS/Include/core_cm7.h ****                       ((ways << SCB_DCISW_WAY_Pos) & SCB_DCISW_WAY_Msk)  );
 1132              		.loc 3 2344 9 view .LVU275
ARM GAS  C:\Users\simon\AppData\Local\Temp\cceYPmWR.s 			page 88


2344:Drivers/CMSIS/Include/core_cm7.h ****                       ((ways << SCB_DCISW_WAY_Pos) & SCB_DCISW_WAY_Msk)  );
 1133              		.loc 3 2344 52 is_stmt 0 view .LVU276
 1134 005a 43F6E073 		movw	r3, #16352
 1135 005e 03EA4013 		and	r3, r3, r0, lsl #5
2344:Drivers/CMSIS/Include/core_cm7.h ****                       ((ways << SCB_DCISW_WAY_Pos) & SCB_DCISW_WAY_Msk)  );
 1136              		.loc 3 2344 73 view .LVU277
 1137 0062 43EA8273 		orr	r3, r3, r2, lsl #30
2344:Drivers/CMSIS/Include/core_cm7.h ****                       ((ways << SCB_DCISW_WAY_Pos) & SCB_DCISW_WAY_Msk)  );
 1138              		.loc 3 2344 20 view .LVU278
 1139 0066 3549     		ldr	r1, .L83
 1140 0068 C1F86032 		str	r3, [r1, #608]
2349:Drivers/CMSIS/Include/core_cm7.h ****     } while(sets-- != 0U);
 1141              		.loc 3 2349 15 is_stmt 1 view .LVU279
 1142 006c 1346     		mov	r3, r2
2349:Drivers/CMSIS/Include/core_cm7.h ****     } while(sets-- != 0U);
 1143              		.loc 3 2349 20 is_stmt 0 view .LVU280
 1144 006e 013A     		subs	r2, r2, #1
 1145              	.LVL63:
2349:Drivers/CMSIS/Include/core_cm7.h ****     } while(sets-- != 0U);
 1146              		.loc 3 2349 7 view .LVU281
 1147 0070 002B     		cmp	r3, #0
 1148 0072 F2D1     		bne	.L78
 1149              		.loc 3 2350 12 is_stmt 1 view .LVU282
 1150              		.loc 3 2350 17 is_stmt 0 view .LVU283
 1151 0074 431E     		subs	r3, r0, #1
 1152              	.LVL64:
 1153              		.loc 3 2350 5 view .LVU284
 1154 0076 0028     		cmp	r0, #0
 1155 0078 ECD1     		bne	.L81
2351:Drivers/CMSIS/Include/core_cm7.h ****     __DSB();
 1156              		.loc 3 2351 5 is_stmt 1 view .LVU285
 1157              	.LBB69:
 1158              	.LBI69:
 944:Drivers/CMSIS/Include/cmsis_gcc.h **** {
 1159              		.loc 2 944 27 view .LVU286
 1160              	.LBB70:
 1161              		.loc 2 946 3 view .LVU287
 1162              		.syntax unified
 1163              	@ 946 "Drivers/CMSIS/Include/cmsis_gcc.h" 1
 1164 007a BFF34F8F 		dsb 0xF
 1165              	@ 0 "" 2
 1166              		.thumb
 1167              		.syntax unified
 1168              	.LBE70:
 1169              	.LBE69:
2352:Drivers/CMSIS/Include/core_cm7.h **** 
2353:Drivers/CMSIS/Include/core_cm7.h ****     SCB->CCR |=  (uint32_t)SCB_CCR_DC_Msk;  /* enable D-Cache */
 1170              		.loc 3 2353 5 view .LVU288
 1171              		.loc 3 2353 14 is_stmt 0 view .LVU289
 1172 007e 4B69     		ldr	r3, [r1, #20]
 1173              	.LVL65:
 1174              		.loc 3 2353 14 view .LVU290
 1175 0080 43F48033 		orr	r3, r3, #65536
 1176 0084 4B61     		str	r3, [r1, #20]
2354:Drivers/CMSIS/Include/core_cm7.h **** 
2355:Drivers/CMSIS/Include/core_cm7.h ****     __DSB();
 1177              		.loc 3 2355 5 is_stmt 1 view .LVU291
ARM GAS  C:\Users\simon\AppData\Local\Temp\cceYPmWR.s 			page 89


 1178              	.LBB71:
 1179              	.LBI71:
 944:Drivers/CMSIS/Include/cmsis_gcc.h **** {
 1180              		.loc 2 944 27 view .LVU292
 1181              	.LBB72:
 1182              		.loc 2 946 3 view .LVU293
 1183              		.syntax unified
 1184              	@ 946 "Drivers/CMSIS/Include/cmsis_gcc.h" 1
 1185 0086 BFF34F8F 		dsb 0xF
 1186              	@ 0 "" 2
 1187              		.thumb
 1188              		.syntax unified
 1189              	.LBE72:
 1190              	.LBE71:
2356:Drivers/CMSIS/Include/core_cm7.h ****     __ISB();
 1191              		.loc 3 2356 5 view .LVU294
 1192              	.LBB73:
 1193              	.LBI73:
 933:Drivers/CMSIS/Include/cmsis_gcc.h **** {
 1194              		.loc 2 933 27 view .LVU295
 1195              	.LBB74:
 935:Drivers/CMSIS/Include/cmsis_gcc.h **** }
 1196              		.loc 2 935 3 view .LVU296
 1197              		.syntax unified
 1198              	@ 935 "Drivers/CMSIS/Include/cmsis_gcc.h" 1
 1199 008a BFF36F8F 		isb 0xF
 1200              	@ 0 "" 2
 1201              	.LVL66:
 1202              		.thumb
 1203              		.syntax unified
 1204              	.L77:
 935:Drivers/CMSIS/Include/cmsis_gcc.h **** }
 1205              		.loc 2 935 3 is_stmt 0 view .LVU297
 1206              	.LBE74:
 1207              	.LBE73:
 1208              	.LBE66:
 1209              	.LBE65:
 200:Src/main.c    **** 
 1210              		.loc 1 200 3 is_stmt 1 view .LVU298
 1211 008e FFF7FEFF 		bl	HAL_Init
 1212              	.LVL67:
 207:Src/main.c    **** 
 1213              		.loc 1 207 3 view .LVU299
 1214 0092 FFF7FEFF 		bl	SystemClock_Config
 1215              	.LVL68:
 210:Src/main.c    **** 
 1216              		.loc 1 210 3 view .LVU300
 1217 0096 FFF7FEFF 		bl	PeriphCommonClock_Config
 1218              	.LVL69:
 217:Src/main.c    ****   MX_DMA_Init();
 1219              		.loc 1 217 3 view .LVU301
 1220 009a FFF7FEFF 		bl	MX_GPIO_Init
 1221              	.LVL70:
 218:Src/main.c    ****   MX_ADC1_Init();
 1222              		.loc 1 218 3 view .LVU302
 1223 009e FFF7FEFF 		bl	MX_DMA_Init
 1224              	.LVL71:
ARM GAS  C:\Users\simon\AppData\Local\Temp\cceYPmWR.s 			page 90


 219:Src/main.c    ****   MX_ADC2_Init();
 1225              		.loc 1 219 3 view .LVU303
 1226 00a2 FFF7FEFF 		bl	MX_ADC1_Init
 1227              	.LVL72:
 220:Src/main.c    ****   MX_ADC3_Init();
 1228              		.loc 1 220 3 view .LVU304
 1229 00a6 FFF7FEFF 		bl	MX_ADC2_Init
 1230              	.LVL73:
 221:Src/main.c    ****   MX_DAC1_Init();
 1231              		.loc 1 221 3 view .LVU305
 1232 00aa FFF7FEFF 		bl	MX_ADC3_Init
 1233              	.LVL74:
 222:Src/main.c    ****   MX_FMC_Init();
 1234              		.loc 1 222 3 view .LVU306
 1235 00ae FFF7FEFF 		bl	MX_DAC1_Init
 1236              	.LVL75:
 223:Src/main.c    ****   MX_HRTIM_Init();
 1237              		.loc 1 223 3 view .LVU307
 1238 00b2 FFF7FEFF 		bl	MX_FMC_Init
 1239              	.LVL76:
 224:Src/main.c    ****   MX_I2C2_Init();
 1240              		.loc 1 224 3 view .LVU308
 1241 00b6 FFF7FEFF 		bl	MX_HRTIM_Init
 1242              	.LVL77:
 225:Src/main.c    ****   MX_I2C3_Init();
 1243              		.loc 1 225 3 view .LVU309
 1244 00ba FFF7FEFF 		bl	MX_I2C2_Init
 1245              	.LVL78:
 226:Src/main.c    ****   MX_I2C4_Init();
 1246              		.loc 1 226 3 view .LVU310
 1247 00be FFF7FEFF 		bl	MX_I2C3_Init
 1248              	.LVL79:
 227:Src/main.c    ****   MX_LPUART1_UART_Init();
 1249              		.loc 1 227 3 view .LVU311
 1250 00c2 FFF7FEFF 		bl	MX_I2C4_Init
 1251              	.LVL80:
 228:Src/main.c    ****   MX_UART4_Init();
 1252              		.loc 1 228 3 view .LVU312
 1253 00c6 FFF7FEFF 		bl	MX_LPUART1_UART_Init
 1254              	.LVL81:
 229:Src/main.c    ****   MX_UART7_Init();
 1255              		.loc 1 229 3 view .LVU313
 1256 00ca FFF7FEFF 		bl	MX_UART4_Init
 1257              	.LVL82:
 230:Src/main.c    ****   MX_UART8_Init();
 1258              		.loc 1 230 3 view .LVU314
 1259 00ce FFF7FEFF 		bl	MX_UART7_Init
 1260              	.LVL83:
 231:Src/main.c    ****   MX_USART1_Init();
 1261              		.loc 1 231 3 view .LVU315
 1262 00d2 FFF7FEFF 		bl	MX_UART8_Init
 1263              	.LVL84:
 232:Src/main.c    ****   MX_USART2_UART_Init();
 1264              		.loc 1 232 3 view .LVU316
 1265 00d6 FFF7FEFF 		bl	MX_USART1_Init
 1266              	.LVL85:
 233:Src/main.c    ****   MX_RTC_Init();
ARM GAS  C:\Users\simon\AppData\Local\Temp\cceYPmWR.s 			page 91


 1267              		.loc 1 233 3 view .LVU317
 1268 00da FFF7FEFF 		bl	MX_USART2_UART_Init
 1269              	.LVL86:
 234:Src/main.c    ****   MX_SPI1_Init();
 1270              		.loc 1 234 3 view .LVU318
 1271 00de FFF7FEFF 		bl	MX_RTC_Init
 1272              	.LVL87:
 235:Src/main.c    ****   MX_SPI2_Init();
 1273              		.loc 1 235 3 view .LVU319
 1274 00e2 FFF7FEFF 		bl	MX_SPI1_Init
 1275              	.LVL88:
 236:Src/main.c    ****   MX_SPI5_Init();
 1276              		.loc 1 236 3 view .LVU320
 1277 00e6 FFF7FEFF 		bl	MX_SPI2_Init
 1278              	.LVL89:
 237:Src/main.c    ****   MX_SPI6_Init();
 1279              		.loc 1 237 3 view .LVU321
 1280 00ea FFF7FEFF 		bl	MX_SPI5_Init
 1281              	.LVL90:
 238:Src/main.c    ****   MX_TIM1_Init();
 1282              		.loc 1 238 3 view .LVU322
 1283 00ee FFF7FEFF 		bl	MX_SPI6_Init
 1284              	.LVL91:
 239:Src/main.c    ****   MX_TIM2_Init();
 1285              		.loc 1 239 3 view .LVU323
 1286 00f2 FFF7FEFF 		bl	MX_TIM1_Init
 1287              	.LVL92:
 240:Src/main.c    ****   MX_TIM3_Init();
 1288              		.loc 1 240 3 view .LVU324
 1289 00f6 FFF7FEFF 		bl	MX_TIM2_Init
 1290              	.LVL93:
 241:Src/main.c    ****   MX_TIM4_Init();
 1291              		.loc 1 241 3 view .LVU325
 1292 00fa FFF7FEFF 		bl	MX_TIM3_Init
 1293              	.LVL94:
 242:Src/main.c    ****   MX_TIM5_Init();
 1294              		.loc 1 242 3 view .LVU326
 1295 00fe FFF7FEFF 		bl	MX_TIM4_Init
 1296              	.LVL95:
 243:Src/main.c    ****   MX_TIM6_Init();
 1297              		.loc 1 243 3 view .LVU327
 1298 0102 FFF7FEFF 		bl	MX_TIM5_Init
 1299              	.LVL96:
 244:Src/main.c    ****   MX_TIM7_Init();
 1300              		.loc 1 244 3 view .LVU328
 1301 0106 FFF7FEFF 		bl	MX_TIM6_Init
 1302              	.LVL97:
 245:Src/main.c    ****   MX_TIM8_Init();
 1303              		.loc 1 245 3 view .LVU329
 1304 010a FFF7FEFF 		bl	MX_TIM7_Init
 1305              	.LVL98:
 246:Src/main.c    ****   MX_TIM12_Init();
 1306              		.loc 1 246 3 view .LVU330
 1307 010e FFF7FEFF 		bl	MX_TIM8_Init
 1308              	.LVL99:
 247:Src/main.c    ****   MX_TIM13_Init();
 1309              		.loc 1 247 3 view .LVU331
ARM GAS  C:\Users\simon\AppData\Local\Temp\cceYPmWR.s 			page 92


 1310 0112 FFF7FEFF 		bl	MX_TIM12_Init
 1311              	.LVL100:
 248:Src/main.c    ****   MX_TIM14_Init();
 1312              		.loc 1 248 3 view .LVU332
 1313 0116 FFF7FEFF 		bl	MX_TIM13_Init
 1314              	.LVL101:
 249:Src/main.c    ****   MX_TIM15_Init();
 1315              		.loc 1 249 3 view .LVU333
 1316 011a FFF7FEFF 		bl	MX_TIM14_Init
 1317              	.LVL102:
 250:Src/main.c    ****   MX_TIM16_Init();
 1318              		.loc 1 250 3 view .LVU334
 1319 011e FFF7FEFF 		bl	MX_TIM15_Init
 1320              	.LVL103:
 251:Src/main.c    ****   MX_TIM17_Init();
 1321              		.loc 1 251 3 view .LVU335
 1322 0122 FFF7FEFF 		bl	MX_TIM16_Init
 1323              	.LVL104:
 252:Src/main.c    ****   MX_USB_OTG_FS_USB_Init();
 1324              		.loc 1 252 3 view .LVU336
 1325 0126 FFF7FEFF 		bl	MX_TIM17_Init
 1326              	.LVL105:
 253:Src/main.c    ****   /* USER CODE BEGIN 2 */
 1327              		.loc 1 253 3 view .LVU337
 1328 012a FFF7FEFF 		bl	MX_USB_OTG_FS_USB_Init
 1329              	.LVL106:
 255:Src/main.c    ****   /* USER CODE END 2 */
 1330              		.loc 1 255 3 view .LVU338
 1331 012e 0322     		movs	r2, #3
 1332 0130 0349     		ldr	r1, .L83+4
 1333 0132 0448     		ldr	r0, .L83+8
 1334 0134 FFF7FEFF 		bl	HAL_UART_Receive_IT
 1335              	.LVL107:
 1336              	.L80:
 260:Src/main.c    ****   {
 1337              		.loc 1 260 3 discriminator 1 view .LVU339
 265:Src/main.c    ****   /* USER CODE END 3 */
 1338              		.loc 1 265 3 discriminator 1 view .LVU340
 260:Src/main.c    ****   {
 1339              		.loc 1 260 9 discriminator 1 view .LVU341
 1340 0138 FEE7     		b	.L80
 1341              	.L84:
 1342 013a 00BF     		.align	2
 1343              	.L83:
 1344 013c 00ED00E0 		.word	-536810240
 1345 0140 00000000 		.word	.LANCHOR0
 1346 0144 00000000 		.word	huart4
 1347              		.cfi_endproc
 1348              	.LFE341:
 1350              		.global	timer_running
 1351              		.global	rx_buffer
 1352              		.section	.bss.rx_buffer,"aw",%nobits
 1353              		.align	2
 1354              		.set	.LANCHOR0,. + 0
 1357              	rx_buffer:
 1358 0000 000000   		.space	3
 1359              		.section	.bss.timer_running,"aw",%nobits
ARM GAS  C:\Users\simon\AppData\Local\Temp\cceYPmWR.s 			page 93


 1360              		.set	.LANCHOR1,. + 0
 1363              	timer_running:
 1364 0000 00       		.space	1
 1365              		.text
 1366              	.Letext0:
 1367              		.file 4 "d:\\nes\\arm\\arm-none-eabi\\include\\machine\\_default_types.h"
 1368              		.file 5 "d:\\nes\\arm\\arm-none-eabi\\include\\sys\\_stdint.h"
 1369              		.file 6 "Drivers/CMSIS/Device/ST/STM32H7xx/Include/stm32h743xx.h"
 1370              		.file 7 "d:\\nes\\arm\\lib\\gcc\\arm-none-eabi\\10.3.1\\include\\stddef.h"
 1371              		.file 8 "Drivers/STM32H7xx_HAL_Driver/Inc/stm32h7xx_hal_def.h"
 1372              		.file 9 "Drivers/STM32H7xx_HAL_Driver/Inc/stm32h7xx_hal_rcc.h"
 1373              		.file 10 "Drivers/STM32H7xx_HAL_Driver/Inc/stm32h7xx_hal_rcc_ex.h"
 1374              		.file 11 "Drivers/STM32H7xx_HAL_Driver/Inc/stm32h7xx_hal_dma.h"
 1375              		.file 12 "Drivers/STM32H7xx_HAL_Driver/Inc/stm32h7xx_hal_tim.h"
 1376              		.file 13 "Drivers/STM32H7xx_HAL_Driver/Inc/stm32h7xx_hal_uart.h"
 1377              		.file 14 "Inc/usart.h"
 1378              		.file 15 "Inc/tim.h"
 1379              		.file 16 "<built-in>"
 1380              		.file 17 "Drivers/STM32H7xx_HAL_Driver/Inc/stm32h7xx_hal_pwr_ex.h"
 1381              		.file 18 "Drivers/STM32H7xx_HAL_Driver/Inc/stm32h7xx_hal.h"
 1382              		.file 19 "Inc/gpio.h"
 1383              		.file 20 "Inc/dma.h"
 1384              		.file 21 "Inc/adc.h"
 1385              		.file 22 "Inc/dac.h"
 1386              		.file 23 "Inc/fmc.h"
 1387              		.file 24 "Inc/hrtim.h"
 1388              		.file 25 "Inc/i2c.h"
 1389              		.file 26 "Inc/rtc.h"
 1390              		.file 27 "Inc/spi.h"
 1391              		.file 28 "Inc/usb_otg.h"
 1392              		.file 29 "Drivers/STM32H7xx_HAL_Driver/Inc/stm32h7xx_hal_gpio.h"
 1393              		.file 30 "d:\\nes\\arm\\arm-none-eabi\\include\\stdio.h"
ARM GAS  C:\Users\simon\AppData\Local\Temp\cceYPmWR.s 			page 94


DEFINED SYMBOLS
                            *ABS*:00000000 main.c
C:\Users\simon\AppData\Local\Temp\cceYPmWR.s:19     .rodata.validate_frame.str1.4:00000000 $d
C:\Users\simon\AppData\Local\Temp\cceYPmWR.s:26     .text.validate_frame:00000000 $t
C:\Users\simon\AppData\Local\Temp\cceYPmWR.s:31     .text.validate_frame:00000000 validate_frame
C:\Users\simon\AppData\Local\Temp\cceYPmWR.s:88     .text.validate_frame:0000002c $d
C:\Users\simon\AppData\Local\Temp\cceYPmWR.s:95     .rodata.handle_id_on.str1.4:00000000 $d
C:\Users\simon\AppData\Local\Temp\cceYPmWR.s:105    .text.handle_id_on:00000000 $t
C:\Users\simon\AppData\Local\Temp\cceYPmWR.s:110    .text.handle_id_on:00000000 handle_id_on
C:\Users\simon\AppData\Local\Temp\cceYPmWR.s:182    .text.handle_id_on:0000003c $d
C:\Users\simon\AppData\Local\Temp\cceYPmWR.s:191    .rodata.handle_id_off.str1.4:00000000 $d
C:\Users\simon\AppData\Local\Temp\cceYPmWR.s:201    .text.handle_id_off:00000000 $t
C:\Users\simon\AppData\Local\Temp\cceYPmWR.s:206    .text.handle_id_off:00000000 handle_id_off
C:\Users\simon\AppData\Local\Temp\cceYPmWR.s:278    .text.handle_id_off:0000003c $d
C:\Users\simon\AppData\Local\Temp\cceYPmWR.s:287    .rodata.dispatch_command.str1.4:00000000 $d
C:\Users\simon\AppData\Local\Temp\cceYPmWR.s:292    .text.dispatch_command:00000000 $t
C:\Users\simon\AppData\Local\Temp\cceYPmWR.s:297    .text.dispatch_command:00000000 dispatch_command
C:\Users\simon\AppData\Local\Temp\cceYPmWR.s:358    .text.dispatch_command:00000030 $d
C:\Users\simon\AppData\Local\Temp\cceYPmWR.s:364    .text.send_response_and_rearm:00000000 $t
C:\Users\simon\AppData\Local\Temp\cceYPmWR.s:369    .text.send_response_and_rearm:00000000 send_response_and_rearm
C:\Users\simon\AppData\Local\Temp\cceYPmWR.s:410    .text.send_response_and_rearm:00000024 $d
C:\Users\simon\AppData\Local\Temp\cceYPmWR.s:416    .text.HAL_UART_RxCpltCallback:00000000 $t
C:\Users\simon\AppData\Local\Temp\cceYPmWR.s:422    .text.HAL_UART_RxCpltCallback:00000000 HAL_UART_RxCpltCallback
C:\Users\simon\AppData\Local\Temp\cceYPmWR.s:564    .text.HAL_UART_RxCpltCallback:000000a8 $d
C:\Users\simon\AppData\Local\Temp\cceYPmWR.s:572    .text.HAL_TIM_PeriodElapsedCallback:00000000 $t
C:\Users\simon\AppData\Local\Temp\cceYPmWR.s:578    .text.HAL_TIM_PeriodElapsedCallback:00000000 HAL_TIM_PeriodElapsedCallback
C:\Users\simon\AppData\Local\Temp\cceYPmWR.s:615    .text.HAL_TIM_PeriodElapsedCallback:00000018 $d
C:\Users\simon\AppData\Local\Temp\cceYPmWR.s:621    .text.Error_Handler:00000000 $t
C:\Users\simon\AppData\Local\Temp\cceYPmWR.s:627    .text.Error_Handler:00000000 Error_Handler
C:\Users\simon\AppData\Local\Temp\cceYPmWR.s:659    .text.SystemClock_Config:00000000 $t
C:\Users\simon\AppData\Local\Temp\cceYPmWR.s:665    .text.SystemClock_Config:00000000 SystemClock_Config
C:\Users\simon\AppData\Local\Temp\cceYPmWR.s:854    .text.SystemClock_Config:000000d0 $d
C:\Users\simon\AppData\Local\Temp\cceYPmWR.s:861    .text.PeriphCommonClock_Config:00000000 $t
C:\Users\simon\AppData\Local\Temp\cceYPmWR.s:867    .text.PeriphCommonClock_Config:00000000 PeriphCommonClock_Config
C:\Users\simon\AppData\Local\Temp\cceYPmWR.s:947    .text.main:00000000 $t
C:\Users\simon\AppData\Local\Temp\cceYPmWR.s:953    .text.main:00000000 main
C:\Users\simon\AppData\Local\Temp\cceYPmWR.s:1344   .text.main:0000013c $d
C:\Users\simon\AppData\Local\Temp\cceYPmWR.s:1363   .bss.timer_running:00000000 timer_running
C:\Users\simon\AppData\Local\Temp\cceYPmWR.s:1357   .bss.rx_buffer:00000000 rx_buffer
C:\Users\simon\AppData\Local\Temp\cceYPmWR.s:1353   .bss.rx_buffer:00000000 $d
C:\Users\simon\AppData\Local\Temp\cceYPmWR.s:1364   .bss.timer_running:00000000 $d

UNDEFINED SYMBOLS
snprintf
HAL_TIM_Base_Start_IT
htim4
HAL_TIM_Base_Stop_IT
strlen
HAL_UART_Transmit
HAL_UART_Receive_IT
huart4
memset
HAL_GPIO_TogglePin
HAL_PWREx_ConfigSupply
HAL_RCC_OscConfig
HAL_RCC_ClockConfig
HAL_RCCEx_PeriphCLKConfig
ARM GAS  C:\Users\simon\AppData\Local\Temp\cceYPmWR.s 			page 95


HAL_Init
MX_GPIO_Init
MX_DMA_Init
MX_ADC1_Init
MX_ADC2_Init
MX_ADC3_Init
MX_DAC1_Init
MX_FMC_Init
MX_HRTIM_Init
MX_I2C2_Init
MX_I2C3_Init
MX_I2C4_Init
MX_LPUART1_UART_Init
MX_UART4_Init
MX_UART7_Init
MX_UART8_Init
MX_USART1_Init
MX_USART2_UART_Init
MX_RTC_Init
MX_SPI1_Init
MX_SPI2_Init
MX_SPI5_Init
MX_SPI6_Init
MX_TIM1_Init
MX_TIM2_Init
MX_TIM3_Init
MX_TIM4_Init
MX_TIM5_Init
MX_TIM6_Init
MX_TIM7_Init
MX_TIM8_Init
MX_TIM12_Init
MX_TIM13_Init
MX_TIM14_Init
MX_TIM15_Init
MX_TIM16_Init
MX_TIM17_Init
MX_USB_OTG_FS_USB_Init
