:020000040800F2
:10000000000008245DB200086B3000086D30000865
:100010006F300008713000087330000800000000E5
:100020000000000000000000000000007530000823
:100030007730000800000000793000087B300008AD
:10004000ADB20008ADB20008ADB20008ADB2000814
:10005000ADB20008ADB20008ADB20008ADB2000804
:10006000ADB20008ADB20008ADB20008853000089E
:1000700095300008A5300008B5300008C5300008EC
:10008000ADB20008ADB20008D5300008ADB200082E
:10009000ADB20008ADB20008ADB20008ADB20008C4
:1000A000ADB20008ED300008ADB20008ADB20008F6
:1000B000ADB20008ADB20008FD300008ADB20008D6
:1000C000ADB20008ADB20008ADB20008ADB2000894
:1000D000ADB20008ADB20008ADB20008ADB2000884
:1000E000ADB20008ADB2000800000000ADB20008DB
:1000F000ADB20008ADB20008ADB20008ADB2000864
:10010000ADB20008ADB20008ADB20008ADB2000853
:100110000D310008ADB20008ADB20008ADB2000864
:10012000ADB20008ADB20008ADB20008ADB2000833
:10013000ADB20008ADB20008ADB20008ADB2000823
:1001400000000000000000000000000000000000AF
:10015000ADB20008ADB20008ADB20008ADB2000803
:10016000ADB20008ADB20008ADB20008ADB20008F3
:10017000ADB20008ADB20008ADB20008000000004A
:10018000ADB20008ADB20008ADB20008ADB20008D3
:10019000ADB20008ADB20008ADB20008ADB20008C3
:1001A000ADB20008ADB20008ADB20008ADB20008B3
:1001B000ADB20008ADB20008ADB20008ADB20008A3
:1001C000ADB20008ADB20008ADB20008ADB2000893
:1001D000ADB20008ADB20008ADB20008ADB2000883
:1001E000ADB20008ADB20008ADB20008ADB2000873
:1001F000ADB20008ADB20008ADB20008ADB2000863
:10020000ADB20008ADB20008ADB20008ADB2000852
:10021000ADB20008ADB20008ADB20008ADB2000842
:10022000ADB20008ADB20008ADB200080000000099
:10023000ADB20008ADB2000800000000ADB2000889
:10024000ADB20008ADB20008ADB20008ADB2000812
:10025000ADB20008ADB20008ADB20008ADB2000802
:10026000ADB20008ADB20008ADB20008ADB20008F2
:10027000ADB20008ADB20008ADB200080000000049
:10028000ADB20008ADB20008ADB200080000000039
:0802900000000000ADB20008FF
:1002A00010B5054C237833B9044B13B10448AFF3B0
:1002B00000800123237010BD7400002400000000A2
:1002C00018BC000808B5034B1BB103490348AFF342
:1002D000008008BD000000007800002418BC000861
:1002E000034613F8012B002AFBD1181A0138704776
:1002F00001F0FF01102A2BDB10F0070F08D010F8D7
:10030000013B013A8B422DD010F0070F42B3F6D1DA
:10031000F0B441EA012141EA014122F007047FF0F3
:1003200000070023F0E80256083C85EA010586EA4A
:10033000010685FA47F5A3FA87F586FA47F6A5FA86
:1003400087F68EB9EED1F0BC01F0FF0102F0070292
:1003500032B110F8013B013A83EA010313B1F8D13D
:100360000020704701387047002D06BF354603381E
:10037000073815F0010F07D1013015F4807F02BF57
:10038000013015F4C03F0130F0BC0138704700BFA8
:1003900053B94AB9002908BF00281CBF4FF0FF31EC
:1003A0004FF0FF3000F074B9ADF1080C6DE904CEE8
:1003B00000F006F8DDF804E0DDE9022304B0704740
:1003C0002DE9F047089D04468E46002B4DD18A4208
:1003D000944669D9B2FA82F252B101FA02F3C2F13B
:1003E000200120FA01F10CFA02FC41EA030E9440CC
:1003F0004FEA1C48210CBEFBF8F61FFA8CF708FBED
:1004000016E341EA034306FB07F199420AD91CEBC4
:10041000030306F1FF3080F01F81994240F21C81F6
:10042000023E63445B1AA4B2B3FBF8F008FB10333E
:1004300044EA034400FB07F7A7420AD91CEB040473
:1004400000F1FF3380F00A81A74240F20781644443
:10045000023840EA0640E41B00261DB1D4400023C8
:10046000C5E900433146BDE8F0878B4209D9002D2C
:1004700000F0EF800026C5E9000130463146BDE8B6
:10048000F087B3FA83F6002E4AD18B4202D3824220
:1004900000F2F980841A61EB030301209E46002DCF
:1004A000E0D0C5E9004EDDE702B9FFDEB2FA82F224
:1004B000002A40F09280A1EB0C014FEA1C471FFA82
:1004C0008CFE0126200CB1FBF7F307FB131140EA69
:1004D00001410EFB03F0884208D91CEB010103F136
:1004E000FF3802D2884200F2CB804346091AA4B2F8
:1004F000B1FBF7F007FB101144EA01440EFB00FECC
:10050000A64508D91CEB040400F1FF3102D2A64530
:1005100000F2BB800846A4EB0E0440EA03409CE7CF
:10052000C6F12007B34022FA07FC4CEA030C20FA7C
:1005300007F401FA06F31C43F9404FEA1C4900FA9C
:1005400006F3B1FBF9F8200C1FFA8CFE09FB181119
:1005500040EA014108FB0EF0884202FA06F20BD98C
:100560001CEB010108F1FF3A80F08880884240F2DC
:100570008580A8F102086144091AA4B2B1FBF9F020
:1005800009FB101144EA014100FB0EFE8E4508D91B
:100590001CEB010100F1FF346CD28E456AD90238A0
:1005A000614440EA0840A0FB0294A1EB0E01A14285
:1005B000C846A64656D353D05DB1B3EB080261EBF3
:1005C0000E0101FA07F722FA06F3F1401F43C5E9CD
:1005D000007100263146BDE8F087C2F12003D84003
:1005E0000CFA02FC21FA03F3914001434FEA1C4745
:1005F0001FFA8CFEB3FBF7F007FB10360B0C43EA37
:10060000064300FB0EF69E4204FA02F408D91CEBE6
:10061000030300F1FF382FD29E422DD902386344E4
:100620009B1B89B2B3FBF7F607FB163341EA034184
:1006300006FB0EF38B4208D91CEB010106F1FF38D3
:1006400016D28B4214D9023E6144C91A46EA0046CA
:1006500038E72E46284605E70646E3E61846F8E65C
:100660004B45A9D2B9EB020864EB0C0E0138A3E7A5
:100670004646EAE7204694E74046D1E7D0467BE786
:10068000023B614432E7304609E76444023842E7FE
:10069000704700BF08B50A4B1B78232B05D1084BC8
:1006A0009B782A2B06D1012008BD064A0AF032FEAB
:1006B0000020F9E7044A0AF02DFE0020F4E700BF0D
:1006C0009000002430BC000858BC000838B504462F
:1006D0000D460D4B1B7853B90C4809F0BDFF03467E
:1006E00048B10B4A294620460AF014FE02E0094AA6
:1006F0000AF010FE38BD044A01211170064A29464D
:1007000020460AF007FEF5E793000024480E002477
:10071000A0BC000880BC0008C8BC000838B504466E
:100720000D460D4B1B7853B10C4809F0D9FF034619
:1007300048B10B4A294620460AF0ECFD02E0094A7E
:100740000AF0E8FD38BD044A00211170064A294626
:1007500020460AF0DFFDF5E793000024480E002450
:1007600008BD0008E8BC000830BD000800B583B033
:100770000A4B5B78312B0BD0322B0CD032220192FA
:1007800031220092064A0AF0C5FD03B05DF804FB71
:10079000FFF79CFFF9E7FFF7C1FFF6E790000024A1
:1007A00050BD000838B50446FFF79AFD064D642396
:1007B00082B22146284608F00EFE0322034928464D
:1007C00008F060FF38BD00BF4807002490000024F7
:1007D0000268294B9A4200D0704710B59AB0274B57
:1007E000DB6F1B682649274A934218BF8B422CD0E7
:1007F0001832934229D01832934226D018329342AD
:1008000023D01832934220D0183293421DD0183290
:1008100093421AD002F55672934216D01832934280
:1008200013D01832934210D0183293420DD01832A0
:1008300093420AD01832934207D01832934204D020
:100840001832934201D05B6800E05B686424224662
:10085000002101A80AF056FD214601A8FFF71AFF62
:1008600020B901A8FFF79EFF1AB010BD214601A8CC
:10087000FFF77CFFF5E700BF004C0040480700246D
:10088000100002402800024008B50268044B9A425A
:1008900000D008BD8021034805F082FDF9E700BFC4
:1008A000000800400024025872B6FEE700B59DB073
:1008B0004C22002109A80AF025FD2022002101A8D0
:1008C0000AF020FD022006F0F5FE002300932B4BDA
:1008D000DA6A22F00102DA62DB6A03F001030093B4
:1008E000274A936923F4404343F480439361936917
:1008F00003F440430093009B214B9B6913F4005F7A
:10090000FAD0204A936A23F0030343F00203936270
:10091000292309934FF480330A9301220E920F92F8
:10092000022312931393149209221592169317938C
:1009300018930C2219921A934FF440631B9309A841
:1009400003F07EFAA8B93F23019303230293002307
:10095000039304934023059306934FF48062079218
:100960000893012101A803F089FE20B91DB05DF8AC
:1009700004FBFFF799FFFFF797FF00BF0004005843
:10098000004802580044025800B5B1B0BC22002112
:1009900001A80AF0B7FC4FF400230193012302934E
:1009A0000923039304230493022305930693C0238E
:1009B0000793202308934FF44063099301A804F0A0
:1009C000F9F810B931B05DF804FBFFF76DFF0000D6
:1009D00008B54E4B5B6913F4003F13D1BFF34F8F43
:1009E000BFF36F8F494B0022C3F85022BFF34F8FE4
:1009F000BFF36F8F5A6942F400325A61BFF34F8FD1
:100A0000BFF36F8F414B5B6913F4803F27D13F4B9E
:100A10000022C3F88420BFF34F8FD3F88040C4F383
:100A20004E3000E01846C4F3C90243F6E07303EA0F
:100A3000401343EA82733549C1F860321346013AE4
:100A4000002BF2D1431E0028ECD1BFF34F8F4B692E
:100A500043F480334B61BFF34F8FBFF36F8F06F0CA
:100A6000E5FEFFF723FFFFF78FFF00F055F800F0DA
:100A700069FC00F097F900F0E9F900F02DFA00F0B8
:100A8000B5FB00F01DFD00F0F7FD00F0B7FE00F033
:100A9000E1FE00F00BFF01F007F801F03BF801F078
:100AA00071F801F0A3F801F0D5F801F007F901F0B1
:100AB00059FB01F097FB01F0C1FB01F0EBFB01F0EA
:100AC00015FC01F07FFD02F0F1F902F053FA01F09C
:100AD000B5FD01F007FE01F037FE01F05DFE01F00B
:100AE00083FE01F0B5FE01F001FF02F083FA01F090
:100AF00015FF01F051FF01F067FF02F0B5FA032284
:100B00000349044808F0BEFDFEE700BF00ED00E029
:100B100090000024480700242DE9F04F91B00024F4
:100B20000B940C940D940E940F94934BD3F8E020F7
:100B300042F48072C3F8E020D3F8E02002F480721F
:100B40000092009AD3F8E02042F48062C3F8E020DB
:100B5000D3F8E02002F480620192019AD3F8E020F9
:100B600042F04002C3F8E020D3F8E02002F0400257
:100B70000292029AD3F8E02042F00802C3F8E02083
:100B8000D3F8E02002F008020392039AD3F8E020A1
:100B900042F00102C3F8E020D3F8E02002F00102A5
:100BA0000492049AD3F8E02042F01002C3F8E02047
:100BB000D3F8E02002F010020592059AD3F8E02065
:100BC00042F00202C3F8E020D3F8E02002F0020273
:100BD0000692069AD3F8E02042F40072C3F8E020AF
:100BE000D3F8E02002F400720792079AD3F8E020CD
:100BF00042F08002C3F8E020D3F8E02002F0800247
:100C00000892089AD3F8E02042F00402C3F8E020EA
:100C1000D3F8E02002F004020992099AD3F8E02008
:100C200042F02002C3F8E020D3F8E03003F02003C4
:100C30000A930A9B514E22464FF29051304605F0DE
:100C4000A9FBDFF850B12246FC21584605F0A2FB73
:100C5000DFF844A1224640F60801504605F09AFB11
:100C6000DFF8389122464FF40041484605F092FBE8
:100C7000DFF82C8122460421404605F08BFB404FD3
:100C8000224647F2FF01384605F084FB2246082140
:100C90003C4805F07FFB4FF290530B9301250C95D8
:100CA0000D940E940BA9304605F076FAFC230B93B5
:100CB0000C950D940E940BA9584605F06DFA4FF45F
:100CC000004BCDF82CB0304B0C930D940BA938464B
:100CD00005F062FA40F608030B930C950D940E9400
:100CE0000BA9504605F058FACDF82CB00C950D9490
:100CF0000E940BA9484605F04FFA04230B930C956C
:100D00000D940E940BA9404605F046FA47F2FF03F6
:100D10000B930C950D940E940BA9384605F03CFAF4
:100D20004FF4E0530B9302230C930D940E940A237B
:100D30000F930BA9154805F02FFA4FF400530B93AE
:100D40000C940D950BA9124805F026FA4FF4006398
:100D50000B930D4B0C930D940BA9304605F01CFA28
:100D600008230B930C950D940E940BA9054805F0E0
:100D700013FA11B0BDE8F08F004402580020025869
:100D800000240258001802580000111100000258F7
:100D90000008025800280258000C0258001C025893
:100DA0000010025800B58BB00023079308930993F5
:100DB00000930193029303930493059306932048B1
:100DC000204A026043608360C360042202610375AD
:100DD00043750122826103774FF4A46141624FF4AD
:100DE00080618162C2620363436380F8383002F03D
:100DF0003DFEE0B90023079307A9114802F06EFFFA
:100E0000C0B9114B0093062301930023029340F2D3
:100E1000FF7203920422049205938DF819306946FB
:100E2000074802F0FDFA40B90BB05DF804FBFFF78C
:100E30003BFDDFE7FFF738FDE3E7FFF735FDF3E7BD
:100E400098000024002002400200300400B589B060
:100E5000002301930293039304930593069307934E
:100E600019481A4A026043608360C3600422026129
:100E70000375437501228261037743628362C36213
:100E80000363436380F8383002F0F0FDA8B9104BDB
:100E9000019306230293002303930E4A0492042233
:100EA000059206938DF81D300DEB0201064802F005
:100EB000B7FA28B909B05DF804FBFFF7F5FCE6E7DF
:100EC000FFF7F2FCF6E700BFFC000024002102401F
:100ED000020030040000FF4700B589B000230193F1
:100EE0000293039304930593069307931B481C4AAC
:100EF000026043608360C36004220261037543752E
:100F00000122826103774FF4986242624FF480625B
:100F10008262C3620363436380F8383002F0A6FD47
:100F2000A8B9104B019306230293002303930E4AA2
:100F300004920422059206938DF81D300DEB0201F8
:100F4000064802F06DFA28B909B05DF804FBFFF716
:100F5000ABFCE6E7FFF7A8FCF6E700BF6001002462
:100F600000600258020030040000FF4730B591B025
:100F700000230B930C930D930E930F930368914AE8
:100F8000934208D0904A93427ED0904A934200F018
:100F9000D78011B030BD04468D4A13680133136009
:100FA000012B60D08B4BD3F8E02042F00402C3F851
:100FB000E020D3F8E02002F004020192019AD3F875
:100FC000E02042F00102C3F8E020D3F8E02002F074
:100FD00001020292029AD3F8E02042F00202C3F822
:100FE000E020D3F8E03003F002030393039B0C23CB
:100FF0000B9303250C950BA9774805F0CDF80B95BD
:101000000C9500250D950BA9744805F0C5F84FF017
:101010008071084606F064FC4FF00071084606F047
:101020005FFC6F486F4B0360092343608560C560B8
:101030004FF4806303614FF4805343614FF4804366
:101040008361C5610562456205F0EEFAC8B9644B7B
:10105000E3649C6300221146122006F067FB122015
:1010600006F09AFB95E75B4BD3F8D82042F02002BC
:10107000C3F8D820D3F8D83003F020030093009BA6
:1010800090E7FFF711FCE2E7514A13680133136060
:10109000012B47D04F4BD3F8E02042F00402C3F8B5
:1010A000E020D3F8E02002F004020592059AD3F87C
:1010B000E02042F00102C3F8E020D3F8E02002F083
:1010C00001020692069AD3F8E02042F00202C3F829
:1010D000E020D3F8E03003F002030793079B0C23D2
:1010E0000B9303240C940BA93B4805F055F80B9483
:1010F0000C9400240D940BA9384805F04DF84FF0DE
:101100008071084606F0ECFB4FF00071084606F0CF
:10111000E7FB22462146122006F008FB122006F0CB
:101120003BFB36E72B4BD3F8D82042F02002C3F824
:10113000D820D3F8D83003F020030493049BA9E708
:10114000244BD3F8E02042F08072C3F8E020D3F8BB
:10115000E02002F080720892089AD3F8E02042F072
:101160002002C3F8E020D3F8E02002F02002099228
:10117000099AD3F8E02042F00402C3F8E020D3F843
:10118000E03003F004030A930A9B4FF480630B934F
:1011900003240C940BA9144804F0FEFF04230B93C2
:1011A0000C9400230D930BA90B4804F0F5FF4FF0AE
:1011B0008061084606F094FB4FF00061084606F097
:1011C0008FFBE6E60020024000210240006002584A
:1011D00094000024004402580008025800040258F9
:1011E000C4010024700002400014025800B58BB006
:1011F0002422002101A80AF085F81248124B03604E
:1012000006F030FCA8B90022019206230293039253
:1012100002230493059201A90A4806F035FC58B947
:10122000102201A9074806F02FFC40B90BB05DF869
:1012300004FBFFF739FBE6E7FFF736FBF0E7FFF7C4
:1012400033FBF3E73C0200240074004010B588B083
:101250000023039304930593069307930268324B8C
:101260009A4201D008B010BD0446304BD3F8E820B4
:1012700042F00052C3F8E820D3F8E82002F0005210
:101280000192019AD3F8E02042F00102C3F8E02075
:10129000D3F8E03003F001030293029B3023039361
:1012A0000323049303A9224804F076FF2148224B2C
:1012B000036043234360402383600023C3604FF4F3
:1012C000806202614FF4805242614FF48042826139
:1012D000C3610362436205F0A7F9F0B9154BA3603F
:1012E0009C631648164B036044234360402383608D
:1012F0000023C3604FF4806202614FF48052426168
:101300004FF480428261C3610362436205F08CF94D
:1013100030B90A4BE3609C63A4E7FFF7C5FADDE749
:10132000FFF7C2FAF5E700BF00740040004402581E
:10133000000002585002002440000240C80200246D
:101340005800024000B583B01B4BD3F8D82042F0C0
:101350000102C3F8D820D3F8D83003F00103019379
:10136000019B002211460B2006F0E0F90B2006F04D
:1013700013FA002211460C2006F0D8F90C2006F0D2
:101380000BFA002211460D2006F0D0F90D2006F0D0
:1013900003FA002211460E2006F0C8F90E2006F0CE
:1013A000FBF9002211460F2006F0C0F90F2006F0CD
:1013B000F3F903B05DF804FB00440258F0B5B7B090
:1013C000002331933293339334933593344B1B681A
:1013D0000BB137B0F0BD324B01221A60BC220021A4
:1013E00002A809F08FFF4FF08073029302A803F068
:1013F000E1FB002850D12B4BD3F8D42042F480528B
:10140000C3F8D420D3F8D43003F480530193019B64
:1014100048F237133193022732970026339603257B
:1014200034950C24359431A91F4804F0B5FE4CF2D4
:1014300003733193329733963495359431A91B4811
:1014400004F0AAFE4FF63F0331933297339634955A
:10145000359431A9164804F09FFE01233193329749
:1014600033963495359431A9124804F095FE3194A1
:10147000329733963495359431A90F4804F08CFE99
:101480004FF680733193329733963495359431A962
:101490000A4804F081FE9CE7FFF706FAABE700BFBD
:1014A000400300240044025800180258000C02585F
:1014B0000014025800080258001C0258001002587C
:1014C00000B589B00023019302930393049305931D
:1014D000069307931048114A026043608360082214
:1014E000C260102202614021416180218161C3619B
:1014F0000362436283620192029203920492059214
:101500000692079201A906F0FBFB10B909B05DF83D
:1015100004FBFFF7C9F9F9E74403002440410052F6
:1015200008B5FFF74BFF08BD10B5B6B00446002163
:1015300031913291339134913591BC2202A809F056
:10154000E1FE22681A4B9A4201D036B010BD4FF02E
:101550008053029302A803F02DFB28BB154BD3F850
:10156000F02042F00052C3F8F020D3F8F02002F04F
:1015700000520092009AD3F8E02042F00802C3F82B
:10158000E020D3F8E03003F008030193019B10231F
:10159000319302233293002233923492359331A94E
:1015A000054804F0F9FDD0E7FFF77EF9D6E700BF64
:1015B0000074014000440258000C0258F0B589B094
:1015C0000023039304930593069307930268254B26
:1015D0009A4201D009B0F0BD234BD3F8E02042F08D
:1015E0001002C3F8E020D3F8E02002F010020092CD
:1015F000009AD3F8E02042F00402C3F8E020D3F8C8
:10160000E02002F004020192019AD3F8E02042F0B7
:101610004002C3F8E020D3F8E03003F04003029327
:10162000029B02240394049406940325079503A9BE
:101630000E4804F0B1FDC0270397049400260596D8
:1016400006950123079303A9094804F0A5FD039714
:10165000049405960695079403A9064804F09CFD9A
:10166000B8E700BF0074014000440258001002585F
:10167000000802580018025810B5A6B000242294A1
:101680002394249425941E941F94209421945422EE
:10169000214609A809F036FE2022214601A809F0BA
:1016A00031FE5448544B03604460846006F006FDEC
:1016B00000287ED100214F4806F050FE00287BD143
:1016C00000232293022223922493259322AA042109
:1016D000484806F07BFD002871D1464C01220421C8
:1016E000204606F061FE4FF6FD731E9300211F9108
:1016F00005232093082321931EAA204606F04CFDC3
:1017000000285FD1002109910A910B910C910123CE
:101710000D930E910F9110911191129113911491BB
:10172000159116911791189119911A911B911C916D
:101730001D9109AA2F4806F086FE002845D10023F6
:101740001A9309AA04212B4806F07DFE00283FD1F8
:101750000021019102910391049105910691079155
:10176000089101AB0122234806F0A5FE98BB01AB0E
:101770004FF4807204211F4806F09DFE70BB01AB40
:10178000022200211B4806F096FE50BB01AB4FF42D
:1017900000720421174806F08EFE28BB1EAA042101
:1017A000144806F0F9FC10BB1248FFF707FF26B0FB
:1017B00010BDFFF779F87DE7FFF776F880E7FFF7D0
:1017C00073F88AE7FFF770F89CE7FFF76DF8B6E764
:1017D000FFF76AF8BCE7FFF767F8C8E7FFF764F8B8
:1017E000CDE7FFF761F8D1E7FFF75EF8D6E7FFF73F
:1017F0005BF8D9E7780300240074014008B512486B
:10180000124B0360124B4360002383600122C260CD
:10181000036143618361C361036206F06BF850B9F1
:101820000021094806F0C4F840B90021064806F036
:10183000EDF830B908BDFFF737F8F1E7FFF734F8F6
:10184000F3E7FFF731F8F5E75404002400580040AF
:10185000CE9F900008B51248124B0360124B4360B4
:10186000002383600122C260036143618361C3611D
:10187000036206F03FF850B90021094806F098F8D5
:1018800040B90021064806F0C1F830B908BDFFF79D
:101890000BF8F1E7FFF708F8F3E7FFF705F8F5E7CE
:1018A000A0040024005C0040CE9F900008B51248C0
:1018B000124B0360124B4360002383600122C2601D
:1018C000036143618361C361036206F013F850B999
:1018D0000021094806F06CF840B90021064806F0DE
:1018E00095F830B908BDFEF7DFFFF1E7FEF7DCFF42
:1018F000F3E7FEF7D9FFF5E7EC040024001C0058DD
:10190000CE9F9000F0B5BDB00446002137913891CC
:1019100039913A913B91BC2208A809F0F3FC236865
:101920005B4A934207D05B4A934235D05A4A93426E
:1019300064D03DB0F0BD0823089308A803F03AF93D
:1019400038BB564CD4F8E03043F08003C4F8E030A4
:10195000D4F8E03003F080030193019B30233793E8
:10196000122338930123399300233A9304233B93A2
:1019700037A94B4804F010FCD4F8E83043F4800356
:10198000C4F8E830D4F8E83003F480030293029BF3
:10199000CFE7FEF789FFD4E70823089308A803F0F0
:1019A00009F940BB3D4CD4F8E03043F08003C4F863
:1019B000E030D4F8E03003F080030393039B4FF44E
:1019C000C0733793122338930123399300233A933A
:1019D00004233B9337A9324804F0DEFBD4F8E83007
:1019E00043F40003C4F8E830D4F8E83003F400030B
:1019F0000493049B9DE7FEF757FFD3E7102308935A
:101A000008A803F0D7F800283FD1244CD4F8E030E0
:101A100043F00203C4F8E030D4F8E03003F00203EE
:101A20000593059BD4F8E03043F08003C4F8E03020
:101A3000D4F8E03003F080030693069B40233793ED
:101A4000122738970126399600253A9506233B93AD
:101A500037A9144804F0A0FB4FF48053379338970C
:101A600039963A9504233B9337A90D4804F094FB2B
:101A7000D4F8F43043F08003C4F8F430D4F8F430F0
:101A800003F080030793079B53E7FEF70DFFBCE7C6
:101A900000580040005C0040001C00580044025800
:101AA000001C02580004025808B51748174B036081
:101AB000174B436000238360C36003610C224261C3
:101AC0008361036243628362436607F02BFD70B952
:101AD00000210D4807F048FE60B900210A4807F0D0
:101AE00068FE50B9084807F020FE48B908BDFEF767
:101AF000DBFEEDE7FEF7D8FEEFE7FEF7D5FEF1E7F8
:101B0000FEF7D2FEF2E700BF28060024000C0058C2
:101B10002433030008B51948194B03604FF4E1332F
:101B2000436000238360C36003610C2242618361D0
:101B3000C36103624362202383624FF40053036452
:101B400007F0F0FC70B900210C4807F00DFE60B9F9
:101B500000210A4807F02DFE50B9084807F0E5FDBE
:101B600048B908BDFEF7A0FEEDE7FEF79DFEEFE7E2
:101B7000FEF79AFEF1E7FEF797FEF2E7480700242A
:101B8000004C004008B51748174B03604FF4E13391
:101B9000436000238360C36003610C224261836160
:101BA000C36103624362836207F0BCFC70B9002129
:101BB0000C4807F0D9FD60B900210A4807F0F9FD8B
:101BC00050B9084807F0B1FD48B908BDFEF76CFEF2
:101BD000EDE7FEF769FEEFE7FEF766FEF1E7FEF7D9
:101BE00063FEF2E7D80700240078004008B51748E4
:101BF000174B03604FF4E133436000238360C360FD
:101C000003610C2242618361C361036243628362A8
:101C100007F088FC70B900210C4807F0A5FD60B9F9
:101C200000210A4807F0C5FD50B9084807F07DFDBE
:101C300048B908BDFEF738FEEDE7FEF735FEEFE7E1
:101C4000FEF732FEF1E7FEF72FFEF2E76808002408
:101C5000007C004008B51748174B03604FF4E13390
:101C6000436000238360C36003610C22426183618F
:101C7000C36103624362036408F00CF970B9002188
:101C80000C4808F076F960B900210A4808F095F987
:101C900050B9084808F04EF948B908BDFEF704FEEF
:101CA000EDE7FEF701FEEFE7FEF7FEFDF1E7FEF7D9
:101CB000FBFDF2E7F80800240010014008B51748C2
:101CC000174B03604FF4E133436000238360C3602C
:101CD00003610C2242618361C361036243628362D8
:101CE00007F020FC70B900210C4807F03DFD60B9F9
:101CF00000210A4807F05DFD50B9084807F015FDBE
:101D000048B908BDFEF7D0FDEDE7FEF7CDFDEFE7E2
:101D1000FEF7CAFDF1E7FEF7C7FDF2E7B8060024BB
:101D200000440040F0B5C3B0044600213D913E910F
:101D30003F9140914191BC220EA809F0E3FA23683B
:101D4000AB4A934210D0AB4A934256D0AA4A934230
:101D500000F0D580A94A934200F00181A84A93423D
:101D600000F0668143B0F0BD04230E930EA802F08C
:101D700021FF00283ED1A34BD3F8F42042F0080203
:101D8000C3F8F420D3F8F42002F008020192019A7B
:101D9000D3F8E02042F00202C3F8E020D3F8E020BC
:101DA00002F002020292029AD3F8E02042F001020D
:101DB000C3F8E020D3F8E03003F001030393039B62
:101DC00080233D9302253E9500243F9440940823B0
:101DD00041933DA98C4804F0DFF94FF400733D9323
:101DE0003E953F944094032341933DA9874804F0D6
:101DF000D3F9B7E7FEF758FDBDE702230E930EA80F
:101E000002F0D8FE002871D17E4BD3F8E82042F4CE
:101E10000022C3F8E820D3F8E82002F4002204925C
:101E2000049AD3F8E02042F08002C3F8E020D3F80F
:101E3000E02002F080020592059AD3F8E02042F0FB
:101E40000202C3F8E020D3F8E03003F00203069367
:101E5000069B4FF480433D9302273E9700253F9514
:101E60004095082641963DA9694804F095F94FF43C
:101E700000733D933E973F95409541963DA962483A
:101E800004F08AF96348644B03603F234360856034
:101E9000C5604FF48063036145618561C56105627A
:101EA000456204F0C1FB20BB5A4BE3679C635B486F
:101EB0005B4B03604023436083600023C3604FF4A7
:101EC0008062026143618361C3610362436204F023
:101ED000ABFB88B9514BA3679C63002211463420A9
:101EE00005F024FC342005F057FC3BE7FEF7DCFC52
:101EF0008AE7FEF7D9FCD7E7FEF7D6FCEAE702232C
:101F00000E930EA802F056FE30BB3E4BD3F8E820ED
:101F100042F08042C3F8E820D3F8E82002F0804283
:101F20000792079AD3F8E02042F02002C3F8E0209D
:101F3000D3F8E03003F020030893089BC0233D93BF
:101F400002233E9300233F934093072341933DA9EF
:101F5000344804F021F905E7FEF7A6FCD5E7022393
:101F60000E930EA802F026FE00283DD1254BD3F893
:101F7000E82042F00042C3F8E820D3F8E82002F05D
:101F800000420992099AD3F8E02042F01002C3F807
:101F9000E020D3F8E02002F010020A920A9AD3F867
:101FA000E02042F40072C3F8E020D3F8E03003F4FC
:101FB00000730B930B9B01233D9302263E96002456
:101FC0003F944094082541953DA9174804F0E4F852
:101FD0004FF480733D933E963F94409441953DA9C4
:101FE000124804F0D9F8BDE6FEF75EFCBEE700BF7C
:101FF000000C0058004C004000780040007C00407D
:1020000000440040004402580004025800000258F6
:10201000001C02583805002410000240B0050024BE
:1020200028000240001402580010025800240258F0
:1020300002230E930EA802F0BDFD30BB144BD3F863
:10204000E82042F40032C3F8E820D3F8E82002F494
:1020500000320C920C9AD3F8E02042F00802C3F848
:10206000E020D3F8E03003F008030D930D9B6023CC
:102070003D9302233E9300233F93409307234193D4
:102080003DA9044804F088F86CE6FEF70DFCD5E79E
:1020900000440258000C025830B5B9B00446002183
:1020A00033913491359136913791BC2204A809F0CF
:1020B00029F92268274B9A4201D039B030BD01235B
:1020C000049304A802F076FD00283FD1224BD3F8F8
:1020D000F02042F01002C3F8F020D3F8F02002F014
:1020E00010020192019AD3F8E02042F00102C3F8F5
:1020F000E020D3F8E02002F001020292029AD3F825
:10210000E02042F00202C3F8E020D3F8E03003F010
:1021100002030393039B4FF480733393022534959A
:102120000024359436940723379333A90B4804F0E1
:1021300033F84FF440433393349535943694042365
:10214000379333A9064804F027F8B6E7FEF7ACFB4F
:10215000BCE700BF001001400044025800000258D4
:102160000004025808B50A480A4B03600023436084
:102170007F228260FF22C26003618361C361436189
:1021800007F0A0FF00B908BDFEF78EFBFBE700BF1C
:10219000580900240040005810B5B0B00446BC22D5
:1021A000002101A809F0AEF822680C4B9A4201D038
:1021B00030B010BD4FF4800301934FF400732D93A2
:1021C00001A802F0F7FC28B9054A136F43F4004355
:1021D0001367EDE7FEF768FBF6E700BF0040005825
:1021E0000044025808B51348134B03604FF48003B2
:1021F0004360002383600322C260036143614FF0A8
:10220000005282614FF08042C26103624362836286
:10221000C36242638363C363036443648364C364CC
:1022200003654365836507F0A1FF00B908BDFEF7AC
:102230003BFBFBE77C0900240030014008B5134854
:10224000134B03604FF48003436000238360032239
:10225000C260036143614FF0005282614FF08042DF
:10226000C261036243628362C36242638363C36386
:10227000036443648364C36403654365836507F053
:1022800075FF00B908BDFEF70FFBFBE7040A002449
:102290000038004008B51348134B03604FF4800327
:1022A0004360002383600322C260036143614FF0F7
:1022B00080628261C361036243628362C3624FF0E2
:1022C000804242638363C363036443648364C3647F
:1022D00003654365836507F049FF00B908BDFEF754
:1022E000E3FAFBE78C0A00240050014008B51348CC
:1022F000134B03604FF48003436000238360032289
:10230000C260036143614FF080628261C361036216
:1023100043628362C3624FF0804242638363C3635C
:10232000036443648364C36403654365836507F0A2
:102330001DFF00B908BDFEF7B7FAFBE7140B002438
:102340000014005870B5C0B0044600213B913C9188
:102350003D913E913F91BC220CA808F0D3FF236829
:102360008D4A93420BD08D4A934251D08C4A93426E
:102370007FD08C4A934200F0DC8040B070BD4FF4B7
:1023800080530C930CA802F015FC00283DD1864B1D
:10239000D3F8F02042F48052C3F8F020D3F8F020B4
:1023A00002F480520192019AD3F8E02042F04002F8
:1023B000C3F8E020D3F8E02002F040020292029A33
:1023C000D3F8E02042F00802C3F8E020D3F8E03070
:1023D00003F008030393039B4FF460633B930226CF
:1023E0003C9600243D943E9405253F953BA96F48BB
:1023F00003F0D2FE80233B933C963D943E943F9560
:102400003BA96B4803F0C8FEB7E7FEF74DFABEE7FD
:102410004FF480530C930CA802F0CCFB30BB624B02
:10242000D3F8E82042F48042C3F8E820D3F8E8204B
:1024300002F480420492049AD3F8E02042F48072BD
:10244000C3F8E020D3F8E03003F480730593059BD4
:102450000F233B9302233C9300233D933E9305239C
:102460003F933BA9534803F097FE86E7FEF71CFA1B
:10247000D5E74FF400530C930CA802F09BFB002807
:1024800054D1494BD3F8F02042F48012C3F8F02025
:10249000D3F8F02002F480120692069AD3F8E020D6
:1024A00042F48062C3F8E020D3F8E02002F48062B6
:1024B0000792079AD3F8E02042F02002C3F8E02008
:1024C000D3F8E02002F020020892089AD3F8E02026
:1024D00042F40072C3F8E020D3F8E03003F4007354
:1024E0000993099B01233B9302263C9600243D94CB
:1024F0003E9405253F953BA92F4803F04DFE4FF430
:1025000080733B933C963D943E943F953BA92B486A
:1025100003F042FE4FF480633B933C963D943E941F
:102520003F953BA9264803F037FE26E7FEF7BCF9A6
:10253000A7E74FF480430C930CA802F03BFB38BB99
:10254000194BD3F8F42042F02002C3F8F420D3F85A
:10255000F42002F020020A920A9AD3F8E02042F016
:102560004002C3F8E020D3F8E03003F040030B93BF
:102570000B9B4FF4E0433B9302233C9300233D939A
:102580003E9305233F933BA9084803F005FEF4E67C
:10259000FEF78AF9D4E700BF003001400038004060
:1025A000005001400014005800440258001802581E
:1025B000000C02580020025800280258001402584B
:1025C0000024025800B589B00023049305930693B4
:1025D00007930193029303931648174A026040F24F
:1025E0005722426083600922C260036143618361B4
:1025F00008F0E2F9A0B94FF48053049304A90D4800
:1026000008F054FC78B9202301930023029303932C
:1026100001A9084808F044FD40B909B05DF804FB81
:10262000FEF742F9E7E7FEF73FF9ECE7FEF73CF982
:10263000F3E700BF9C0B00240000014000B58DB003
:102640000023089309930A930B930593069307932A
:1026500001930293039304932048214A026040F6B9
:10266000C3124260836040F6B732C2600361836187
:1026700008F0A2F910BB4FF48053089308A917483B
:1026800008F014FCE8B9154808F0F6F9E0B90023A1
:102690000593079305A9114808F002FDB8B9002376
:1026A00001930122029203930493082201A90B488B
:1026B00008F094FB70B90DB05DF804FBFEF7F4F878
:1026C000D9E7FEF7F1F8DEE7FEF7EEF8DFE7FEF711
:1026D000EBF8E4E7FEF7E8F8EDE700BF480E00246A
:1026E0000008004000B58DB02422002103A808F0A6
:1026F00009FE00230093019302931148114A0260DE
:10270000436083604FF0FF32C26003618361012345
:1027100003930593099303A908F0DEF950B9002348
:10272000009302936946064808F0BAFC28B90DB038
:102730005DF804FBFEF7B8F8F1E7FEF7B5F8F6E749
:10274000940E0024000C004000B585B000230193D6
:10275000029303930E480F4A0260436083604FF672
:10276000FF72C260836108F027F950B9002301931A
:10277000039301A9064808F093FC28B905B05DF859
:1027800004FBFEF791F8F1E7FEF78EF8F6E700BFDD
:10279000E00E00240010004000B585B00023019336
:1027A000029303930E480F4A0260436083604FF622
:1027B000FF72C260836108F0FFF850B900230193F3
:1027C000039301A9064808F06BFC28B905B05DF831
:1027D00004FBFEF769F8F1E7FEF766F8F6E700BFDD
:1027E0002C0F00240014004000B58DB024220021DD
:1027F00003A808F087FD0023009301930293124879
:10280000124A0260436083604FF6FF72C260036148
:1028100043618361012303930593099303A908F09E
:102820005BF958B900230093019302936946064867
:1028300008F036FC28B90DB05DF804FBFEF734F85B
:10284000F0E7FEF731F8F6E7780F002400040140C6
:1028500000B58BB000230593069307930893099363
:1028600001930293039304931E481F4A026043603E
:1028700083604FF6FF72C2600361836108F0FCF869
:1028800020BB04230593502306930023079308934A
:10289000099305A9134808F0D9FBD0B90022019289
:1028A000012302930392049201A90E4808F096FABC
:1028B00090B902230193029304220DEB020109480F
:1028C00008F08CFA58B90BB05DF804FBFDF7ECFF8B
:1028D000D7E7FDF7E9FFE1E7FDF7E6FFE9E7FDF7F9
:1028E000E3FFF0E7E80B00240018004008B50948B2
:1028F000094B03600023436083604FF6FF72C260A0
:102900000361836108F058F800B908BDFDF7CCFFFA
:10291000FBE700BF340C0024001C004000B589B068
:102920000023059306930793019302930393049363
:102930001748184A0260436083604FF6FF72C26016
:1029400003614361836108F097F8B8B900230593E8
:10295000079305A90E4808F0A3FB90B90023019343
:10296000012202920393049304220DEB0201084812
:1029700008F034FA40B909B05DF804FBFDF794FFA4
:10298000E4E7FDF791FFE9E7FDF78EFFF3E700BF0E
:10299000CC0C00240040014008B50948094B0360F5
:1029A0000023436083604FF6FF72C260036143619E
:1029B000836108F001F800B908BDFDF775FFFBE77A
:1029C000180D00240044014008B50948094B036074
:1029D0000023436083604FF6FF72C260036143616E
:1029E000836107F0E9FF00B908BDFDF75DFFFBE774
:1029F000640D00240048014000B58FB00023099306
:102A00000A930B930C930D930368594A934224D075
:102A1000584A934237D0584A934260D0574A93421B
:102A20006DD0574A934278D0564A934200F0838043
:102A3000554A934200F08D80544A93425CD1544BE6
:102A4000D3F8F02042F48022C3F8F020D3F8F0301D
:102A500003F480230893089B4EE04D4BD3F8F020FD
:102A600042F00102C3F8F020D3F8F03003F0010384
:102A70000093009B00221146192004F057FE1920F4
:102A800004F08AFE38E0424BD3F8E82042F004021A
:102A9000C3F8E820D3F8E82002F004020192019A7A
:102AA000D3F8E02042F00202C3F8E020D3F8E0308F
:102AB00003F002030293029B4FF4807309930223F5
:102AC0000A930D9309A9334803F066FB00221146CF
:102AD0001E2004F02BFE1E2004F05EFE0CE02C4BAA
:102AE000D3F8E82042F01002C3F8E820D3F8E83029
:102AF00003F010030393039B0FB05DF804FB244B1A
:102B0000D3F8E82042F02002C3F8E820D3F8E830F8
:102B100003F020030493049BEEE71D4BD3F8E82059
:102B200042F08002C3F8E820D3F8E83003F08003D5
:102B30000593059BE0E7164BD3F8E82042F480723A
:102B4000C3F8E820D3F8E83003F480730693069BBB
:102B5000D2E70F4BD3F8F02042F40032C3F8F02054
:102B6000D3F8F03003F400330793079BC4E700BFAA
:102B70000000014000080040001000400014004028
:102B8000001C00400020004000440140004801407B
:102B9000004402580004025830B58DB0002307935A
:102BA000089309930A930B930368B3F1804F07D0FE
:102BB000444A93423FD0444A93425FD00DB030BD67
:102BC000424BD3F8E82042F00102C3F8E820D3F8E2
:102BD000E82002F001020092009AD3F8E02042F0CF
:102BE0000102C3F8E020D3F8E02002F001020192D4
:102BF000019AD3F8E02042F00202C3F8E020D3F8B3
:102C0000E03003F002030293029B012407940225A3
:102C100008950B9407A92E4803F0BEFA4FF4806381
:102C200007930895002309930A930B9407A9294851
:102C300003F0B2FAC2E7254BD3F8E82042F0400295
:102C4000C3F8E820D3F8E82002F040020392039A88
:102C5000D3F8E02042F08002C3F8E020D3F8E0305F
:102C600003F080030493049B4023079302230893FB
:102C70000B9307A9184803F08FFA9FE7134BD3F87B
:102C8000F02042F48032C3F8F020D3F8F02002F4B0
:102C900080320592059AD3F8E02042F01002C3F882
:102CA000E020D3F8E03003F010030693069B4023A6
:102CB00007930223089304230B9307A9074803F003
:102CC0006BFA7BE7001800400040014000440258C6
:102CD0000000025800040258001C0258001002585C
:102CE00002680A4B9A4200D0704782B0084BD3F872
:102CF000E82042F00202C3F8E820D3F8E83003F0FD
:102D000002030193019B02B0704700BF0004004022
:102D10000044025800B58BB0002305930693079337
:102D2000089309930368284A934205D0274A93429F
:102D300026D00BB05DF804FB254BD3F8E82042F019
:102D40000802C3F8E820D3F8E82002F00802019254
:102D5000019AD3F8E02042F08002C3F8E020D3F8D3
:102D6000E03003F080030293029B4FF4406305932D
:102D700002230693099305A9164803F00DFAD8E734
:102D8000134BD3F8F02042F00202C3F8F020D3F83E
:102D9000F02002F002020392039AD3F8E02042F4FA
:102DA0008072C3F8E020D3F8E03003F4807304931A
:102DB000049B60230593022306930323099305A92B
:102DC000054803F0E9F9B4E7000C004000040140B5
:102DD00000440258001C02580020025800B589B077
:102DE0000023039304930593069307930368B3F1B9
:102DF000804F08D0284A93421DD0284A934231D0B0
:102E000009B05DF804FB264BD3F8E02042F0010244
:102E1000C3F8E020D3F8E03003F001030093009BF7
:102E200008230393022304930123079303A91D4856
:102E300003F0B2F9E4E71A4BD3F8E02042F00102C4
:102E4000C3F8E020D3F8E03003F001030193019BC5
:102E50004023039302230493079303A9114803F02B
:102E60009BF9CDE70E4BD3F8E02042F02002C3F8E7
:102E7000E020D3F8E03003F020030293029B4FF4EC
:102E800000730393022304930923079303A90648BD
:102E900003F082F9B4E700BF0004004000200040C6
:102EA00000440258000002580014025800B58FB0C8
:102EB00000230B930C930D930793089309930A93A4
:102EC0000093019302930393049305930693284878
:102ED0004FF080420260436083604FF0FF32C26077
:102EE0000361836107F0C8FD00282FD1204807F057
:102EF00093FD00282DD100230B930D930BA91C48A3
:102F000008F0CEF840BB00220792012308930992F3
:102F10000A9207A9164807F061FF00BB082207A91B
:102F2000134807F05BFFE8B9602300930023019387
:102F3000029304930C2269460D4807F071FEA0B974
:102F40000B48FFF74BFF0FB05DF804FBFDF7ACFC3F
:102F5000CCE7FDF7A9FCCEE7FDF7A6FCD3E7FDF72C
:102F6000A3FCDBE7FDF7A0FCDEE7FDF79DFCE7E750
:102F7000B00D002400B58BB000230793089309938C
:102F800000930193029303930493059306931748C8
:102F9000174A0260436083604FF6FF72C2600361AC
:102FA000836107F039FDC0B900230793099307A98E
:102FB0000E4808F075F898B960230093002201923A
:102FC000029204926946094807F02AFE58B9074858
:102FD000FFF704FF0BB05DF804FBFDF765FCE3E7CA
:102FE000FDF762FCE8E7FDF75FFCF0E7FC0D00246D
:102FF0000004004000B589B00023019302930393BD
:1030000004930593069307931548164A026043609C
:1030100083604FF6FF72C2600361836107F0CCFCEE
:10302000A0B90F4807F0F8FC98B96023019300227B
:1030300002920392059201A9094807F0F1FD58B9DF
:103040000748FFF7CBFE09B05DF804FBFDF72CFC49
:10305000E7E7FDF729FCE8E7FDF726FCF0E700BF0E
:10306000800C0024002000407047FEE7FEE7FEE7EA
:10307000FEE7FEE770477047704708B504F004FCB0
:1030800008BD000008B5024803F078FF08BD00BF86
:103090003805002408B5024803F070FF08BD00BFE2
:1030A000B005002408B5024803F068FF08BD00BF62
:1030B0005002002408B5024803F060FF08BD00BFBD
:1030C000C802002408B5024803F058FF08BD00BF3D
:1030D000C401002408B5034800F036F8024800F0A7
:1030E00033F808BD98000024FC00002408B502480D
:1030F00007F013FB08BD00BF9C0B002408B5024875
:1031000007F00BFB08BD00BF480E002408B50248BD
:1031100005F026FA08BD00BF4807002482B0074B1F
:10312000D3F8F42042F00202C3F8F420D3F8F430CC
:1031300003F002030193019B02B070470044025860
:103140007047704770470000F8B5044603681D6873
:103150005E689649964A934218BF8B4240D1954B80
:103160009F6807F01F0715F0020F10D016F0020F2E
:103170000DD0636D13F0100F03D1636D43F4006342
:103180006365204600F0A8FD236802221A6015F04E
:10319000040F02D016F0040F05D115F0080F4FD020
:1031A00016F0080F4CD0636D13F0100F03D1636D50
:1031B00043F4007363652368DA6812F4406F39D111
:1031C0007B4A93420ED01A4693420ED0052F14BF6D
:1031D000002101214FB141B9092F06D0D26805E085
:1031E000754BBDE7A2F58072EEE7DA6812F4005F76
:1031F00020D11A6812F0080F1CD09A6812F0040F40
:1032000010D15A6822F00C025A60636D23F4807367
:103210006365636D13F4805F0CD1636D43F001034C
:10322000636507E0636D43F010036365A36D43F0CE
:103230000103A3652046FFF783FF23680C221A6071
:1032400015F0200F02D016F0200F05D115F0400F19
:1032500063D016F0400F60D0636D13F0100F03D1F0
:10326000636D43F4005363652368DA6C12F4C07F26
:1032700019D10121DA6812F4406F16D101204C4AAD
:10328000934214D01A46934214D0062F14BF4FF025
:10329000000C4FF0010C6FB1BCF1000F0AD1072FE9
:1032A00008D0D26807E00021E4E70020E7E7A2F5B4
:1032B0008072E8E7DA6831B912F0007F27D130B3C5
:1032C00012F4005F23D1196811F0400F1FD012F4DF
:1032D000001F1CD19A6812F0080F10D15A6822F012
:1032E00060025A60636D23F480536365636D13F469
:1032F000807F0CD1636D43F00103636507E0636D6C
:1033000043F010036365A36D43F00103A3652046FA
:1033100000F0DEFC236860221A6015F0800F02D0F6
:1033200016F0800F36D115F4807F02D016F4807F1E
:1033300044D115F4007F02D016F4007F4AD115F075
:10334000100F20D016F0100F1DD0236B6BB1002F83
:103350004ED023681549164A934218BF8B4245D177
:10336000144B9B6813F4404F0AD0636D43F48063A1
:103370006365A36D43F00203A3652046FFF7E2FEF9
:10338000236810221A6015F4806F02D016F4806F43
:1033900034D1F8BD636D43F4803363652046FFF795
:1033A000D0FE236880221A60BDE700BF00200240E3
:1033B000002102400023024000630258636D43F481
:1033C00000336365204600F085FC23684FF480726B
:1033D0001A60AEE7636D43F480236365204600F016
:1033E0007AFC23684FF400721A60A8E70B4BB8E729
:1033F0002368DB6813F0030FC2D0B6E7636D43F4B4
:1034000080436365A36D43F00803A36523684FF40D
:1034100080621A60204600F05CFCBAE70063025844
:10342000F0B583B00022019290F85020012A00F0FC
:1034300055820346012280F850200068826812F00D
:10344000040F09D05A6D42F020025A650120002273
:1034500083F8502003B0F0BD0A68C2F31304002CB7
:103460004ED1C2F3846201249440C2692243C261F6
:103470001D684C683035220A920002F00C02A858F0
:1034800004F01F0E1F2404FA0EF420EA04000C6856
:10349000C4F3846C0CFA0EFC40EA0C00A8501C68C3
:1034A000A26812F0040200D00122A06810F0080007
:1034B00000D0012002432FD01868826812F0010F5B
:1034C00040F008820A68CD68D0F8C040C2F3130605
:1034D00024EA060405F0180CB24D25FA0CF52A4032
:1034E000C2F313022243C0F8C020C868AE4A90421B
:1034F00000F0B0800A68002AC0F26B810020A6E7C5
:1035000092FAA2F232B1B2FA82F202F01F02012460
:103510009440AAE72022F8E70F688D681434780EEB
:10352000800000F004002658C7F3045E4FF0070C3B
:103530000CFA0EFC26EA0C0C05FA0EF54CEA050511
:1035400025509A48006800F07040B0F1805F0BD0C1
:103550001C68E06810F0100F39D14869E468C4F3C2
:1035600082046400A04006E048691C68E468C4F373
:1035700082046400A0400D69042D36D01F680E68D7
:10358000603757F8254004F0004406F0F846304311
:10359000204347F8250018680E694C7E012C1ED088
:1035A0001546603050F8264024F000442C4340F883
:1035B00026401D680C69087E012813D0286920F474
:1035C000F04004F01F04A24002432A6174E74869F6
:1035D000E468A40804F004046400A040CBE74FF0C2
:1035E0000045DEE74FF40062E8E71868026E02F07B
:1035F000F8420C68B2EB846F1DD01868426E02F07E
:10360000F8420C68B2EB846F1AD01868826E02F030
:10361000F8420C68B2EB846F17D01868C26E02F0E3
:10362000F8420C68B2EB846F7FF446AFC26E22F0B2
:103630000042C26640E7026E22F000420266DCE70A
:10364000426E22F000424266DFE7826E22F00042C4
:103650008266E2E71C680A68C2F31305002D34D1C4
:10366000900E013000F01F0009288CBF00200120BF
:10367000002861D0002D37D1900E0130800600F077
:10368000F840002D3CD1960E013606F01F070126AA
:10369000BE403043002D41D1920E013202F01F0294
:1036A00002EB42021205024388681434550EAD0045
:1036B00005F004056659C2F304520727974026EA2D
:1036C000070690403043605114E792FAA2F048B1E7
:1036D000B0FA80F0013000F01F0009288CBF0020F4
:1036E0000120C5E72020F5E792FAA2F030B1B0FA48
:1036F00080F00130800600F0F840C2E72020F8E7B3
:1037000092FAA2F646B1B6FA86F6013606F01F0620
:10371000012707FA06F6BCE72026F6E792FAA2F29E
:1037200042B1B2FA82F2013202F01F0202EB42020F
:103730001205B8E72022F6E7CDB9900E01308006D9
:1037400000F0F840FDB9960E013606F01F0701267D
:10375000BE40304365BB920E013202F01F0202EB05
:1037600042021E3A120542F0007202439CE792FAAE
:10377000A2F030B1B0FA80F00130800600F0F840DD
:10378000E0E72020F8E792FAA2F646B1B6FA86F60C
:10379000013606F01F06012707FA06F6D9E72026AC
:1037A000F6E700BFFFFF0F000000FF470010005CBE
:1037B00092FAA2F25AB1B2FA82F2013202F01F0278
:1037C00002EB42021E3A120542F00072CDE72022BF
:1037D000F3E719684248434CA14218BF81420CBF2D
:1037E0000120002021D1404EB56805F0E077F0B10E
:1037F0003B48806810F0010000D00120394CA468DB
:1038000014F0010400D0012420430CBF012000204B
:10381000002859D03548824212D03548824231D0F2
:10382000344882423FD0002011E6334EDCE7334873
:10383000806810F0010000D0012080F00100E7E76F
:1038400015F4000FE9D12D4A914201D00020FEE588
:1038500047F40002B16821F0E0710A43B260284ADF
:10386000126892092749A1FB021292090132520003
:10387000019202E0019A013A0192019A002AF9D1DB
:103880000020E4E515F0807FCAD11C4A914201D0A6
:103890000020DCE547F08072B16821F0E0710A4356
:1038A000B2600020D3E515F4800F15D1134A914280
:1038B00001D00020CBE547F48002B16821F0E0712F
:1038C0000A43B2600020C2E55A6D42F020025A65F8
:1038D0000120BCE50020BAE50020B8E50220B9E5EA
:1038E000002002400021024000230240000084CB5F
:1038F000000052C70000B8CF0063025800600258B1
:1039000008000024632D3E0538B5044603684F497E
:103910004F4A934218BF8B4223D14E4B9B6813F4FE
:10392000403F14BF012300234BB300F0F1FF0546D5
:103930006368B3F5003F1CD0B3F5403F1DD0B3F52D
:10394000803F16D003F0C6FF41F20303984257D8D8
:10395000414B9D424ED92268936843F48073936033
:1039600038BD3E4B9B6813F4403F14BF0123002336
:10397000DAE71B0CB5FBF3F5E4E78508E2E74FF463
:10398000002002F0FFF805466368B3F5101F2DD044
:1039900022D8B3F5E01F27D004D9B3F5001FD1D149
:1039A0004509CFE7B3F5801F0DD006D9B3F5A01FA9
:1039B00009D0B3F5C01F06D0C4E7B3F5002F02D07D
:1039C000B3F5402F04D19B0C5B00B5FBF3F5B9E7D1
:1039D000B3F5802FF7D0B5E7B3F5201F08D0B3F5C6
:1039E000301FAFD1050AADE70509ABE78509A9E7A7
:1039F000C509A7E72268936823F480739360AFE753
:103A0000174B9D4205D82268936823F44073936056
:103A1000A6E7144B9D4207D82268936823F44073AD
:103A200043F4807393609BE70F4B9D4207D8226855
:103A3000936823F4407343F40073936090E7226823
:103A4000936843F4407393608AE700BF002002400C
:103A50000021024000230240002D31010063025882
:103A600021BCBE0041787D0181F0FA0230B583B0FF
:103A700000230193002800F010810446436DEBB150
:103A800023689A6812F0005F03D09968844A0A405C
:103A90009A6023689A6812F0805F1CD19968814A05
:103AA0000A4042F080529A607F4B1B689B097F4A14
:103AB000A2FB03239B090133019309E0FDF756FAAA
:103AC0000023A36584F85030DAE7019B013B0193A2
:103AD000019B002BF9D12268936813F0805F40F0BE
:103AE0009C80636D43F010036365A36D43F0010395
:103AF000A3650125936813F0040300D00123616DD1
:103B000011F0100F40F0C180002B40F0BE80636DBB
:103B100023F4817343F002036365936813F0010F8C
:103B200021D16349634B9A4218BF8A420CBF0122DC
:103B3000002274D18B6813F0010300D001235D498A
:103B4000896811F0010100D001210B430CBF012352
:103B5000002343B1002A6BD0574963688A6822F476
:103B60007C1213438B6003F0B5FE41F203039842CD
:103B700002D9A368102B5DD0627D236B43EA4233E8
:103B8000A2681343227F43EA0243227F012A5CD0CA
:103B9000626A22B102F47872A16A0A43134321686F
:103BA000C868464A02401343CB6021688B6813F013
:103BB000040300D001238A6812F0080200D0012219
:103BC00013431BD1227DE36A43EA8232C8683C4B2F
:103BD00003401343CB6094F83830012B3AD022686D
:103BE000136923F0010313612268136923F0704302
:103BF000616B0B4313612046FFF786FEE368012BE0
:103C00003AD02268136B23F00F031363636D23F024
:103C1000030343F0010363653CE000256AE7294B99
:103C20009B6813F0010300D0012383F0010390E7A8
:103C3000254992E7617D226B42EA41321343227F9C
:103C400043EA024343F00C039FE7226A013A43EA46
:103C500042439DE7206802691C4B1340E26B511EF2
:103C6000226C42EA0142616C0A43A16C0A4313438D
:103C700043F001030361B7E721680B6B23F00F03E7
:103C8000A269013A13430B63C0E7636D43F010036D
:103C900063650125284603B030BD0125FAE700BF62
:103CA000C0FFFF5FC0FFFF6F08000024632D3E05CB
:103CB00000200240002102400023024003C0F0FF28
:103CC000FCBFFFFF00600258006302581EF800FCB2
:103CD00070477047704770477047000090F8502059
:103CE000012A00F0A18030B49AB00346012280F886
:103CF000502000221692179200684C4A904242D0FF
:103D000000220192019A002A41D0926812F0040226
:103D100000D00122846814F0040F76D1002A74D1F7
:103D2000424C434A904218BFA04239D102F500727A
:103D3000086800283FD0906820F440404C68204339
:103D400090601868394D3A4CA04218BFA84229D15A
:103D5000A86810F0010000D00120354CA46814F0D0
:103D6000010400D0012420430CBF012000200028C2
:103D700056D094682F4820400C6889682143084336
:103D80009060002046E002F580720192BAE75A6D19
:103D900042F020025A65002283F8502001203CE0C6
:103DA000254AC5E72548806810F0010000D00120B1
:103DB00080F00100DBE7916821F4404191601968CF
:103DC0001A4C1B48814218BFA14215D1A16811F0BD
:103DD000010100D001211648806810F0010000D0D8
:103DE000012001430CBF01210021D9B19068114984
:103DF0000140916000200DE01049896811F0010137
:103E000000D0012181F00101EFE75A6D42F020025C
:103E10005A650120002283F850201AB030BC704748
:103E20000020F7E70020F5E702207047002002405D
:103E300000210240E0F0FFFF0063025800600258DA
:103E4000002800F0028338B50446036813F0010F20
:103E500025D09C4A136903F03803926A102B15D0C1
:103E6000182B0FD06368B3F5803F3FD0002B53D1A0
:103E7000944B1A6822F480321A601A6822F4802265
:103E80001A6038E002F00302022AEBD18D4B1B6866
:103E900013F4003F03D06368002B00F0D88223683E
:103EA00013F0020F00F08B80864A1369926A13F0B8
:103EB00038035AD0182B55D0E368002B00F0C88087
:103EC00080490A6822F0190213430B6003F0E8FCF2
:103ED00005467C4B1B6813F0040F40F0978003F0FD
:103EE000DFFC401B0228F4D90320B7E2754A1368AF
:103EF00043F48033136063682BB303F0D1FC0546B1
:103F0000704B1B6813F4003FC9D103F0C9FC401B80
:103F10006428F5D90320A1E2B3F5A02F09D0694B9D
:103F20001A6822F480321A601A6822F480221A6019
:103F3000E1E7644B1A6842F480221A601A6842F47E
:103F400080321A60D7E703F0ABFC05465D4B1B6877
:103F500013F4003FA3D003F0A3FC401B6428F5D961
:103F600003207BE212F0030FA6D1564B1B6813F01F
:103F7000040F03D0E368002B00F06B8203F0AAFC6F
:103F800041F20303984212D82269402A07D04D49D2
:103F90004B6823F47C3343EA02334B600FE0494A19
:103FA000536823F47C3343F40033536007E0454AFD
:103FB000536823F0FE43216943EA01635360236899
:103FC00013F0100F00F088803E4A136903F03803A5
:103FD000926A082B54D0182B4ED0E369002B00F0C6
:103FE000B880384A136843F08003136003F058FC2C
:103FF0000546344B1B6813F4807F40F0888003F043
:104000004FFC401B0228F4D9032027E203F062FC96
:1040100041F20303984212D82269402A07D0294965
:104020004B6823F47C3343EA02334B60C7E7254AED
:10403000536823F47C3343F400335360BFE7214AD1
:10404000536823F0FE43216943EA01635360B6E7F6
:104050001C4A136823F00103136003F021FC05469A
:10406000184B1B6813F0040FA9D003F019FC401B78
:104070000228F5D90320F1E102F00302012AACD1B4
:10408000104B1B6813F4807F03D0E369802B40F052
:10409000E28103F01FFC41F20303984214D8226A24
:1040A000202A07D007494B6823F0F84343EA82638C
:1040B0004B6011E0034A536823F0F84343F0804318
:1040C000536009E0004402589A4AD36823F07C53B5
:1040D000216A43EA0163D360236813F0080F60D0BC
:1040E0006369002B49D0934A536F43F00103536730
:1040F00003F0D6FB05468F4B5B6F13F0020F50D1D8
:1041000003F0CEFB401B0228F5D90320A6E103F003
:10411000E1FB41F20303984212D8226A202A07D019
:1041200084494B6823F0F84343EA82634B60D3E74A
:10413000804A536823F0F84343F080435360CBE751
:104140007C4AD36823F07C53216A43EA0163D3603D
:10415000C2E7784A136823F08003136003F0A0FBE2
:104160000546744B1B6813F4807FB5D003F098FBB1
:10417000401B0228F5D9032070E16E4A536F23F0EB
:104180000103536703F08CFB05466A4B5B6F13F02A
:10419000020F06D003F084FB401B0228F5D9032050
:1041A0005CE1236813F0200F29D0A3699BB1614A19
:1041B000136843F48053136003F072FB05465D4BB4
:1041C0001B6813F4005F1AD103F06AFB401B02283E
:1041D000F5D9032042E1574A136823F48053136052
:1041E00003F05EFB0546534B1B6813F4005F06D0DB
:1041F00003F056FB401B0228F5D903202EE123686B
:1042000013F0040F21D1636A002B00F02681494A84
:10421000126902F03802182A00F0EE80022B75D0E5
:10422000444A136823F08073136003F039FB04469B
:10423000404B1B6813F0007F00F0DC8003F030FB84
:10424000001B0228F4D9032008E13B4A136843F419
:104250008073136003F024FB0546374B1B6813F48F
:10426000807F06D103F01CFB401B6428F5D9032096
:10427000F4E0A368012B0AD00BBB2E4B1A6F22F07F
:1042800001021A671A6F22F004021A6704E0294A31
:10429000136F43F001031367A36833B303F000FB0C
:1042A0000546244B1B6F13F0020FACD103F0F8FA54
:1042B000401B41F288339842F3D90320CEE0052B0E
:1042C00009D01C4B1A6F22F001021A671A6F22F0F4
:1042D00004021A67E0E7174B1A6F42F004021A67EC
:1042E0001A6F42F001021A67D6E703F0D9FA0546C1
:1042F000104B1B6F13F0020F85D003F0D1FA401B57
:1043000041F288339842F3D90320A7E0094A1368A1
:1043100023F08073136003F0C3FA0546054B1B6856
:1043200013F0007F0AD003F0BBFA401B0228F5D936
:10433000032093E000440258004802584F4B996A0A
:104340004F4A0A40A16AE06A41EA00110A439A62B0
:10435000226B013AC2F30802616B0139490289B24A
:104360000A43A16B0139090401F4FE010A43E16B20
:104370000139090601F0FE410A431A63DA6A22F0A4
:104380000102DA62596B3F4A0A40A16C42EAC1025B
:104390005A63DA6A22F00C02216C0A43DA62DA6AA2
:1043A00022F00202616C0A43DA62DA6A42F4803275
:1043B000DA62DA6A42F40032DA62DA6A42F48022BD
:1043C000DA62DA6A42F00102DA621A6842F0807256
:1043D0001A6003F065FA0446284B1B6813F0007F4F
:1043E00006D103F05DFA001B0228F5D9032035E061
:1043F000002033E0002031E0204A916A106B012B4D
:104400002DD001F00303A26A93422AD1C1F3051112
:10441000E36A994227D1C0F30802236B013B9A4219
:1044200023D1C0F34622636B013B9A421FD1C0F3F4
:104430000642A36B013B9A421BD1C0F30660E36BBB
:10444000013B984217D1002008E00120704701206D
:1044500004E0012002E0012000E0002038BD01203E
:10446000FCE70120FAE70120F8E70120F6E7012048
:10447000F4E70120F2E70120F0E700BF0044025812
:104480000CFCFFFF0700FFFF744B1B6903F03803B0
:10449000102B00F0DE80182B10D00BB17048704745
:1044A0006E4B1B6813F0200F00F0D5806B4B186823
:1044B000C0F3C1006B4B23FA00F0704710B4674A99
:1044C000916A01F00301946AC4F30510D36A03F002
:1044D000010C536BC3F3CC030CFB03F307EE903AD0
:1044E000F8EE677A14F47C7F00F09380012965D0A0
:1044F000022900F09180E1B107EE100AF8EE476A58
:104500009FED596A86EE267A544B1B6BC3F3080362
:1045100006EE903AF8EE666A9FED546A67EE867A88
:1045200076EEA77AF7EE006A77EEA67A27EE277A7C
:1045300060E0136813F0200F23D011461268C2F315
:10454000C102484BD34007EE103AF8EE476A07EE37
:10455000100AB8EE476A86EE867A0B6BC3F308033F
:1045600006EE903AF8EE666A9FED406A67EE867A4C
:1045700076EEA77AF7EE006A77EEA67A27EE277A2C
:1045800038E007EE100AF8EE476A9FED396A86EECA
:10459000267A324B1B6BC3F3080306EE903AF8EE13
:1045A000666A9FED326A67EE867A76EEA77AF7EE54
:1045B000006A77EEA67A27EE277A1BE007EE100A4C
:1045C000F8EE476A9FED286A86EE267A234B1B6B2E
:1045D000C3F3080306EE903AF8EE666A9FED236A8D
:1045E00067EE867A76EEA77AF7EE006A77EEA67A1D
:1045F00027EE277A194B1B6BC3F34623013307EED3
:10460000903AF8EE677AC7EE276AFCEEE67A17EE84
:10461000900A5DF8044B704707EE100AF8EE476AFF
:104620009FED146A86EE267A0C4B1B6BC3F30803CE
:1046300006EE903AF8EE666A9FED0C6A67EE867AAF
:1046400076EEA77AF7EE006A77EEA67A27EE277A5B
:10465000D0E7094870470348704700BF004402583C
:1046600000093D000090D0030024744A0000003986
:104670000024744C0024744B0024F400002800F043
:10468000328170B50D4604469B4B1B6803F00F0347
:104690008B420BD2984A136823F00F030B4313602D
:1046A000136803F00F038B4240F01F81236813F05F
:1046B000040F0CD02269914B9B6903F070039A425E
:1046C00005D98E498B6923F070031A438A612368E8
:1046D00013F0080F0CD06269884BDB6903F070039C
:1046E0009A4205D98549CB6923F070031A43CA6100
:1046F000236813F0100F0CD0A269804BDB6903F420
:10470000E0639A4205D97D49CB6923F4E0631A43FB
:10471000CA61236813F0200F0CD0E269774B1B6A43
:1047200003F070039A4205D974490B6A23F07003B1
:104730001A430A62236813F0020F0CD0E2686F4B31
:104740009B6903F00F039A4205D96C498B6923F0EA
:104750000F031A438A61236813F0010F41D0674A9F
:10476000936923F47063A1680B4393616368022B20
:104770000AD0032B27D0012B2CD0604A126812F0EC
:10478000040F06D10120ADE0126812F4003F00F0E2
:10479000AE805A490A6922F0070213430B6103F005
:1047A0007FF80646554B1B6903F038036268B3EB8C
:1047B000C20F16D003F074F8801B41F28833984280
:1047C000F0D903208EE04D4A126812F0007FE0D14C
:1047D000012087E0494A126812F4807FD9D1012074
:1047E00080E0236813F0020F0CD0E268434B9B6912
:1047F00003F00F039A4205D240498B6923F00F035F
:104800001A438A613C4B1B6803F00F03AB420AD981
:10481000394A136823F00F032B431360136803F026
:104820000F03AB4265D1236813F0040F0CD022694B
:10483000324B9B6903F070039A4205D22F498B6972
:1048400023F070031A438A61236813F0080F0CD019
:1048500062692A4BDB6903F070039A4205D227494B
:10486000CB6923F070031A43CA61236813F0100F59
:104870000CD0A269214BDB6903F4E0639A4205D2B4
:104880001E49CB6923F4E0631A43CA61236813F01D
:10489000200F0CD0E269194B1B6A03F070039A4297
:1048A00005D216490B6A23F070031A430A62FFF718
:1048B000EBFD12498B69C3F30323114AD35C03F068
:1048C0001F03D8408B6903F00F03D35C03F01F0371
:1048D00020FA03F30B4A13600B4B18600B4B18685C
:1048E00002F07CFF70BD012070470120FAE7012033
:1048F000F8E70120F6E700BF00200052004402580C
:10490000C4BD00080C00002408000024040000249A
:1049100008B5FFF7B9FD0B4A9369C3F303230A49AE
:10492000CB5C03F01F0320FA03F3926902F00F023D
:10493000885C00F01F0023FA00F0044A1060044A6B
:10494000136008BD00440258C4BD00080C000024D8
:104950000800002408B5FFF7DBFF054BDB69C3F354
:104960000213044AD35C03F01F03D84008BD00BF04
:1049700000440258C4BD000808B5FFF7C9FF054B45
:10498000DB69C3F30223044AD35C03F01F03D8405E
:1049900008BD00BF00440258C4BD0008404B9B6ADC
:1049A00003F00303032B79D070B505460E463C4A4D
:1049B000136823F08063136002F072FF0446384BE3
:1049C0001B6813F0006F06D002F06AFF031B022B76
:1049D000F5D9032070BD324B9A6A22F47C322968E3
:1049E00042EA01329A626A68013AC2F30802A9688F
:1049F0000139490289B20A43E9680139090401F41D
:104A0000FE010A4329690139090601F0FE410A4302
:104A10009A63DA6A22F0C00269690A43DA62DA6AE2
:104A200022F02002A9690A43DA62DA6A22F010024F
:104A3000DA62D96B1B4A0A40E96942EAC102DA63C9
:104A4000DA6A42F01002DA62C6B91A46DB6A43F447
:104A50000023D362124A136843F08063136002F0AC
:104A60001FFF04460E4B1B6813F0006F14D102F0B9
:104A700017FF001B0228F5D90320ABE7012E05D054
:104A8000074AD36A43F40013D362E3E7044AD36AC4
:104A900043F48013D362DDE700209BE701207047D9
:104AA000004402580700FFFF404B9B6A03F00303DA
:104AB000032B79D070B505460E463C4A136823F0A7
:104AC0008053136002F0ECFE0446384B1B6813F071
:104AD000005F06D002F0E4FE031B022BF5D9032091
:104AE00070BD324B9A6A22F07C72296842EA015208
:104AF0009A626A68013AC2F30802A9680139490258
:104B000089B20A43E9680139090401F4FE010A4344
:104B100029690139090601F0FE410A431A64DA6A7B
:104B200022F4406269690A43DA62DA6A22F40072A6
:104B3000A9690A43DA62DA6A22F48072DA62596C8D
:104B40001B4A0A40E96942EAC1025A64DA6A42F43D
:104B50008072DA62C6B91A46DB6A43F48003D36214
:104B6000124A136843F08053136002F099FE044622
:104B70000E4B1B6813F0005F14D102F091FE001B76
:104B80000228F5D90320ABE7012E05D0074AD36AE6
:104B900043F08073D362E3E7044AD36A43F400032B
:104BA000D362DDE700209BE70120704700440258F4
:104BB0000700FFFFF8B50446036813F0006F30D01C
:104BC000436EB3F5001F26D00ED8EBB1B3F5801FAE
:104BD00007D102210430FFF7E1FE054645B12E461C
:104BE00021E0012635461EE0B3F5401F09D100251E
:104BF000954A136D23F44013616E0B431365002631
:104C000011E0012635460EE08F4AD36A43F40033A3
:104C1000D3620025ECE702212430FFF745FF05466B
:104C2000DCE700263546236813F4807F14D0636DDB
:104C3000042B30D8DFE803F0032228080800824A5A
:104C4000D36A43F40033D36245BB7F4A136D23F02C
:104C50000703616D0B431365236813F4007F2FD0A6
:104C6000A36D802B49D01ED8002B40D0402B17D1EC
:104C70000021201DFFF792FE054619E00021201DAE
:104C8000FFF78CFE0546DFE7002104F12400FFF763
:104C90000BFF0546D8E701263546DDE72E46DBE764
:104CA000012635460CE0C02B02D0B3F5807F1BD126
:104CB00055BB654A136D23F4E073A16D0B43136577
:104CC000236813F4806F45D0D4F8A430B3F5800F77
:104CD00038D01ED883B3B3F5001F17D10021201D93
:104CE000FFF75CFE05461AE001263546E8E7564A1E
:104CF000D36A43F40033D362DAE7002104F12400DD
:104D0000FFF7D2FE0546D3E72E46D9E70126354602
:104D100020E0B3F5C00F02D0B3F5000F09D1C5B93B
:104D2000494A936D23F46003D4F8A4100B439365B0
:104D300010E0012635460DE0434AD36A43F40033C0
:104D4000D362ECE7002104F12400FFF7ADFE054635
:104D5000E5E72E46236813F4006F23D0D4F8A8307B
:104D6000B3F1007F41D00DD8002B38D0B3F1807F54
:104D700005D10021201DFFF711FE054608E00126A0
:104D800035460FE0B3F1407F02D0B3F1806F23D1FD
:104D9000002D31D12C4A936D23F0E063D4F8A81094
:104DA0000B439365236813F0007F2ED0A36C202B58
:104DB0003FD026D833B1102B20D1234AD36A43F4F5
:104DC0000033D362002D3AD11F4AD36C23F0300355
:104DD000A16C0B43D36418E001263546E2E71A4A7A
:104DE000D36A43F40033D362D2E7002104F12400F4
:104DF000FFF75AFE0546CBE72E46D3E70126354698
:104E000003E0302BDED001263546236813F4805FA3
:104E10002BD0E36DB3F5005F4CD017D8002B43D0F7
:104E2000B3F5805F0DD10021201DFFF7B7FD0546CA
:104E300012E00221201DFFF7B1FD0546C2E72E4614
:104E4000E3E70126354610E000440258B3F5405F21
:104E500002D0B3F5804F24D1002D32D1754A136DA5
:104E600023F4E043E16D0B431365236813F4005F03
:104E700037D0236EB3F5003F51D027D83BB1B3F5FF
:104E8000803F20D10121201DFFF788FD0546002D20
:104E90004CD1684A136D23F4E023216E0B43136554
:104EA0001FE001263546E0E7624AD36A43F4003347
:104EB000D362D1E7002104F12400FFF7F5FD054698
:104EC000CAE72E46D1E7012635460AE0B3F5802F22
:104ED000DDD0B3F5A02FDAD0B3F5403FD7D001260F
:104EE0003546236813F4804F30D0D4F8AC30B3F19A
:104EF000005F44D01FD83BB1B3F1805F18D10121CE
:104F0000201DFFF74BFD0546002D3FD1494A936D0B
:104F100023F0E043D4F8AC100B43936516E0012175
:104F200004F12400FFF7C0FD0546B0E72E46D8E7A0
:104F3000012635460AE0B3F1804FE5D0B3F1A04F2A
:104F4000E2D0B3F1405FDFD001263546236813F489
:104F5000004F09D0E36EB3F1805F19D0B3F1005F69
:104F600024D0D3B101263546236813F0807F32D098
:104F7000636C032B59D8DFE803F026215226012168
:104F800004F12400FFF790FD0546BDE72E46DDE75E
:104F9000284AD36A43F40033D3626DB9254A136DAE
:104FA00023F04053E16E0B431365DDE70121201D23
:104FB000FFF7F4FC0546F0E72E46D5E71D4AD36A15
:104FC00043F40033D3629DBB1A4AD36C23F003032E
:104FD000616C0B43D364236813F4800F2CD12368D6
:104FE00013F0010F00F0A380A36F282B00F29D8027
:104FF000DFE803F08B9B9B9B9B9B9B9B869B9B9BD8
:105000009B9B9B9B949B9B9B9B9B9B9B8B9B9B9B07
:105010009B9B9B9B8B9B9B9B9B9B9B9B8B000221AE
:10502000201DFFF7BBFC0546CDE701263546D2E73C
:105030002E46D0E7004402588F4A136843F4807329
:10504000136002F02DFC07468B4B1B6813F4807F26
:1050500005D102F025FCC01B6428F5D90325002DDD
:105060004AD1864B1B6FD4F8B020534013F4407FD5
:105070000CD0824B1A6F22F44072196F41F48031C8
:105080001967196F21F4803119671A67D4F8B030A5
:10509000B3F5807F15D08DBBD4F8B03003F44072E7
:1050A000B2F5407F1ED0754A136923F47C53136117
:1050B00072490B6FD4F8B020C2F30B0213430B6795
:1050C0008DE702F0EDFB07466C4B1B6F13F0020FF0
:1050D000E1D102F0E5FBC01B41F288339842F3D9DD
:1050E0000325D8E76548026922F47C52644901EA45
:1050F000131313430361DBE72E4670E72E466EE77A
:105100000121201DFFF74AFC0546E5B95B4A536DB6
:1051100023F03803A16F0B43536508E0012104F12C
:105120002400FFF7C1FC0546EFE70126354623685A
:1051300013F0020F16D0636F052B27D8DFE803F0BA
:105140000A051F0A0A0A2E46F1E70121201DFFF772
:1051500025FC0546EDB9494A536D23F00703616FFD
:105160000B435365236813F0040F22D0D4F890301A
:10517000052B43D8DFE803F0140F3B14141401216E
:1051800004F12400FFF790FC0546E3E701263546CD
:10519000E8E72E46E6E70121201DFFF7FFFB054665
:1051A0007DBB364A936D23F00703D4F890100B4370
:1051B0009365236813F0200F33D0D4F88C30B3F10B
:1051C000005F4CD022D83BB1B3F1805F1BD10021EE
:1051D000201DFFF7E3FB0546002D47D1274A536DFD
:1051E00023F0E043D4F88C100B43536519E0012100
:1051F00004F12400FFF758FC0546D1E701263546A7
:10520000D7E72E46D5E7012635460AE0B3F1804FB1
:10521000E2D0B3F1A04FDFD0B3F1405FDCD0012684
:105220003546236813F0400F37D0D4F89830B3F5E3
:10523000006F52D026D83BB1B3F5806F18D1002152
:10524000201DFFF7ABFB0546002D4DD10B4A936D9A
:1052500023F4E053D4F898100B4393651DE002212A
:1052600004F12400FFF720FC0546B5E72E46D8E7F9
:105270000126354611E000BF00480258004402589C
:10528000CFFFFF00B3F5805FDED0B3F5A05FDBD0CA
:10529000B3F5406FD8D001263546236813F0800F50
:1052A00032D0D4F89C30B3F5804F00F09D8020D8E8
:1052B0003BB1B3F5005F19D10021201DFFF76EFB54
:1052C0000546002D40F09780A54A936D23F4604376
:1052D000D4F89C100B43936516E0022104F12400DE
:1052E000FFF7E2FB0546AFE72E46D6E70126354637
:1052F0000AE0B3F5004FE4D0B3F5204FE1D0B3F5A9
:10530000C04FDED001263546236813F0080F0CD0BD
:10531000D4F88030B3F5805F6FD0914A536D23F499
:105320004053D4F880100B435365236813F0100FDB
:105330000CD0D4F89430B3F5807F67D0884A936D51
:1053400023F44073D4F894100B439365236813F44B
:10535000002F0BD0D4F8A030B3F5803F6ED0B3F55A
:10536000003F61D0002B5AD001263546236813F444
:10537000802F0CD0D4F88430B3F5001F76D0B3F56D
:10538000401F69D0B3F5801F61D0012635462368E0
:1053900013F4803F07D0E36C002B70D0B3F5803F4F
:1053A0007BD001263546236813F0005F7DD123684A
:1053B00013F4003F00F08680E36FB3F5807F00F0C8
:1053C000C6807CD9B3F5007F03D0B3F5407F40F0B1
:1053D000BC80002D40F0C180614A536D23F44073BE
:1053E000E16F0B4353656DE0022104F12400FFF7E8
:1053F0005BFB054665E72E4686E7022104F12400A3
:10540000FFF752FB002888D0012686E7022104F12D
:105410002400FFF749FB002890D001268EE70021E9
:10542000201DFFF7BBFA05467DB94D4A936D23F465
:105430004033D4F8A0100B43936597E7022104F1A1
:105440002400FFF731FB0546EEE72E468EE7444A7F
:10545000D36A43F40033D3627DB9414A536D23F4D8
:105460004013D4F884100B43536590E7012104F1F5
:105470002400FFF719FB0546EEE72E4687E7384A7A
:10548000D36A43F40033D3626DB9354AD36C23F445
:105490008033E16C0B43D36485E70221201DFFF7C5
:1054A0007DFA0546F0E72E467DE7022104F124004F
:1054B000FFF7FAFA00283FF47AAF012677E7002BCE
:1054C00087D00126236813F4801F06D0244A136D69
:1054D00023F00043216F0B431365236813F0805FB3
:1054E00007D01F4A136923F48043D4F8B4100B4348
:1054F0001361236813F4001F06D0194A136D23F0BB
:105500008073A16E0B431365236813F0804F09D09D
:10551000134B1A6922F400421A611A69D4F8B810C0
:105520000A431A612368002B1CDB236813F4000F65
:1055300007D00B4A536D23F44003D4F888100B4373
:10554000536506B101263046F8BD0126BAE7044A84
:10555000D36A43F40033D3623BE72E46B2E700BF81
:1055600000440258034AD36C23F04053216D0B438F
:10557000D364DAE70044025808B5FFF7C9F9054BD0
:105580001B6AC3F30213044AD35C03F01F03D84021
:1055900008BD00BF00440258C4BD000810B5774ADA
:1055A000916A946AC4F3053ED36AC3F3001CD36BBB
:1055B000C3F3CC030CFB03F314F47C3F00F0D8805E
:1055C00001F0030107EE903AF8EE677A012965D001
:1055D000022900F0B080E1B107EE10EAB8EE477A98
:1055E0009FED676AC6EE076A644B9B6BC3F30803C3
:1055F00007EE103AB8EE477A9FED626A67EE867A58
:1056000077EE277AB7EE007A77EE877A66EEA76AAA
:1056100060E0136813F0200F23D011461268C2F324
:10562000C102594BD34007EE103AB8EE477A06EE66
:1056300090EAB8EE666AC7EE066A8B6BC3F308039E
:1056400007EE103AB8EE477A9FED4E6A67EE867A1B
:1056500077EE277AB7EE007A77EE877A66EEA76A5A
:1056600038E007EE10EAB8EE477A9FED486AC6EEDA
:10567000076A424B9B6BC3F3080307EE103AB8EE80
:10568000477A9FED406A67EE867A77EE277AB7EE23
:10569000007A77EE877A66EEA76A1BE007EE10EADB
:1056A000B8EE477A9FED366AC6EE076A334B9B6BBE
:1056B000C3F3080307EE103AB8EE477A9FED316A5C
:1056C00067EE867A77EE277AB7EE007A77EE877AFA
:1056D00066EEA76A294A936BC3F3462307EE103A96
:1056E000B8EE477AB7EE006A37EE067AC6EE877AEA
:1056F000FCEEE77AC0ED007A936BC3F3064307EE46
:10570000103AB8EE477A37EE067AC6EE877AFCEEA4
:10571000E77AC0ED017A936BC3F3066307EE903A24
:10572000F8EE677A77EE867A86EEA77ABCEEC77ACD
:1057300080ED027A10BD07EE10EAB8EE477A9FEDD1
:10574000146AC6EE076A0D4B9B6BC3F3080307EEA2
:10575000103AB8EE477A9FED0B6A67EE867A77EEDD
:10576000277AB7EE007A77EE877A66EEA76AB1E716
:105770000023036043608360DCE700BF00440258FD
:105780000024744A000000390090D0030024744CB7
:105790000024744B10B5774A916A946AC4F3055E8D
:1057A000D36AC3F3002C536CC3F3CC030CFB03F399
:1057B00014F07C7F00F0D88001F0030107EE903AEE
:1057C000F8EE677A012965D0022900F0B080E1B1D6
:1057D00007EE10EAB8EE477A9FED676AC6EE076AF1
:1057E000644B1B6CC3F3080307EE103AB8EE477A1C
:1057F0009FED626A67EE867A77EE277AB7EE007AD7
:1058000077EE877A66EEA76A60E0136813F0200FE0
:1058100023D011461268C2F3C102594BD34007EEA0
:10582000103AB8EE477A06EE90EAB8EE666AC7EE2E
:10583000066A0B6CC3F3080307EE103AB8EE477A1A
:105840009FED4E6A67EE867A77EE277AB7EE007A9A
:1058500077EE877A66EEA76A38E007EE10EAB8EED0
:10586000477A9FED486AC6EE076A424B1B6CC3F34A
:10587000080307EE103AB8EE477A9FED406A67EEEC
:10588000867A77EE277AB7EE007A77EE877A66EE39
:10589000A76A1BE007EE10EAB8EE477A9FED366A7A
:1058A000C6EE076A334B1B6CC3F3080307EE103ACE
:1058B000B8EE477A9FED316A67EE867A77EE277AFF
:1058C000B7EE007A77EE877A66EEA76A294A136CFC
:1058D000C3F3462307EE103AB8EE477AB7EE006AF4
:1058E00037EE067AC6EE877AFCEEE77AC0ED007AEC
:1058F000136CC3F3064307EE103AB8EE477A37EE5F
:10590000067AC6EE877AFCEEE77AC0ED017A136C70
:10591000C3F3066307EE903AF8EE677A77EE867A7D
:1059200086EEA77ABCEEC77A80ED027A10BD07EE4C
:1059300010EAB8EE477A9FED146AC6EE076A0D4B7F
:105940001B6CC3F3080307EE103AB8EE477A9FEDDD
:105950000B6A67EE867A77EE277AB7EE007A77EEF3
:10596000877A66EEA76AB1E700230360436083602D
:10597000DCE700BF004402580024744A00000039EC
:105980000090D0030024744C0024744B10B5774A67
:10599000916A946AC4F3051ED36A03F0010C536B39
:1059A000C3F3CC030CFB03F314F47C7F00F0D8802A
:1059B00001F0030107EE903AF8EE677A012965D00D
:1059C000022900F0B080E1B107EE10EAB8EE477AA4
:1059D0009FED676AC6EE076A644B1B6BC3F308034F
:1059E00007EE103AB8EE477A9FED626A67EE867A64
:1059F00077EE277AB7EE007A77EE877A66EEA76AB7
:105A000060E0136813F0200F23D011461268C2F330
:105A1000C102594BD34007EE103AB8EE477A06EE72
:105A200090EAB8EE666AC7EE066A0B6BC3F308032A
:105A300007EE103AB8EE477A9FED4E6A67EE867A27
:105A400077EE277AB7EE007A77EE877A66EEA76A66
:105A500038E007EE10EAB8EE477A9FED456AC6EEE9
:105A6000076A424B1B6BC3F3080307EE103AB8EE0C
:105A7000477A9FED406A67EE867A77EE277AB7EE2F
:105A8000007A77EE877A66EEA76A1BE007EE10EAE7
:105A9000B8EE477A9FED396AC6EE076A334B1B6B47
:105AA000C3F3080307EE103AB8EE477A9FED316A68
:105AB00067EE867A77EE277AB7EE007A77EE877A06
:105AC00066EEA76A294A136BC3F3462307EE103A22
:105AD000B8EE477AB7EE006A37EE067AC6EE877AF6
:105AE000FCEEE77AC0ED007A136BC3F3064307EED2
:105AF000103AB8EE477A37EE067AC6EE877AFCEEB1
:105B0000E77AC0ED017A136BC3F3066307EE903AB0
:105B1000F8EE677A77EE867A86EEA77ABCEEC77AD9
:105B200080ED027A10BD07EE10EAB8EE477A9FEDDD
:105B3000146AC6EE076A0D4B1B6BC3F3080307EE2E
:105B4000103AB8EE477A9FED0B6A67EE867A77EEE9
:105B5000277AB7EE007A77EE877A66EEA76AB1E722
:105B60000023036043608360DCE700BF0044025809
:105B70000024744C000000390090D0030024744AC3
:105B80000024744B00B58BB0B0F5807F20D0B0F509
:105B9000007F71D0B0F5806F00F0C880B0F5006F65
:105BA00000F02181B0F5805F00F08281B0F5002F18
:105BB00000F0DB81B0F5803F00F01F82B0F5804F30
:105BC00000F03982B0F5004F00F084820020B2E28C
:105BD000954B1B6D03F00703042B00F2A382DFE853
:105BE00003F005101B0326009048A4E28E4B1868B2
:105BF00010F0007000F09F8207A8FFF7C7FE08981A
:105C000099E2894B186810F0006000F0948204A8B3
:105C1000FFF7C4FC04988EE2834B186810F0005024
:105C200000F0898201A8FFF7B5FD019883E27E4A62
:105C3000D36C03F04053126812F0040F07D033B94D
:105C4000794B1B68C3F3C1037948D84073E2764AA5
:105C5000126812F4807F03D0B3F1805F00F0648299
:105C6000714A126812F4003F00F06082B3F1005FE5
:105C700000F05E8200205EE26B4B1B6D03F4E0736C
:105C8000802B33D015D9C02B00F05482B3F5807F20
:105C90001FD1654AD36C03F04053126812F0040F11
:105CA0002FD073BB604B1B68C3F3C1036048D8405F
:105CB00041E283B1402B0AD15B4B186810F00060C1
:105CC00000F0398204A8FFF769FC049833E2002051
:105CD00031E200202FE2544B186810F0007000F001
:105CE0002A8207A8FFF752FE089824E24E4B186854
:105CF00010F0005000F01F8201A8FFF74BFD019843
:105D000019E2494A126812F4807F03D0B3F1805F30
:105D100000F01482444A126812F4003F00F010822E
:105D2000B3F1005F00F00E82002004E23E4B9B6D59
:105D300003F46003B3F5800F35D016D9B3F5C00F67
:105D400000F00282B3F5000F20D1374AD36C03F084
:105D50004053126812F0040F30D07BBB324B1B68EB
:105D6000C3F3C1033248D840E5E18BB1B3F5001F5E
:105D70000AD12D4B186810F0006000F0DC8104A8F7
:105D8000FFF70CFC0498D6E10020D4E10020D2E11A
:105D9000254B186810F0007000F0CD8107A8FFF7C0
:105DA000F5FD0898C7E1204B186810F0005000F08E
:105DB000C28101A8FFF7EEFC0198BCE11A4A126803
:105DC00012F4807F03D0B3F1805F00F0BF81164AE8
:105DD000126812F4003F00F0BB81B3F1005F00F0E5
:105DE000B9810020A7E1104B9B6D03F0E063B3F194
:105DF000007F3DD01ED9B3F1407F00F0AD81B3F1FB
:105E0000806F28D1084AD36C03F04053126812F017
:105E1000040F38D0002B36D1034B1B68C3F3C103EA
:105E20000348D84087E100BF004402580080BB000F
:105E30000090D0038BB1B3F1807F0AD1994B1868E1
:105E400010F0006000F0778104A8FFF7A7FB04982A
:105E500071E100206FE100206DE1924B186810F0B5
:105E6000007000F0688107A8FFF790FD089862E1D4
:105E70008C4B186810F0005000F05D8101A8FFF70E
:105E800089FC019857E1874A126812F4807F03D099
:105E9000B3F1805F00F06281824A126812F4003F21
:105EA00000F05E81B3F1005F00F05C81002042E110
:105EB0007C4B1B6D03F4E043B3F5005F35D016D97E
:105EC000B3F5405F00F05081B3F5804F20D1754AA3
:105ED000D36C03F04053126812F0040F30D07BBB38
:105EE000704B1B68C3F3C1036F48D84023E18BB1EB
:105EF000B3F5805F0AD16B4B186810F0006000F0BA
:105F00001A8104A8FFF74AFB049814E1002012E16B
:105F1000002010E1634B186810F0007000F00B8156
:105F200007A8FFF733FD089805E15E4B186810F0ED
:105F3000005000F0008101A8FFF72CFC0198FAE066
:105F4000584A126812F4807F03D0B3F1805F00F0EA
:105F50000D81544A126812F4003F00F00981B3F138
:105F6000005F00F007810020E5E04E4B9B6D03F4DD
:105F70004033B3F5803F10D0B3F5003F18D00BB1DC
:105F80000020D8E0474B186810F0006000F0D38084
:105F900004A8FFF703FB0498CDE0424B186810F00B
:105FA000005000F0C88001A8FFF7F4FB0398C2E09E
:105FB0003C4AD36C03F04053126812F0040F07D030
:105FC00033B9384B1B68C3F3C1033748D840B2E03C
:105FD000344A126812F4807F03D0B3F1805F00F07E
:105FE000CB80304A126812F4003F00F0C780B3F152
:105FF000005F00F0C58000209DE02A4BDB6C13F4AD
:10600000803302D063B9002095E0264B186810F069
:10601000007000F0908007A8FFF7B8FC08988AE0AD
:10602000204B186810F0006000F0858004A8FFF78E
:10603000B5FA06987FE01B4B9B6D03F0E043B3F18C
:10604000405F35D015D8B3F1805F21D0B3F1005F48
:1060500009D1144B186810F000506CD001A8FFF75C
:1060600099FB029867E013B9FFF786FA63E0002016
:1060700061E0B3F1804F26D0B3F1A04F06D1094BB8
:10608000186810F4003056D0084854E0002052E060
:10609000044B186810F000604DD004A8FFF77EFA9A
:1060A000059848E0004402580090D0030024F40012
:1060B000344B186810F004003DD01B68C3F3C103D3
:1060C0003148D84037E02F4B186810F4807032D038
:1060D0002E4830E02B4B1B6D03F04053B3F1805F33
:1060E0000CD0B3F1005F13D00BB1002023E0254B9F
:1060F000186810F400301ED025481CE0214B1868A9
:1061000010F0007017D007A8FFF740FC089812E0C5
:106110001C4B186810F000600DD004A8FFF73EFA81
:10612000059808E0002006E0184804E0002002E09E
:10613000174800E017480BB05DF804FB1348FAE776
:106140000020F8E71248F6E71248F4E70F48F2E7B4
:106150000020F0E70E48EEE70E48ECE70B48EAE7D0
:106160000020E8E70A48E6E70A48E4E70748E2E7EC
:106170000020E0E70648DEE70448DCE70020DAE735
:106180000348D8E7004402580090D00300093D00BE
:106190000024F4000080BB00F0B583B0002340E091
:1061A000092400E00024B44044EA0C040235764E91
:1061B00046F825404FF0B044D4F88050D44325EA47
:1061C00002064F6817F4803F01D042EA05064FF0FF
:1061D000B045C5F88060D5F8845004EA05064F68DC
:1061E00017F4003F01D042EA05064FF0B045C5F86C
:1061F00084602D6804EA05064F6817F4801F01D0FB
:1062000042EA05064FF0B0452E606D682C404E689E
:1062100016F4001F01D042EA05044FF0B04254606A
:1062200001330A6832FA03F400F0AB804FF0010C3E
:106230000CFA03FC1CEA0202F2D04C68651E112C19
:1062400018BF012D01D9122C13D185685E000324DB
:10625000B44025EA0405CC68B4402C43846044680B
:1062600024EA0C0C4C68C4F300149C4044EA0C046F
:106270004460C6684FEA430C032505FA0CF5EC436D
:1062800026EA050E8D6805FA0CF545EA0E05C5608F
:106290004D68122D18BF022D12D1DE08083650F8B5
:1062A000267003F007054FEA850E0F2505FA0EF557
:1062B00027EA05070D6905FA0EF53D4340F826501B
:1062C000056825404C6804F0030404FA0CF42C43E0
:1062D00004604C6814F0805FA2D02C4CD4F8F450C9
:1062E00045F00205C4F8F450D4F8F44004F0020478
:1062F0000194019C9D08AE1C234C54F8267003F0B9
:106300000304A6000F24B44027EA040C204CA0424A
:106310003FF448AF04F58064A04222D004F58064C5
:10632000A04220D004F58064A0421ED004F5806411
:10633000A0421CD004F58064A0421AD004F5806409
:10634000A04218D004F58064A04216D004F5806401
:10635000A04214D004F58064A0423FF421AF0A2487
:1063600021E701241FE702241DE703241BE704247F
:1063700019E7052417E7062415E7072413E708247F
:1063800011E703B0F0BD00BF0004005800440258FC
:10639000000002580AB181617047090481617047A9
:1063A000436901EA030221EA030141EA02418161F2
:1063B0007047000003682749274A934218BF8B4261
:1063C0002FD0183293422CD01832934229D0183251
:1063D000934226D01832934223D01832934220D0D1
:1063E000183293421DD002F55672934219D01832DA
:1063F000934216D01832934213D01832934210D0E1
:10640000183293420DD0183293420AD01832934278
:1064100007D01832934204D023F0FF038365806DC8
:10642000704710B4D9B210390C4AA2FB0142C2F332
:1064300002120B4CA25CC2655F2907D9094A1A40B7
:1064400004328265806D5DF8044B7047054A1A403E
:106450008265F7E71000024028000240ABAAAAAA12
:1064600084BD000800FCFFFF83699BB9836A012B90
:106470000AD0022B02D00BB100207047C36A13F080
:10648000807F2AD100207047C36AB3F1C07F26D035
:1064900000207047B3F5005F0AD0836A022B26D92B
:1064A000032B26D1C36A13F0807F24D100207047CC
:1064B000836A032B03D8DFE803F01404140A0020D6
:1064C0007047C36A13F0807F0DD100207047C36A04
:1064D000B3F1C07F09D00020704701207047012030
:1064E000704701207047012070470120704701204C
:1064F0007047002070470120704700000368224960
:10650000224A934218BF8B4228D01432934225D09E
:106510001432934222D0143293421FD01432934249
:106520001CD01432934219D01432934216D0DAB2EE
:10653000103A1749A1FB0212120916491944A82959
:106540001FD9154B13449B000366144B436602F09E
:106550001F02012303FA02F282667047DBB2083B96
:106560000F4AA2FB03230F4A02EB131292000266AA
:106570000D4A4266C3F30413012202FA03F3836651
:1065800070470832DDE700BF085402581C54025817
:10659000ABAAAAAAF0FBFDBF00820010800802404F
:1065A000CDCCCCCC009600168058025801794A1EFA
:1065B000072A2CD830B40368154D164CA34218BFD7
:1065C000AB4218D01434A34215D01434A34212D0D5
:1065D0001434A3420FD01434A3420CD01434A34279
:1065E00009D01434A34206D00B4B0B449B00C36666
:1065F0000A4B036705E00A4B0B449B00C366094B3B
:106600000367012303FA02F2426730BC7047704708
:10661000085402581C5402583F820010400902409E
:106620003F9600164059025870B5044601F038F9FB
:10663000002C00F0B681054623685349534A934223
:1066400018BF8B420CBF0122002250D030318B4248
:106650004DD018318B424AD018318B4247D0183177
:106660008B4244D018318B4241D018318B423ED0FE
:1066700001F556718B423AD018318B4237D0183120
:106680008B4234D018318B4231D018318B422ED00E
:1066900018318B422BD018318B4228D018318B42C5
:1066A00025D03B493B4A934218BF8B4200F03181D1
:1066B000394A934200F02D811432934200F029812F
:1066C0001432934200F025811432934200F021816C
:1066D0001432934200F01D811432934200F019816C
:1066E00040236365032384F8353001204AE000210C
:1066F00084F83410022184F835107ABB274A93427B
:106700002CD01832934229D01832934226D0183216
:10671000934223D01832934220D0183293421DD096
:1067200002F55672934219D01832934216D018329D
:10673000934213D01832934210D0183293420DD0A6
:10674000183293420AD01832934207D0183293423B
:1067500004D01A6822F001021A6003E01A6822F0DD
:1067600001021A6023681A6812F0010F18D001F0B4
:1067700097F8431B052BF5D920236365032384F881
:106780003530012070BD00BF1000024028000240DB
:10679000085402581C540258305402584000024019
:1067A0001A6881481040A168E2680A4321690A43D7
:1067B00061690A43A1690A43E1690A43216A0A43FC
:1067C0000243616A042900F0998078490868784991
:1067D0000140B1F1005F11D36168A1F12905A1F178
:1067E0003F00032888BF052D06D9A1F147000128E5
:1067F00002D94F39032901D842F480121A60266861
:10680000756925F00705636A1D43042B08D1A36A47
:106810001D43E36A23B12046FFF726FE002872D10C
:1068200075612046FFF7C6FDE36D03F01F023F23AD
:106830009340836023685F495F4A934218BF8B424D
:1068400042D0183293423FD0183293423CD0183293
:10685000934239D01832934236D01832934233D013
:106860001832934230D002F5567293422CD018322F
:10687000934229D01832934226D01832934223D023
:106880001832934220D0183293421DD018329342CE
:106890001AD01832934217D0484A934214D0143277
:1068A000934211D0143293420ED0143293420BD043
:1068B0001432934208D01432934205D014329342DA
:1068C00002D01432934213D12046FFF717FEA3687B
:1068D000802B59D0236E22791A60636EA26E5A60A3
:1068E0006368013B072B52D90023E3662367636784
:1068F00000206065012384F8353043E7E16A206BAE
:1069000001430A4361E740236365012084F83500B1
:1069100038E7002284F83420022284F835201A68EF
:1069200027491140A268402A2CD0802A27D0002273
:10693000E06842EAD002206942EAD002606942EA95
:10694000D002A06942EAD002E06942EAD002206A9D
:1069500042EA10120A431A6022681A4B13441A4A78
:10696000A2FB03231B099B00E3652046FFF722FDE2
:10697000E26D02F01F0101228A4042605AE74FF4A3
:106980008042D5E71022D3E700236360A2E72046C8
:10699000FFF70CFEE36E00221A60236F626F5A60ED
:1069A000A6E70120EEE600BF3F8010FE0010005C6D
:1069B0000000FFFF10000240280002400854025867
:1069C0000F00FEFFF8ABFDA7CDCCCCCC70B50446D4
:1069D00000F066FF002C00F09181054694F83530F8
:1069E000DBB2022B06D080236365002384F83430A9
:1069F000012070BD23688C498C4A934218BF8B429A
:106A000030D0183293422DD0183293422AD0183207
:106A1000934227D01832934224D01832934221D087
:106A2000183293421ED002F5567293421AD0183291
:106A3000934217D01832934214D01832934211D097
:106A4000183293420ED0183293420BD01832934230
:106A500008D01832934205D01A6822F00E021A604C
:106A6000266809E01A6822F01E021A60226853693B
:106A700023F080035361266823686B496B4A934275
:106A800018BF8B4242D0183293423FD01832934203
:106A90003CD01832934239D01832934236D0183253
:106AA000934233D01832934230D002F5567293425B
:106AB0002CD01832934229D01832934226D0183263
:106AC000934223D01832934220D0183293421DD0E3
:106AD000183293421AD01832934217D0544A934234
:106AE00014D01432934211D0143293420ED0143287
:106AF00093420BD01432934208D01432934205D003
:106B00001432934202D01432934204D1226E13689D
:106B100023F48073136023684349444A934218BFA7
:106B20008B422FD0183293422CD01832934229D066
:106B30001832934226D01832934223D0183293420F
:106B400020D0183293421DD002F55672934219D0CC
:106B50001832934216D01832934213D0183293420F
:106B600010D0183293420DD0183293420AD0183206
:106B7000934207D01832934204D01A6822F00102DF
:106B80001A6003E01A6822F001021A60336813F0F9
:106B9000010F0ED000F084FE431B052BF6D92023F5
:106BA0006365002384F83430032384F835300120F2
:106BB0001FE723681C491D4A934218BF8B4239D0F6
:106BC0001832934236D01832934233D0183293425F
:106BD00030D0183293422DD0183293422AD0183236
:106BE000934227D002F55672934223D01832934233
:106BF00020D0183293421DD0183293421AD0183246
:106C0000934217D01832934214D01832934211D0C5
:106C1000183293420ED0A16DE36D03F01F020123E1
:106C200093404B600DE000BF10000240280002407E
:106C300008540258A16DE36D03F01F023F239340F7
:106C40008B6023682E492F4A934218BF8B4242D053
:106C5000183293423FD0183293423CD018329342BC
:106C600039D01832934236D01832934233D018328A
:106C7000934230D002F5567293422CD01832934290
:106C800029D01832934226D01832934223D018329A
:106C9000934220D0183293421DD0183293421AD01A
:106CA0001832934217D0184A934214D014329342A8
:106CB00011D0143293420ED0143293420BD01432BE
:106CC000934208D01432934205D01432934202D03A
:106CD000143293420BD1636EA26E5A60E36E33B1ED
:106CE0001A6822F480721A60236F626F5A60002063
:106CF00084F83400012384F835307AE6012078E600
:106D0000100002402800024008540258002800F0F9
:106D1000298108B5024690F83530DBB2022B03D04A
:106D200080234365012008BD0368904890498B4249
:106D300018BF83420CBF0121002166D0303083424E
:106D400063D01830834260D0183083425DD0183051
:106D500083425AD01830834257D01830834254D0DF
:106D600000F55670834250D0183083424DD0183011
:106D700083424AD01830834247D01830834244D0EF
:106D80001830834241D0183083423ED018308342BD
:106D90003BD0196821F00E0119601368A0F59560C9
:106DA00073498B4218BF83426AD072498B4267D0C5
:106DB00018318B4264D018318B4261D018318B422C
:106DC0005ED018318B425BD018318B4258D001F520
:106DD00056718B4254D018318B4251D018318B42AE
:106DE0004ED018318B424BD018318B4248D01831DD
:106DF0008B4245D018318B4242D018318B423FD064
:106E0000196821F0010119603EE0042082F8350084
:106E100081BB584A93422DD0183293422AD018325F
:106E2000934227D01832934224D01832934221D073
:106E3000183293421ED002F5567293421AD018327D
:106E4000934217D01832934214D01832934211D083
:106E5000183293420ED0183293420BD0183293421C
:106E600008D01832934205D01A6822F001021A6045
:106E7000002058E71A6822F001021A60002052E749
:106E8000196821F0010119601368384838498B42AC
:106E900018BF834242D018318B423FD018318B4209
:106EA0003CD018318B4239D018318B4236D0183152
:106EB0008B4233D018318B4230D001F556718B4262
:106EC0002CD018318B4229D018318B4226D0183162
:106ED0008B4223D018318B4220D018318B421DD0E9
:106EE00018318B421AD018318B4217D022498B426D
:106EF00014D014318B4211D014318B420ED0143186
:106F00008B420BD014318B4208D014318B4205D008
:106F100014318B4202D014318B4217D1116E0B68A1
:106F200023F480730B60906DD36D03F01F01012378
:106F30008B404360536E916E5960D36E33B11968C4
:106F400021F480711960136F516F5960002382F82A
:106F50003430012382F83530136D2BB11046984739
:106F60000020E0E6012070470020DCE6100002402F
:106F7000280002404000024008540258F0B583B097
:106F80000446002301937D4B1D687D4BA3FB053513
:106F9000AD0A876D3E68D7F800C0036879497A4822
:106FA000834218BF8B420CBF0120002061D0774A7A
:106FB00093425ED0183293425BD01832934258D03D
:106FC0001832934255D01832934252D0183293421D
:106FD0004FD002F5567293424BD01832934248D0AC
:106FE0001832934245D01832934242D0183293421D
:106FF0003FD0183293423CD01832934239D01832E5
:10700000934236D06249634A934218BF8B4212D0F2
:10701000614A93420FD0143293420CD014329342FF
:1070200009D01432934206D01432934203D0143262
:10703000934240F061821A68E16D01F01F01042063
:10704000884010EA0C0F00F0A78212F0040F00F045
:10705000A382786012F4004F00F05A8212F4803F4D
:1070600040F05082A36C002B00F0468220469847E7
:1070700042E2E26D02F01F0108228A40324241D012
:1070800070BB424A93422BD01832934228D0183218
:10709000934225D01832934222D0183293421FD007
:1070A000183293421CD002F55672934218D018320F
:1070B000934215D01832934212D0183293420FD017
:1070C000183293420CD01832934209D018329342AE
:1070D00006D01832934203D01A68C2F3C00202E00D
:1070E0001A68C2F380026AB11A6822F004021A60B8
:1070F000E36D03F01F0208239340BB60636D43F010
:1071000001036365E26D02F01F0226FA02F313F039
:10711000010F47D023681B481B498B4218BF83428D
:107120003CD018318B4239D018318B4236D01831CF
:107130008B4233D018318B4230D018318B422DD056
:1071400018318B422AD001F556718B4226D0183166
:107150008B4223D018318B4220D018318B421DD066
:1071600018318B421AD018318B4217D018318B420C
:1071700014D018318B4211D01B6813E00800002492
:10718000B5814E1B10000240280002404000024022
:10719000085402581C540258305402585B6913F0CA
:1071A000800F3BD1E36D03F01F03042202FA03F3C7
:1071B000334240D02268964896498A4218BF82429C
:1071C00035D018318A4232D018318A422FD0183146
:1071D0008A422CD018318A4229D018318A4226D0CE
:1071E00018318A4223D001F556718A421FD01831D6
:1071F0008A421CD018318A4219D018318A4216D0DE
:1072000018318A4213D018318A4210D018318A427C
:107210000DD018318A420AD013680CE0012303FA1A
:1072200002F2BA60636D43F002036365BAE7126865
:1072300012F0020F3DD1E36D03F01F03102202FA9A
:1072400003F333425FD02268714872498A4218BF03
:10725000824234D018318A4231D018318A422ED03D
:1072600018318A422BD018318A4228D018318A42EC
:1072700025D018318A4222D001F556718A421ED09B
:1072800018318A421BD018318A4218D018318A42EC
:1072900015D018318A4212D018318A420FD01831D5
:1072A0008A420CD018318A4209D01268C2F3800297
:1072B00008E0BB60636D43F004036365BBE71268DD
:1072C000C2F3C002FAB1BB6023681A6812F4802FBF
:1072D0000DD01B6813F4002F04D1236C9BB1204602
:1072E000984710E0A36C73B1204698470BE01A68EA
:1072F00012F4807F03D11A6822F008021A60236C0E
:107300000BB120469847E36D03F01F03202202FAD9
:1073100003F3334200F0928022683D483D498A429F
:1073200018BF82422ED018318A422BD018318A429F
:1073300028D018318A4225D018318A4222D01831FB
:107340008A421FD018318A421CD001F556718A42F8
:1073500018D018318A4215D018318A4212D018310B
:107360008A420FD018318A420CD018318A4209D093
:1073700018318A4206D018318A4203D01268C2F30B
:10738000400202E01268C2F30012002A56D0BB602D
:1073900094F83530DBB2042B0ED023681A6812F44F
:1073A000802F39D01B6813F4002F2CD1636C002B75
:1073B00044D02046984741E02268136823F0160322
:1073C00013602268536923F080035361236CB3B1C7
:1073D0002268136823F008031360E36D03F01F02B3
:1073E0003F239340BB60002384F83430012384F8AA
:1073F0003530236D002B7FD0204698477CE0A36C6E
:10740000002BE5D1E9E7E36BC3B12046984715E0CF
:1074100010000240280002401A6812F4807F09D14F
:107420001A6822F010021A60002384F83430012315
:1074300084F83530E36B0BB120469847636D002B21
:107440005AD0636D13F0010F52D0042384F8353005
:1074500023689649964A934218BF8B422FD0183220
:1074600093422CD01832934229D01832934226D01E
:107470001832934223D01832934220D018329342CC
:107480001DD002F55672934219D01832934216D08D
:107490001832934213D01832934210D018329342CC
:1074A0000DD0183293420AD01832934207D01832C6
:1074B000934204D01A6822F001021A6003E01A68AD
:1074C00022F001021A60019B01330193AB4204D800
:1074D00023681B6813F0010FF5D1002384F83430C2
:1074E00023681B6813F0010F08D0032384F835309C
:1074F000E36C0BB12046984703B0F0BD012384F83C
:107500003530F5E7236C002BF6D020469847F3E79B
:1075100012F0200F3AD123686449654A934218BF9C
:107520008B422FD0183293422CD01832934229D05C
:107530001832934226D01832934223D01832934205
:1075400020D0183293421DD002F55672934219D0C2
:107550001832934216D01832934213D01832934205
:1075600010D0183293420DD0183293420AD01832FC
:10757000934207D01832934204D01A6822F00402D2
:107580001A6003E01A6822F008021A60236C002BCC
:10759000B2D020469847AFE70220884010EA0C0F8F
:1075A00060D012F0020F5DD0786012F4004F0ED060
:1075B00012F4803F05D1636C002B9DD02046984784
:1075C0009AE7E36B002B97D02046984794E712F098
:1075D000200F40D123683549354A934218BF8B426A
:1075E0002FD0183293422CD01832934229D018321F
:1075F000934226D01832934223D01832934220D09F
:10760000183293421DD002F55672934219D01832A7
:10761000934216D01832934213D01832934210D0AE
:10762000183293420DD0183293420AD01832934246
:1076300007D01832934204D01A6822F00A021A6066
:1076400003E01A6822F014021A60002384F8343030
:10765000012384F83530E36B002B3FF44DAF204617
:10766000984749E7082000FA01F111EA0C0F3FF4AE
:1076700043AF12F0080F3FF43FAF1A6822F00E023A
:107680001A60E36D03F01F03012202FA03F37B602B
:107690006265002384F8343084F83520E36C002BD5
:1076A0003FF42AAF2046984726E700BF100002406B
:1076B00028000240134BDB6813F0040F07D1114B75
:1076C000DB6803F0070383421AD00120704710B52E
:1076D0000C4AD36823F007031843D06000F0E0F8A9
:1076E0000446084B5B6813F4005F07D100F0D8F83C
:1076F000001BB0F57A7FF4D9012000E0002010BD16
:1077000000207047004802580649CB6823F4E06324
:107710001B041B0C000200F4E0600343024A1A43FE
:10772000CA60704700ED00E00000FA0500B5174B95
:10773000DB68C3F30223C3F1070CBCF1040F28BFBD
:107740004FF0040C03F1040EBEF1060F14D9033BF5
:107750004FF0FF3E0EFA0CFC21EA0C0199400EFAA4
:1077600003F322EA03031943002807DB0901C9B226
:10777000074B19545DF804FB0023E9E700F00F0004
:107780000901C9B2034B1954F4E700BF00ED00E052
:1077900000E400E014ED00E0002807DB00F01F0229
:1077A000400901239340024A42F82030704700BF4D
:1077B00000E100E00138B0F1807F0BD24FF0E02310
:1077C0005861054AF02182F82310002098610722B1
:1077D0001A6170470120704700ED00E0104B1B78E4
:1077E0000BB90120704710B504464FF47A70B0FB16
:1077F000F3F30C4A1068B0FBF3F0FFF7DBFF68B956
:107800000F2C01D901200AE0002221464FF0FF3061
:10781000FFF78CFF044B1C60002000E0012010BD2E
:1078200000000024080000240400002410B50320F8
:10783000FFF76AFFFCF728FE0F498B69C3F30323A8
:107840000E4AD35C03F01F03D8408B6903F00F038B
:10785000D35C03F01F0320FA03F3094A1360094BBA
:1078600018600020FFF7BAFF10B10124204610BDB8
:107870000446FBF753FCF9E700440258C4BD000876
:107880000C00002408000024034B1B78034A1168F5
:107890000B441360704700BF00000024C40F002495
:1078A000014B1868704700BFC40F002438B5044668
:1078B000FFF7F6FF0546B4F1FF3F02D0044B1B78FB
:1078C0001C44FFF7EDFF401BA042FAD338BD00BFB8
:1078D00000000024014B1868000C70470010005C89
:1078E000034A536823EA00030B435360704700BF09
:1078F00000040058002857D010B5044690F84130D5
:10790000002B41D0242384F841302268136823F0EF
:10791000010313606368226823F0706313612268B7
:10792000936823F400439360E368012B31D0A3688C
:10793000226843F404439360E368022B2FD022684B
:1079400051681A4B0B4353602268D36823F40043F9
:10795000D360236962691343A169226843EA012362
:10796000D360E369216A22680B43136022681368BD
:1079700043F00103136000206064202384F8413049
:10798000206384F8420010BD80F84030F9F7BAFF58
:10799000B8E7A368226843F400439360CCE7236808
:1079A0004FF400625A60CAE701207047008000026D
:1079B00090F84130DBB2202B24D190F84030012BDD
:1079C00022D0012380F84030242380F8413002681F
:1079D000136823F0010313600268136823F48053D3
:1079E000136002681368194311600268136843F05A
:1079F00001031360202380F84130002380F84030D9
:107A000018467047022070470220704790F84130B6
:107A1000DBB2202B22D190F84030012B20D0012363
:107A200080F84030242380F841300268136823F046
:107A3000010313600268136823F4706343EA0121B1
:107A400011600268136843F001031360202380F87B
:107A50004130002380F840301846704702207047BC
:107A60000220704770B110B50446037933B1022388
:107A70002371002020610123237110BD4371F9F7A8
:107A8000E5FBF4E701207047F8B54379012B00F0DE
:107A9000A48004460D461646012343710223037158
:107AA0000B68042B16D02B69012B5DD02068C36BAB
:107AB00006F010020721914023EA0101EB68012B37
:107AC0005FD0022B00F08580AB68002B40F08380F4
:107AD000012757E0FFF7E4FE07467EB123685B6BA2
:107AE000002B3ADAFFF7DCFEC01B0128F6D9236928
:107AF00043F0080323610320207169E023685A6B77
:107B0000374B13405BB1FFF7CBFEC01B0128F5D903
:107B1000236943F0080323610320207158E001200A
:107B2000FFF7C4FE2368AA691A642068826C06F015
:107B3000100140F2FF338B4022EA0302EB698B40D5
:107B40001A4382642068C36CFF228A4023EA02033E
:107B50002A6A8A401343C364A5E70120FFF7A6FE03
:107B60002368AA695A64E0E721688A6B06F010006E
:107B70001F23834022EA03026B69834013438B6314
:107B800094E700272B68AE6833433B4393400B4395
:107B9000C363206803684FF48041914023EA0103E6
:107BA00003602068036840F6FE71914023EA0101FA
:107BB0006B6893400B43036020680368C02101FA9F
:107BC00002F223EA020202600123237100206071A5
:107BD000F8BD0127D6E70027D4E70220F8E700BF69
:107BE0000080002010B40B68CBB90368194A1A4012
:107BF0004B688C682343CC6823430C6923434C694E
:107C000023438C692343CC6923430C6A2343496A89
:107C10000B431343036000205DF8044B7047036877
:107C200023F4F843CA690C6A22434C6A2243134383
:107C300003604368074A1A404B688C682343CC684A
:107C400023430C6923434C69234389690B43134342
:107C50004360E0E70080FFFF10B43ABB826802F0A7
:107C600070420B68013B4C6804F1FF3C43EA0C1383
:107C70008C6804F1FF3C43EA0C23CC6804F1FF3C20
:107C800043EA0C330C6904F1FF3C43EA0C434C69B2
:107C900004F1FF3C43EA0C538969013943EA01636B
:107CA0001343836000205DF8044B70478368134AD8
:107CB0001A40CB6803F1FF3C4B69013B1B0543EACB
:107CC0000C3313438360C26802F070420B68013BBF
:107CD0004C6804F1FF3C43EA0C138C6804F1FF3C50
:107CE00043EA0C230C6904F1FF3C43EA0C43896925
:107CF000013943EA01631343C360D3E7FF0F0FFF6A
:107D000008B338B50D46044690F82C30B3B10223C1
:107D100084F82C30214651F8040BFFF763FF6268AA
:107D200029462068FFF798FF084A136843F000438C
:107D30001360012384F82C30002038BD80F82D30EA
:107D4000F9F7EEFBE3E70120704700BF0040005267
:107D500010B40468226822F007028B68134323F0F2
:107D60001803CA681343236003680A685A610368EA
:107D70004A689A615DF8044B704730B5046801F1B8
:107D8000010C4FEACC1C54F80C3023F0070E93681A
:107D900043EA0E0323F01803D5682B4344F80C3054
:107DA0000368146803EBC113C3F894400368526876
:107DB00003EBC111C1F8982030BD30B404682268CB
:107DC000D4F8A05322F020024B69134323F400633C
:107DD0008A691A4322F48063CA691A4322F0C06296
:107DE0000B6A134323F000624B6A134323F04043B2
:107DF0008A6A43EA820323F000530A6B134325F493
:107E00008035CA6A154323600368C3F8A05330BCA9
:107E100070472DE9F04105684B1CDB01EC5824F05C
:107E20007044EC500668F35806EBC114D4F8E870BF
:107E3000D4F8E440D6F8A08323F0200C536943EA39
:107E40000C0323F4006C936943EA0C0323F4806C65
:107E5000D36943EA0C0323F0C06C136A43EA0C03B2
:107E600023F0006C536A43EA0C0323F0704C936ACE
:107E700043EA0C0323F40033156BB5F1005F37D0F0
:107E800023F04003D2F834C04CEA030323F48023E8
:107E9000156D2B4323F0FC73956C2B4327F01F0EBD
:107EA000976B07F01F0747EA0E0727F00047D56BCF
:107EB0002F43BCF1000F03D124F48074156C2C43C4
:107EC000D2F844E0BEF5606F18BFBEF5F05F02D196
:107ED000BCF1400F03D124F4F0544EEA0404D2F86C
:107EE0004CC004290CD8DFE801F00622282E34000B
:107EF00043F40033C4E728F40035D26A45EA420867
:107F00004A1CD201B350036803EBC113C3F8E870F5
:107F1000036803EBC113C3F8E440036803EBC1112A
:107F2000C1F8D4C00368C3F8A083BDE8F08128F489
:107F30008025D26A45EA8208E2E728F40025D26A61
:107F400045EAC208DCE728F48015D26A45EA02183F
:107F5000D6E728F40015D26A45EA4218D0E770B493
:107F6000066806EBC115D5F8E440D5F8B850202ACC
:107F700017D80AB900223EE0013A1F2A3AD8DFE8B2
:107F800002F02C1D392C3939391D39393939393933
:107F9000392C39393939393939393939393939395E
:107FA000391DB2F5807F18D004D9B2F5007F05D015
:107FB000002220E0402A10D0802A0CD15A6806EB1B
:107FC000C116C6F8C42002689E6802EBC112C2F84E
:107FD000C86010220FE000220DE05A6806EBC116BF
:107FE000C6F8BC2002689E6802EBC112C2F8C060ED
:107FF000002200E000224FF0FE0C0CFA02FC24EA02
:108000000C0C1C68944044EA0C0CDC68944044EA74
:108010000C041E6906FA02FC4CEA040C5C699440EC
:1080200044EA0C0C9C69944044EA0C04082E06D0E7
:10803000036803EBC111C1F8E44070BC704715F050
:10804000022FF5D1DB6903FA02F21443F0E70529A8
:1080500033D8DFE801F00B131B232B030268D2F89F
:10806000843343F00103C2F8843370470268D2F8C6
:10807000843343F00203C2F8843370470268D2F8B5
:10808000843343F00403C2F8843370470268D2F8A3
:10809000843343F00803C2F8843370470268D2F88F
:1080A000843343F01003C2F8843370470268D2F877
:1080B000843343F02003C2F884337047002864D02F
:1080C00010B582B00446022380F8C1300023C0F806
:1080D000C430C0F8C830C0F8CC30C0F8D030C0F8D8
:1080E000D430C0F8D830836813F0010F12D0026882
:1080F000274B9A4225D021680A6822F4404223691E
:1081000003F44043134323F44053626902F44052A2
:1081100013430B602046F9F707FAA36813F0020F28
:1081200008D021680A6822F44072E36803F44073BF
:1081300013430B60012384F8C130002384F8C0305E
:108140001EE0144BD3F8F02042F00052C3F8F020A8
:10815000D3F8F03003F000530193019BCBE7C3EB5E
:10816000C30204EB820200219161D161116251626C
:108170009162C3EBC30204EB820211630133DBB2F1
:10818000052BECD9002002B010BD0120704700BFC4
:10819000007401400044025810B5044690F8C10034
:1081A000C0B202280BD0022384F8C130052907D0C1
:1081B0002046FFF7E2FD012384F8C130002010BD06
:1081C00011462046FFF7C4FDF5E70000034690F88E
:1081D000C100C0B2022800F0BD8093F8C0000128A1
:1081E00000F0B48030B4012083F8C000022083F88E
:1081F000C1001C68D4F8D003D4F8D45301390F2936
:1082000000F29D80DFE801F008429B599B9B9B7028
:108210009B9B9B9B9B9B9B8720F0FE00516801F0E2
:1082200002010843116801F004010843916801F05C
:1082300078010143D06800F08000084393F8C11032
:10824000C9B2072900F0848000F07F32C4F8D0233F
:108250001A6841492940C2F8D4131A68D2F8D013D9
:1082600000F080300843C2F8D0031868D0F8D41367
:1082700048F280022A400A43C0F8D423012283F83E
:10828000C120002083F8C00030BC704720F47E403D
:108290005168090201F4007101431068000200F402
:1082A000806008439168090201F4F0410143D068FD
:1082B000000200F400400843C0E720F47E0051684B
:1082C000090401F4003101431068000400F4802027
:1082D00008439168090401F4F0010143D0680004E7
:1082E00000F400000843A9E720F07E405168090629
:1082F00001F0007101431068000600F0806008433F
:108300009168090601F0F0410143D068000600F0D1
:108310000040084392E725F0FE05516801F0020194
:108320000D43116801F004010D43916801F07801DB
:108330002943D26802F0800242EA01057EE7072263
:1083400083F8C120002283F8C02077E7022070471D
:10835000012099E7704700BF7F7FFFFF034690F839
:10836000C100C0B202281ED093F8C020012A18D044
:1083700010B4012083F8C000022283F8C1201C68D9
:10838000D4F8D42322F0407201F040711143C4F8B4
:10839000D41383F8C100002083F8C0005DF8044BBB
:1083A000704702207047704710B411F0010F0AD0D7
:1083B0000468D4F8D03323F0010302F0010C43EA3F
:1083C0000C03C4F8D03311F0020F0CD00468D4F8B9
:1083D000D03323F480734FEA022C0CF4807C43EA00
:1083E0000C03C4F8D03311F0040F0CD00468D4F897
:1083F000D03323F480334FEA024C0CF4803C43EA40
:108400000C03C4F8D03311F0080F0CD00468D4F872
:10841000D03323F080734FEA026C0CF0807C43EA87
:108420000C03C4F8D03311F0100F09D00168D1F853
:10843000D43323F0010302F001021A43C1F8D4231C
:108440005DF8044B704770B5044690F8C100C0B2A7
:10845000022828D00E46154694F8C030012B28D0AB
:10846000012384F8C030022384F8C13005291BD0D1
:108470002046FFF7CEFC2A68C6EBC60304EB830355
:108480001A626A685A62AA689A62EA68DA622A69B3
:108490001A6331462046FFF7DAFD012384F8C13024
:1084A000002084F8C00070BD11462046FFF785FC0F
:1084B000E1E70220F7E738B5044690F8C100C0B202
:1084C000022811D094F8C00001280ED0012584F8AC
:1084D000C050022084F8C1002046FFF740FD84F818
:1084E000C150002084F8C00038BD0220FCE7000025
:1084F0000268136823F49073136002689168094B53
:108500000B409360C36E012B06D02023C0F8883047
:108510000023C366036770470268136823F01003E3
:108520001360F2E7FEFFFFEF704708B501680A68C5
:1085300022F040020A602022C0F884200022426714
:10854000FFF7F2FF08BD704708B5806B0023A0F865
:108550005E30A0F85630FFF7F6FF08BD7047000008
:1085600070B504460168CB6908688D6840F60F0253
:108570001A4008D113F0200F05D010F0200F34D18D
:1085800015F0805F31D12AB1A04A2A4033D1A04EE4
:10859000304230D1E26E012A00F0BB8013F4801F1C
:1085A00003D015F4800F40F0638113F0800F07D0E3
:1085B00010F0800F40F0638115F4000F40F05F81F0
:1085C00013F0400F03D010F0400F40F05F8113F420
:1085D000000F03D010F0804F40F05C8113F0807FDB
:1085E00002D00028C0F25A8170BD236F002BFBD04F
:1085F00020469847F8E713F0010F09D010F4807F68
:1086000006D001260E62D4F88C103143C4F88C10C9
:1086100013F0020F0BD015F0010F08D021680226CD
:108620000E62D4F88C1041F00401C4F88C1013F0E1
:10863000040F0BD015F0010F08D0216804260E623C
:10864000D4F88C1041F00201C4F88C1013F0080F1C
:108650000BD010F0200F00D13AB12268082111622E
:10866000D4F88C200A43C4F88C2013F4006F0CD08B
:1086700010F0806F09D022684FF400611162D4F8C5
:108680008C2042F02002C4F88C20D4F88C20002AE0
:10869000AAD013F0200F09D010F0200F02D115F04E
:1086A000805F03D0236F0BB120469847D4F88C200D
:1086B00023689B6813F0400F02D112F0280F21D0DD
:1086C0002046FFF715FF23689A6812F0400F15D077
:1086D0009A6822F040029A60E36F5BB14D4A1A65D6
:1086E000E06FFEF713FB00283FF47EAFE06F036DF1
:1086F000984779E72046FFF726FF75E72046FFF702
:1087000022FF71E72046FFF71EFF0023C4F88C30DC
:108710006AE713F0100F3FF441AF10F0100F3FF471
:108720003DAF10230B622268936813F0400F77D09F
:10873000E16F0B68384D3948834218BFAB422DD0EA
:10874000183083422AD01830834227D01830834211
:1087500024D01830834221D0183083421ED01830E4
:1087600083421BD000F55670834217D018308342E5
:1087700014D01830834211D0183083420ED01830F4
:1087800083420BD01830834208D01830834205D082
:108790001830834202D05B689BB201E05B689BB2F9
:1087A000002B3FF421AFB4F85C0098427FF61CAF79
:1087B000A4F85E30CB69B3F5807F0AD1B4F85C10C1
:1087C000B4F85E309BB2C91A89B22046FFF7C6FEE4
:1087D0000AE7136823F4807313602268936823F018
:1087E000010393602268936823F040039360202381
:1087F000C4F888300023E3662268136823F010036E
:108800001360E06FFEF7E2F8D8E700BF0100001048
:1088100020010004498500081000024028000240A1
:10882000B4F85C10B4F85E309BB2C91A89B2B4F8DF
:108830005E309BB2002B3FF4D7AE00293FF4D4AE9C
:10884000136823F49073136022689068154B0340FB
:1088500093602023C4F888300023E36623672268EE
:10886000136823F0100313602046FFF777FEBBE682
:108870004FF480130B62204600F054FFB4E6636FA0
:10888000002B3FF4B1AE20469847ADE62046FFF7F7
:108890004CFEA9E6204600F047FFA5E6204600F082
:1088A00042FFA1E6FEFFFFEF10B50446B0F86030CE
:1088B000D0F88820222A05D00268936943F0080383
:1088C000936110BD0268516ADBB2826D0B40137078
:1088D000836D01338365B0F85E309BB2013B9BB280
:1088E000A0F85E30B0F85E309BB2002BE9D1026890
:1088F000136823F4907313600268936823F00103F4
:1089000093602023C0F8883000230367C36E012BD7
:1089100004D0F7F75DFF0023E366D2E7026813682F
:1089200023F010031360B0F85C10FFF717FEF2E7B6
:1089300010B50446B0F86020D0F88830222B05D05E
:108940000268936943F00803936110BD03685B6A92
:10895000816D13400B80836D02338365B0F85E3008
:108960009BB2013B9BB2A0F85E30B0F85E309BB288
:10897000002BEAD10268136823F490731360026835
:10898000936823F0010393602023C0F8883000230C
:108990000367C36E012B04D0F7F71AFF0023E366C9
:1089A000D3E70268136823F010031360B0F85C107B
:1089B000FFF7D4FDF2E700002DE9F843B0F860506E
:1089C0000368D3F81C90D3F800809F68D0F8882003
:1089D000222A05D09A6942F008029A61BDE8F8831C
:1089E0000446B0F868601EE0D4F88C30002B61D1EA
:1089F000B4F85E309BB2B3B92268136823F4807375
:108A0000136022689168404B0B4093602023C4F8A8
:108A1000883000232367E36E012B52D02046F7F7FE
:108A2000D7FE0023E366002E56D019F0200F53D056
:108A30002368596AEBB2A26D0B401370A36D01332A
:108A4000A365B4F85E309BB2013B9BB2A4F85E30E4
:108A50002368D3F81C9019F0070FC9D019F0010F43
:108A600009D018F4807F06D001221A62D4F88C3025
:108A70001343C4F88C3019F0020F0BD017F0010F1C
:108A800008D0236802221A62D4F88C3043F0040321
:108A9000C4F88C3019F0040FA6D017F0010FA3D042
:108AA000236804221A62D4F88C3043F00203C4F81D
:108AB0008C3099E72046FFF746FD0023C4F88C3040
:108AC00096E72268136823F010031360B4F85C1073
:108AD0002046FFF743FDA4E7B4F85E309BB2002BBD
:108AE0003FF47CAFB4F868209A427FF677AF2268F3
:108AF000936823F080539360044B236722681368C4
:108B000043F02003136069E7FEFFFFEFA988000828
:108B10002DE9F843B0F860500368D3F81C90D3F8FF
:108B200000809F68D0F88820222A05D09A6942F0F8
:108B300008029A61BDE8F8830446B0F868601EE058
:108B4000D4F88C30002B60D1B4F85E309BB2B3B94E
:108B50002268136823F48073136022689168404B85
:108B60000B4093602023C4F8883000232367E36E12
:108B7000012B51D02046F7F72BFE0023E366002E91
:108B800055D019F0200F52D023685B6AA26D2B409C
:108B90001380A36D0233A365B4F85E309BB2013B32
:108BA0009BB2A4F85E302368D3F81C9019F0070F2D
:108BB000CAD019F0010F09D018F4807F06D0012225
:108BC0001A62D4F88C301343C4F88C3019F0020FB9
:108BD0000BD017F0010F08D0236802221A62D4F8D4
:108BE0008C3043F00403C4F88C3019F0040FA7D084
:108BF00017F0010FA4D0236804221A62D4F88C3035
:108C000043F00203C4F88C309AE72046FFF79BFC40
:108C10000023C4F88C3097E72268136823F0100310
:108C20001360B4F85C102046FFF798FCA5E7B4F891
:108C30005E309BB2002B3FF47DAFB4F868209A42BF
:108C40007FF678AF2268936823F080539360054BDA
:108C500023672268136843F0200313606AE700BFAC
:108C6000FEFFFFEF3189000870B586B00446016849
:108C700083680269134342691343C2691343086856
:108C8000884A024013430B602268536823F4405320
:108C9000E1680B435360A1692268834B9A4201D07B
:108CA000236A19439068814B03400B439360226809
:108CB000D36A23F00F03616A0B43D36222687C4BB3
:108CC0009A4221D07B4B9A4200F08C807A4B9A4298
:108CD00000F0A280794B9A4200F0B580784B9A421E
:108CE00000F0C880774B9A4200F0F480764B9A42AD
:108CF00000F01981754B9A4200F02C816A4B9A4220
:108D000000F03F81802333E0714B5B6D03F038034B
:108D1000282B65D8DFE813F02900640064006400A4
:108D200064006400640064004D0164006400640039
:108D300064006400640064002B006400640064004C
:108D400064006400640064005E0064006400640009
:108D500064006400640064006000640064006400F7
:108D600064006400640064006200012300E00823E2
:108D70004D498A4200F02F81E069B0F5004F00F0C4
:108D8000AF81202B00F20782202B00F25182DFE816
:108D900013F01E0224024F024F0227024F024F021D
:108DA0004F022C024F024F024F024F024F024F025E
:108DB0004F0231024F024F024F024F024F024F0249
:108DC0004F024F024F024F024F024F024F024F021B
:108DD0004F023D021023CBE72023C9E74023C7E71A
:108DE0008023C5E73A4B5B6D03F00703052B11D8D1
:108DF000DFE813F00600E10008000A000C000E0096
:108E00000023B5E70823B3E71023B1E72023AFE73A
:108E10004023ADE78023ABE72D4B5B6D03F00703E9
:108E2000052B0ED8DFE803F003C90507090B002363
:108E30009EE708239CE710239AE7202398E7402326
:108E400096E7802394E7224B5B6D03F00703052B25
:108E50000ED8DFE803F003B40507090B002387E70A
:108E6000082385E7102383E7202381E740237FE75A
:108E700080237DE7164B5B6D03F00703052B0ED8AF
:108E8000DFE803F0039F0507090B002370E70823C1
:108E90006EE710236CE720236AE7402368E780230E
:108EA00066E700BFF369FFCF000C0058FFF4FF1125
:108EB000001001400044004000480040004C0040C9
:108EC000005000400014014000780040007C004049
:108ED000004402587D4B5B6D03F03803282B20D8EB
:108EE000DFE803F0151F1F1F1F1F1F1F711F1F1F0C
:108EF0001F1F1F1F171F1F1F1F1F1F1F191F1F1F90
:108F00001F1F1F1F1B1F1F1F1F1F1F1F1D000123B0
:108F10002EE708232CE710232AE7202328E7402305
:108F200026E7802324E7694B5B6D03F00703052BDD
:108F30000ED8DFE803F0034A0507090B002317E703
:108F4000082315E7102313E7202311E740230FE739
:108F500080230DE75D4B5B6D03F00703052B0ED8F7
:108F6000DFE803F003350507090B002300E70823BA
:108F7000FEE61023FCE62023FAE64023F8E68023F1
:108F8000F6E603F50E339B6D03F00703052B0ED8B1
:108F9000DFE803F0031F0507090B0223E8E60823B7
:108FA000E6E61023E4E62023E2E64023E0E6802321
:108FB000DEE60423DCE60423DAE60423D8E6042311
:108FC000D6E60423D4E60423D2E60423D0E6042321
:108FD000CEE60423CCE6202B27D8022BC0F01A8142
:108FE000023B1E2B00F21881DFE813F0500016013F
:108FF00056001601160116015B0016011601160136
:10900000160116011601160160001601160116015F
:109010001601160116011601160116011601160198
:1090200016011601160116016C00402B2CD14FF4CD
:109030000040626A264B33F81220B0FBF2F36568F9
:1090400005EB4501994200F2E980B3EB053F00F2E0
:10905000E780002633463146F7F79AF9090241EADC
:10906000106100026B08C0182A46334641F1000126
:10907000F7F78EF9A0F54072164B9A4200F2D280B3
:109080002368D8603046D4E00120D2E0FCF774FABF
:109090000028CED10020CCE003A8FCF77FFA04988A
:1090A000F6E76846FCF776FB0198F1E7074B1B688B
:1090B00013F0200F08D0054B1B68C3F3C10306480B
:1090C000D840E5E70548B4E70348B2E70044025852
:1090D0008CBD0008FFFC0F000090D00300093D008C
:1090E000202B15D8202B00F29F80DFE803F03137CA
:1090F0009D9D3A9D9D9D3F9D9D9D9D9D9D9D449DBA
:109100009D9D9D9D9D9D9D9D9D9D9D9D9D9D500079
:10911000402B1BD1626A4D4B33F81230B0FBF3F099
:109120006268530803EB4000B0FBF2F080B2A0F19C
:1091300010024FF6EF739A4278D820F00F03C0F375
:10914000420018432368D860002072E0012070E0DC
:10915000FBF700FC0028DDD100206AE0FBF70CFCE7
:10916000F8E703A8FCF71AFA0498F3E76846FCF757
:1091700011FB0198EEE7364B1B6813F0200F08D067
:10918000334B1B68C3F3C1033248D840E2E732488F
:10919000C0E73048BEE7402B17D14FF40040626A69
:1091A0002A4B33F81230B0FBF3F0636800EB530046
:1091B000B0FBF3F080B2A0F110024FF6EF739A42C9
:1091C00041D82368D860002033E0012031E0FBF76C
:1091D000C1FB0028E3D100202BE0FBF7CDFBF8E733
:1091E00003A8FCF7DBF90498F3E76846FCF7D2FA2A
:1091F0000198EEE7164B1B6813F0200F08D0144BB4
:109200001B68C3F3C1031348D840E2E71248C6E71E
:109210001048C4E701200CE001200AE0012008E02A
:10922000012006E0012004E0012002E0012000E02E
:1092300001200123A4F86A30A4F8683000232367D2
:10924000636706B070BD0120F3E700BF8CBD000866
:10925000004402580090D00300093D00836A13F0D7
:10926000010F06D00268536823F40033C16A0B4330
:109270005360836A13F0020F06D00268536823F428
:109280008033016B0B435360836A13F0040F06D0E5
:109290000268536823F48023416B0B435360836A55
:1092A00013F0080F06D00268536823F40043816B63
:1092B0000B435360836A13F0100F06D00268936863
:1092C00023F48053C16B0B439360836A13F0200F28
:1092D00006D00268936823F40053016C0B4393603B
:1092E000836A13F0400F0AD00268536823F4801396
:1092F000416C0B435360436CB3F5801F0BD0836A02
:1093000013F0800F06D00268536823F40023C16C69
:109310000B43536070470268536823F4C003816CA9
:109320000B435360EBE72DE9F84305460F4616461D
:109330009946DDF820802C68E46937EA04030CBF05
:109340004FF0010C4FF0000CB44541D1B8F1FF3F94
:10935000F1D0FEF7A5FAA0EB0900404524D8B8F1FA
:10936000000F21D02B681A6812F0040FE3D0DA69DD
:1093700012F4006FDFD04FF400621A622A6813689B
:1093800023F4D07313602A68936823F00103936079
:109390002023C5F88430C5F88830C5F88C30002308
:1093A00085F88030032014E02A68136823F4D07312
:1093B00013602A68936823F0010393602023C5F8A3
:1093C0008430C5F88830002385F88030032000E021
:1093D0000020BDE8F8832DE9F04182B01E46D0F8A8
:1093E0008430202B58D104460D469046002A18BFE1
:1093F000002955D090F88030012B53D0012380F8FC
:1094000080300023C0F88C302123C0F88430FEF770
:1094100047FA0746A4F85480A4F85680A368B3F529
:10942000805F05D04FF00008002384F8803012E000
:10943000236913B14FF00008F6E7A8460025F3E7CB
:1094400015F8012B23689A62B4F8562092B2013ABB
:1094500092B2A4F85620B4F856309BB283B100966D
:109460003B46002280212046FFF75DFFE0B9002D3A
:10947000E6D138F8023B2268C3F308039362E3E7BE
:1094800000963B46002240212046FFF74CFF68B97A
:109490002023C4F8843000E0022002B0BDE8F0814F
:1094A0000120FAE70220F8E70320F6E70320F4E7BB
:1094B00030B583B004460023C0F88C30FEF7F0F9D5
:1094C00005462268126812F0080F0FD123681B6846
:1094D00013F0040F18D12023C4F88430C4F8883066
:1094E0000020E06684F8800003B030BD6FF07E435A
:1094F0000093034600224FF400112046FFF713FFAC
:109500000028E3D00320EFE76FF07E4300932B4663
:1095100000224FF480012046FFF705FF0028DAD033
:109520000320E1E778B310B50446D0F884300BB3DC
:109530002423C4F884302268136823F001031360E5
:109540002046FFF791FB012813D0A36ABBB922681C
:10955000536823F4904353602268936823F02A03EE
:1095600093602268136843F0010313602046FFF7FD
:109570009FFF10BD80F88030F8F7D4FBD8E7204675
:10958000FFF76CFEE3E70120704700008165A0F85B
:109590005C20A0F85E20002303678368B3F5805F3A
:1095A00006D0A3B9036973B9FF23A0F8603014E0B3
:1095B000036923B940F2FF13A0F860300DE0FF23E8
:1095C000A0F8603009E07F23A0F8603005E0B3F137
:1095D000805F21D00023A0F860300023C0F88C30D9
:1095E0002223C0F8883001688B6843F001038B6048
:1095F000436EB3F1005F19D08368B3F5805F33D059
:109600001C4B0367002380F880300268136843F422
:10961000907313600020704703691BB97F23A0F883
:109620006030DAE73F23A0F86030D6E7B0F8683062
:109630009342E1D88368B3F5805F0FD00E4B036788
:10964000002380F880300268136843F4807313604D
:109650000268936843F080539360DBE70369002B53
:10966000ECD1064B0367EBE70369002BC8D1044B31
:109670000367C7E7A9880008B9890008118B0008AB
:1096800031890008D0F88830202B1CD1002A18BF5F
:1096900000291AD090F88030012B18D010B5012382
:1096A00080F880300023C36603680A4CA34207D0C9
:1096B0005C6814F4000F03D01C6844F080641C60E4
:1096C000FFF764FF10BD02207047012070470220A1
:1096D000704700BF000C0058436E2BB90123A0F85F
:1096E0006A30A0F86830704730B403689A68C2F3F3
:1096F00042629968490F094D6B5C1B01084C615C23
:1097000093FBF1F3A0F86A30AB5C1B01A25C93FB06
:10971000F2F3A0F8683030BC704700BFACBD000861
:10972000A4BD000870477047704790F88030012B47
:1097300018D0012380F880302423C0F884300368D7
:109740001A68196821F00101196022F00052002303
:10975000436601680A602022C0F8842080F88030C7
:10976000184670470220704738B590F88030012BBA
:109770001DD00446012380F880302423C0F88430B3
:1097800003681D681A6822F001021A600268936873
:1097900023F0604319439160FFF79EFF23681D602B
:1097A0002023C4F88430002084F8800038BD0220D3
:1097B000FCE738B590F88030012B1DD0044601231A
:1097C00080F880302423C0F8843003681D681A684C
:1097D00022F001021A600268936823F06063194363
:1097E0009160FFF779FF23681D602023C4F884305F
:1097F000002084F8800038BD0220FCE710B586B058
:1098000004468368026913434269134343F40043E7
:10981000016808688B4A024013430B60236A43F4D3
:109820000062A369E1690B431343E2681A432168AC
:109830004868854B034013434B602268D36A23F08A
:109840000F03616A0B43D3622368804A93421AD0A4
:109850007F4A934249D07F4A934255D07E4A9342F1
:1098600061D000230120A3F110014FF6EF72914265
:1098700000F2A0829AB222F00F02C3F34203134314
:109880002268D36097E2754B5B6D03F03803282B99
:1098900000F28482DFE813F0B700820282028202C3
:1098A0008202820282028202030182028202820218
:1098B00082028202820282024301820282028202C8
:1098C0008202820282028202830182028202820278
:1098D00082028202820282020702820282028202E3
:1098E000820282028202820244025C4B5B6D03F0C0
:1098F0000703052B00F25582DFE813F04700D10083
:1099000011015101D5011202544B5B6D03F00703A5
:10991000052B00F24982DFE813F03800C200020193
:109920004201C60103024D4B5B6D03F03803282B47
:1099300000F23D82DFE813F067003B023B023B028E
:109940003B023B023B023B02B3003B023B023B02B9
:109950003B023B023B023B02F3003B023B023B0269
:109960003B023B023B023B0233013B023B023B0218
:109970003B023B023B023B02B7013B023B023B0284
:109980003B023B023B023B02F401FAF7E3FF636A4E
:10999000D3B1012B23D0022B23D0032B23D0042BB4
:1099A00023D0052B23D0062B23D0072B23D0082B25
:1099B00023D0092B23D00A2B23D00B2B01D001233A
:1099C00003E04FF4807300E00123B0FBF3F2616821
:1099D0004B0803EB4203B3FBF1F3002043E7022300
:1099E000F3E70423F1E70623EFE70823EDE70A2373
:1099F000EBE70C23E9E71023E7E72023E5E7402323
:109A0000E3E78023E1E7FAF7B7FF636A43B3012B8B
:109A100031D0022B31D0032B31D0042B31D0052B88
:109A200031D0062B31D0072B31D0082B31D0092B68
:109A300031D00A2B31D00B2B01D0012311E04FF490
:109A400080730EE0F369FFCFF6C0FFFF0010014006
:109A50000044004000480040001401400044025807
:109A60000123B0FBF3F261684B0803EB4203B3FB45
:109A7000F1F30020F7E60223F3E70423F1E70623DE
:109A8000EFE70823EDE70A23EBE70C23E9E71023D0
:109A9000E7E72023E5E74023E3E78023E1E703A8A6
:109AA000FBF77CFD049B626AD2B1012A23D0022A13
:109AB00023D0032A23D0042A23D0052A23D0062A20
:109AC00023D0072A23D0082A23D0092A23D00A2A00
:109AD00023D00B2A01D0012203E04FF4807200E072
:109AE0000122B3FBF2F261684B0803EB4203B3FBC4
:109AF000F1F30020B7E60222F3E70422F1E70622A1
:109B0000EFE70822EDE70A22EBE70C22E9E7102253
:109B1000E7E72022E5E74022E3E78022E1E7684625
:109B2000FBF738FE019B626AD2B1012A23D0022AD8
:109B300023D0032A23D0042A23D0052A23D0062A9F
:109B400023D0072A23D0082A23D0092A23D00A2A7F
:109B500023D00B2A01D0012203E04FF4807200E0F1
:109B60000122B3FBF2F261684B0803EB4203B3FB43
:109B7000F1F3002077E60222F3E70422F1E7062260
:109B8000EFE70822EDE70A22EBE70C22E9E71022D3
:109B9000E7E72022E5E74022E3E78022E1E78A4B7E
:109BA0001B6813F0200F41D0874B1A68C2F3C10223
:109BB000864BD340626AD2B1012A23D0022A23D035
:109BC000032A23D0042A23D0052A23D0062A23D00F
:109BD000072A23D0082A23D0092A23D00A2A23D0EF
:109BE0000B2A01D0012203E04FF4807200E0012231
:109BF000B3FBF2F261684B0803EB4203B3FBF1F3F2
:109C0000002030E60222F3E70422F1E70622EFE724
:109C10000822EDE70A22EBE70C22E9E71022E7E74A
:109C20002022E5E74022E3E78022E1E7636AD3B13F
:109C3000012B24D0022B24D0032B24D0042B24D09E
:109C4000052B24D0062B24D0072B24D0082B24D07E
:109C5000092B24D00A2B24D00B2B01D0012203E0A6
:109C60004FF4807200E00122584BB3FBF2F26168BE
:109C70004B0803EB4203B3FBF1F30020F3E50222B0
:109C8000F2E70422F0E70622EEE70822ECE70A22D8
:109C9000EAE70C22E8E71022E6E72022E4E7402288
:109CA000E2E78022E0E7636AD3B1012B24D0022BE4
:109CB00024D0032B24D0042B24D0052B24D0062B16
:109CC00024D0072B24D0082B24D0092B24D00A2BF6
:109CD00024D00B2B01D0012203E04FF4807200E06E
:109CE00001223B4BB3FBF2F261684B0803EB4203EA
:109CF000B3FBF1F30020B6E50222F2E70422F0E71D
:109D00000622EEE70822ECE70A22EAE70C22E8E75F
:109D10001022E6E72022E4E74022E2E78022E0E7A3
:109D2000636AD3B1012B25D0022B25D0032B25D07C
:109D3000042B25D0052B25D0062B25D0072B25D08D
:109D4000082B25D0092B25D00A2B25D00B2B01D091
:109D5000012203E04FF4807200E001224FF400433F
:109D6000B3FBF2F261684B0803EB4203B3FBF1F380
:109D7000002078E50222F1E70422EFE70622EDE772
:109D80000822EBE70A22E9E70C22E7E71022E5E7E1
:109D90002022E3E74022E1E78022DFE700230120E1
:109DA00061E5002301205EE5002301205BE500233F
:109DB000012058E501200123A38763870023A364C2
:109DC000E36406B010BD00BF004402580090D00309
:109DD00000093D002DE9F84305460F461646994611
:109DE000DDF820802C68E46937EA04030CBF4FF0EB
:109DF000010C4FF0000CB44513D1B8F1FF3FF1D086
:109E0000FDF74EFDA0EB0900404502D8B8F1000F68
:109E1000E8D1012385F85930002385F85830032014
:109E200000E00020BDE8F88330B583B0044600238D
:109E3000C365FDF735FD05462268126812F0080F6C
:109E40000CD123681B6813F0040F15D1012384F88B
:109E50005930002084F8580003B030BD4FF47A73B5
:109E60000093034600224FF400112046FFF7B2FF93
:109E70000028E6D00320EFE74FF47A7300932B46D7
:109E800000224FF480012046FFF7A4FF0028DDD018
:109E90000320E1E748B310B5044690F85930FBB110
:109EA000022384F859302268136823F001031360F9
:109EB0002046FFF7A3FC012811D02268536823F441
:109EC000804353602268936823F02A0393602268DA
:109ED000136843F0010313602046FFF7A5FF10BD90
:109EE00080F85830F8F7D8F8DAE70120704700001A
:109EF000436C1BB9012383874387704730B40368E1
:109F00009A68C2F342629968490F084D6B5C1B0165
:109F1000074C615C93FBF1F38387AB5C1B01A25C94
:109F200093FBF2F3438730BC704700BFBCBD000811
:109F3000B4BD000890F85830012B18D04FF0010C38
:109F400080F858C0022380F8593003681A681968ED
:109F500021F00101196022F00052002343640168DE
:109F60000A6080F859C080F85830184670470220BF
:109F7000704790F85830012B1DD070B5044601256C
:109F800080F85850022380F8593003681E681A6818
:109F900022F001021A600268936823F060431943BB
:109FA0009160FFF7A5FF23681E6084F859500020D8
:109FB00084F8580070BD0220704790F85830012B8B
:109FC0001DD070B50446012580F85850022380F852
:109FD000593003681E681A6822F001021A6002688C
:109FE000936823F0606319439160FFF781FF236852
:109FF0001E6084F85950002084F8580070BD02207B
:10A00000704738B504460268D36823F0A003D360D4
:10A01000FDF746FC05462368DB6813F0200F07D1E7
:10A02000FDF73EFC401BB0F57A7FF4D9032000E039
:10A03000002038BD70B50368DA6812F0400F02D016
:10A040000026304670BD04464FF0FF32DA60FDF75F
:10A0500027FC054600262368DB6813F0400FF0D18B
:10A06000FDF71EFC401BB0F57A7FF4D9032684F877
:10A070002160F0E710B50446114BDA6822F0400287
:10A08000DA609B6813F0200F07D1FFF7BAFF034691
:10A09000A0B1032384F8213010E0094A936823F02B
:10A0A00020039360FFF7ADFF034610B1032384F84C
:10A0B000213003498A6842F020028A60184610BDA8
:10A0C00000400058002844D038B5044690F82130AC
:10A0D000A3B1022384F821302368CA225A6223687C
:10A0E00053225A622046FFF7A5FF60B12368FF2282
:10A0F0005A6210B9012384F8213038BD80F820302D
:10A10000F8F74AF8E5E722689168134B0B40936033
:10A1100021688A68636820690343A0690343134385
:10A120008B60A168E368226843EA0143136120461B
:10A13000FFF7A0FF0028D9D12268D36C23F00303D6
:10A14000D3642168CB6CE26965692A431343CB640D
:10A15000CCE70120704700BFBFFF8FFFC36B5B09D7
:10A16000C0680830C00803FB00007047002800F0FA
:10A170009F8070B50446002383620568504B514EA2
:10A180009D4218BFB54214BF0126002607D0A3F593
:10A1900074439D4203D0C3680F2B00F28B8020468E
:10A1A000FFF7DCFF2EB1484B9D4202D0082800F299
:10A1B0008380434A434B9D4218BF954203D003F529
:10A1C00080639D4201D1102878D894F88130002B0B
:10A1D00054D0022384F881302268136823F00103ED
:10A1E0001360A369B3F1806F4ED0E369A26A134391
:10A1F000E26B1343E16822680B439360636B626A0E
:10A200001343A26B1343A269134322691343626988
:10A210001343226A134362681343E26C1343A26838
:10A220001343A26C1343A16D22680B43D360636890
:10A230006BB92268936823F4C05343F400639360BE
:10A240002268936823F4C06343F4806393602268B8
:10A25000136D23F001031365636813F4800F06D0B8
:10A260002268D36823F00043616D0B43D360002064
:10A27000C4F88400012384F8813070BD84F88030F4
:10A280002046F8F75FF8A4E76368B3F5800F06D0BF
:10A29000002BAAD1A36BB3F1805FA6D102E0A26B21
:10A2A000002AF5D12268136843F4805313609CE7B9
:10A2B000012070470120E0E70120DEE70120DCE714
:10A2C0000030014000380040003C0040F0B4036A18
:10A2D00023F001030362036A466884691F4A22402F
:10A2E0000D68154323F002038C6823431C4A1D4C60
:10A2F000A04218BF90420CBF012200220CD004F5EE
:10A300008044A04214BF00240124174FB84203D058
:10A3100014B9164CA04205D123F00803CC6823439E
:10A3200023F004035AB9124A904214BF00220122BA
:10A330000D4CA04203D012B90C4A904207D126F42A
:10A34000407C4A6942EA0C0C8E6946EA0C0646607B
:10A3500085614A6842630362F0BC70478CFFFEFF70
:10A36000000001400004014000400140004801405D
:10A370000044014070B4036A23F480730362036AEB
:10A380004568C26922F073020E68164323F4007315
:10A390008A6843EA0223164A164CA04218BF90422C
:10A3A0000CBF0122002206D123F40063CC6843EAEB
:10A3B000042323F480635AB90F4A904214BF002249
:10A3C00001220E4CA04203D012B90D4A904207D18F
:10A3D00025F4405C4A694CEA021C8D694CEA05157B
:10A3E0004560C6614A68C263036270BC704700BFC3
:10A3F00000000140000401400044014000400140D1
:10A400000048014070B4036A23F480530362036A76
:10A410004468C26922F4E6420D6842EA052223F448
:10A4200000538D6843EA05330F4E104DA84218BF04
:10A43000B0420DD005F58045A84214BF0025012586
:10A4400006F58046B04203D015B9094DA84204D1A3
:10A4500024F480444D6944EA85144460C2614A682A
:10A460000264036270BC70470000014000040140B8
:10A470000048014070B4036A23F480330362036A26
:10A480004268446D24F0700C0C6844EA0C0623F416
:10A4900000338C6843EA04430F4D104CA04218BFB0
:10A4A000A8420DD004F58044A04214BF002401242A
:10A4B00005F58045A84203D014B9094CA04204D147
:10A4C00022F480324C6942EA0422426046654A68BE
:10A4D0008265036270BC70470000014000040140C7
:10A4E0000048014070B4036A23F480130362036AD6
:10A4F0004468426D22F4E0420D6842EA052223F4EA
:10A5000000138D6843EA05530F4E104DA84218BF43
:10A51000B0420DD005F58045A84214BF00250125A5
:10A5200006F58046B04203D015B9094DA84204D1C2
:10A5300024F400344D6944EA8524446042654A6845
:10A54000C265036270BC7047000001400004014016
:10A550000048014010B4036A046A24F00104046254
:10A56000846924F0F00C4CEA021223F00A030B4336
:10A57000826103625DF8044B704730B4046A24F0D2
:10A58000100404628469056A24F4407C4CEA022CBD
:10A590002CF4704C1B039BB243EA0C0325F0A0057E
:10A5A000090101F0A00129438361016230BC7047B9
:10A5B00010B4046A24F0100404628469036A24F469
:10A5C000704C4CEA023223F0A00343EA011382618B
:10A5D00003625DF8044B704730B4046A24F480745D
:10A5E0000462C469056A24F0030C4CEA020C2CF0E6
:10A5F000F00C1B01DBB243EA0C0325F420650902D1
:10A6000001F420612943C361016230BC704730B45A
:10A61000046A24F480540462C469056A24F4407C0A
:10A620004CEA022C2CF4704C1B039BB243EA0C0343
:10A6300025F42045090301F420412943C361016247
:10A6400030BC70478268034B13400B4343F0070351
:10A65000836070478FFFCFFF90F83D30DBB2012B56
:10A6600036D1022380F83D300268D36843F00103FD
:10A67000D3600368184AB3F1804F18BF934219D0D2
:10A68000A2F57C42934215D002F58062934211D02C
:10A6900002F5806293420DD002F57842934209D0D0
:10A6A000A2F56C42934205D01A6842F001021A608A
:10A6B000002070479968094A0A40062A18BFB2F577
:10A6C000803F07D01A6842F001021A6000207047EC
:10A6D0000120704700207047000001400700010082
:10A6E0000268D36823F00103D3600368196A41F25A
:10A6F0001112114208D1196A40F24442114203D1A9
:10A700001A6822F001021A60012380F83D3000200F
:10A710007047704770477047704710B5044603682C
:10A720001A6912F0020F11D0DA6812F0020F0DD080
:10A730006FF002021A610123037703689B6913F02B
:10A74000030F79D0FFF7E6FF0023237723681A6908
:10A7500012F0040F12D0DA6812F0040F0ED06FF06E
:10A7600004021A610223237723689B6913F4407F54
:10A7700068D02046FFF7CEFF0023237723681A69AD
:10A7800012F0080F12D0DA6812F0080F0ED06FF036
:10A7900008021A61042323772368DB6913F0030F8F
:10A7A00057D02046FFF7B6FF0023237723681A69A6
:10A7B00012F0100F12D0DA6812F0100F0ED06FF0F6
:10A7C00010021A61082323772368DB6913F4407FA2
:10A7D00046D02046FFF79EFF0023237723681A699F
:10A7E00012F0010F03D0DA6812F0010F3FD1236895
:10A7F0001A6912F0800F03D0DA6812F0800F3DD191
:10A8000023681A6912F4807F03D0DA6812F0800F8F
:10A810003BD123681A6912F0400F03D0DA6812F0B6
:10A82000400F39D123681A6912F0200F03D0DA687B
:10A8300012F0200F37D110BDFFF76BFF2046FFF756
:10A840006AFF81E72046FFF764FF2046FFF763FFBA
:10A8500092E72046FFF75DFF2046FFF75CFFA3E786
:10A860002046FFF756FF2046FFF755FFB4E76FF08D
:10A8700001021A612046F6F707F8B8E76FF0800288
:10A880001A61204600F059FCBAE76FF480721A6131
:10A89000204600F053FCBCE76FF040021A612046EE
:10A8A000FFF73AFFBEE76FF020021A61204600F082
:10A8B00043FCC0E730B50368394A904214BF4FF0FB
:10A8C000000E4FF0010EB0F1804F14BF72464EF0F3
:10A8D0000102AAB9334CA04214BF00240124324D16
:10A8E000A8420DD064B904F1804404F58234A0423A
:10A8F00014BF0024012405F50065A84200D01CB156
:10A9000023F070034C68234312BB264A904214BFC5
:10A9100000220122244CA0421AD0CAB902F180427E
:10A9200002F58232904214BF0022012204F5006435
:10A93000A0420DD062B91D4A904214BF00220122EC
:10A9400004F59A34A04203D012B9194A904204D1B6
:10A9500023F4407CCB6843EA0C0323F080034A696C
:10A96000134303608A68C2620A688262114A904295
:10A9700014BF73464EF0010363B90C4B984214BFE9
:10A980000023012302F57052904203D013B9084B03
:10A99000984201D10B6903630123436130BD00BFBD
:10A9A0000000014000080040000400400044014055
:10A9B000004801400004014060B310B5044690F81F
:10A9C0003D3013B3022384F83D30214651F8040B87
:10A9D000FFF770FF012384F8483084F83E3084F894
:10A9E0003F3084F8403084F8413084F8423084F8B5
:10A9F000433084F8443084F8453084F8463084F895
:10AA0000473084F83D30002010BD80F83C30F7F727
:10AA1000F3FFD7E70120704760B310B5044690F804
:10AA20003D3013B3022384F83D30214651F8040B26
:10AA3000FFF740FF012384F8483084F83E3084F863
:10AA40003F3084F8403084F8413084F8423084F854
:10AA5000433084F8443084F8453084F8463084F834
:10AA6000473084F83D30002010BD80F83C30F8F7C6
:10AA700037F9D7E70120704760B310B5044690F866
:10AA80003D3013B3022384F83D30214651F8040BC6
:10AA9000FFF710FF012384F8483084F83E3084F833
:10AAA0003F3084F8403084F8413084F8423084F8F4
:10AAB000433084F8443084F8453084F8463084F8D4
:10AAC000473084F83D30002010BD80F83C30F8F766
:10AAD00063F8D7E70120704700284FD0F8B50D463E
:10AAE000044690F83D30002B43D0022384F83D30DB
:10AAF00022689168224B0B409360214651F8040B69
:10AB0000FFF7D8FE206881688369026A2E680E43C9
:10AB10001C491940AB68AF6943EA072343EA010CBB
:10AB2000194B0CEA0303E968EF6941EA072119436D
:10AB30002B6A1B032F6943EA07130B4322F0AA0178
:10AB40006A686D6942EA05120A43866021688B6172
:10AB500023681A62012384F8483084F83E3084F870
:10AB60003F3084F8443084F8453084F83D3000208C
:10AB7000F8BD80F83C30F8F7CDF8B6E70120704713
:10AB8000F8BFFEFFFCFCFFFF0303FFFF70B4036A86
:10AB900023F010030362036A456884691A4A22405D
:10ABA0000E6842EA062623F020038A6843EA02136D
:10ABB000164A174CA04218BF90420CBF0122002237
:10ABC00006D123F08003CC6843EA041323F040034A
:10ABD0005AB9104A904214BF002201220E4CA042E2
:10ABE00003D012B90D4A904207D125F4406C4A694E
:10ABF0004CEA820C8D694CEA8505456086614A689D
:10AC00008263036270BC7047FF8CFFFE000001404E
:10AC10000004014000440140004001400048014060
:10AC200038B590F83C30012B00F08C8004460D467E
:10AC3000012380F83C30142A1ED8DFE802F00B1DF7
:10AC40001D1D211D1D1D351D1D1D481D1D1D5C1DAE
:10AC50001D1D6F000068FFF739FB2268936943F000
:10AC6000080393612268936923F0040393612268C7
:10AC7000936929690B439361002084F83C0038BD37
:10AC80000068FFF783FF2268936943F400639361D0
:10AC90002268936923F48063936122689369296928
:10ACA00043EA01239361E7E70068FFF763FB22684B
:10ACB000D36943F00803D3612268D36923F0040306
:10ACC000D3612268D36929690B43D361D4E7006853
:10ACD000FFF798FB2268D36943F40063D3612268CD
:10ACE000D36923F48063D3612268D369296943EA75
:10ACF0000123D361C0E70068FFF7BCFB2268536DF6
:10AD000043F0080353652268536D23F00403536531
:10AD10002268536D29690B435365ADE70068FFF75F
:10AD2000E1FB2268536D43F4006353652268536D61
:10AD300023F4806353652268536D296943EA012334
:10AD4000536599E702209AE770B49446046A24F0A8
:10AD5000010404628469066A1D4DB0F1804F18BF7A
:10AD6000A84223D01B4A904214BF00220122A5F51D
:10AD70007C45A8421AD0CAB902F1804202F582325B
:10AD8000904214BF0022012205F50065A8420DD0B3
:10AD900062B9114A904214BF0022012205F54065B4
:10ADA000A84203D012B944F0010203E024F00302E8
:10ADB00042EA0C0222F0F0021B01DBB2134326F040
:10ADC0000A0201F00A0111438361016270BC7047FD
:10ADD00000000140000800400040014038B590F8F4
:10ADE0003C30012B52D004460D46012380F83C3004
:10ADF000C2B1042A27D0082A37D0CB684A6809682C
:10AE00000068FFF704FC2268D36923F44063D36130
:10AE10002268D369A96843EA0123D361002084F83A
:10AE20003C0038BDCB684A6809680068FFF78CFFB2
:10AE30002268936923F00C03936122689369A968DF
:10AE40000B439361EAE7CB684A6809680068FFF73B
:10AE500094FB2268936923F44063936122689369A9
:10AE6000A96843EA01239361D8E7CB684A68096877
:10AE70000068FFF7B1FB2268D36923F00C03D361AC
:10AE80002268D369A9680B43D361C7E70220C8E7EA
:10AE900010B4846824F47F4C42EA03220A4342EA55
:10AEA0000C0282605DF8044B7047000090F83C3063
:10AEB000012B77D010B50446012380F83C300223E3
:10AEC00080F83D3002689068374B034093600B6810
:10AED000602B53D00ED9B3F5005F43D02DD9334A40
:10AEE000934225D037D9324A934221D0103293422F
:10AEF0001ED013E0402B4BD00BD9502B0ED1CA687B
:10AF000049682068FFF726FB50212068FFF79AFB6D
:10AF100004E0202B0CD008D9302B09D0012384F871
:10AF20003D30002084F83C0010BD0BB1102BF5D152
:10AF300019462068FFF786FBF0E7702BEED1CB684F
:10AF40004A6889682068FFF7A3FF2268936843F086
:10AF500077039360E2E7B3F5801FE9D0B3F1101FE8
:10AF6000E6D0DBE7CB684A6889682068FFF790FF86
:10AF70002268936843F480439360CFE7CA684968C6
:10AF80002068FFF715FB60212068FFF75BFBC5E732
:10AF9000CA6849682068FFF7DDFA40212068FFF79A
:10AFA00051FBBBE7022070478800CEFF2000100055
:10AFB0003000100010B50468A368224A1A404B689C
:10AFC0001343214A1A400B681343A3604B68602B5C
:10AFD0002CD00CD8402B14D0502B06D10A6989688C
:10AFE0000068FFF7B7FA002028E0002026E0702B69
:10AFF00023D10B698A68C9680068FFF749FF002000
:10B000001CE00B68052B1AD003681C6A1A6A22F030
:10B0100001021A620268936923F0F003096943EAA6
:10B020000113936103681C62002007E00A698968C4
:10B030000068FFF7BDFA002000E0002010BD0120ED
:10B04000FCE700BF8FFFCFFFF8FFFEFF90F83C301A
:10B05000012B22D010B50446012380F83C30022396
:10B0600080F83D30FFF7A6FF80B92268D36823F04F
:10B070004003D3602268D36823F48043D360012364
:10B0800084F83D30002384F83C3010BD012084F862
:10B090003D00002384F83C30F7E7022070470000B1
:10B0A00090F83C30012B41D070B4012380F83C3043
:10B0B000022380F83D3003685A689C681C4E1D4D81
:10B0C000AB4218BFB34203D122F470024D682A4349
:10B0D00022F070020D682A435A600368144AB3F1E3
:10B0E000804F18BF934213D0A2F57C4293420FD0F9
:10B0F00002F5806293420BD002F58062934207D042
:10B1000002F57842934203D0A2F56C42934204D1F7
:10B1100024F080048A6814439C60012380F83D3049
:10B12000002380F83C30184670BC704702207047FE
:10B130000000014000040140704770477047000064
:10B14000294AD2F8883043F47003C2F88830274B7C
:10B150001B6803F00F03062B06D8244A136823F05C
:10B160000F0343F007031360214B1A6842F00102FA
:10B170001A6000221A6119681E4A0A401A601B4BA5
:10B180001B6813F0080F06D0184A136823F00F034A
:10B1900043F007031360164B00229A61DA611A62CA
:10B1A000154999621549D962154919635A6399631A
:10B1B000DA6319645A64196821F4802119601A66E7
:10B1C000104B1A68104B1340B3F1005F03D20F4BC2
:10B1D0000122C3F808210E4B43F2D2021A60024B3F
:10B1E0004FF000629A60704700ED00E000200052CE
:10B1F000004402587FEDF6EA000202020000FF015F
:10B20000800201010010005C0000FFFF008000517F
:10B210000040005210B503460C4A0D490D48006825
:10B2200040B10C4800680344521A934206D8094AB8
:10B23000136010BD0748084C0460F2E700F038F8CE
:10B240000C2303604FF0FF30F3E700BF0000082439
:10B2500000040000C80F0024E00F0024DFF834D001
:10B26000FFF76EFF0C480D490D4A002302E0D45849
:10B27000C4500433C4188C42F9D30A4A0A4C002340
:10B2800001E013600432A242FBD300F017F8F5F797
:10B290009FFB704700000824000000247400002475
:10B2A00018BE000874000024DC0F0024FEE7000034
:10B2B000014B1868704700BF1000002470B50D4D99
:10B2C0000D4C641BA4100026A64209D10B4D0C4C5A
:10B2D00000F0A2FC641BA4100026A64205D170BD9C
:10B2E00055F8043B98470136EEE755F8043B98477C
:10B2F0000136F2E710BE000810BE000810BE0008BC
:10B3000014BE000802440346934200D1704703F87C
:10B31000011BF9E70CB430B5174B0C1E1D689DB02E
:10B3200008DA8B232B604FF0FF301DB0BDE83040B2
:10B3300002B070474FF40273ADF8143014BF04F13B
:10B34000FF332346049307934FF6FF730290069052
:10B35000ADF81630209A21AB02A92846019300F0DF
:10B3600069F8431CBCBF8B232B60002CDDD0029BF3
:10B3700000221A70D9E700BF100000242DE9F04721
:10B380008E689E4282460C4690461F4638D88A896F
:10B3900012F4906F32D025680969A5EB010965693F
:10B3A00005EB450505EBD57501334B446D109D420A
:10B3B00038BF1D46530531D5294600F063FB0646CC
:10B3C00050B90C23CAF80030A38943F04003A3818D
:10B3D0004FF0FF30BDE8F08721694A4600F0BEFA21
:10B3E000A38923F4906343F08003A3812661656100
:10B3F0004E44A5EB09052660A5603E46BE4200D935
:10B400003E4620683246414600F0B6FAA3689B1BD0
:10B41000A3602368334423600020DBE72A4600F062
:10B42000A5FB06460028E1D12169504600F0BEFA8E
:10B43000C7E700002DE9F04F98468B891B069DB0A9
:10B4400007460D4614460ED50B6963B9402100F03E
:10B4500019FB2860286120B90C233B604FF0FF30B6
:10B46000D1E040236B610023099320238DF829301C
:10B47000CDF80C803023DFF8A8818DF82A304FF00A
:10B48000010923469A4613F8012B0AB1252AF9D15E
:10B49000BAEB040B0BD05B46224629463846FFF731
:10B4A0006DFF013000F0AA80099A5A4409929AF877
:10B4B0000030002B00F0A28000234FF0FF32CDE9D6
:10B4C00005230AF1010A049307938DF853301A9368
:10B4D0005446052214F8011B5148F4F709FF049A59
:10B4E000D8B9D00644BF20238DF85330110744BF8C
:10B4F0002B238DF853309AF800302A2B15D0079A59
:10B50000544600204FF00A0C214611F8013B303B15
:10B51000092B4ED9B0B1079214E0A0EB080309FA49
:10B5200003F313430493A246D2E7039B191D1B6840
:10B530000391002BBBBF5B4242F0020207930793CB
:10B54000B8BF049223782E2B0CD163782A2B35D1E7
:10B55000039B1A1D1B680392002BB8BF4FF0FF33EB
:10B5600002340593DFF8C8A0217803225046F4F78F
:10B57000BFFE40B14023A0EB0A0003FA00F0049B99
:10B5800003430134049314F8011B26488DF8281056
:10B590000622F4F7ADFE002838D0234B1BBB039BDB
:10B5A000073323F0070308330393099B33440993BC
:10B5B00067E70CFB02320C460120A5E700230134AB
:10B5C000059319464FF00A0C204610F8012B303A2B
:10B5D000092A03D9002BC5D00591C3E70CFB012133
:10B5E00004460123F0E703AB00932A460F4B04A95E
:10B5F0003846AFF30080421C0646D6D1AB895B06C5
:10B600003FF52CAF09981DB0BDE8F08F03AB009358
:10B610002A46064B04A9384600F07AF8EBE700BF4B
:10B62000D4BD0008DEBD0008000000007DB30008A6
:10B63000DABD00082DE9F047164699468A680B697D
:10B64000DDF820809342B8BF1346336091F8432061
:10B6500007460C460AB1013333602368990642BF9E
:10B66000336802333360256815F0060506D104F10E
:10B67000190AE36832689B1AAB4226DC94F843202F
:10B68000131E226818BF012392062BD404F1430233
:10B6900049463846C04701301ED02368E568326805
:10B6A00003F00603042B08BFAD1AA36822690CBF80
:10B6B00025EAE57500259342C4BF9B1AED180026C4
:10B6C0001A34B5421AD1002008E0012352464946F7
:10B6D0003846C047013003D14FF0FF30BDE8F08756
:10B6E0000135C6E7E1185A1C302081F84300224496
:10B6F00094F8451082F843100233C7E7012322462D
:10B7000049463846C0470130E6D00136D9E7000047
:10B710002DE9FF470F7E0C9D782F914680460C4601
:10B720009A4601F1430207D8622F0AD8002F00F091
:10B73000D880582F00F0A38004F1420584F84270AD
:10B740003AE0A7F16303152BF6D801A151F823F0D5
:10B75000A9B70008BDB7000839B7000839B7000815
:10B7600039B7000839B70008BDB7000839B7000875
:10B7700039B7000839B7000839B70008C9B8000858
:10B78000EDB70008ABB8000839B7000839B70008B2
:10B79000EBB8000839B70008EDB7000839B7000862
:10B7A00039B70008B3B800082B681A1D1B682A6057
:10B7B00004F1420584F842300123A3E0206829689F
:10B7C000060601F104030AD50E682B60002E03DA89
:10B7D0002D23764284F843305E480A2319E00E6830
:10B7E0002B6010F0400F18BF36B2EFE72B682068CF
:10B7F000191D2960010601D51E6802E04606FBD529
:10B800001E8854486F2F0CBF08230A23002184F898
:10B8100043106568A560002DA2BF216821F00401D6
:10B8200021600EB9002D4DD01546B6FBF3F103FB98
:10B830001167C75D05F8017D3746BB420E46F4D956
:10B84000082B0BD12368DE0708D52369616899426C
:10B85000DEBF302305F8013C05F1FF35521B2261A4
:10B86000CDF800A04B4603AA21464046FFF7E2FE72
:10B8700001304CD14FF0FF3004B0BDE8F0873548BF
:10B8800081F845702968236851F8046B29601D060A
:10B8900014D5DF0744BF43F0200323601EB923689B
:10B8A00023F0200323601023B0E7236843F0200334
:10B8B00023607823284884F84530E3E7590648BFD9
:10B8C000B6B2E6E71546BBE72B6826686169181D26
:10B8D000286035061B6801D5196002E07006FBD5AB
:10B8E0001980002323611546BAE72B681A1D2A60C8
:10B8F0001D68626800212846F4F7FAFC08B1401B75
:10B90000606063682361002384F84330A8E72369FB
:10B910002A4649464046D0470130ABD023689B07B2
:10B9200013D4E068039B9842B8BF1846A4E70123EC
:10B93000324649464046D04701309BD00135E36846
:10B9400003995B1AAB42F2DCEBE7002504F1190620
:10B95000F5E700BFE5BD0008F6BD00080A449142C6
:10B9600000F1FF3300D1704710B511F8014B03F817
:10B97000014F9142F9D110BD884210B501EB02048C
:10B9800002D98442234607D8431EA14208D011F8A9
:10B99000012B03F8012FF8E7024401468A4200D147
:10B9A00010BD13F8014D02F8014DF7E737B5002936
:10B9B00044D051F8043C0190002BA1F10404B8BF1D
:10B9C000E41800F013F91E4A0198136833B9636054
:10B9D000146003B0BDE8304000F00EB9A34208D9AE
:10B9E000256861198B4201BF19685B68491921609C
:10B9F000EDE71A465B680BB1A342FAD911685518F6
:10BA0000A5420BD1246821445418A3421160E0D10F
:10BA10001C685B68536021441160DAE702D90C238B
:10BA20000360D6E7256861198B4204BF19685B681B
:10BA3000636004BF491921605460CAE703B030BD98
:10BA4000CC0F002470B50E4E0C463168054611B976
:10BA500000F0BCF830602146284600F0B7F8431CDF
:10BA60000AD0C41C24F00304A04207D0211A28469F
:10BA700000F0ACF8013001D14FF0FF34204670BD2A
:10BA8000D00F00242DE9F041CD1C25F00305083529
:10BA90000C2D38BF0C25002D074601DBA94205D926
:10BAA0000C233B6000263046BDE8F0812E4E00F0AE
:10BAB0009DF833681C4634BB29463846FFF7C2FF61
:10BAC000431C04464DD134682646002E40D12368DD
:10BAD0003146384604EB030800F078F880453AD147
:10BAE000216803356D1A25F0030508350C2D38BF84
:10BAF0000C2529463846FFF7A5FF01302BD02368D7
:10BB00002B4423600EE02268521B1ED40B2A16D948
:10BB10006119A342256018BF5960636808BF31608E
:10BB200062514B60384604F10B0600F065F826F0D0
:10BB30000706231DF21AB6D09B1BA350B3E7626819
:10BB4000A3420CBF32605A60ECE723466468B2E758
:10BB500034467668B9E70C233B60384600F04CF871
:10BB6000A1E72560DEE700BFCC0F00242DE9F041FE
:10BB7000804614460E4621B9BDE8F0411146FFF754
:10BB800081BF2AB9FFF712FF25462846BDE8F0819C
:10BB900000F038F88442074602D8B4EB500F12D8B0
:10BBA00021464046FFF76EFF05460028EDD0BC4217
:10BBB0002246314628BF3A46FFF7D0FE314640467E
:10BBC000FFF7F4FEE1E73546DFE7000038B5064D44
:10BBD0000023044608462B60FFF71CFB431C02D1E0
:10BBE0002B6803B1236038BDD40F0024014800F056
:10BBF00011B800BFD80F0024014800F00CB800BFF6
:10BC0000D80F002451F8043C181F002BBCBF0B5860
:10BC1000C018704770477047F8B500BFF8BC08BC43
:10BC20009E467047F8B500BFF8BC08BC9E467047FA
:10BC30005B4552525D204D7573742073746172744C
:10BC40002077697468202723272120476F742030CC
:10BC500078253032580D0A005B4552525D204D75F3
:10BC6000737420656E64207769746820272A272101
:10BC700020476F74203078253032580D0A000000BC
:10BC80005B494E464F5D2054696D657220616C7250
:10BC9000656164792052554E4E494E470D0A0000A9
:10BCA0005B4552525D2054696D65722073746172F8
:10BCB00074206661696C65642120737461747573A6
:10BCC0003D25640D0A0000005B4F4B5D2054696DFB
:10BCD0006572205354415254454421207374617459
:10BCE00075733D25640D0A005B494E464F5D205437
:10BCF000696D657220616C72656164792053544F7F
:10BD0000505045440D0A00005B4552525D20546975
:10BD10006D65722073746F70206661696C65642153
:10BD2000207374617475733D25640D0A0000000072
:10BD30005B4F4B5D2054696D65722053544F5050DA
:10BD4000454421207374617475733D25640D0A00A8
:10BD50005B4552525D20556E6B6E6F776E20494485
:10BD60003D307825303258212055736520232563D6
:10BD70002A204F4E202F202325632A204F46460D90
:10BD80000A0000000006101600061016010002004E
:10BD90000400060008000A000C001000200040000B
:10BDA00080000001080402040801010101010103EF
:10BDB0000701000008040204080101010101010358
:10BDC0000701000000000000010203040102030457
:10BDD00006070809232D302B2000686C4C0065668F
:10BDE00067454647003031323334353637383941CC
:10BDF00042434445460030313233343536373839E2
:08BE00006162636465660000E5
:08BE0800B845FF7F01000000B6
:04BE1000C50200085F
:04BE1400A10200087F
:10BE180001000000100000000090D0030090D00343
:10BE280014000024000000000000000000000000D2
:10BE380000000000000000000000000000000000FA
:10BE480000000000000000000000000000000000EA
:10BE580000000000000000000000000000000000DA
:10BE680000000000000000000000000000000000CA
:10BE780000000000000000000000000000000000BA
:04BE880000000000B6
:040000050800B25DE0
:00000001FF
