ARM GAS  C:\Users\simon\AppData\Local\Temp\ccXl5Ypg.s 			page 1


   1              		.cpu cortex-m7
   2              		.arch armv7e-m
   3              		.fpu fpv5-d16
   4              		.eabi_attribute 28, 1
   5              		.eabi_attribute 20, 1
   6              		.eabi_attribute 21, 1
   7              		.eabi_attribute 23, 3
   8              		.eabi_attribute 24, 1
   9              		.eabi_attribute 25, 1
  10              		.eabi_attribute 26, 1
  11              		.eabi_attribute 30, 1
  12              		.eabi_attribute 34, 1
  13              		.eabi_attribute 18, 4
  14              		.file	"tim.c"
  15              		.text
  16              	.Ltext0:
  17              		.cfi_sections	.debug_frame
  18              		.section	.text.MX_TIM1_Init,"ax",%progbits
  19              		.align	1
  20              		.global	MX_TIM1_Init
  21              		.syntax unified
  22              		.thumb
  23              		.thumb_func
  25              	MX_TIM1_Init:
  26              	.LFB331:
  27              		.file 1 "Src/tim.c"
   1:Src/tim.c     **** /**
   2:Src/tim.c     ****   ******************************************************************************
   3:Src/tim.c     ****   * @file    tim.c
   4:Src/tim.c     ****   * @brief   This file provides code for the configuration
   5:Src/tim.c     ****   *          of the TIM instances.
   6:Src/tim.c     ****   ******************************************************************************
   7:Src/tim.c     ****   * @attention
   8:Src/tim.c     ****   *
   9:Src/tim.c     ****   * <h2><center>&copy; Copyright (c) 2026 STMicroelectronics.
  10:Src/tim.c     ****   * All rights reserved.</center></h2>
  11:Src/tim.c     ****   *
  12:Src/tim.c     ****   * This software component is licensed by ST under BSD 3-Clause license,
  13:Src/tim.c     ****   * the "License"; You may not use this file except in compliance with the
  14:Src/tim.c     ****   * License. You may obtain a copy of the License at:
  15:Src/tim.c     ****   *                        opensource.org/licenses/BSD-3-Clause
  16:Src/tim.c     ****   *
  17:Src/tim.c     ****   ******************************************************************************
  18:Src/tim.c     ****   */
  19:Src/tim.c     **** 
  20:Src/tim.c     **** /* Includes ------------------------------------------------------------------*/
  21:Src/tim.c     **** #include "tim.h"
  22:Src/tim.c     **** 
  23:Src/tim.c     **** /* USER CODE BEGIN 0 */
  24:Src/tim.c     **** 
  25:Src/tim.c     **** /* USER CODE END 0 */
  26:Src/tim.c     **** 
  27:Src/tim.c     **** TIM_HandleTypeDef htim1;
  28:Src/tim.c     **** TIM_HandleTypeDef htim2;
  29:Src/tim.c     **** TIM_HandleTypeDef htim3;
  30:Src/tim.c     **** TIM_HandleTypeDef htim4;
  31:Src/tim.c     **** TIM_HandleTypeDef htim5;
ARM GAS  C:\Users\simon\AppData\Local\Temp\ccXl5Ypg.s 			page 2


  32:Src/tim.c     **** TIM_HandleTypeDef htim6;
  33:Src/tim.c     **** TIM_HandleTypeDef htim7;
  34:Src/tim.c     **** TIM_HandleTypeDef htim8;
  35:Src/tim.c     **** TIM_HandleTypeDef htim12;
  36:Src/tim.c     **** TIM_HandleTypeDef htim13;
  37:Src/tim.c     **** TIM_HandleTypeDef htim14;
  38:Src/tim.c     **** TIM_HandleTypeDef htim15;
  39:Src/tim.c     **** TIM_HandleTypeDef htim16;
  40:Src/tim.c     **** TIM_HandleTypeDef htim17;
  41:Src/tim.c     **** 
  42:Src/tim.c     **** /* TIM1 init function */
  43:Src/tim.c     **** void MX_TIM1_Init(void)
  44:Src/tim.c     **** {
  28              		.loc 1 44 1 view -0
  29              		.cfi_startproc
  30              		@ args = 0, pretend = 0, frame = 32
  31              		@ frame_needed = 0, uses_anonymous_args = 0
  32 0000 00B5     		push	{lr}
  33              	.LCFI0:
  34              		.cfi_def_cfa_offset 4
  35              		.cfi_offset 14, -4
  36 0002 89B0     		sub	sp, sp, #36
  37              	.LCFI1:
  38              		.cfi_def_cfa_offset 40
  45:Src/tim.c     **** 
  46:Src/tim.c     ****   /* USER CODE BEGIN TIM1_Init 0 */
  47:Src/tim.c     **** 
  48:Src/tim.c     ****   /* USER CODE END TIM1_Init 0 */
  49:Src/tim.c     **** 
  50:Src/tim.c     ****   TIM_ClockConfigTypeDef sClockSourceConfig = {0};
  39              		.loc 1 50 3 view .LVU1
  40              		.loc 1 50 26 is_stmt 0 view .LVU2
  41 0004 0023     		movs	r3, #0
  42 0006 0493     		str	r3, [sp, #16]
  43 0008 0593     		str	r3, [sp, #20]
  44 000a 0693     		str	r3, [sp, #24]
  45 000c 0793     		str	r3, [sp, #28]
  51:Src/tim.c     ****   TIM_MasterConfigTypeDef sMasterConfig = {0};
  46              		.loc 1 51 3 is_stmt 1 view .LVU3
  47              		.loc 1 51 27 is_stmt 0 view .LVU4
  48 000e 0193     		str	r3, [sp, #4]
  49 0010 0293     		str	r3, [sp, #8]
  50 0012 0393     		str	r3, [sp, #12]
  52:Src/tim.c     **** 
  53:Src/tim.c     ****   /* USER CODE BEGIN TIM1_Init 1 */
  54:Src/tim.c     **** 
  55:Src/tim.c     ****   /* USER CODE END TIM1_Init 1 */
  56:Src/tim.c     ****   htim1.Instance = TIM1;
  51              		.loc 1 56 3 is_stmt 1 view .LVU5
  52              		.loc 1 56 18 is_stmt 0 view .LVU6
  53 0014 1648     		ldr	r0, .L9
  54 0016 174A     		ldr	r2, .L9+4
  55 0018 0260     		str	r2, [r0]
  57:Src/tim.c     ****   htim1.Init.Prescaler = 600-1;
  56              		.loc 1 57 3 is_stmt 1 view .LVU7
  57              		.loc 1 57 24 is_stmt 0 view .LVU8
  58 001a 40F25722 		movw	r2, #599
ARM GAS  C:\Users\simon\AppData\Local\Temp\ccXl5Ypg.s 			page 3


  59 001e 4260     		str	r2, [r0, #4]
  58:Src/tim.c     ****   htim1.Init.CounterMode = TIM_COUNTERMODE_UP;
  60              		.loc 1 58 3 is_stmt 1 view .LVU9
  61              		.loc 1 58 26 is_stmt 0 view .LVU10
  62 0020 8360     		str	r3, [r0, #8]
  59:Src/tim.c     ****   htim1.Init.Period = 10-1;
  63              		.loc 1 59 3 is_stmt 1 view .LVU11
  64              		.loc 1 59 21 is_stmt 0 view .LVU12
  65 0022 0922     		movs	r2, #9
  66 0024 C260     		str	r2, [r0, #12]
  60:Src/tim.c     ****   htim1.Init.ClockDivision = TIM_CLOCKDIVISION_DIV1;
  67              		.loc 1 60 3 is_stmt 1 view .LVU13
  68              		.loc 1 60 28 is_stmt 0 view .LVU14
  69 0026 0361     		str	r3, [r0, #16]
  61:Src/tim.c     ****   htim1.Init.RepetitionCounter = 0;
  70              		.loc 1 61 3 is_stmt 1 view .LVU15
  71              		.loc 1 61 32 is_stmt 0 view .LVU16
  72 0028 4361     		str	r3, [r0, #20]
  62:Src/tim.c     ****   htim1.Init.AutoReloadPreload = TIM_AUTORELOAD_PRELOAD_DISABLE;
  73              		.loc 1 62 3 is_stmt 1 view .LVU17
  74              		.loc 1 62 32 is_stmt 0 view .LVU18
  75 002a 8361     		str	r3, [r0, #24]
  63:Src/tim.c     ****   if (HAL_TIM_Base_Init(&htim1) != HAL_OK)
  76              		.loc 1 63 3 is_stmt 1 view .LVU19
  77              		.loc 1 63 7 is_stmt 0 view .LVU20
  78 002c FFF7FEFF 		bl	HAL_TIM_Base_Init
  79              	.LVL0:
  80              		.loc 1 63 6 view .LVU21
  81 0030 A0B9     		cbnz	r0, .L6
  82              	.L2:
  64:Src/tim.c     ****   {
  65:Src/tim.c     ****     Error_Handler();
  66:Src/tim.c     ****   }
  67:Src/tim.c     ****   sClockSourceConfig.ClockSource = TIM_CLOCKSOURCE_INTERNAL;
  83              		.loc 1 67 3 is_stmt 1 view .LVU22
  84              		.loc 1 67 34 is_stmt 0 view .LVU23
  85 0032 4FF48053 		mov	r3, #4096
  86 0036 0493     		str	r3, [sp, #16]
  68:Src/tim.c     ****   if (HAL_TIM_ConfigClockSource(&htim1, &sClockSourceConfig) != HAL_OK)
  87              		.loc 1 68 3 is_stmt 1 view .LVU24
  88              		.loc 1 68 7 is_stmt 0 view .LVU25
  89 0038 04A9     		add	r1, sp, #16
  90 003a 0D48     		ldr	r0, .L9
  91 003c FFF7FEFF 		bl	HAL_TIM_ConfigClockSource
  92              	.LVL1:
  93              		.loc 1 68 6 view .LVU26
  94 0040 78B9     		cbnz	r0, .L7
  95              	.L3:
  69:Src/tim.c     ****   {
  70:Src/tim.c     ****     Error_Handler();
  71:Src/tim.c     ****   }
  72:Src/tim.c     ****   sMasterConfig.MasterOutputTrigger = TIM_TRGO_UPDATE;
  96              		.loc 1 72 3 is_stmt 1 view .LVU27
  97              		.loc 1 72 37 is_stmt 0 view .LVU28
  98 0042 2023     		movs	r3, #32
  99 0044 0193     		str	r3, [sp, #4]
  73:Src/tim.c     ****   sMasterConfig.MasterOutputTrigger2 = TIM_TRGO2_RESET;
ARM GAS  C:\Users\simon\AppData\Local\Temp\ccXl5Ypg.s 			page 4


 100              		.loc 1 73 3 is_stmt 1 view .LVU29
 101              		.loc 1 73 38 is_stmt 0 view .LVU30
 102 0046 0023     		movs	r3, #0
 103 0048 0293     		str	r3, [sp, #8]
  74:Src/tim.c     ****   sMasterConfig.MasterSlaveMode = TIM_MASTERSLAVEMODE_DISABLE;
 104              		.loc 1 74 3 is_stmt 1 view .LVU31
 105              		.loc 1 74 33 is_stmt 0 view .LVU32
 106 004a 0393     		str	r3, [sp, #12]
  75:Src/tim.c     ****   if (HAL_TIMEx_MasterConfigSynchronization(&htim1, &sMasterConfig) != HAL_OK)
 107              		.loc 1 75 3 is_stmt 1 view .LVU33
 108              		.loc 1 75 7 is_stmt 0 view .LVU34
 109 004c 01A9     		add	r1, sp, #4
 110 004e 0848     		ldr	r0, .L9
 111 0050 FFF7FEFF 		bl	HAL_TIMEx_MasterConfigSynchronization
 112              	.LVL2:
 113              		.loc 1 75 6 view .LVU35
 114 0054 40B9     		cbnz	r0, .L8
 115              	.L1:
  76:Src/tim.c     ****   {
  77:Src/tim.c     ****     Error_Handler();
  78:Src/tim.c     ****   }
  79:Src/tim.c     ****   /* USER CODE BEGIN TIM1_Init 2 */
  80:Src/tim.c     **** 
  81:Src/tim.c     ****   /* USER CODE END TIM1_Init 2 */
  82:Src/tim.c     **** 
  83:Src/tim.c     **** }
 116              		.loc 1 83 1 view .LVU36
 117 0056 09B0     		add	sp, sp, #36
 118              	.LCFI2:
 119              		.cfi_remember_state
 120              		.cfi_def_cfa_offset 4
 121              		@ sp needed
 122 0058 5DF804FB 		ldr	pc, [sp], #4
 123              	.L6:
 124              	.LCFI3:
 125              		.cfi_restore_state
  65:Src/tim.c     ****   }
 126              		.loc 1 65 5 is_stmt 1 view .LVU37
 127 005c FFF7FEFF 		bl	Error_Handler
 128              	.LVL3:
 129 0060 E7E7     		b	.L2
 130              	.L7:
  70:Src/tim.c     ****   }
 131              		.loc 1 70 5 view .LVU38
 132 0062 FFF7FEFF 		bl	Error_Handler
 133              	.LVL4:
 134 0066 ECE7     		b	.L3
 135              	.L8:
  77:Src/tim.c     ****   }
 136              		.loc 1 77 5 view .LVU39
 137 0068 FFF7FEFF 		bl	Error_Handler
 138              	.LVL5:
 139              		.loc 1 83 1 is_stmt 0 view .LVU40
 140 006c F3E7     		b	.L1
 141              	.L10:
 142 006e 00BF     		.align	2
 143              	.L9:
ARM GAS  C:\Users\simon\AppData\Local\Temp\ccXl5Ypg.s 			page 5


 144 0070 00000000 		.word	.LANCHOR0
 145 0074 00000140 		.word	1073807360
 146              		.cfi_endproc
 147              	.LFE331:
 149              		.section	.text.MX_TIM4_Init,"ax",%progbits
 150              		.align	1
 151              		.global	MX_TIM4_Init
 152              		.syntax unified
 153              		.thumb
 154              		.thumb_func
 156              	MX_TIM4_Init:
 157              	.LFB334:
  84:Src/tim.c     **** /* TIM2 init function */
  85:Src/tim.c     **** void MX_TIM2_Init(void)
  86:Src/tim.c     **** {
  87:Src/tim.c     **** 
  88:Src/tim.c     ****   /* USER CODE BEGIN TIM2_Init 0 */
  89:Src/tim.c     **** 
  90:Src/tim.c     ****   /* USER CODE END TIM2_Init 0 */
  91:Src/tim.c     **** 
  92:Src/tim.c     ****   TIM_MasterConfigTypeDef sMasterConfig = {0};
  93:Src/tim.c     ****   TIM_IC_InitTypeDef sConfigIC = {0};
  94:Src/tim.c     ****   TIM_OC_InitTypeDef sConfigOC = {0};
  95:Src/tim.c     **** 
  96:Src/tim.c     ****   /* USER CODE BEGIN TIM2_Init 1 */
  97:Src/tim.c     **** 
  98:Src/tim.c     ****   /* USER CODE END TIM2_Init 1 */
  99:Src/tim.c     ****   htim2.Instance = TIM2;
 100:Src/tim.c     ****   htim2.Init.Prescaler = 0;
 101:Src/tim.c     ****   htim2.Init.CounterMode = TIM_COUNTERMODE_UP;
 102:Src/tim.c     ****   htim2.Init.Period = 4294967295;
 103:Src/tim.c     ****   htim2.Init.ClockDivision = TIM_CLOCKDIVISION_DIV1;
 104:Src/tim.c     ****   htim2.Init.AutoReloadPreload = TIM_AUTORELOAD_PRELOAD_DISABLE;
 105:Src/tim.c     ****   if (HAL_TIM_IC_Init(&htim2) != HAL_OK)
 106:Src/tim.c     ****   {
 107:Src/tim.c     ****     Error_Handler();
 108:Src/tim.c     ****   }
 109:Src/tim.c     ****   if (HAL_TIM_PWM_Init(&htim2) != HAL_OK)
 110:Src/tim.c     ****   {
 111:Src/tim.c     ****     Error_Handler();
 112:Src/tim.c     ****   }
 113:Src/tim.c     ****   sMasterConfig.MasterOutputTrigger = TIM_TRGO_RESET;
 114:Src/tim.c     ****   sMasterConfig.MasterSlaveMode = TIM_MASTERSLAVEMODE_DISABLE;
 115:Src/tim.c     ****   if (HAL_TIMEx_MasterConfigSynchronization(&htim2, &sMasterConfig) != HAL_OK)
 116:Src/tim.c     ****   {
 117:Src/tim.c     ****     Error_Handler();
 118:Src/tim.c     ****   }
 119:Src/tim.c     ****   sConfigIC.ICPolarity = TIM_INPUTCHANNELPOLARITY_RISING;
 120:Src/tim.c     ****   sConfigIC.ICSelection = TIM_ICSELECTION_DIRECTTI;
 121:Src/tim.c     ****   sConfigIC.ICPrescaler = TIM_ICPSC_DIV1;
 122:Src/tim.c     ****   sConfigIC.ICFilter = 0;
 123:Src/tim.c     ****   if (HAL_TIM_IC_ConfigChannel(&htim2, &sConfigIC, TIM_CHANNEL_1) != HAL_OK)
 124:Src/tim.c     ****   {
 125:Src/tim.c     ****     Error_Handler();
 126:Src/tim.c     ****   }
 127:Src/tim.c     ****   if (HAL_TIM_IC_ConfigChannel(&htim2, &sConfigIC, TIM_CHANNEL_3) != HAL_OK)
 128:Src/tim.c     ****   {
ARM GAS  C:\Users\simon\AppData\Local\Temp\ccXl5Ypg.s 			page 6


 129:Src/tim.c     ****     Error_Handler();
 130:Src/tim.c     ****   }
 131:Src/tim.c     ****   sConfigOC.OCMode = TIM_OCMODE_PWM1;
 132:Src/tim.c     ****   sConfigOC.Pulse = 0;
 133:Src/tim.c     ****   sConfigOC.OCPolarity = TIM_OCPOLARITY_HIGH;
 134:Src/tim.c     ****   sConfigOC.OCFastMode = TIM_OCFAST_DISABLE;
 135:Src/tim.c     ****   if (HAL_TIM_PWM_ConfigChannel(&htim2, &sConfigOC, TIM_CHANNEL_4) != HAL_OK)
 136:Src/tim.c     ****   {
 137:Src/tim.c     ****     Error_Handler();
 138:Src/tim.c     ****   }
 139:Src/tim.c     ****   /* USER CODE BEGIN TIM2_Init 2 */
 140:Src/tim.c     **** 
 141:Src/tim.c     ****   /* USER CODE END TIM2_Init 2 */
 142:Src/tim.c     ****   HAL_TIM_MspPostInit(&htim2);
 143:Src/tim.c     **** 
 144:Src/tim.c     **** }
 145:Src/tim.c     **** /* TIM3 init function */
 146:Src/tim.c     **** void MX_TIM3_Init(void)
 147:Src/tim.c     **** {
 148:Src/tim.c     **** 
 149:Src/tim.c     ****   /* USER CODE BEGIN TIM3_Init 0 */
 150:Src/tim.c     **** 
 151:Src/tim.c     ****   /* USER CODE END TIM3_Init 0 */
 152:Src/tim.c     **** 
 153:Src/tim.c     ****   TIM_MasterConfigTypeDef sMasterConfig = {0};
 154:Src/tim.c     ****   TIM_OC_InitTypeDef sConfigOC = {0};
 155:Src/tim.c     **** 
 156:Src/tim.c     ****   /* USER CODE BEGIN TIM3_Init 1 */
 157:Src/tim.c     **** 
 158:Src/tim.c     ****   /* USER CODE END TIM3_Init 1 */
 159:Src/tim.c     ****   htim3.Instance = TIM3;
 160:Src/tim.c     ****   htim3.Init.Prescaler = 0;
 161:Src/tim.c     ****   htim3.Init.CounterMode = TIM_COUNTERMODE_UP;
 162:Src/tim.c     ****   htim3.Init.Period = 65535;
 163:Src/tim.c     ****   htim3.Init.ClockDivision = TIM_CLOCKDIVISION_DIV1;
 164:Src/tim.c     ****   htim3.Init.AutoReloadPreload = TIM_AUTORELOAD_PRELOAD_DISABLE;
 165:Src/tim.c     ****   if (HAL_TIM_PWM_Init(&htim3) != HAL_OK)
 166:Src/tim.c     ****   {
 167:Src/tim.c     ****     Error_Handler();
 168:Src/tim.c     ****   }
 169:Src/tim.c     ****   sMasterConfig.MasterOutputTrigger = TIM_TRGO_RESET;
 170:Src/tim.c     ****   sMasterConfig.MasterSlaveMode = TIM_MASTERSLAVEMODE_DISABLE;
 171:Src/tim.c     ****   if (HAL_TIMEx_MasterConfigSynchronization(&htim3, &sMasterConfig) != HAL_OK)
 172:Src/tim.c     ****   {
 173:Src/tim.c     ****     Error_Handler();
 174:Src/tim.c     ****   }
 175:Src/tim.c     ****   sConfigOC.OCMode = TIM_OCMODE_PWM1;
 176:Src/tim.c     ****   sConfigOC.Pulse = 0;
 177:Src/tim.c     ****   sConfigOC.OCPolarity = TIM_OCPOLARITY_HIGH;
 178:Src/tim.c     ****   sConfigOC.OCFastMode = TIM_OCFAST_DISABLE;
 179:Src/tim.c     ****   if (HAL_TIM_PWM_ConfigChannel(&htim3, &sConfigOC, TIM_CHANNEL_1) != HAL_OK)
 180:Src/tim.c     ****   {
 181:Src/tim.c     ****     Error_Handler();
 182:Src/tim.c     ****   }
 183:Src/tim.c     ****   /* USER CODE BEGIN TIM3_Init 2 */
 184:Src/tim.c     **** 
 185:Src/tim.c     ****   /* USER CODE END TIM3_Init 2 */
ARM GAS  C:\Users\simon\AppData\Local\Temp\ccXl5Ypg.s 			page 7


 186:Src/tim.c     ****   HAL_TIM_MspPostInit(&htim3);
 187:Src/tim.c     **** 
 188:Src/tim.c     **** }
 189:Src/tim.c     **** /* TIM4 init function */
 190:Src/tim.c     **** void MX_TIM4_Init(void)
 191:Src/tim.c     **** {
 158              		.loc 1 191 1 is_stmt 1 view -0
 159              		.cfi_startproc
 160              		@ args = 0, pretend = 0, frame = 48
 161              		@ frame_needed = 0, uses_anonymous_args = 0
 162 0000 00B5     		push	{lr}
 163              	.LCFI4:
 164              		.cfi_def_cfa_offset 4
 165              		.cfi_offset 14, -4
 166 0002 8DB0     		sub	sp, sp, #52
 167              	.LCFI5:
 168              		.cfi_def_cfa_offset 56
 192:Src/tim.c     **** 
 193:Src/tim.c     ****   /* USER CODE BEGIN TIM4_Init 0 */
 194:Src/tim.c     **** 
 195:Src/tim.c     ****   /* USER CODE END TIM4_Init 0 */
 196:Src/tim.c     **** 
 197:Src/tim.c     ****   TIM_ClockConfigTypeDef sClockSourceConfig = {0};
 169              		.loc 1 197 3 view .LVU42
 170              		.loc 1 197 26 is_stmt 0 view .LVU43
 171 0004 0023     		movs	r3, #0
 172 0006 0893     		str	r3, [sp, #32]
 173 0008 0993     		str	r3, [sp, #36]
 174 000a 0A93     		str	r3, [sp, #40]
 175 000c 0B93     		str	r3, [sp, #44]
 198:Src/tim.c     ****   TIM_MasterConfigTypeDef sMasterConfig = {0};
 176              		.loc 1 198 3 is_stmt 1 view .LVU44
 177              		.loc 1 198 27 is_stmt 0 view .LVU45
 178 000e 0593     		str	r3, [sp, #20]
 179 0010 0693     		str	r3, [sp, #24]
 180 0012 0793     		str	r3, [sp, #28]
 199:Src/tim.c     ****   TIM_IC_InitTypeDef sConfigIC = {0};
 181              		.loc 1 199 3 is_stmt 1 view .LVU46
 182              		.loc 1 199 22 is_stmt 0 view .LVU47
 183 0014 0193     		str	r3, [sp, #4]
 184 0016 0293     		str	r3, [sp, #8]
 185 0018 0393     		str	r3, [sp, #12]
 186 001a 0493     		str	r3, [sp, #16]
 200:Src/tim.c     **** 
 201:Src/tim.c     ****   /* USER CODE BEGIN TIM4_Init 1 */
 202:Src/tim.c     **** 
 203:Src/tim.c     ****   /* USER CODE END TIM4_Init 1 */
 204:Src/tim.c     ****   htim4.Instance = TIM4;
 187              		.loc 1 204 3 is_stmt 1 view .LVU48
 188              		.loc 1 204 18 is_stmt 0 view .LVU49
 189 001c 2048     		ldr	r0, .L23
 190 001e 214A     		ldr	r2, .L23+4
 191 0020 0260     		str	r2, [r0]
 205:Src/tim.c     ****   htim4.Init.Prescaler = 2499;
 192              		.loc 1 205 3 is_stmt 1 view .LVU50
 193              		.loc 1 205 24 is_stmt 0 view .LVU51
 194 0022 40F6C312 		movw	r2, #2499
ARM GAS  C:\Users\simon\AppData\Local\Temp\ccXl5Ypg.s 			page 8


 195 0026 4260     		str	r2, [r0, #4]
 206:Src/tim.c     ****   htim4.Init.CounterMode = TIM_COUNTERMODE_UP;
 196              		.loc 1 206 3 is_stmt 1 view .LVU52
 197              		.loc 1 206 26 is_stmt 0 view .LVU53
 198 0028 8360     		str	r3, [r0, #8]
 207:Src/tim.c     ****   htim4.Init.Period = 2999;
 199              		.loc 1 207 3 is_stmt 1 view .LVU54
 200              		.loc 1 207 21 is_stmt 0 view .LVU55
 201 002a 40F6B732 		movw	r2, #2999
 202 002e C260     		str	r2, [r0, #12]
 208:Src/tim.c     ****   htim4.Init.ClockDivision = TIM_CLOCKDIVISION_DIV1;
 203              		.loc 1 208 3 is_stmt 1 view .LVU56
 204              		.loc 1 208 28 is_stmt 0 view .LVU57
 205 0030 0361     		str	r3, [r0, #16]
 209:Src/tim.c     ****   htim4.Init.AutoReloadPreload = TIM_AUTORELOAD_PRELOAD_DISABLE;
 206              		.loc 1 209 3 is_stmt 1 view .LVU58
 207              		.loc 1 209 32 is_stmt 0 view .LVU59
 208 0032 8361     		str	r3, [r0, #24]
 210:Src/tim.c     ****   if (HAL_TIM_Base_Init(&htim4) != HAL_OK)
 209              		.loc 1 210 3 is_stmt 1 view .LVU60
 210              		.loc 1 210 7 is_stmt 0 view .LVU61
 211 0034 FFF7FEFF 		bl	HAL_TIM_Base_Init
 212              	.LVL6:
 213              		.loc 1 210 6 view .LVU62
 214 0038 10BB     		cbnz	r0, .L18
 215              	.L12:
 211:Src/tim.c     ****   {
 212:Src/tim.c     ****     Error_Handler();
 213:Src/tim.c     ****   }
 214:Src/tim.c     ****   sClockSourceConfig.ClockSource = TIM_CLOCKSOURCE_INTERNAL;
 216              		.loc 1 214 3 is_stmt 1 view .LVU63
 217              		.loc 1 214 34 is_stmt 0 view .LVU64
 218 003a 4FF48053 		mov	r3, #4096
 219 003e 0893     		str	r3, [sp, #32]
 215:Src/tim.c     ****   if (HAL_TIM_ConfigClockSource(&htim4, &sClockSourceConfig) != HAL_OK)
 220              		.loc 1 215 3 is_stmt 1 view .LVU65
 221              		.loc 1 215 7 is_stmt 0 view .LVU66
 222 0040 08A9     		add	r1, sp, #32
 223 0042 1748     		ldr	r0, .L23
 224 0044 FFF7FEFF 		bl	HAL_TIM_ConfigClockSource
 225              	.LVL7:
 226              		.loc 1 215 6 view .LVU67
 227 0048 E8B9     		cbnz	r0, .L19
 228              	.L13:
 216:Src/tim.c     ****   {
 217:Src/tim.c     ****     Error_Handler();
 218:Src/tim.c     ****   }
 219:Src/tim.c     ****   if (HAL_TIM_IC_Init(&htim4) != HAL_OK)
 229              		.loc 1 219 3 is_stmt 1 view .LVU68
 230              		.loc 1 219 7 is_stmt 0 view .LVU69
 231 004a 1548     		ldr	r0, .L23
 232 004c FFF7FEFF 		bl	HAL_TIM_IC_Init
 233              	.LVL8:
 234              		.loc 1 219 6 view .LVU70
 235 0050 E0B9     		cbnz	r0, .L20
 236              	.L14:
 220:Src/tim.c     ****   {
ARM GAS  C:\Users\simon\AppData\Local\Temp\ccXl5Ypg.s 			page 9


 221:Src/tim.c     ****     Error_Handler();
 222:Src/tim.c     ****   }
 223:Src/tim.c     ****   sMasterConfig.MasterOutputTrigger = TIM_TRGO_RESET;
 237              		.loc 1 223 3 is_stmt 1 view .LVU71
 238              		.loc 1 223 37 is_stmt 0 view .LVU72
 239 0052 0023     		movs	r3, #0
 240 0054 0593     		str	r3, [sp, #20]
 224:Src/tim.c     ****   sMasterConfig.MasterSlaveMode = TIM_MASTERSLAVEMODE_DISABLE;
 241              		.loc 1 224 3 is_stmt 1 view .LVU73
 242              		.loc 1 224 33 is_stmt 0 view .LVU74
 243 0056 0793     		str	r3, [sp, #28]
 225:Src/tim.c     ****   if (HAL_TIMEx_MasterConfigSynchronization(&htim4, &sMasterConfig) != HAL_OK)
 244              		.loc 1 225 3 is_stmt 1 view .LVU75
 245              		.loc 1 225 7 is_stmt 0 view .LVU76
 246 0058 05A9     		add	r1, sp, #20
 247 005a 1148     		ldr	r0, .L23
 248 005c FFF7FEFF 		bl	HAL_TIMEx_MasterConfigSynchronization
 249              	.LVL9:
 250              		.loc 1 225 6 view .LVU77
 251 0060 B8B9     		cbnz	r0, .L21
 252              	.L15:
 226:Src/tim.c     ****   {
 227:Src/tim.c     ****     Error_Handler();
 228:Src/tim.c     ****   }
 229:Src/tim.c     ****   sConfigIC.ICPolarity = TIM_INPUTCHANNELPOLARITY_RISING;
 253              		.loc 1 229 3 is_stmt 1 view .LVU78
 254              		.loc 1 229 24 is_stmt 0 view .LVU79
 255 0062 0023     		movs	r3, #0
 256 0064 0193     		str	r3, [sp, #4]
 230:Src/tim.c     ****   sConfigIC.ICSelection = TIM_ICSELECTION_DIRECTTI;
 257              		.loc 1 230 3 is_stmt 1 view .LVU80
 258              		.loc 1 230 25 is_stmt 0 view .LVU81
 259 0066 0122     		movs	r2, #1
 260 0068 0292     		str	r2, [sp, #8]
 231:Src/tim.c     ****   sConfigIC.ICPrescaler = TIM_ICPSC_DIV1;
 261              		.loc 1 231 3 is_stmt 1 view .LVU82
 262              		.loc 1 231 25 is_stmt 0 view .LVU83
 263 006a 0393     		str	r3, [sp, #12]
 232:Src/tim.c     ****   sConfigIC.ICFilter = 0;
 264              		.loc 1 232 3 is_stmt 1 view .LVU84
 265              		.loc 1 232 22 is_stmt 0 view .LVU85
 266 006c 0493     		str	r3, [sp, #16]
 233:Src/tim.c     ****   if (HAL_TIM_IC_ConfigChannel(&htim4, &sConfigIC, TIM_CHANNEL_3) != HAL_OK)
 267              		.loc 1 233 3 is_stmt 1 view .LVU86
 268              		.loc 1 233 7 is_stmt 0 view .LVU87
 269 006e 0822     		movs	r2, #8
 270 0070 01A9     		add	r1, sp, #4
 271 0072 0B48     		ldr	r0, .L23
 272 0074 FFF7FEFF 		bl	HAL_TIM_IC_ConfigChannel
 273              	.LVL10:
 274              		.loc 1 233 6 view .LVU88
 275 0078 70B9     		cbnz	r0, .L22
 276              	.L11:
 234:Src/tim.c     ****   {
 235:Src/tim.c     ****     Error_Handler();
 236:Src/tim.c     ****   }
 237:Src/tim.c     ****   /* USER CODE BEGIN TIM4_Init 2 */
ARM GAS  C:\Users\simon\AppData\Local\Temp\ccXl5Ypg.s 			page 10


 238:Src/tim.c     **** 
 239:Src/tim.c     ****   /* USER CODE END TIM4_Init 2 */
 240:Src/tim.c     **** 
 241:Src/tim.c     **** }
 277              		.loc 1 241 1 view .LVU89
 278 007a 0DB0     		add	sp, sp, #52
 279              	.LCFI6:
 280              		.cfi_remember_state
 281              		.cfi_def_cfa_offset 4
 282              		@ sp needed
 283 007c 5DF804FB 		ldr	pc, [sp], #4
 284              	.L18:
 285              	.LCFI7:
 286              		.cfi_restore_state
 212:Src/tim.c     ****   }
 287              		.loc 1 212 5 is_stmt 1 view .LVU90
 288 0080 FFF7FEFF 		bl	Error_Handler
 289              	.LVL11:
 290 0084 D9E7     		b	.L12
 291              	.L19:
 217:Src/tim.c     ****   }
 292              		.loc 1 217 5 view .LVU91
 293 0086 FFF7FEFF 		bl	Error_Handler
 294              	.LVL12:
 295 008a DEE7     		b	.L13
 296              	.L20:
 221:Src/tim.c     ****   }
 297              		.loc 1 221 5 view .LVU92
 298 008c FFF7FEFF 		bl	Error_Handler
 299              	.LVL13:
 300 0090 DFE7     		b	.L14
 301              	.L21:
 227:Src/tim.c     ****   }
 302              		.loc 1 227 5 view .LVU93
 303 0092 FFF7FEFF 		bl	Error_Handler
 304              	.LVL14:
 305 0096 E4E7     		b	.L15
 306              	.L22:
 235:Src/tim.c     ****   }
 307              		.loc 1 235 5 view .LVU94
 308 0098 FFF7FEFF 		bl	Error_Handler
 309              	.LVL15:
 310              		.loc 1 241 1 is_stmt 0 view .LVU95
 311 009c EDE7     		b	.L11
 312              	.L24:
 313 009e 00BF     		.align	2
 314              	.L23:
 315 00a0 00000000 		.word	.LANCHOR1
 316 00a4 00080040 		.word	1073743872
 317              		.cfi_endproc
 318              	.LFE334:
 320              		.section	.text.MX_TIM5_Init,"ax",%progbits
 321              		.align	1
 322              		.global	MX_TIM5_Init
 323              		.syntax unified
 324              		.thumb
 325              		.thumb_func
ARM GAS  C:\Users\simon\AppData\Local\Temp\ccXl5Ypg.s 			page 11


 327              	MX_TIM5_Init:
 328              	.LFB335:
 242:Src/tim.c     **** /* TIM5 init function */
 243:Src/tim.c     **** void MX_TIM5_Init(void)
 244:Src/tim.c     **** {
 329              		.loc 1 244 1 is_stmt 1 view -0
 330              		.cfi_startproc
 331              		@ args = 0, pretend = 0, frame = 48
 332              		@ frame_needed = 0, uses_anonymous_args = 0
 333 0000 00B5     		push	{lr}
 334              	.LCFI8:
 335              		.cfi_def_cfa_offset 4
 336              		.cfi_offset 14, -4
 337 0002 8DB0     		sub	sp, sp, #52
 338              	.LCFI9:
 339              		.cfi_def_cfa_offset 56
 245:Src/tim.c     **** 
 246:Src/tim.c     ****   /* USER CODE BEGIN TIM5_Init 0 */
 247:Src/tim.c     **** 
 248:Src/tim.c     ****   /* USER CODE END TIM5_Init 0 */
 249:Src/tim.c     **** 
 250:Src/tim.c     ****   TIM_Encoder_InitTypeDef sConfig = {0};
 340              		.loc 1 250 3 view .LVU97
 341              		.loc 1 250 27 is_stmt 0 view .LVU98
 342 0004 2422     		movs	r2, #36
 343 0006 0021     		movs	r1, #0
 344 0008 03A8     		add	r0, sp, #12
 345 000a FFF7FEFF 		bl	memset
 346              	.LVL16:
 251:Src/tim.c     ****   TIM_MasterConfigTypeDef sMasterConfig = {0};
 347              		.loc 1 251 3 is_stmt 1 view .LVU99
 348              		.loc 1 251 27 is_stmt 0 view .LVU100
 349 000e 0023     		movs	r3, #0
 350 0010 0093     		str	r3, [sp]
 351 0012 0193     		str	r3, [sp, #4]
 352 0014 0293     		str	r3, [sp, #8]
 252:Src/tim.c     **** 
 253:Src/tim.c     ****   /* USER CODE BEGIN TIM5_Init 1 */
 254:Src/tim.c     **** 
 255:Src/tim.c     ****   /* USER CODE END TIM5_Init 1 */
 256:Src/tim.c     ****   htim5.Instance = TIM5;
 353              		.loc 1 256 3 is_stmt 1 view .LVU101
 354              		.loc 1 256 18 is_stmt 0 view .LVU102
 355 0016 1148     		ldr	r0, .L31
 356 0018 114A     		ldr	r2, .L31+4
 357 001a 0260     		str	r2, [r0]
 257:Src/tim.c     ****   htim5.Init.Prescaler = 0;
 358              		.loc 1 257 3 is_stmt 1 view .LVU103
 359              		.loc 1 257 24 is_stmt 0 view .LVU104
 360 001c 4360     		str	r3, [r0, #4]
 258:Src/tim.c     ****   htim5.Init.CounterMode = TIM_COUNTERMODE_UP;
 361              		.loc 1 258 3 is_stmt 1 view .LVU105
 362              		.loc 1 258 26 is_stmt 0 view .LVU106
 363 001e 8360     		str	r3, [r0, #8]
 259:Src/tim.c     ****   htim5.Init.Period = 4294967295;
 364              		.loc 1 259 3 is_stmt 1 view .LVU107
 365              		.loc 1 259 21 is_stmt 0 view .LVU108
ARM GAS  C:\Users\simon\AppData\Local\Temp\ccXl5Ypg.s 			page 12


 366 0020 4FF0FF32 		mov	r2, #-1
 367 0024 C260     		str	r2, [r0, #12]
 260:Src/tim.c     ****   htim5.Init.ClockDivision = TIM_CLOCKDIVISION_DIV1;
 368              		.loc 1 260 3 is_stmt 1 view .LVU109
 369              		.loc 1 260 28 is_stmt 0 view .LVU110
 370 0026 0361     		str	r3, [r0, #16]
 261:Src/tim.c     ****   htim5.Init.AutoReloadPreload = TIM_AUTORELOAD_PRELOAD_DISABLE;
 371              		.loc 1 261 3 is_stmt 1 view .LVU111
 372              		.loc 1 261 32 is_stmt 0 view .LVU112
 373 0028 8361     		str	r3, [r0, #24]
 262:Src/tim.c     ****   sConfig.EncoderMode = TIM_ENCODERMODE_TI1;
 374              		.loc 1 262 3 is_stmt 1 view .LVU113
 375              		.loc 1 262 23 is_stmt 0 view .LVU114
 376 002a 0123     		movs	r3, #1
 377 002c 0393     		str	r3, [sp, #12]
 263:Src/tim.c     ****   sConfig.IC1Polarity = TIM_ICPOLARITY_RISING;
 378              		.loc 1 263 3 is_stmt 1 view .LVU115
 264:Src/tim.c     ****   sConfig.IC1Selection = TIM_ICSELECTION_DIRECTTI;
 379              		.loc 1 264 3 view .LVU116
 380              		.loc 1 264 24 is_stmt 0 view .LVU117
 381 002e 0593     		str	r3, [sp, #20]
 265:Src/tim.c     ****   sConfig.IC1Prescaler = TIM_ICPSC_DIV1;
 382              		.loc 1 265 3 is_stmt 1 view .LVU118
 266:Src/tim.c     ****   sConfig.IC1Filter = 0;
 383              		.loc 1 266 3 view .LVU119
 267:Src/tim.c     ****   sConfig.IC2Polarity = TIM_ICPOLARITY_RISING;
 384              		.loc 1 267 3 view .LVU120
 268:Src/tim.c     ****   sConfig.IC2Selection = TIM_ICSELECTION_DIRECTTI;
 385              		.loc 1 268 3 view .LVU121
 386              		.loc 1 268 24 is_stmt 0 view .LVU122
 387 0030 0993     		str	r3, [sp, #36]
 269:Src/tim.c     ****   sConfig.IC2Prescaler = TIM_ICPSC_DIV1;
 388              		.loc 1 269 3 is_stmt 1 view .LVU123
 270:Src/tim.c     ****   sConfig.IC2Filter = 0;
 389              		.loc 1 270 3 view .LVU124
 271:Src/tim.c     ****   if (HAL_TIM_Encoder_Init(&htim5, &sConfig) != HAL_OK)
 390              		.loc 1 271 3 view .LVU125
 391              		.loc 1 271 7 is_stmt 0 view .LVU126
 392 0032 03A9     		add	r1, sp, #12
 393 0034 FFF7FEFF 		bl	HAL_TIM_Encoder_Init
 394              	.LVL17:
 395              		.loc 1 271 6 view .LVU127
 396 0038 50B9     		cbnz	r0, .L29
 397              	.L26:
 272:Src/tim.c     ****   {
 273:Src/tim.c     ****     Error_Handler();
 274:Src/tim.c     ****   }
 275:Src/tim.c     ****   sMasterConfig.MasterOutputTrigger = TIM_TRGO_RESET;
 398              		.loc 1 275 3 is_stmt 1 view .LVU128
 399              		.loc 1 275 37 is_stmt 0 view .LVU129
 400 003a 0023     		movs	r3, #0
 401 003c 0093     		str	r3, [sp]
 276:Src/tim.c     ****   sMasterConfig.MasterSlaveMode = TIM_MASTERSLAVEMODE_DISABLE;
 402              		.loc 1 276 3 is_stmt 1 view .LVU130
 403              		.loc 1 276 33 is_stmt 0 view .LVU131
 404 003e 0293     		str	r3, [sp, #8]
 277:Src/tim.c     ****   if (HAL_TIMEx_MasterConfigSynchronization(&htim5, &sMasterConfig) != HAL_OK)
ARM GAS  C:\Users\simon\AppData\Local\Temp\ccXl5Ypg.s 			page 13


 405              		.loc 1 277 3 is_stmt 1 view .LVU132
 406              		.loc 1 277 7 is_stmt 0 view .LVU133
 407 0040 6946     		mov	r1, sp
 408 0042 0648     		ldr	r0, .L31
 409 0044 FFF7FEFF 		bl	HAL_TIMEx_MasterConfigSynchronization
 410              	.LVL18:
 411              		.loc 1 277 6 view .LVU134
 412 0048 28B9     		cbnz	r0, .L30
 413              	.L25:
 278:Src/tim.c     ****   {
 279:Src/tim.c     ****     Error_Handler();
 280:Src/tim.c     ****   }
 281:Src/tim.c     ****   /* USER CODE BEGIN TIM5_Init 2 */
 282:Src/tim.c     **** 
 283:Src/tim.c     ****   /* USER CODE END TIM5_Init 2 */
 284:Src/tim.c     **** 
 285:Src/tim.c     **** }
 414              		.loc 1 285 1 view .LVU135
 415 004a 0DB0     		add	sp, sp, #52
 416              	.LCFI10:
 417              		.cfi_remember_state
 418              		.cfi_def_cfa_offset 4
 419              		@ sp needed
 420 004c 5DF804FB 		ldr	pc, [sp], #4
 421              	.L29:
 422              	.LCFI11:
 423              		.cfi_restore_state
 273:Src/tim.c     ****   }
 424              		.loc 1 273 5 is_stmt 1 view .LVU136
 425 0050 FFF7FEFF 		bl	Error_Handler
 426              	.LVL19:
 427 0054 F1E7     		b	.L26
 428              	.L30:
 279:Src/tim.c     ****   }
 429              		.loc 1 279 5 view .LVU137
 430 0056 FFF7FEFF 		bl	Error_Handler
 431              	.LVL20:
 432              		.loc 1 285 1 is_stmt 0 view .LVU138
 433 005a F6E7     		b	.L25
 434              	.L32:
 435              		.align	2
 436              	.L31:
 437 005c 00000000 		.word	.LANCHOR2
 438 0060 000C0040 		.word	1073744896
 439              		.cfi_endproc
 440              	.LFE335:
 442              		.section	.text.MX_TIM6_Init,"ax",%progbits
 443              		.align	1
 444              		.global	MX_TIM6_Init
 445              		.syntax unified
 446              		.thumb
 447              		.thumb_func
 449              	MX_TIM6_Init:
 450              	.LFB336:
 286:Src/tim.c     **** /* TIM6 init function */
 287:Src/tim.c     **** void MX_TIM6_Init(void)
 288:Src/tim.c     **** {
ARM GAS  C:\Users\simon\AppData\Local\Temp\ccXl5Ypg.s 			page 14


 451              		.loc 1 288 1 is_stmt 1 view -0
 452              		.cfi_startproc
 453              		@ args = 0, pretend = 0, frame = 16
 454              		@ frame_needed = 0, uses_anonymous_args = 0
 455 0000 00B5     		push	{lr}
 456              	.LCFI12:
 457              		.cfi_def_cfa_offset 4
 458              		.cfi_offset 14, -4
 459 0002 85B0     		sub	sp, sp, #20
 460              	.LCFI13:
 461              		.cfi_def_cfa_offset 24
 289:Src/tim.c     **** 
 290:Src/tim.c     ****   /* USER CODE BEGIN TIM6_Init 0 */
 291:Src/tim.c     **** 
 292:Src/tim.c     ****   /* USER CODE END TIM6_Init 0 */
 293:Src/tim.c     **** 
 294:Src/tim.c     ****   TIM_MasterConfigTypeDef sMasterConfig = {0};
 462              		.loc 1 294 3 view .LVU140
 463              		.loc 1 294 27 is_stmt 0 view .LVU141
 464 0004 0023     		movs	r3, #0
 465 0006 0193     		str	r3, [sp, #4]
 466 0008 0293     		str	r3, [sp, #8]
 467 000a 0393     		str	r3, [sp, #12]
 295:Src/tim.c     **** 
 296:Src/tim.c     ****   /* USER CODE BEGIN TIM6_Init 1 */
 297:Src/tim.c     **** 
 298:Src/tim.c     ****   /* USER CODE END TIM6_Init 1 */
 299:Src/tim.c     ****   htim6.Instance = TIM6;
 468              		.loc 1 299 3 is_stmt 1 view .LVU142
 469              		.loc 1 299 18 is_stmt 0 view .LVU143
 470 000c 0E48     		ldr	r0, .L39
 471 000e 0F4A     		ldr	r2, .L39+4
 472 0010 0260     		str	r2, [r0]
 300:Src/tim.c     ****   htim6.Init.Prescaler = 0;
 473              		.loc 1 300 3 is_stmt 1 view .LVU144
 474              		.loc 1 300 24 is_stmt 0 view .LVU145
 475 0012 4360     		str	r3, [r0, #4]
 301:Src/tim.c     ****   htim6.Init.CounterMode = TIM_COUNTERMODE_UP;
 476              		.loc 1 301 3 is_stmt 1 view .LVU146
 477              		.loc 1 301 26 is_stmt 0 view .LVU147
 478 0014 8360     		str	r3, [r0, #8]
 302:Src/tim.c     ****   htim6.Init.Period = 65535;
 479              		.loc 1 302 3 is_stmt 1 view .LVU148
 480              		.loc 1 302 21 is_stmt 0 view .LVU149
 481 0016 4FF6FF72 		movw	r2, #65535
 482 001a C260     		str	r2, [r0, #12]
 303:Src/tim.c     ****   htim6.Init.AutoReloadPreload = TIM_AUTORELOAD_PRELOAD_DISABLE;
 483              		.loc 1 303 3 is_stmt 1 view .LVU150
 484              		.loc 1 303 32 is_stmt 0 view .LVU151
 485 001c 8361     		str	r3, [r0, #24]
 304:Src/tim.c     ****   if (HAL_TIM_Base_Init(&htim6) != HAL_OK)
 486              		.loc 1 304 3 is_stmt 1 view .LVU152
 487              		.loc 1 304 7 is_stmt 0 view .LVU153
 488 001e FFF7FEFF 		bl	HAL_TIM_Base_Init
 489              	.LVL21:
 490              		.loc 1 304 6 view .LVU154
 491 0022 50B9     		cbnz	r0, .L37
ARM GAS  C:\Users\simon\AppData\Local\Temp\ccXl5Ypg.s 			page 15


 492              	.L34:
 305:Src/tim.c     ****   {
 306:Src/tim.c     ****     Error_Handler();
 307:Src/tim.c     ****   }
 308:Src/tim.c     ****   sMasterConfig.MasterOutputTrigger = TIM_TRGO_RESET;
 493              		.loc 1 308 3 is_stmt 1 view .LVU155
 494              		.loc 1 308 37 is_stmt 0 view .LVU156
 495 0024 0023     		movs	r3, #0
 496 0026 0193     		str	r3, [sp, #4]
 309:Src/tim.c     ****   sMasterConfig.MasterSlaveMode = TIM_MASTERSLAVEMODE_DISABLE;
 497              		.loc 1 309 3 is_stmt 1 view .LVU157
 498              		.loc 1 309 33 is_stmt 0 view .LVU158
 499 0028 0393     		str	r3, [sp, #12]
 310:Src/tim.c     ****   if (HAL_TIMEx_MasterConfigSynchronization(&htim6, &sMasterConfig) != HAL_OK)
 500              		.loc 1 310 3 is_stmt 1 view .LVU159
 501              		.loc 1 310 7 is_stmt 0 view .LVU160
 502 002a 01A9     		add	r1, sp, #4
 503 002c 0648     		ldr	r0, .L39
 504 002e FFF7FEFF 		bl	HAL_TIMEx_MasterConfigSynchronization
 505              	.LVL22:
 506              		.loc 1 310 6 view .LVU161
 507 0032 28B9     		cbnz	r0, .L38
 508              	.L33:
 311:Src/tim.c     ****   {
 312:Src/tim.c     ****     Error_Handler();
 313:Src/tim.c     ****   }
 314:Src/tim.c     ****   /* USER CODE BEGIN TIM6_Init 2 */
 315:Src/tim.c     **** 
 316:Src/tim.c     ****   /* USER CODE END TIM6_Init 2 */
 317:Src/tim.c     **** 
 318:Src/tim.c     **** }
 509              		.loc 1 318 1 view .LVU162
 510 0034 05B0     		add	sp, sp, #20
 511              	.LCFI14:
 512              		.cfi_remember_state
 513              		.cfi_def_cfa_offset 4
 514              		@ sp needed
 515 0036 5DF804FB 		ldr	pc, [sp], #4
 516              	.L37:
 517              	.LCFI15:
 518              		.cfi_restore_state
 306:Src/tim.c     ****   }
 519              		.loc 1 306 5 is_stmt 1 view .LVU163
 520 003a FFF7FEFF 		bl	Error_Handler
 521              	.LVL23:
 522 003e F1E7     		b	.L34
 523              	.L38:
 312:Src/tim.c     ****   }
 524              		.loc 1 312 5 view .LVU164
 525 0040 FFF7FEFF 		bl	Error_Handler
 526              	.LVL24:
 527              		.loc 1 318 1 is_stmt 0 view .LVU165
 528 0044 F6E7     		b	.L33
 529              	.L40:
 530 0046 00BF     		.align	2
 531              	.L39:
 532 0048 00000000 		.word	.LANCHOR3
ARM GAS  C:\Users\simon\AppData\Local\Temp\ccXl5Ypg.s 			page 16


 533 004c 00100040 		.word	1073745920
 534              		.cfi_endproc
 535              	.LFE336:
 537              		.section	.text.MX_TIM7_Init,"ax",%progbits
 538              		.align	1
 539              		.global	MX_TIM7_Init
 540              		.syntax unified
 541              		.thumb
 542              		.thumb_func
 544              	MX_TIM7_Init:
 545              	.LFB337:
 319:Src/tim.c     **** /* TIM7 init function */
 320:Src/tim.c     **** void MX_TIM7_Init(void)
 321:Src/tim.c     **** {
 546              		.loc 1 321 1 is_stmt 1 view -0
 547              		.cfi_startproc
 548              		@ args = 0, pretend = 0, frame = 16
 549              		@ frame_needed = 0, uses_anonymous_args = 0
 550 0000 00B5     		push	{lr}
 551              	.LCFI16:
 552              		.cfi_def_cfa_offset 4
 553              		.cfi_offset 14, -4
 554 0002 85B0     		sub	sp, sp, #20
 555              	.LCFI17:
 556              		.cfi_def_cfa_offset 24
 322:Src/tim.c     **** 
 323:Src/tim.c     ****   /* USER CODE BEGIN TIM7_Init 0 */
 324:Src/tim.c     **** 
 325:Src/tim.c     ****   /* USER CODE END TIM7_Init 0 */
 326:Src/tim.c     **** 
 327:Src/tim.c     ****   TIM_MasterConfigTypeDef sMasterConfig = {0};
 557              		.loc 1 327 3 view .LVU167
 558              		.loc 1 327 27 is_stmt 0 view .LVU168
 559 0004 0023     		movs	r3, #0
 560 0006 0193     		str	r3, [sp, #4]
 561 0008 0293     		str	r3, [sp, #8]
 562 000a 0393     		str	r3, [sp, #12]
 328:Src/tim.c     **** 
 329:Src/tim.c     ****   /* USER CODE BEGIN TIM7_Init 1 */
 330:Src/tim.c     **** 
 331:Src/tim.c     ****   /* USER CODE END TIM7_Init 1 */
 332:Src/tim.c     ****   htim7.Instance = TIM7;
 563              		.loc 1 332 3 is_stmt 1 view .LVU169
 564              		.loc 1 332 18 is_stmt 0 view .LVU170
 565 000c 0E48     		ldr	r0, .L47
 566 000e 0F4A     		ldr	r2, .L47+4
 567 0010 0260     		str	r2, [r0]
 333:Src/tim.c     ****   htim7.Init.Prescaler = 0;
 568              		.loc 1 333 3 is_stmt 1 view .LVU171
 569              		.loc 1 333 24 is_stmt 0 view .LVU172
 570 0012 4360     		str	r3, [r0, #4]
 334:Src/tim.c     ****   htim7.Init.CounterMode = TIM_COUNTERMODE_UP;
 571              		.loc 1 334 3 is_stmt 1 view .LVU173
 572              		.loc 1 334 26 is_stmt 0 view .LVU174
 573 0014 8360     		str	r3, [r0, #8]
 335:Src/tim.c     ****   htim7.Init.Period = 65535;
 574              		.loc 1 335 3 is_stmt 1 view .LVU175
ARM GAS  C:\Users\simon\AppData\Local\Temp\ccXl5Ypg.s 			page 17


 575              		.loc 1 335 21 is_stmt 0 view .LVU176
 576 0016 4FF6FF72 		movw	r2, #65535
 577 001a C260     		str	r2, [r0, #12]
 336:Src/tim.c     ****   htim7.Init.AutoReloadPreload = TIM_AUTORELOAD_PRELOAD_DISABLE;
 578              		.loc 1 336 3 is_stmt 1 view .LVU177
 579              		.loc 1 336 32 is_stmt 0 view .LVU178
 580 001c 8361     		str	r3, [r0, #24]
 337:Src/tim.c     ****   if (HAL_TIM_Base_Init(&htim7) != HAL_OK)
 581              		.loc 1 337 3 is_stmt 1 view .LVU179
 582              		.loc 1 337 7 is_stmt 0 view .LVU180
 583 001e FFF7FEFF 		bl	HAL_TIM_Base_Init
 584              	.LVL25:
 585              		.loc 1 337 6 view .LVU181
 586 0022 50B9     		cbnz	r0, .L45
 587              	.L42:
 338:Src/tim.c     ****   {
 339:Src/tim.c     ****     Error_Handler();
 340:Src/tim.c     ****   }
 341:Src/tim.c     ****   sMasterConfig.MasterOutputTrigger = TIM_TRGO_RESET;
 588              		.loc 1 341 3 is_stmt 1 view .LVU182
 589              		.loc 1 341 37 is_stmt 0 view .LVU183
 590 0024 0023     		movs	r3, #0
 591 0026 0193     		str	r3, [sp, #4]
 342:Src/tim.c     ****   sMasterConfig.MasterSlaveMode = TIM_MASTERSLAVEMODE_DISABLE;
 592              		.loc 1 342 3 is_stmt 1 view .LVU184
 593              		.loc 1 342 33 is_stmt 0 view .LVU185
 594 0028 0393     		str	r3, [sp, #12]
 343:Src/tim.c     ****   if (HAL_TIMEx_MasterConfigSynchronization(&htim7, &sMasterConfig) != HAL_OK)
 595              		.loc 1 343 3 is_stmt 1 view .LVU186
 596              		.loc 1 343 7 is_stmt 0 view .LVU187
 597 002a 01A9     		add	r1, sp, #4
 598 002c 0648     		ldr	r0, .L47
 599 002e FFF7FEFF 		bl	HAL_TIMEx_MasterConfigSynchronization
 600              	.LVL26:
 601              		.loc 1 343 6 view .LVU188
 602 0032 28B9     		cbnz	r0, .L46
 603              	.L41:
 344:Src/tim.c     ****   {
 345:Src/tim.c     ****     Error_Handler();
 346:Src/tim.c     ****   }
 347:Src/tim.c     ****   /* USER CODE BEGIN TIM7_Init 2 */
 348:Src/tim.c     **** 
 349:Src/tim.c     ****   /* USER CODE END TIM7_Init 2 */
 350:Src/tim.c     **** 
 351:Src/tim.c     **** }
 604              		.loc 1 351 1 view .LVU189
 605 0034 05B0     		add	sp, sp, #20
 606              	.LCFI18:
 607              		.cfi_remember_state
 608              		.cfi_def_cfa_offset 4
 609              		@ sp needed
 610 0036 5DF804FB 		ldr	pc, [sp], #4
 611              	.L45:
 612              	.LCFI19:
 613              		.cfi_restore_state
 339:Src/tim.c     ****   }
 614              		.loc 1 339 5 is_stmt 1 view .LVU190
ARM GAS  C:\Users\simon\AppData\Local\Temp\ccXl5Ypg.s 			page 18


 615 003a FFF7FEFF 		bl	Error_Handler
 616              	.LVL27:
 617 003e F1E7     		b	.L42
 618              	.L46:
 345:Src/tim.c     ****   }
 619              		.loc 1 345 5 view .LVU191
 620 0040 FFF7FEFF 		bl	Error_Handler
 621              	.LVL28:
 622              		.loc 1 351 1 is_stmt 0 view .LVU192
 623 0044 F6E7     		b	.L41
 624              	.L48:
 625 0046 00BF     		.align	2
 626              	.L47:
 627 0048 00000000 		.word	.LANCHOR4
 628 004c 00140040 		.word	1073746944
 629              		.cfi_endproc
 630              	.LFE337:
 632              		.section	.text.MX_TIM8_Init,"ax",%progbits
 633              		.align	1
 634              		.global	MX_TIM8_Init
 635              		.syntax unified
 636              		.thumb
 637              		.thumb_func
 639              	MX_TIM8_Init:
 640              	.LFB338:
 352:Src/tim.c     **** /* TIM8 init function */
 353:Src/tim.c     **** void MX_TIM8_Init(void)
 354:Src/tim.c     **** {
 641              		.loc 1 354 1 is_stmt 1 view -0
 642              		.cfi_startproc
 643              		@ args = 0, pretend = 0, frame = 48
 644              		@ frame_needed = 0, uses_anonymous_args = 0
 645 0000 00B5     		push	{lr}
 646              	.LCFI20:
 647              		.cfi_def_cfa_offset 4
 648              		.cfi_offset 14, -4
 649 0002 8DB0     		sub	sp, sp, #52
 650              	.LCFI21:
 651              		.cfi_def_cfa_offset 56
 355:Src/tim.c     **** 
 356:Src/tim.c     ****   /* USER CODE BEGIN TIM8_Init 0 */
 357:Src/tim.c     **** 
 358:Src/tim.c     ****   /* USER CODE END TIM8_Init 0 */
 359:Src/tim.c     **** 
 360:Src/tim.c     ****   TIM_Encoder_InitTypeDef sConfig = {0};
 652              		.loc 1 360 3 view .LVU194
 653              		.loc 1 360 27 is_stmt 0 view .LVU195
 654 0004 2422     		movs	r2, #36
 655 0006 0021     		movs	r1, #0
 656 0008 03A8     		add	r0, sp, #12
 657 000a FFF7FEFF 		bl	memset
 658              	.LVL29:
 361:Src/tim.c     ****   TIM_MasterConfigTypeDef sMasterConfig = {0};
 659              		.loc 1 361 3 is_stmt 1 view .LVU196
 660              		.loc 1 361 27 is_stmt 0 view .LVU197
 661 000e 0023     		movs	r3, #0
 662 0010 0093     		str	r3, [sp]
ARM GAS  C:\Users\simon\AppData\Local\Temp\ccXl5Ypg.s 			page 19


 663 0012 0193     		str	r3, [sp, #4]
 664 0014 0293     		str	r3, [sp, #8]
 362:Src/tim.c     **** 
 363:Src/tim.c     ****   /* USER CODE BEGIN TIM8_Init 1 */
 364:Src/tim.c     **** 
 365:Src/tim.c     ****   /* USER CODE END TIM8_Init 1 */
 366:Src/tim.c     ****   htim8.Instance = TIM8;
 665              		.loc 1 366 3 is_stmt 1 view .LVU198
 666              		.loc 1 366 18 is_stmt 0 view .LVU199
 667 0016 1248     		ldr	r0, .L55
 668 0018 124A     		ldr	r2, .L55+4
 669 001a 0260     		str	r2, [r0]
 367:Src/tim.c     ****   htim8.Init.Prescaler = 0;
 670              		.loc 1 367 3 is_stmt 1 view .LVU200
 671              		.loc 1 367 24 is_stmt 0 view .LVU201
 672 001c 4360     		str	r3, [r0, #4]
 368:Src/tim.c     ****   htim8.Init.CounterMode = TIM_COUNTERMODE_UP;
 673              		.loc 1 368 3 is_stmt 1 view .LVU202
 674              		.loc 1 368 26 is_stmt 0 view .LVU203
 675 001e 8360     		str	r3, [r0, #8]
 369:Src/tim.c     ****   htim8.Init.Period = 65535;
 676              		.loc 1 369 3 is_stmt 1 view .LVU204
 677              		.loc 1 369 21 is_stmt 0 view .LVU205
 678 0020 4FF6FF72 		movw	r2, #65535
 679 0024 C260     		str	r2, [r0, #12]
 370:Src/tim.c     ****   htim8.Init.ClockDivision = TIM_CLOCKDIVISION_DIV1;
 680              		.loc 1 370 3 is_stmt 1 view .LVU206
 681              		.loc 1 370 28 is_stmt 0 view .LVU207
 682 0026 0361     		str	r3, [r0, #16]
 371:Src/tim.c     ****   htim8.Init.RepetitionCounter = 0;
 683              		.loc 1 371 3 is_stmt 1 view .LVU208
 684              		.loc 1 371 32 is_stmt 0 view .LVU209
 685 0028 4361     		str	r3, [r0, #20]
 372:Src/tim.c     ****   htim8.Init.AutoReloadPreload = TIM_AUTORELOAD_PRELOAD_DISABLE;
 686              		.loc 1 372 3 is_stmt 1 view .LVU210
 687              		.loc 1 372 32 is_stmt 0 view .LVU211
 688 002a 8361     		str	r3, [r0, #24]
 373:Src/tim.c     ****   sConfig.EncoderMode = TIM_ENCODERMODE_TI1;
 689              		.loc 1 373 3 is_stmt 1 view .LVU212
 690              		.loc 1 373 23 is_stmt 0 view .LVU213
 691 002c 0123     		movs	r3, #1
 692 002e 0393     		str	r3, [sp, #12]
 374:Src/tim.c     ****   sConfig.IC1Polarity = TIM_ICPOLARITY_RISING;
 693              		.loc 1 374 3 is_stmt 1 view .LVU214
 375:Src/tim.c     ****   sConfig.IC1Selection = TIM_ICSELECTION_DIRECTTI;
 694              		.loc 1 375 3 view .LVU215
 695              		.loc 1 375 24 is_stmt 0 view .LVU216
 696 0030 0593     		str	r3, [sp, #20]
 376:Src/tim.c     ****   sConfig.IC1Prescaler = TIM_ICPSC_DIV1;
 697              		.loc 1 376 3 is_stmt 1 view .LVU217
 377:Src/tim.c     ****   sConfig.IC1Filter = 0;
 698              		.loc 1 377 3 view .LVU218
 378:Src/tim.c     ****   sConfig.IC2Polarity = TIM_ICPOLARITY_RISING;
 699              		.loc 1 378 3 view .LVU219
 379:Src/tim.c     ****   sConfig.IC2Selection = TIM_ICSELECTION_DIRECTTI;
 700              		.loc 1 379 3 view .LVU220
 701              		.loc 1 379 24 is_stmt 0 view .LVU221
ARM GAS  C:\Users\simon\AppData\Local\Temp\ccXl5Ypg.s 			page 20


 702 0032 0993     		str	r3, [sp, #36]
 380:Src/tim.c     ****   sConfig.IC2Prescaler = TIM_ICPSC_DIV1;
 703              		.loc 1 380 3 is_stmt 1 view .LVU222
 381:Src/tim.c     ****   sConfig.IC2Filter = 0;
 704              		.loc 1 381 3 view .LVU223
 382:Src/tim.c     ****   if (HAL_TIM_Encoder_Init(&htim8, &sConfig) != HAL_OK)
 705              		.loc 1 382 3 view .LVU224
 706              		.loc 1 382 7 is_stmt 0 view .LVU225
 707 0034 03A9     		add	r1, sp, #12
 708 0036 FFF7FEFF 		bl	HAL_TIM_Encoder_Init
 709              	.LVL30:
 710              		.loc 1 382 6 view .LVU226
 711 003a 58B9     		cbnz	r0, .L53
 712              	.L50:
 383:Src/tim.c     ****   {
 384:Src/tim.c     ****     Error_Handler();
 385:Src/tim.c     ****   }
 386:Src/tim.c     ****   sMasterConfig.MasterOutputTrigger = TIM_TRGO_RESET;
 713              		.loc 1 386 3 is_stmt 1 view .LVU227
 714              		.loc 1 386 37 is_stmt 0 view .LVU228
 715 003c 0023     		movs	r3, #0
 716 003e 0093     		str	r3, [sp]
 387:Src/tim.c     ****   sMasterConfig.MasterOutputTrigger2 = TIM_TRGO2_RESET;
 717              		.loc 1 387 3 is_stmt 1 view .LVU229
 718              		.loc 1 387 38 is_stmt 0 view .LVU230
 719 0040 0193     		str	r3, [sp, #4]
 388:Src/tim.c     ****   sMasterConfig.MasterSlaveMode = TIM_MASTERSLAVEMODE_DISABLE;
 720              		.loc 1 388 3 is_stmt 1 view .LVU231
 721              		.loc 1 388 33 is_stmt 0 view .LVU232
 722 0042 0293     		str	r3, [sp, #8]
 389:Src/tim.c     ****   if (HAL_TIMEx_MasterConfigSynchronization(&htim8, &sMasterConfig) != HAL_OK)
 723              		.loc 1 389 3 is_stmt 1 view .LVU233
 724              		.loc 1 389 7 is_stmt 0 view .LVU234
 725 0044 6946     		mov	r1, sp
 726 0046 0648     		ldr	r0, .L55
 727 0048 FFF7FEFF 		bl	HAL_TIMEx_MasterConfigSynchronization
 728              	.LVL31:
 729              		.loc 1 389 6 view .LVU235
 730 004c 28B9     		cbnz	r0, .L54
 731              	.L49:
 390:Src/tim.c     ****   {
 391:Src/tim.c     ****     Error_Handler();
 392:Src/tim.c     ****   }
 393:Src/tim.c     ****   /* USER CODE BEGIN TIM8_Init 2 */
 394:Src/tim.c     **** 
 395:Src/tim.c     ****   /* USER CODE END TIM8_Init 2 */
 396:Src/tim.c     **** 
 397:Src/tim.c     **** }
 732              		.loc 1 397 1 view .LVU236
 733 004e 0DB0     		add	sp, sp, #52
 734              	.LCFI22:
 735              		.cfi_remember_state
 736              		.cfi_def_cfa_offset 4
 737              		@ sp needed
 738 0050 5DF804FB 		ldr	pc, [sp], #4
 739              	.L53:
 740              	.LCFI23:
ARM GAS  C:\Users\simon\AppData\Local\Temp\ccXl5Ypg.s 			page 21


 741              		.cfi_restore_state
 384:Src/tim.c     ****   }
 742              		.loc 1 384 5 is_stmt 1 view .LVU237
 743 0054 FFF7FEFF 		bl	Error_Handler
 744              	.LVL32:
 745 0058 F0E7     		b	.L50
 746              	.L54:
 391:Src/tim.c     ****   }
 747              		.loc 1 391 5 view .LVU238
 748 005a FFF7FEFF 		bl	Error_Handler
 749              	.LVL33:
 750              		.loc 1 397 1 is_stmt 0 view .LVU239
 751 005e F6E7     		b	.L49
 752              	.L56:
 753              		.align	2
 754              	.L55:
 755 0060 00000000 		.word	.LANCHOR5
 756 0064 00040140 		.word	1073808384
 757              		.cfi_endproc
 758              	.LFE338:
 760              		.section	.text.MX_TIM12_Init,"ax",%progbits
 761              		.align	1
 762              		.global	MX_TIM12_Init
 763              		.syntax unified
 764              		.thumb
 765              		.thumb_func
 767              	MX_TIM12_Init:
 768              	.LFB339:
 398:Src/tim.c     **** /* TIM12 init function */
 399:Src/tim.c     **** void MX_TIM12_Init(void)
 400:Src/tim.c     **** {
 769              		.loc 1 400 1 is_stmt 1 view -0
 770              		.cfi_startproc
 771              		@ args = 0, pretend = 0, frame = 40
 772              		@ frame_needed = 0, uses_anonymous_args = 0
 773 0000 00B5     		push	{lr}
 774              	.LCFI24:
 775              		.cfi_def_cfa_offset 4
 776              		.cfi_offset 14, -4
 777 0002 8BB0     		sub	sp, sp, #44
 778              	.LCFI25:
 779              		.cfi_def_cfa_offset 48
 401:Src/tim.c     **** 
 402:Src/tim.c     ****   /* USER CODE BEGIN TIM12_Init 0 */
 403:Src/tim.c     **** 
 404:Src/tim.c     ****   /* USER CODE END TIM12_Init 0 */
 405:Src/tim.c     **** 
 406:Src/tim.c     ****   TIM_SlaveConfigTypeDef sSlaveConfig = {0};
 780              		.loc 1 406 3 view .LVU241
 781              		.loc 1 406 26 is_stmt 0 view .LVU242
 782 0004 0023     		movs	r3, #0
 783 0006 0593     		str	r3, [sp, #20]
 784 0008 0693     		str	r3, [sp, #24]
 785 000a 0793     		str	r3, [sp, #28]
 786 000c 0893     		str	r3, [sp, #32]
 787 000e 0993     		str	r3, [sp, #36]
 407:Src/tim.c     ****   TIM_IC_InitTypeDef sConfigIC = {0};
ARM GAS  C:\Users\simon\AppData\Local\Temp\ccXl5Ypg.s 			page 22


 788              		.loc 1 407 3 is_stmt 1 view .LVU243
 789              		.loc 1 407 22 is_stmt 0 view .LVU244
 790 0010 0193     		str	r3, [sp, #4]
 791 0012 0293     		str	r3, [sp, #8]
 792 0014 0393     		str	r3, [sp, #12]
 793 0016 0493     		str	r3, [sp, #16]
 408:Src/tim.c     **** 
 409:Src/tim.c     ****   /* USER CODE BEGIN TIM12_Init 1 */
 410:Src/tim.c     **** 
 411:Src/tim.c     ****   /* USER CODE END TIM12_Init 1 */
 412:Src/tim.c     ****   htim12.Instance = TIM12;
 794              		.loc 1 412 3 is_stmt 1 view .LVU245
 795              		.loc 1 412 19 is_stmt 0 view .LVU246
 796 0018 1E48     		ldr	r0, .L67
 797 001a 1F4A     		ldr	r2, .L67+4
 798 001c 0260     		str	r2, [r0]
 413:Src/tim.c     ****   htim12.Init.Prescaler = 0;
 799              		.loc 1 413 3 is_stmt 1 view .LVU247
 800              		.loc 1 413 25 is_stmt 0 view .LVU248
 801 001e 4360     		str	r3, [r0, #4]
 414:Src/tim.c     ****   htim12.Init.CounterMode = TIM_COUNTERMODE_UP;
 802              		.loc 1 414 3 is_stmt 1 view .LVU249
 803              		.loc 1 414 27 is_stmt 0 view .LVU250
 804 0020 8360     		str	r3, [r0, #8]
 415:Src/tim.c     ****   htim12.Init.Period = 65535;
 805              		.loc 1 415 3 is_stmt 1 view .LVU251
 806              		.loc 1 415 22 is_stmt 0 view .LVU252
 807 0022 4FF6FF72 		movw	r2, #65535
 808 0026 C260     		str	r2, [r0, #12]
 416:Src/tim.c     ****   htim12.Init.ClockDivision = TIM_CLOCKDIVISION_DIV1;
 809              		.loc 1 416 3 is_stmt 1 view .LVU253
 810              		.loc 1 416 29 is_stmt 0 view .LVU254
 811 0028 0361     		str	r3, [r0, #16]
 417:Src/tim.c     ****   htim12.Init.AutoReloadPreload = TIM_AUTORELOAD_PRELOAD_DISABLE;
 812              		.loc 1 417 3 is_stmt 1 view .LVU255
 813              		.loc 1 417 33 is_stmt 0 view .LVU256
 814 002a 8361     		str	r3, [r0, #24]
 418:Src/tim.c     ****   if (HAL_TIM_IC_Init(&htim12) != HAL_OK)
 815              		.loc 1 418 3 is_stmt 1 view .LVU257
 816              		.loc 1 418 7 is_stmt 0 view .LVU258
 817 002c FFF7FEFF 		bl	HAL_TIM_IC_Init
 818              	.LVL34:
 819              		.loc 1 418 6 view .LVU259
 820 0030 20BB     		cbnz	r0, .L63
 821              	.L58:
 419:Src/tim.c     ****   {
 420:Src/tim.c     ****     Error_Handler();
 421:Src/tim.c     ****   }
 422:Src/tim.c     ****   sSlaveConfig.SlaveMode = TIM_SLAVEMODE_RESET;
 822              		.loc 1 422 3 is_stmt 1 view .LVU260
 823              		.loc 1 422 26 is_stmt 0 view .LVU261
 824 0032 0423     		movs	r3, #4
 825 0034 0593     		str	r3, [sp, #20]
 423:Src/tim.c     ****   sSlaveConfig.InputTrigger = TIM_TS_TI1FP1;
 826              		.loc 1 423 3 is_stmt 1 view .LVU262
 827              		.loc 1 423 29 is_stmt 0 view .LVU263
 828 0036 5023     		movs	r3, #80
ARM GAS  C:\Users\simon\AppData\Local\Temp\ccXl5Ypg.s 			page 23


 829 0038 0693     		str	r3, [sp, #24]
 424:Src/tim.c     ****   sSlaveConfig.TriggerPolarity = TIM_INPUTCHANNELPOLARITY_RISING;
 830              		.loc 1 424 3 is_stmt 1 view .LVU264
 831              		.loc 1 424 32 is_stmt 0 view .LVU265
 832 003a 0023     		movs	r3, #0
 833 003c 0793     		str	r3, [sp, #28]
 425:Src/tim.c     ****   sSlaveConfig.TriggerPrescaler = TIM_ICPSC_DIV1;
 834              		.loc 1 425 3 is_stmt 1 view .LVU266
 835              		.loc 1 425 33 is_stmt 0 view .LVU267
 836 003e 0893     		str	r3, [sp, #32]
 426:Src/tim.c     ****   sSlaveConfig.TriggerFilter = 0;
 837              		.loc 1 426 3 is_stmt 1 view .LVU268
 838              		.loc 1 426 30 is_stmt 0 view .LVU269
 839 0040 0993     		str	r3, [sp, #36]
 427:Src/tim.c     ****   if (HAL_TIM_SlaveConfigSynchro(&htim12, &sSlaveConfig) != HAL_OK)
 840              		.loc 1 427 3 is_stmt 1 view .LVU270
 841              		.loc 1 427 7 is_stmt 0 view .LVU271
 842 0042 05A9     		add	r1, sp, #20
 843 0044 1348     		ldr	r0, .L67
 844 0046 FFF7FEFF 		bl	HAL_TIM_SlaveConfigSynchro
 845              	.LVL35:
 846              		.loc 1 427 6 view .LVU272
 847 004a D0B9     		cbnz	r0, .L64
 848              	.L59:
 428:Src/tim.c     ****   {
 429:Src/tim.c     ****     Error_Handler();
 430:Src/tim.c     ****   }
 431:Src/tim.c     ****   sConfigIC.ICPolarity = TIM_INPUTCHANNELPOLARITY_RISING;
 849              		.loc 1 431 3 is_stmt 1 view .LVU273
 850              		.loc 1 431 24 is_stmt 0 view .LVU274
 851 004c 0022     		movs	r2, #0
 852 004e 0192     		str	r2, [sp, #4]
 432:Src/tim.c     ****   sConfigIC.ICSelection = TIM_ICSELECTION_DIRECTTI;
 853              		.loc 1 432 3 is_stmt 1 view .LVU275
 854              		.loc 1 432 25 is_stmt 0 view .LVU276
 855 0050 0123     		movs	r3, #1
 856 0052 0293     		str	r3, [sp, #8]
 433:Src/tim.c     ****   sConfigIC.ICPrescaler = TIM_ICPSC_DIV1;
 857              		.loc 1 433 3 is_stmt 1 view .LVU277
 858              		.loc 1 433 25 is_stmt 0 view .LVU278
 859 0054 0392     		str	r2, [sp, #12]
 434:Src/tim.c     ****   sConfigIC.ICFilter = 0;
 860              		.loc 1 434 3 is_stmt 1 view .LVU279
 861              		.loc 1 434 22 is_stmt 0 view .LVU280
 862 0056 0492     		str	r2, [sp, #16]
 435:Src/tim.c     ****   if (HAL_TIM_IC_ConfigChannel(&htim12, &sConfigIC, TIM_CHANNEL_1) != HAL_OK)
 863              		.loc 1 435 3 is_stmt 1 view .LVU281
 864              		.loc 1 435 7 is_stmt 0 view .LVU282
 865 0058 01A9     		add	r1, sp, #4
 866 005a 0E48     		ldr	r0, .L67
 867 005c FFF7FEFF 		bl	HAL_TIM_IC_ConfigChannel
 868              	.LVL36:
 869              		.loc 1 435 6 view .LVU283
 870 0060 90B9     		cbnz	r0, .L65
 871              	.L60:
 436:Src/tim.c     ****   {
 437:Src/tim.c     ****     Error_Handler();
ARM GAS  C:\Users\simon\AppData\Local\Temp\ccXl5Ypg.s 			page 24


 438:Src/tim.c     ****   }
 439:Src/tim.c     ****   sConfigIC.ICPolarity = TIM_INPUTCHANNELPOLARITY_FALLING;
 872              		.loc 1 439 3 is_stmt 1 view .LVU284
 873              		.loc 1 439 24 is_stmt 0 view .LVU285
 874 0062 0223     		movs	r3, #2
 875 0064 0193     		str	r3, [sp, #4]
 440:Src/tim.c     ****   sConfigIC.ICSelection = TIM_ICSELECTION_INDIRECTTI;
 876              		.loc 1 440 3 is_stmt 1 view .LVU286
 877              		.loc 1 440 25 is_stmt 0 view .LVU287
 878 0066 0293     		str	r3, [sp, #8]
 441:Src/tim.c     ****   if (HAL_TIM_IC_ConfigChannel(&htim12, &sConfigIC, TIM_CHANNEL_2) != HAL_OK)
 879              		.loc 1 441 3 is_stmt 1 view .LVU288
 880              		.loc 1 441 7 is_stmt 0 view .LVU289
 881 0068 0422     		movs	r2, #4
 882 006a 0DEB0201 		add	r1, sp, r2
 883 006e 0948     		ldr	r0, .L67
 884 0070 FFF7FEFF 		bl	HAL_TIM_IC_ConfigChannel
 885              	.LVL37:
 886              		.loc 1 441 6 view .LVU290
 887 0074 58B9     		cbnz	r0, .L66
 888              	.L57:
 442:Src/tim.c     ****   {
 443:Src/tim.c     ****     Error_Handler();
 444:Src/tim.c     ****   }
 445:Src/tim.c     ****   /* USER CODE BEGIN TIM12_Init 2 */
 446:Src/tim.c     **** 
 447:Src/tim.c     ****   /* USER CODE END TIM12_Init 2 */
 448:Src/tim.c     **** 
 449:Src/tim.c     **** }
 889              		.loc 1 449 1 view .LVU291
 890 0076 0BB0     		add	sp, sp, #44
 891              	.LCFI26:
 892              		.cfi_remember_state
 893              		.cfi_def_cfa_offset 4
 894              		@ sp needed
 895 0078 5DF804FB 		ldr	pc, [sp], #4
 896              	.L63:
 897              	.LCFI27:
 898              		.cfi_restore_state
 420:Src/tim.c     ****   }
 899              		.loc 1 420 5 is_stmt 1 view .LVU292
 900 007c FFF7FEFF 		bl	Error_Handler
 901              	.LVL38:
 902 0080 D7E7     		b	.L58
 903              	.L64:
 429:Src/tim.c     ****   }
 904              		.loc 1 429 5 view .LVU293
 905 0082 FFF7FEFF 		bl	Error_Handler
 906              	.LVL39:
 907 0086 E1E7     		b	.L59
 908              	.L65:
 437:Src/tim.c     ****   }
 909              		.loc 1 437 5 view .LVU294
 910 0088 FFF7FEFF 		bl	Error_Handler
 911              	.LVL40:
 912 008c E9E7     		b	.L60
 913              	.L66:
ARM GAS  C:\Users\simon\AppData\Local\Temp\ccXl5Ypg.s 			page 25


 443:Src/tim.c     ****   }
 914              		.loc 1 443 5 view .LVU295
 915 008e FFF7FEFF 		bl	Error_Handler
 916              	.LVL41:
 917              		.loc 1 449 1 is_stmt 0 view .LVU296
 918 0092 F0E7     		b	.L57
 919              	.L68:
 920              		.align	2
 921              	.L67:
 922 0094 00000000 		.word	.LANCHOR6
 923 0098 00180040 		.word	1073747968
 924              		.cfi_endproc
 925              	.LFE339:
 927              		.section	.text.MX_TIM13_Init,"ax",%progbits
 928              		.align	1
 929              		.global	MX_TIM13_Init
 930              		.syntax unified
 931              		.thumb
 932              		.thumb_func
 934              	MX_TIM13_Init:
 935              	.LFB340:
 450:Src/tim.c     **** /* TIM13 init function */
 451:Src/tim.c     **** void MX_TIM13_Init(void)
 452:Src/tim.c     **** {
 936              		.loc 1 452 1 is_stmt 1 view -0
 937              		.cfi_startproc
 938              		@ args = 0, pretend = 0, frame = 0
 939              		@ frame_needed = 0, uses_anonymous_args = 0
 940 0000 08B5     		push	{r3, lr}
 941              	.LCFI28:
 942              		.cfi_def_cfa_offset 8
 943              		.cfi_offset 3, -8
 944              		.cfi_offset 14, -4
 453:Src/tim.c     **** 
 454:Src/tim.c     ****   /* USER CODE BEGIN TIM13_Init 0 */
 455:Src/tim.c     **** 
 456:Src/tim.c     ****   /* USER CODE END TIM13_Init 0 */
 457:Src/tim.c     **** 
 458:Src/tim.c     ****   /* USER CODE BEGIN TIM13_Init 1 */
 459:Src/tim.c     **** 
 460:Src/tim.c     ****   /* USER CODE END TIM13_Init 1 */
 461:Src/tim.c     ****   htim13.Instance = TIM13;
 945              		.loc 1 461 3 view .LVU298
 946              		.loc 1 461 19 is_stmt 0 view .LVU299
 947 0002 0948     		ldr	r0, .L73
 948 0004 094B     		ldr	r3, .L73+4
 949 0006 0360     		str	r3, [r0]
 462:Src/tim.c     ****   htim13.Init.Prescaler = 0;
 950              		.loc 1 462 3 is_stmt 1 view .LVU300
 951              		.loc 1 462 25 is_stmt 0 view .LVU301
 952 0008 0023     		movs	r3, #0
 953 000a 4360     		str	r3, [r0, #4]
 463:Src/tim.c     ****   htim13.Init.CounterMode = TIM_COUNTERMODE_UP;
 954              		.loc 1 463 3 is_stmt 1 view .LVU302
 955              		.loc 1 463 27 is_stmt 0 view .LVU303
 956 000c 8360     		str	r3, [r0, #8]
 464:Src/tim.c     ****   htim13.Init.Period = 65535;
ARM GAS  C:\Users\simon\AppData\Local\Temp\ccXl5Ypg.s 			page 26


 957              		.loc 1 464 3 is_stmt 1 view .LVU304
 958              		.loc 1 464 22 is_stmt 0 view .LVU305
 959 000e 4FF6FF72 		movw	r2, #65535
 960 0012 C260     		str	r2, [r0, #12]
 465:Src/tim.c     ****   htim13.Init.ClockDivision = TIM_CLOCKDIVISION_DIV1;
 961              		.loc 1 465 3 is_stmt 1 view .LVU306
 962              		.loc 1 465 29 is_stmt 0 view .LVU307
 963 0014 0361     		str	r3, [r0, #16]
 466:Src/tim.c     ****   htim13.Init.AutoReloadPreload = TIM_AUTORELOAD_PRELOAD_DISABLE;
 964              		.loc 1 466 3 is_stmt 1 view .LVU308
 965              		.loc 1 466 33 is_stmt 0 view .LVU309
 966 0016 8361     		str	r3, [r0, #24]
 467:Src/tim.c     ****   if (HAL_TIM_Base_Init(&htim13) != HAL_OK)
 967              		.loc 1 467 3 is_stmt 1 view .LVU310
 968              		.loc 1 467 7 is_stmt 0 view .LVU311
 969 0018 FFF7FEFF 		bl	HAL_TIM_Base_Init
 970              	.LVL42:
 971              		.loc 1 467 6 view .LVU312
 972 001c 00B9     		cbnz	r0, .L72
 973              	.L69:
 468:Src/tim.c     ****   {
 469:Src/tim.c     ****     Error_Handler();
 470:Src/tim.c     ****   }
 471:Src/tim.c     ****   /* USER CODE BEGIN TIM13_Init 2 */
 472:Src/tim.c     **** 
 473:Src/tim.c     ****   /* USER CODE END TIM13_Init 2 */
 474:Src/tim.c     **** 
 475:Src/tim.c     **** }
 974              		.loc 1 475 1 view .LVU313
 975 001e 08BD     		pop	{r3, pc}
 976              	.L72:
 469:Src/tim.c     ****   }
 977              		.loc 1 469 5 is_stmt 1 view .LVU314
 978 0020 FFF7FEFF 		bl	Error_Handler
 979              	.LVL43:
 980              		.loc 1 475 1 is_stmt 0 view .LVU315
 981 0024 FBE7     		b	.L69
 982              	.L74:
 983 0026 00BF     		.align	2
 984              	.L73:
 985 0028 00000000 		.word	.LANCHOR7
 986 002c 001C0040 		.word	1073748992
 987              		.cfi_endproc
 988              	.LFE340:
 990              		.section	.text.MX_TIM15_Init,"ax",%progbits
 991              		.align	1
 992              		.global	MX_TIM15_Init
 993              		.syntax unified
 994              		.thumb
 995              		.thumb_func
 997              	MX_TIM15_Init:
 998              	.LFB342:
 476:Src/tim.c     **** /* TIM14 init function */
 477:Src/tim.c     **** void MX_TIM14_Init(void)
 478:Src/tim.c     **** {
 479:Src/tim.c     **** 
 480:Src/tim.c     ****   /* USER CODE BEGIN TIM14_Init 0 */
ARM GAS  C:\Users\simon\AppData\Local\Temp\ccXl5Ypg.s 			page 27


 481:Src/tim.c     **** 
 482:Src/tim.c     ****   /* USER CODE END TIM14_Init 0 */
 483:Src/tim.c     **** 
 484:Src/tim.c     ****   TIM_OC_InitTypeDef sConfigOC = {0};
 485:Src/tim.c     **** 
 486:Src/tim.c     ****   /* USER CODE BEGIN TIM14_Init 1 */
 487:Src/tim.c     **** 
 488:Src/tim.c     ****   /* USER CODE END TIM14_Init 1 */
 489:Src/tim.c     ****   htim14.Instance = TIM14;
 490:Src/tim.c     ****   htim14.Init.Prescaler = 0;
 491:Src/tim.c     ****   htim14.Init.CounterMode = TIM_COUNTERMODE_UP;
 492:Src/tim.c     ****   htim14.Init.Period = 65535;
 493:Src/tim.c     ****   htim14.Init.ClockDivision = TIM_CLOCKDIVISION_DIV1;
 494:Src/tim.c     ****   htim14.Init.AutoReloadPreload = TIM_AUTORELOAD_PRELOAD_DISABLE;
 495:Src/tim.c     ****   if (HAL_TIM_Base_Init(&htim14) != HAL_OK)
 496:Src/tim.c     ****   {
 497:Src/tim.c     ****     Error_Handler();
 498:Src/tim.c     ****   }
 499:Src/tim.c     ****   if (HAL_TIM_PWM_Init(&htim14) != HAL_OK)
 500:Src/tim.c     ****   {
 501:Src/tim.c     ****     Error_Handler();
 502:Src/tim.c     ****   }
 503:Src/tim.c     ****   sConfigOC.OCMode = TIM_OCMODE_PWM1;
 504:Src/tim.c     ****   sConfigOC.Pulse = 0;
 505:Src/tim.c     ****   sConfigOC.OCPolarity = TIM_OCPOLARITY_HIGH;
 506:Src/tim.c     ****   sConfigOC.OCFastMode = TIM_OCFAST_DISABLE;
 507:Src/tim.c     ****   if (HAL_TIM_PWM_ConfigChannel(&htim14, &sConfigOC, TIM_CHANNEL_1) != HAL_OK)
 508:Src/tim.c     ****   {
 509:Src/tim.c     ****     Error_Handler();
 510:Src/tim.c     ****   }
 511:Src/tim.c     ****   /* USER CODE BEGIN TIM14_Init 2 */
 512:Src/tim.c     **** 
 513:Src/tim.c     ****   /* USER CODE END TIM14_Init 2 */
 514:Src/tim.c     ****   HAL_TIM_MspPostInit(&htim14);
 515:Src/tim.c     **** 
 516:Src/tim.c     **** }
 517:Src/tim.c     **** /* TIM15 init function */
 518:Src/tim.c     **** void MX_TIM15_Init(void)
 519:Src/tim.c     **** {
 999              		.loc 1 519 1 is_stmt 1 view -0
 1000              		.cfi_startproc
 1001              		@ args = 0, pretend = 0, frame = 32
 1002              		@ frame_needed = 0, uses_anonymous_args = 0
 1003 0000 00B5     		push	{lr}
 1004              	.LCFI29:
 1005              		.cfi_def_cfa_offset 4
 1006              		.cfi_offset 14, -4
 1007 0002 89B0     		sub	sp, sp, #36
 1008              	.LCFI30:
 1009              		.cfi_def_cfa_offset 40
 520:Src/tim.c     **** 
 521:Src/tim.c     ****   /* USER CODE BEGIN TIM15_Init 0 */
 522:Src/tim.c     **** 
 523:Src/tim.c     ****   /* USER CODE END TIM15_Init 0 */
 524:Src/tim.c     **** 
 525:Src/tim.c     ****   TIM_MasterConfigTypeDef sMasterConfig = {0};
 1010              		.loc 1 525 3 view .LVU317
ARM GAS  C:\Users\simon\AppData\Local\Temp\ccXl5Ypg.s 			page 28


 1011              		.loc 1 525 27 is_stmt 0 view .LVU318
 1012 0004 0023     		movs	r3, #0
 1013 0006 0593     		str	r3, [sp, #20]
 1014 0008 0693     		str	r3, [sp, #24]
 1015 000a 0793     		str	r3, [sp, #28]
 526:Src/tim.c     ****   TIM_IC_InitTypeDef sConfigIC = {0};
 1016              		.loc 1 526 3 is_stmt 1 view .LVU319
 1017              		.loc 1 526 22 is_stmt 0 view .LVU320
 1018 000c 0193     		str	r3, [sp, #4]
 1019 000e 0293     		str	r3, [sp, #8]
 1020 0010 0393     		str	r3, [sp, #12]
 1021 0012 0493     		str	r3, [sp, #16]
 527:Src/tim.c     **** 
 528:Src/tim.c     ****   /* USER CODE BEGIN TIM15_Init 1 */
 529:Src/tim.c     **** 
 530:Src/tim.c     ****   /* USER CODE END TIM15_Init 1 */
 531:Src/tim.c     ****   htim15.Instance = TIM15;
 1022              		.loc 1 531 3 is_stmt 1 view .LVU321
 1023              		.loc 1 531 19 is_stmt 0 view .LVU322
 1024 0014 1748     		ldr	r0, .L83
 1025 0016 184A     		ldr	r2, .L83+4
 1026 0018 0260     		str	r2, [r0]
 532:Src/tim.c     ****   htim15.Init.Prescaler = 0;
 1027              		.loc 1 532 3 is_stmt 1 view .LVU323
 1028              		.loc 1 532 25 is_stmt 0 view .LVU324
 1029 001a 4360     		str	r3, [r0, #4]
 533:Src/tim.c     ****   htim15.Init.CounterMode = TIM_COUNTERMODE_UP;
 1030              		.loc 1 533 3 is_stmt 1 view .LVU325
 1031              		.loc 1 533 27 is_stmt 0 view .LVU326
 1032 001c 8360     		str	r3, [r0, #8]
 534:Src/tim.c     ****   htim15.Init.Period = 65535;
 1033              		.loc 1 534 3 is_stmt 1 view .LVU327
 1034              		.loc 1 534 22 is_stmt 0 view .LVU328
 1035 001e 4FF6FF72 		movw	r2, #65535
 1036 0022 C260     		str	r2, [r0, #12]
 535:Src/tim.c     ****   htim15.Init.ClockDivision = TIM_CLOCKDIVISION_DIV1;
 1037              		.loc 1 535 3 is_stmt 1 view .LVU329
 1038              		.loc 1 535 29 is_stmt 0 view .LVU330
 1039 0024 0361     		str	r3, [r0, #16]
 536:Src/tim.c     ****   htim15.Init.RepetitionCounter = 0;
 1040              		.loc 1 536 3 is_stmt 1 view .LVU331
 1041              		.loc 1 536 33 is_stmt 0 view .LVU332
 1042 0026 4361     		str	r3, [r0, #20]
 537:Src/tim.c     ****   htim15.Init.AutoReloadPreload = TIM_AUTORELOAD_PRELOAD_DISABLE;
 1043              		.loc 1 537 3 is_stmt 1 view .LVU333
 1044              		.loc 1 537 33 is_stmt 0 view .LVU334
 1045 0028 8361     		str	r3, [r0, #24]
 538:Src/tim.c     ****   if (HAL_TIM_IC_Init(&htim15) != HAL_OK)
 1046              		.loc 1 538 3 is_stmt 1 view .LVU335
 1047              		.loc 1 538 7 is_stmt 0 view .LVU336
 1048 002a FFF7FEFF 		bl	HAL_TIM_IC_Init
 1049              	.LVL44:
 1050              		.loc 1 538 6 view .LVU337
 1051 002e B8B9     		cbnz	r0, .L80
 1052              	.L76:
 539:Src/tim.c     ****   {
 540:Src/tim.c     ****     Error_Handler();
ARM GAS  C:\Users\simon\AppData\Local\Temp\ccXl5Ypg.s 			page 29


 541:Src/tim.c     ****   }
 542:Src/tim.c     ****   sMasterConfig.MasterOutputTrigger = TIM_TRGO_RESET;
 1053              		.loc 1 542 3 is_stmt 1 view .LVU338
 1054              		.loc 1 542 37 is_stmt 0 view .LVU339
 1055 0030 0023     		movs	r3, #0
 1056 0032 0593     		str	r3, [sp, #20]
 543:Src/tim.c     ****   sMasterConfig.MasterSlaveMode = TIM_MASTERSLAVEMODE_DISABLE;
 1057              		.loc 1 543 3 is_stmt 1 view .LVU340
 1058              		.loc 1 543 33 is_stmt 0 view .LVU341
 1059 0034 0793     		str	r3, [sp, #28]
 544:Src/tim.c     ****   if (HAL_TIMEx_MasterConfigSynchronization(&htim15, &sMasterConfig) != HAL_OK)
 1060              		.loc 1 544 3 is_stmt 1 view .LVU342
 1061              		.loc 1 544 7 is_stmt 0 view .LVU343
 1062 0036 05A9     		add	r1, sp, #20
 1063 0038 0E48     		ldr	r0, .L83
 1064 003a FFF7FEFF 		bl	HAL_TIMEx_MasterConfigSynchronization
 1065              	.LVL45:
 1066              		.loc 1 544 6 view .LVU344
 1067 003e 90B9     		cbnz	r0, .L81
 1068              	.L77:
 545:Src/tim.c     ****   {
 546:Src/tim.c     ****     Error_Handler();
 547:Src/tim.c     ****   }
 548:Src/tim.c     ****   sConfigIC.ICPolarity = TIM_INPUTCHANNELPOLARITY_RISING;
 1069              		.loc 1 548 3 is_stmt 1 view .LVU345
 1070              		.loc 1 548 24 is_stmt 0 view .LVU346
 1071 0040 0023     		movs	r3, #0
 1072 0042 0193     		str	r3, [sp, #4]
 549:Src/tim.c     ****   sConfigIC.ICSelection = TIM_ICSELECTION_DIRECTTI;
 1073              		.loc 1 549 3 is_stmt 1 view .LVU347
 1074              		.loc 1 549 25 is_stmt 0 view .LVU348
 1075 0044 0122     		movs	r2, #1
 1076 0046 0292     		str	r2, [sp, #8]
 550:Src/tim.c     ****   sConfigIC.ICPrescaler = TIM_ICPSC_DIV1;
 1077              		.loc 1 550 3 is_stmt 1 view .LVU349
 1078              		.loc 1 550 25 is_stmt 0 view .LVU350
 1079 0048 0393     		str	r3, [sp, #12]
 551:Src/tim.c     ****   sConfigIC.ICFilter = 0;
 1080              		.loc 1 551 3 is_stmt 1 view .LVU351
 1081              		.loc 1 551 22 is_stmt 0 view .LVU352
 1082 004a 0493     		str	r3, [sp, #16]
 552:Src/tim.c     ****   if (HAL_TIM_IC_ConfigChannel(&htim15, &sConfigIC, TIM_CHANNEL_2) != HAL_OK)
 1083              		.loc 1 552 3 is_stmt 1 view .LVU353
 1084              		.loc 1 552 7 is_stmt 0 view .LVU354
 1085 004c 0422     		movs	r2, #4
 1086 004e 0DEB0201 		add	r1, sp, r2
 1087 0052 0848     		ldr	r0, .L83
 1088 0054 FFF7FEFF 		bl	HAL_TIM_IC_ConfigChannel
 1089              	.LVL46:
 1090              		.loc 1 552 6 view .LVU355
 1091 0058 40B9     		cbnz	r0, .L82
 1092              	.L75:
 553:Src/tim.c     ****   {
 554:Src/tim.c     ****     Error_Handler();
 555:Src/tim.c     ****   }
 556:Src/tim.c     ****   /* USER CODE BEGIN TIM15_Init 2 */
 557:Src/tim.c     **** 
ARM GAS  C:\Users\simon\AppData\Local\Temp\ccXl5Ypg.s 			page 30


 558:Src/tim.c     ****   /* USER CODE END TIM15_Init 2 */
 559:Src/tim.c     **** 
 560:Src/tim.c     **** }
 1093              		.loc 1 560 1 view .LVU356
 1094 005a 09B0     		add	sp, sp, #36
 1095              	.LCFI31:
 1096              		.cfi_remember_state
 1097              		.cfi_def_cfa_offset 4
 1098              		@ sp needed
 1099 005c 5DF804FB 		ldr	pc, [sp], #4
 1100              	.L80:
 1101              	.LCFI32:
 1102              		.cfi_restore_state
 540:Src/tim.c     ****   }
 1103              		.loc 1 540 5 is_stmt 1 view .LVU357
 1104 0060 FFF7FEFF 		bl	Error_Handler
 1105              	.LVL47:
 1106 0064 E4E7     		b	.L76
 1107              	.L81:
 546:Src/tim.c     ****   }
 1108              		.loc 1 546 5 view .LVU358
 1109 0066 FFF7FEFF 		bl	Error_Handler
 1110              	.LVL48:
 1111 006a E9E7     		b	.L77
 1112              	.L82:
 554:Src/tim.c     ****   }
 1113              		.loc 1 554 5 view .LVU359
 1114 006c FFF7FEFF 		bl	Error_Handler
 1115              	.LVL49:
 1116              		.loc 1 560 1 is_stmt 0 view .LVU360
 1117 0070 F3E7     		b	.L75
 1118              	.L84:
 1119 0072 00BF     		.align	2
 1120              	.L83:
 1121 0074 00000000 		.word	.LANCHOR8
 1122 0078 00400140 		.word	1073823744
 1123              		.cfi_endproc
 1124              	.LFE342:
 1126              		.section	.text.MX_TIM16_Init,"ax",%progbits
 1127              		.align	1
 1128              		.global	MX_TIM16_Init
 1129              		.syntax unified
 1130              		.thumb
 1131              		.thumb_func
 1133              	MX_TIM16_Init:
 1134              	.LFB343:
 561:Src/tim.c     **** /* TIM16 init function */
 562:Src/tim.c     **** void MX_TIM16_Init(void)
 563:Src/tim.c     **** {
 1135              		.loc 1 563 1 is_stmt 1 view -0
 1136              		.cfi_startproc
 1137              		@ args = 0, pretend = 0, frame = 0
 1138              		@ frame_needed = 0, uses_anonymous_args = 0
 1139 0000 08B5     		push	{r3, lr}
 1140              	.LCFI33:
 1141              		.cfi_def_cfa_offset 8
 1142              		.cfi_offset 3, -8
ARM GAS  C:\Users\simon\AppData\Local\Temp\ccXl5Ypg.s 			page 31


 1143              		.cfi_offset 14, -4
 564:Src/tim.c     **** 
 565:Src/tim.c     ****   /* USER CODE BEGIN TIM16_Init 0 */
 566:Src/tim.c     **** 
 567:Src/tim.c     ****   /* USER CODE END TIM16_Init 0 */
 568:Src/tim.c     **** 
 569:Src/tim.c     ****   /* USER CODE BEGIN TIM16_Init 1 */
 570:Src/tim.c     **** 
 571:Src/tim.c     ****   /* USER CODE END TIM16_Init 1 */
 572:Src/tim.c     ****   htim16.Instance = TIM16;
 1144              		.loc 1 572 3 view .LVU362
 1145              		.loc 1 572 19 is_stmt 0 view .LVU363
 1146 0002 0948     		ldr	r0, .L89
 1147 0004 094B     		ldr	r3, .L89+4
 1148 0006 0360     		str	r3, [r0]
 573:Src/tim.c     ****   htim16.Init.Prescaler = 0;
 1149              		.loc 1 573 3 is_stmt 1 view .LVU364
 1150              		.loc 1 573 25 is_stmt 0 view .LVU365
 1151 0008 0023     		movs	r3, #0
 1152 000a 4360     		str	r3, [r0, #4]
 574:Src/tim.c     ****   htim16.Init.CounterMode = TIM_COUNTERMODE_UP;
 1153              		.loc 1 574 3 is_stmt 1 view .LVU366
 1154              		.loc 1 574 27 is_stmt 0 view .LVU367
 1155 000c 8360     		str	r3, [r0, #8]
 575:Src/tim.c     ****   htim16.Init.Period = 65535;
 1156              		.loc 1 575 3 is_stmt 1 view .LVU368
 1157              		.loc 1 575 22 is_stmt 0 view .LVU369
 1158 000e 4FF6FF72 		movw	r2, #65535
 1159 0012 C260     		str	r2, [r0, #12]
 576:Src/tim.c     ****   htim16.Init.ClockDivision = TIM_CLOCKDIVISION_DIV1;
 1160              		.loc 1 576 3 is_stmt 1 view .LVU370
 1161              		.loc 1 576 29 is_stmt 0 view .LVU371
 1162 0014 0361     		str	r3, [r0, #16]
 577:Src/tim.c     ****   htim16.Init.RepetitionCounter = 0;
 1163              		.loc 1 577 3 is_stmt 1 view .LVU372
 1164              		.loc 1 577 33 is_stmt 0 view .LVU373
 1165 0016 4361     		str	r3, [r0, #20]
 578:Src/tim.c     ****   htim16.Init.AutoReloadPreload = TIM_AUTORELOAD_PRELOAD_DISABLE;
 1166              		.loc 1 578 3 is_stmt 1 view .LVU374
 1167              		.loc 1 578 33 is_stmt 0 view .LVU375
 1168 0018 8361     		str	r3, [r0, #24]
 579:Src/tim.c     ****   if (HAL_TIM_Base_Init(&htim16) != HAL_OK)
 1169              		.loc 1 579 3 is_stmt 1 view .LVU376
 1170              		.loc 1 579 7 is_stmt 0 view .LVU377
 1171 001a FFF7FEFF 		bl	HAL_TIM_Base_Init
 1172              	.LVL50:
 1173              		.loc 1 579 6 view .LVU378
 1174 001e 00B9     		cbnz	r0, .L88
 1175              	.L85:
 580:Src/tim.c     ****   {
 581:Src/tim.c     ****     Error_Handler();
 582:Src/tim.c     ****   }
 583:Src/tim.c     ****   /* USER CODE BEGIN TIM16_Init 2 */
 584:Src/tim.c     **** 
 585:Src/tim.c     ****   /* USER CODE END TIM16_Init 2 */
 586:Src/tim.c     **** 
 587:Src/tim.c     **** }
ARM GAS  C:\Users\simon\AppData\Local\Temp\ccXl5Ypg.s 			page 32


 1176              		.loc 1 587 1 view .LVU379
 1177 0020 08BD     		pop	{r3, pc}
 1178              	.L88:
 581:Src/tim.c     ****   }
 1179              		.loc 1 581 5 is_stmt 1 view .LVU380
 1180 0022 FFF7FEFF 		bl	Error_Handler
 1181              	.LVL51:
 1182              		.loc 1 587 1 is_stmt 0 view .LVU381
 1183 0026 FBE7     		b	.L85
 1184              	.L90:
 1185              		.align	2
 1186              	.L89:
 1187 0028 00000000 		.word	.LANCHOR9
 1188 002c 00440140 		.word	1073824768
 1189              		.cfi_endproc
 1190              	.LFE343:
 1192              		.section	.text.MX_TIM17_Init,"ax",%progbits
 1193              		.align	1
 1194              		.global	MX_TIM17_Init
 1195              		.syntax unified
 1196              		.thumb
 1197              		.thumb_func
 1199              	MX_TIM17_Init:
 1200              	.LFB344:
 588:Src/tim.c     **** /* TIM17 init function */
 589:Src/tim.c     **** void MX_TIM17_Init(void)
 590:Src/tim.c     **** {
 1201              		.loc 1 590 1 is_stmt 1 view -0
 1202              		.cfi_startproc
 1203              		@ args = 0, pretend = 0, frame = 0
 1204              		@ frame_needed = 0, uses_anonymous_args = 0
 1205 0000 08B5     		push	{r3, lr}
 1206              	.LCFI34:
 1207              		.cfi_def_cfa_offset 8
 1208              		.cfi_offset 3, -8
 1209              		.cfi_offset 14, -4
 591:Src/tim.c     **** 
 592:Src/tim.c     ****   /* USER CODE BEGIN TIM17_Init 0 */
 593:Src/tim.c     **** 
 594:Src/tim.c     ****   /* USER CODE END TIM17_Init 0 */
 595:Src/tim.c     **** 
 596:Src/tim.c     ****   /* USER CODE BEGIN TIM17_Init 1 */
 597:Src/tim.c     **** 
 598:Src/tim.c     ****   /* USER CODE END TIM17_Init 1 */
 599:Src/tim.c     ****   htim17.Instance = TIM17;
 1210              		.loc 1 599 3 view .LVU383
 1211              		.loc 1 599 19 is_stmt 0 view .LVU384
 1212 0002 0948     		ldr	r0, .L95
 1213 0004 094B     		ldr	r3, .L95+4
 1214 0006 0360     		str	r3, [r0]
 600:Src/tim.c     ****   htim17.Init.Prescaler = 0;
 1215              		.loc 1 600 3 is_stmt 1 view .LVU385
 1216              		.loc 1 600 25 is_stmt 0 view .LVU386
 1217 0008 0023     		movs	r3, #0
 1218 000a 4360     		str	r3, [r0, #4]
 601:Src/tim.c     ****   htim17.Init.CounterMode = TIM_COUNTERMODE_UP;
 1219              		.loc 1 601 3 is_stmt 1 view .LVU387
ARM GAS  C:\Users\simon\AppData\Local\Temp\ccXl5Ypg.s 			page 33


 1220              		.loc 1 601 27 is_stmt 0 view .LVU388
 1221 000c 8360     		str	r3, [r0, #8]
 602:Src/tim.c     ****   htim17.Init.Period = 65535;
 1222              		.loc 1 602 3 is_stmt 1 view .LVU389
 1223              		.loc 1 602 22 is_stmt 0 view .LVU390
 1224 000e 4FF6FF72 		movw	r2, #65535
 1225 0012 C260     		str	r2, [r0, #12]
 603:Src/tim.c     ****   htim17.Init.ClockDivision = TIM_CLOCKDIVISION_DIV1;
 1226              		.loc 1 603 3 is_stmt 1 view .LVU391
 1227              		.loc 1 603 29 is_stmt 0 view .LVU392
 1228 0014 0361     		str	r3, [r0, #16]
 604:Src/tim.c     ****   htim17.Init.RepetitionCounter = 0;
 1229              		.loc 1 604 3 is_stmt 1 view .LVU393
 1230              		.loc 1 604 33 is_stmt 0 view .LVU394
 1231 0016 4361     		str	r3, [r0, #20]
 605:Src/tim.c     ****   htim17.Init.AutoReloadPreload = TIM_AUTORELOAD_PRELOAD_DISABLE;
 1232              		.loc 1 605 3 is_stmt 1 view .LVU395
 1233              		.loc 1 605 33 is_stmt 0 view .LVU396
 1234 0018 8361     		str	r3, [r0, #24]
 606:Src/tim.c     ****   if (HAL_TIM_Base_Init(&htim17) != HAL_OK)
 1235              		.loc 1 606 3 is_stmt 1 view .LVU397
 1236              		.loc 1 606 7 is_stmt 0 view .LVU398
 1237 001a FFF7FEFF 		bl	HAL_TIM_Base_Init
 1238              	.LVL52:
 1239              		.loc 1 606 6 view .LVU399
 1240 001e 00B9     		cbnz	r0, .L94
 1241              	.L91:
 607:Src/tim.c     ****   {
 608:Src/tim.c     ****     Error_Handler();
 609:Src/tim.c     ****   }
 610:Src/tim.c     ****   /* USER CODE BEGIN TIM17_Init 2 */
 611:Src/tim.c     **** 
 612:Src/tim.c     ****   /* USER CODE END TIM17_Init 2 */
 613:Src/tim.c     **** 
 614:Src/tim.c     **** }
 1242              		.loc 1 614 1 view .LVU400
 1243 0020 08BD     		pop	{r3, pc}
 1244              	.L94:
 608:Src/tim.c     ****   }
 1245              		.loc 1 608 5 is_stmt 1 view .LVU401
 1246 0022 FFF7FEFF 		bl	Error_Handler
 1247              	.LVL53:
 1248              		.loc 1 614 1 is_stmt 0 view .LVU402
 1249 0026 FBE7     		b	.L91
 1250              	.L96:
 1251              		.align	2
 1252              	.L95:
 1253 0028 00000000 		.word	.LANCHOR10
 1254 002c 00480140 		.word	1073825792
 1255              		.cfi_endproc
 1256              	.LFE344:
 1258              		.section	.text.HAL_TIM_Base_MspInit,"ax",%progbits
 1259              		.align	1
 1260              		.global	HAL_TIM_Base_MspInit
 1261              		.syntax unified
 1262              		.thumb
 1263              		.thumb_func
ARM GAS  C:\Users\simon\AppData\Local\Temp\ccXl5Ypg.s 			page 34


 1265              	HAL_TIM_Base_MspInit:
 1266              	.LVL54:
 1267              	.LFB345:
 615:Src/tim.c     **** 
 616:Src/tim.c     **** void HAL_TIM_Base_MspInit(TIM_HandleTypeDef* tim_baseHandle)
 617:Src/tim.c     **** {
 1268              		.loc 1 617 1 is_stmt 1 view -0
 1269              		.cfi_startproc
 1270              		@ args = 0, pretend = 0, frame = 56
 1271              		@ frame_needed = 0, uses_anonymous_args = 0
 1272              		.loc 1 617 1 is_stmt 0 view .LVU404
 1273 0000 00B5     		push	{lr}
 1274              	.LCFI35:
 1275              		.cfi_def_cfa_offset 4
 1276              		.cfi_offset 14, -4
 1277 0002 8FB0     		sub	sp, sp, #60
 1278              	.LCFI36:
 1279              		.cfi_def_cfa_offset 64
 618:Src/tim.c     **** 
 619:Src/tim.c     ****   GPIO_InitTypeDef GPIO_InitStruct = {0};
 1280              		.loc 1 619 3 is_stmt 1 view .LVU405
 1281              		.loc 1 619 20 is_stmt 0 view .LVU406
 1282 0004 0023     		movs	r3, #0
 1283 0006 0993     		str	r3, [sp, #36]
 1284 0008 0A93     		str	r3, [sp, #40]
 1285 000a 0B93     		str	r3, [sp, #44]
 1286 000c 0C93     		str	r3, [sp, #48]
 1287 000e 0D93     		str	r3, [sp, #52]
 620:Src/tim.c     ****   if(tim_baseHandle->Instance==TIM1)
 1288              		.loc 1 620 3 is_stmt 1 view .LVU407
 1289              		.loc 1 620 20 is_stmt 0 view .LVU408
 1290 0010 0368     		ldr	r3, [r0]
 1291              		.loc 1 620 5 view .LVU409
 1292 0012 594A     		ldr	r2, .L114
 1293 0014 9342     		cmp	r3, r2
 1294 0016 24D0     		beq	.L107
 621:Src/tim.c     ****   {
 622:Src/tim.c     ****   /* USER CODE BEGIN TIM1_MspInit 0 */
 623:Src/tim.c     **** 
 624:Src/tim.c     ****   /* USER CODE END TIM1_MspInit 0 */
 625:Src/tim.c     ****     /* TIM1 clock enable */
 626:Src/tim.c     ****     __HAL_RCC_TIM1_CLK_ENABLE();
 627:Src/tim.c     **** 
 628:Src/tim.c     ****     /* TIM1 interrupt Init */
 629:Src/tim.c     ****     HAL_NVIC_SetPriority(TIM1_UP_IRQn, 0, 0);
 630:Src/tim.c     ****     HAL_NVIC_EnableIRQ(TIM1_UP_IRQn);
 631:Src/tim.c     ****   /* USER CODE BEGIN TIM1_MspInit 1 */
 632:Src/tim.c     **** 
 633:Src/tim.c     ****   /* USER CODE END TIM1_MspInit 1 */
 634:Src/tim.c     ****   }
 635:Src/tim.c     ****   else if(tim_baseHandle->Instance==TIM4)
 1295              		.loc 1 635 8 is_stmt 1 view .LVU410
 1296              		.loc 1 635 10 is_stmt 0 view .LVU411
 1297 0018 584A     		ldr	r2, .L114+4
 1298 001a 9342     		cmp	r3, r2
 1299 001c 37D0     		beq	.L108
 636:Src/tim.c     ****   {
ARM GAS  C:\Users\simon\AppData\Local\Temp\ccXl5Ypg.s 			page 35


 637:Src/tim.c     ****   /* USER CODE BEGIN TIM4_MspInit 0 */
 638:Src/tim.c     **** 
 639:Src/tim.c     ****   /* USER CODE END TIM4_MspInit 0 */
 640:Src/tim.c     ****     /* TIM4 clock enable */
 641:Src/tim.c     ****     __HAL_RCC_TIM4_CLK_ENABLE();
 642:Src/tim.c     **** 
 643:Src/tim.c     ****     __HAL_RCC_GPIOB_CLK_ENABLE();
 644:Src/tim.c     ****     /**TIM4 GPIO Configuration
 645:Src/tim.c     ****     PB8     ------> TIM4_CH3
 646:Src/tim.c     ****     */
 647:Src/tim.c     ****     GPIO_InitStruct.Pin = GPIO_PIN_8;
 648:Src/tim.c     ****     GPIO_InitStruct.Mode = GPIO_MODE_AF_PP;
 649:Src/tim.c     ****     GPIO_InitStruct.Pull = GPIO_NOPULL;
 650:Src/tim.c     ****     GPIO_InitStruct.Speed = GPIO_SPEED_FREQ_LOW;
 651:Src/tim.c     ****     GPIO_InitStruct.Alternate = GPIO_AF2_TIM4;
 652:Src/tim.c     ****     HAL_GPIO_Init(GPIOB, &GPIO_InitStruct);
 653:Src/tim.c     **** 
 654:Src/tim.c     ****     /* TIM4 interrupt Init */
 655:Src/tim.c     ****     HAL_NVIC_SetPriority(TIM4_IRQn, 0, 0);
 656:Src/tim.c     ****     HAL_NVIC_EnableIRQ(TIM4_IRQn);
 657:Src/tim.c     ****   /* USER CODE BEGIN TIM4_MspInit 1 */
 658:Src/tim.c     **** 
 659:Src/tim.c     ****   /* USER CODE END TIM4_MspInit 1 */
 660:Src/tim.c     ****   }
 661:Src/tim.c     ****   else if(tim_baseHandle->Instance==TIM6)
 1300              		.loc 1 661 8 is_stmt 1 view .LVU412
 1301              		.loc 1 661 10 is_stmt 0 view .LVU413
 1302 001e 584A     		ldr	r2, .L114+8
 1303 0020 9342     		cmp	r3, r2
 1304 0022 60D0     		beq	.L109
 662:Src/tim.c     ****   {
 663:Src/tim.c     ****   /* USER CODE BEGIN TIM6_MspInit 0 */
 664:Src/tim.c     **** 
 665:Src/tim.c     ****   /* USER CODE END TIM6_MspInit 0 */
 666:Src/tim.c     ****     /* TIM6 clock enable */
 667:Src/tim.c     ****     __HAL_RCC_TIM6_CLK_ENABLE();
 668:Src/tim.c     ****   /* USER CODE BEGIN TIM6_MspInit 1 */
 669:Src/tim.c     **** 
 670:Src/tim.c     ****   /* USER CODE END TIM6_MspInit 1 */
 671:Src/tim.c     ****   }
 672:Src/tim.c     ****   else if(tim_baseHandle->Instance==TIM7)
 1305              		.loc 1 672 8 is_stmt 1 view .LVU414
 1306              		.loc 1 672 10 is_stmt 0 view .LVU415
 1307 0024 574A     		ldr	r2, .L114+12
 1308 0026 9342     		cmp	r3, r2
 1309 0028 6DD0     		beq	.L110
 673:Src/tim.c     ****   {
 674:Src/tim.c     ****   /* USER CODE BEGIN TIM7_MspInit 0 */
 675:Src/tim.c     **** 
 676:Src/tim.c     ****   /* USER CODE END TIM7_MspInit 0 */
 677:Src/tim.c     ****     /* TIM7 clock enable */
 678:Src/tim.c     ****     __HAL_RCC_TIM7_CLK_ENABLE();
 679:Src/tim.c     ****   /* USER CODE BEGIN TIM7_MspInit 1 */
 680:Src/tim.c     **** 
 681:Src/tim.c     ****   /* USER CODE END TIM7_MspInit 1 */
 682:Src/tim.c     ****   }
 683:Src/tim.c     ****   else if(tim_baseHandle->Instance==TIM13)
ARM GAS  C:\Users\simon\AppData\Local\Temp\ccXl5Ypg.s 			page 36


 1310              		.loc 1 683 8 is_stmt 1 view .LVU416
 1311              		.loc 1 683 10 is_stmt 0 view .LVU417
 1312 002a 574A     		ldr	r2, .L114+16
 1313 002c 9342     		cmp	r3, r2
 1314 002e 78D0     		beq	.L111
 684:Src/tim.c     ****   {
 685:Src/tim.c     ****   /* USER CODE BEGIN TIM13_MspInit 0 */
 686:Src/tim.c     **** 
 687:Src/tim.c     ****   /* USER CODE END TIM13_MspInit 0 */
 688:Src/tim.c     ****     /* TIM13 clock enable */
 689:Src/tim.c     ****     __HAL_RCC_TIM13_CLK_ENABLE();
 690:Src/tim.c     ****   /* USER CODE BEGIN TIM13_MspInit 1 */
 691:Src/tim.c     **** 
 692:Src/tim.c     ****   /* USER CODE END TIM13_MspInit 1 */
 693:Src/tim.c     ****   }
 694:Src/tim.c     ****   else if(tim_baseHandle->Instance==TIM14)
 1315              		.loc 1 694 8 is_stmt 1 view .LVU418
 1316              		.loc 1 694 10 is_stmt 0 view .LVU419
 1317 0030 564A     		ldr	r2, .L114+20
 1318 0032 9342     		cmp	r3, r2
 1319 0034 00F08380 		beq	.L112
 695:Src/tim.c     ****   {
 696:Src/tim.c     ****   /* USER CODE BEGIN TIM14_MspInit 0 */
 697:Src/tim.c     **** 
 698:Src/tim.c     ****   /* USER CODE END TIM14_MspInit 0 */
 699:Src/tim.c     ****     /* TIM14 clock enable */
 700:Src/tim.c     ****     __HAL_RCC_TIM14_CLK_ENABLE();
 701:Src/tim.c     ****   /* USER CODE BEGIN TIM14_MspInit 1 */
 702:Src/tim.c     **** 
 703:Src/tim.c     ****   /* USER CODE END TIM14_MspInit 1 */
 704:Src/tim.c     ****   }
 705:Src/tim.c     ****   else if(tim_baseHandle->Instance==TIM16)
 1320              		.loc 1 705 8 is_stmt 1 view .LVU420
 1321              		.loc 1 705 10 is_stmt 0 view .LVU421
 1322 0038 554A     		ldr	r2, .L114+24
 1323 003a 9342     		cmp	r3, r2
 1324 003c 00F08D80 		beq	.L113
 706:Src/tim.c     ****   {
 707:Src/tim.c     ****   /* USER CODE BEGIN TIM16_MspInit 0 */
 708:Src/tim.c     **** 
 709:Src/tim.c     ****   /* USER CODE END TIM16_MspInit 0 */
 710:Src/tim.c     ****     /* TIM16 clock enable */
 711:Src/tim.c     ****     __HAL_RCC_TIM16_CLK_ENABLE();
 712:Src/tim.c     ****   /* USER CODE BEGIN TIM16_MspInit 1 */
 713:Src/tim.c     **** 
 714:Src/tim.c     ****   /* USER CODE END TIM16_MspInit 1 */
 715:Src/tim.c     ****   }
 716:Src/tim.c     ****   else if(tim_baseHandle->Instance==TIM17)
 1325              		.loc 1 716 8 is_stmt 1 view .LVU422
 1326              		.loc 1 716 10 is_stmt 0 view .LVU423
 1327 0040 544A     		ldr	r2, .L114+28
 1328 0042 9342     		cmp	r3, r2
 1329 0044 5CD1     		bne	.L97
 717:Src/tim.c     ****   {
 718:Src/tim.c     ****   /* USER CODE BEGIN TIM17_MspInit 0 */
 719:Src/tim.c     **** 
 720:Src/tim.c     ****   /* USER CODE END TIM17_MspInit 0 */
ARM GAS  C:\Users\simon\AppData\Local\Temp\ccXl5Ypg.s 			page 37


 721:Src/tim.c     ****     /* TIM17 clock enable */
 722:Src/tim.c     ****     __HAL_RCC_TIM17_CLK_ENABLE();
 1330              		.loc 1 722 5 is_stmt 1 view .LVU424
 1331              	.LBB2:
 1332              		.loc 1 722 5 view .LVU425
 1333              		.loc 1 722 5 view .LVU426
 1334 0046 544B     		ldr	r3, .L114+32
 1335 0048 D3F8F020 		ldr	r2, [r3, #240]
 1336 004c 42F48022 		orr	r2, r2, #262144
 1337 0050 C3F8F020 		str	r2, [r3, #240]
 1338              		.loc 1 722 5 view .LVU427
 1339 0054 D3F8F030 		ldr	r3, [r3, #240]
 1340 0058 03F48023 		and	r3, r3, #262144
 1341 005c 0893     		str	r3, [sp, #32]
 1342              		.loc 1 722 5 view .LVU428
 1343 005e 089B     		ldr	r3, [sp, #32]
 1344              	.LBE2:
 1345              		.loc 1 722 5 view .LVU429
 723:Src/tim.c     ****   /* USER CODE BEGIN TIM17_MspInit 1 */
 724:Src/tim.c     **** 
 725:Src/tim.c     ****   /* USER CODE END TIM17_MspInit 1 */
 726:Src/tim.c     ****   }
 727:Src/tim.c     **** }
 1346              		.loc 1 727 1 is_stmt 0 view .LVU430
 1347 0060 4EE0     		b	.L97
 1348              	.L107:
 626:Src/tim.c     **** 
 1349              		.loc 1 626 5 is_stmt 1 view .LVU431
 1350              	.LBB3:
 626:Src/tim.c     **** 
 1351              		.loc 1 626 5 view .LVU432
 626:Src/tim.c     **** 
 1352              		.loc 1 626 5 view .LVU433
 1353 0062 4D4B     		ldr	r3, .L114+32
 1354 0064 D3F8F020 		ldr	r2, [r3, #240]
 1355 0068 42F00102 		orr	r2, r2, #1
 1356 006c C3F8F020 		str	r2, [r3, #240]
 626:Src/tim.c     **** 
 1357              		.loc 1 626 5 view .LVU434
 1358 0070 D3F8F030 		ldr	r3, [r3, #240]
 1359 0074 03F00103 		and	r3, r3, #1
 1360 0078 0093     		str	r3, [sp]
 626:Src/tim.c     **** 
 1361              		.loc 1 626 5 view .LVU435
 1362 007a 009B     		ldr	r3, [sp]
 1363              	.LBE3:
 626:Src/tim.c     **** 
 1364              		.loc 1 626 5 view .LVU436
 629:Src/tim.c     ****     HAL_NVIC_EnableIRQ(TIM1_UP_IRQn);
 1365              		.loc 1 629 5 view .LVU437
 1366 007c 0022     		movs	r2, #0
 1367 007e 1146     		mov	r1, r2
 1368 0080 1920     		movs	r0, #25
 1369              	.LVL55:
 629:Src/tim.c     ****     HAL_NVIC_EnableIRQ(TIM1_UP_IRQn);
 1370              		.loc 1 629 5 is_stmt 0 view .LVU438
 1371 0082 FFF7FEFF 		bl	HAL_NVIC_SetPriority
ARM GAS  C:\Users\simon\AppData\Local\Temp\ccXl5Ypg.s 			page 38


 1372              	.LVL56:
 630:Src/tim.c     ****   /* USER CODE BEGIN TIM1_MspInit 1 */
 1373              		.loc 1 630 5 is_stmt 1 view .LVU439
 1374 0086 1920     		movs	r0, #25
 1375 0088 FFF7FEFF 		bl	HAL_NVIC_EnableIRQ
 1376              	.LVL57:
 1377 008c 38E0     		b	.L97
 1378              	.LVL58:
 1379              	.L108:
 641:Src/tim.c     **** 
 1380              		.loc 1 641 5 view .LVU440
 1381              	.LBB4:
 641:Src/tim.c     **** 
 1382              		.loc 1 641 5 view .LVU441
 641:Src/tim.c     **** 
 1383              		.loc 1 641 5 view .LVU442
 1384 008e 424B     		ldr	r3, .L114+32
 1385 0090 D3F8E820 		ldr	r2, [r3, #232]
 1386 0094 42F00402 		orr	r2, r2, #4
 1387 0098 C3F8E820 		str	r2, [r3, #232]
 641:Src/tim.c     **** 
 1388              		.loc 1 641 5 view .LVU443
 1389 009c D3F8E820 		ldr	r2, [r3, #232]
 1390 00a0 02F00402 		and	r2, r2, #4
 1391 00a4 0192     		str	r2, [sp, #4]
 641:Src/tim.c     **** 
 1392              		.loc 1 641 5 view .LVU444
 1393 00a6 019A     		ldr	r2, [sp, #4]
 1394              	.LBE4:
 641:Src/tim.c     **** 
 1395              		.loc 1 641 5 view .LVU445
 643:Src/tim.c     ****     /**TIM4 GPIO Configuration
 1396              		.loc 1 643 5 view .LVU446
 1397              	.LBB5:
 643:Src/tim.c     ****     /**TIM4 GPIO Configuration
 1398              		.loc 1 643 5 view .LVU447
 643:Src/tim.c     ****     /**TIM4 GPIO Configuration
 1399              		.loc 1 643 5 view .LVU448
 1400 00a8 D3F8E020 		ldr	r2, [r3, #224]
 1401 00ac 42F00202 		orr	r2, r2, #2
 1402 00b0 C3F8E020 		str	r2, [r3, #224]
 643:Src/tim.c     ****     /**TIM4 GPIO Configuration
 1403              		.loc 1 643 5 view .LVU449
 1404 00b4 D3F8E030 		ldr	r3, [r3, #224]
 1405 00b8 03F00203 		and	r3, r3, #2
 1406 00bc 0293     		str	r3, [sp, #8]
 643:Src/tim.c     ****     /**TIM4 GPIO Configuration
 1407              		.loc 1 643 5 view .LVU450
 1408 00be 029B     		ldr	r3, [sp, #8]
 1409              	.LBE5:
 643:Src/tim.c     ****     /**TIM4 GPIO Configuration
 1410              		.loc 1 643 5 view .LVU451
 647:Src/tim.c     ****     GPIO_InitStruct.Mode = GPIO_MODE_AF_PP;
 1411              		.loc 1 647 5 view .LVU452
 647:Src/tim.c     ****     GPIO_InitStruct.Mode = GPIO_MODE_AF_PP;
 1412              		.loc 1 647 25 is_stmt 0 view .LVU453
 1413 00c0 4FF48073 		mov	r3, #256
ARM GAS  C:\Users\simon\AppData\Local\Temp\ccXl5Ypg.s 			page 39


 1414 00c4 0993     		str	r3, [sp, #36]
 648:Src/tim.c     ****     GPIO_InitStruct.Pull = GPIO_NOPULL;
 1415              		.loc 1 648 5 is_stmt 1 view .LVU454
 648:Src/tim.c     ****     GPIO_InitStruct.Pull = GPIO_NOPULL;
 1416              		.loc 1 648 26 is_stmt 0 view .LVU455
 1417 00c6 0223     		movs	r3, #2
 1418 00c8 0A93     		str	r3, [sp, #40]
 649:Src/tim.c     ****     GPIO_InitStruct.Speed = GPIO_SPEED_FREQ_LOW;
 1419              		.loc 1 649 5 is_stmt 1 view .LVU456
 650:Src/tim.c     ****     GPIO_InitStruct.Alternate = GPIO_AF2_TIM4;
 1420              		.loc 1 650 5 view .LVU457
 651:Src/tim.c     ****     HAL_GPIO_Init(GPIOB, &GPIO_InitStruct);
 1421              		.loc 1 651 5 view .LVU458
 651:Src/tim.c     ****     HAL_GPIO_Init(GPIOB, &GPIO_InitStruct);
 1422              		.loc 1 651 31 is_stmt 0 view .LVU459
 1423 00ca 0D93     		str	r3, [sp, #52]
 652:Src/tim.c     **** 
 1424              		.loc 1 652 5 is_stmt 1 view .LVU460
 1425 00cc 09A9     		add	r1, sp, #36
 1426 00ce 3348     		ldr	r0, .L114+36
 1427              	.LVL59:
 652:Src/tim.c     **** 
 1428              		.loc 1 652 5 is_stmt 0 view .LVU461
 1429 00d0 FFF7FEFF 		bl	HAL_GPIO_Init
 1430              	.LVL60:
 655:Src/tim.c     ****     HAL_NVIC_EnableIRQ(TIM4_IRQn);
 1431              		.loc 1 655 5 is_stmt 1 view .LVU462
 1432 00d4 0022     		movs	r2, #0
 1433 00d6 1146     		mov	r1, r2
 1434 00d8 1E20     		movs	r0, #30
 1435 00da FFF7FEFF 		bl	HAL_NVIC_SetPriority
 1436              	.LVL61:
 656:Src/tim.c     ****   /* USER CODE BEGIN TIM4_MspInit 1 */
 1437              		.loc 1 656 5 view .LVU463
 1438 00de 1E20     		movs	r0, #30
 1439 00e0 FFF7FEFF 		bl	HAL_NVIC_EnableIRQ
 1440              	.LVL62:
 1441 00e4 0CE0     		b	.L97
 1442              	.LVL63:
 1443              	.L109:
 667:Src/tim.c     ****   /* USER CODE BEGIN TIM6_MspInit 1 */
 1444              		.loc 1 667 5 view .LVU464
 1445              	.LBB6:
 667:Src/tim.c     ****   /* USER CODE BEGIN TIM6_MspInit 1 */
 1446              		.loc 1 667 5 view .LVU465
 667:Src/tim.c     ****   /* USER CODE BEGIN TIM6_MspInit 1 */
 1447              		.loc 1 667 5 view .LVU466
 1448 00e6 2C4B     		ldr	r3, .L114+32
 1449 00e8 D3F8E820 		ldr	r2, [r3, #232]
 1450 00ec 42F01002 		orr	r2, r2, #16
 1451 00f0 C3F8E820 		str	r2, [r3, #232]
 667:Src/tim.c     ****   /* USER CODE BEGIN TIM6_MspInit 1 */
 1452              		.loc 1 667 5 view .LVU467
 1453 00f4 D3F8E830 		ldr	r3, [r3, #232]
 1454 00f8 03F01003 		and	r3, r3, #16
 1455 00fc 0393     		str	r3, [sp, #12]
 667:Src/tim.c     ****   /* USER CODE BEGIN TIM6_MspInit 1 */
ARM GAS  C:\Users\simon\AppData\Local\Temp\ccXl5Ypg.s 			page 40


 1456              		.loc 1 667 5 view .LVU468
 1457 00fe 039B     		ldr	r3, [sp, #12]
 1458              	.LBE6:
 667:Src/tim.c     ****   /* USER CODE BEGIN TIM6_MspInit 1 */
 1459              		.loc 1 667 5 view .LVU469
 1460              	.LVL64:
 1461              	.L97:
 1462              		.loc 1 727 1 is_stmt 0 view .LVU470
 1463 0100 0FB0     		add	sp, sp, #60
 1464              	.LCFI37:
 1465              		.cfi_remember_state
 1466              		.cfi_def_cfa_offset 4
 1467              		@ sp needed
 1468 0102 5DF804FB 		ldr	pc, [sp], #4
 1469              	.LVL65:
 1470              	.L110:
 1471              	.LCFI38:
 1472              		.cfi_restore_state
 678:Src/tim.c     ****   /* USER CODE BEGIN TIM7_MspInit 1 */
 1473              		.loc 1 678 5 is_stmt 1 view .LVU471
 1474              	.LBB7:
 678:Src/tim.c     ****   /* USER CODE BEGIN TIM7_MspInit 1 */
 1475              		.loc 1 678 5 view .LVU472
 678:Src/tim.c     ****   /* USER CODE BEGIN TIM7_MspInit 1 */
 1476              		.loc 1 678 5 view .LVU473
 1477 0106 244B     		ldr	r3, .L114+32
 1478 0108 D3F8E820 		ldr	r2, [r3, #232]
 1479 010c 42F02002 		orr	r2, r2, #32
 1480 0110 C3F8E820 		str	r2, [r3, #232]
 678:Src/tim.c     ****   /* USER CODE BEGIN TIM7_MspInit 1 */
 1481              		.loc 1 678 5 view .LVU474
 1482 0114 D3F8E830 		ldr	r3, [r3, #232]
 1483 0118 03F02003 		and	r3, r3, #32
 1484 011c 0493     		str	r3, [sp, #16]
 678:Src/tim.c     ****   /* USER CODE BEGIN TIM7_MspInit 1 */
 1485              		.loc 1 678 5 view .LVU475
 1486 011e 049B     		ldr	r3, [sp, #16]
 1487              	.LBE7:
 678:Src/tim.c     ****   /* USER CODE BEGIN TIM7_MspInit 1 */
 1488              		.loc 1 678 5 view .LVU476
 1489 0120 EEE7     		b	.L97
 1490              	.L111:
 689:Src/tim.c     ****   /* USER CODE BEGIN TIM13_MspInit 1 */
 1491              		.loc 1 689 5 view .LVU477
 1492              	.LBB8:
 689:Src/tim.c     ****   /* USER CODE BEGIN TIM13_MspInit 1 */
 1493              		.loc 1 689 5 view .LVU478
 689:Src/tim.c     ****   /* USER CODE BEGIN TIM13_MspInit 1 */
 1494              		.loc 1 689 5 view .LVU479
 1495 0122 1D4B     		ldr	r3, .L114+32
 1496 0124 D3F8E820 		ldr	r2, [r3, #232]
 1497 0128 42F08002 		orr	r2, r2, #128
 1498 012c C3F8E820 		str	r2, [r3, #232]
 689:Src/tim.c     ****   /* USER CODE BEGIN TIM13_MspInit 1 */
 1499              		.loc 1 689 5 view .LVU480
 1500 0130 D3F8E830 		ldr	r3, [r3, #232]
 1501 0134 03F08003 		and	r3, r3, #128
ARM GAS  C:\Users\simon\AppData\Local\Temp\ccXl5Ypg.s 			page 41


 1502 0138 0593     		str	r3, [sp, #20]
 689:Src/tim.c     ****   /* USER CODE BEGIN TIM13_MspInit 1 */
 1503              		.loc 1 689 5 view .LVU481
 1504 013a 059B     		ldr	r3, [sp, #20]
 1505              	.LBE8:
 689:Src/tim.c     ****   /* USER CODE BEGIN TIM13_MspInit 1 */
 1506              		.loc 1 689 5 view .LVU482
 1507 013c E0E7     		b	.L97
 1508              	.L112:
 700:Src/tim.c     ****   /* USER CODE BEGIN TIM14_MspInit 1 */
 1509              		.loc 1 700 5 view .LVU483
 1510              	.LBB9:
 700:Src/tim.c     ****   /* USER CODE BEGIN TIM14_MspInit 1 */
 1511              		.loc 1 700 5 view .LVU484
 700:Src/tim.c     ****   /* USER CODE BEGIN TIM14_MspInit 1 */
 1512              		.loc 1 700 5 view .LVU485
 1513 013e 164B     		ldr	r3, .L114+32
 1514 0140 D3F8E820 		ldr	r2, [r3, #232]
 1515 0144 42F48072 		orr	r2, r2, #256
 1516 0148 C3F8E820 		str	r2, [r3, #232]
 700:Src/tim.c     ****   /* USER CODE BEGIN TIM14_MspInit 1 */
 1517              		.loc 1 700 5 view .LVU486
 1518 014c D3F8E830 		ldr	r3, [r3, #232]
 1519 0150 03F48073 		and	r3, r3, #256
 1520 0154 0693     		str	r3, [sp, #24]
 700:Src/tim.c     ****   /* USER CODE BEGIN TIM14_MspInit 1 */
 1521              		.loc 1 700 5 view .LVU487
 1522 0156 069B     		ldr	r3, [sp, #24]
 1523              	.LBE9:
 700:Src/tim.c     ****   /* USER CODE BEGIN TIM14_MspInit 1 */
 1524              		.loc 1 700 5 view .LVU488
 1525 0158 D2E7     		b	.L97
 1526              	.L113:
 711:Src/tim.c     ****   /* USER CODE BEGIN TIM16_MspInit 1 */
 1527              		.loc 1 711 5 view .LVU489
 1528              	.LBB10:
 711:Src/tim.c     ****   /* USER CODE BEGIN TIM16_MspInit 1 */
 1529              		.loc 1 711 5 view .LVU490
 711:Src/tim.c     ****   /* USER CODE BEGIN TIM16_MspInit 1 */
 1530              		.loc 1 711 5 view .LVU491
 1531 015a 0F4B     		ldr	r3, .L114+32
 1532 015c D3F8F020 		ldr	r2, [r3, #240]
 1533 0160 42F40032 		orr	r2, r2, #131072
 1534 0164 C3F8F020 		str	r2, [r3, #240]
 711:Src/tim.c     ****   /* USER CODE BEGIN TIM16_MspInit 1 */
 1535              		.loc 1 711 5 view .LVU492
 1536 0168 D3F8F030 		ldr	r3, [r3, #240]
 1537 016c 03F40033 		and	r3, r3, #131072
 1538 0170 0793     		str	r3, [sp, #28]
 711:Src/tim.c     ****   /* USER CODE BEGIN TIM16_MspInit 1 */
 1539              		.loc 1 711 5 view .LVU493
 1540 0172 079B     		ldr	r3, [sp, #28]
 1541              	.LBE10:
 711:Src/tim.c     ****   /* USER CODE BEGIN TIM16_MspInit 1 */
 1542              		.loc 1 711 5 view .LVU494
 1543 0174 C4E7     		b	.L97
 1544              	.L115:
ARM GAS  C:\Users\simon\AppData\Local\Temp\ccXl5Ypg.s 			page 42


 1545 0176 00BF     		.align	2
 1546              	.L114:
 1547 0178 00000140 		.word	1073807360
 1548 017c 00080040 		.word	1073743872
 1549 0180 00100040 		.word	1073745920
 1550 0184 00140040 		.word	1073746944
 1551 0188 001C0040 		.word	1073748992
 1552 018c 00200040 		.word	1073750016
 1553 0190 00440140 		.word	1073824768
 1554 0194 00480140 		.word	1073825792
 1555 0198 00440258 		.word	1476543488
 1556 019c 00040258 		.word	1476527104
 1557              		.cfi_endproc
 1558              	.LFE345:
 1560              		.section	.text.HAL_TIM_IC_MspInit,"ax",%progbits
 1561              		.align	1
 1562              		.global	HAL_TIM_IC_MspInit
 1563              		.syntax unified
 1564              		.thumb
 1565              		.thumb_func
 1567              	HAL_TIM_IC_MspInit:
 1568              	.LVL66:
 1569              	.LFB346:
 728:Src/tim.c     **** 
 729:Src/tim.c     **** void HAL_TIM_IC_MspInit(TIM_HandleTypeDef* tim_icHandle)
 730:Src/tim.c     **** {
 1570              		.loc 1 730 1 view -0
 1571              		.cfi_startproc
 1572              		@ args = 0, pretend = 0, frame = 48
 1573              		@ frame_needed = 0, uses_anonymous_args = 0
 1574              		.loc 1 730 1 is_stmt 0 view .LVU496
 1575 0000 30B5     		push	{r4, r5, lr}
 1576              	.LCFI39:
 1577              		.cfi_def_cfa_offset 12
 1578              		.cfi_offset 4, -12
 1579              		.cfi_offset 5, -8
 1580              		.cfi_offset 14, -4
 1581 0002 8DB0     		sub	sp, sp, #52
 1582              	.LCFI40:
 1583              		.cfi_def_cfa_offset 64
 731:Src/tim.c     **** 
 732:Src/tim.c     ****   GPIO_InitTypeDef GPIO_InitStruct = {0};
 1584              		.loc 1 732 3 is_stmt 1 view .LVU497
 1585              		.loc 1 732 20 is_stmt 0 view .LVU498
 1586 0004 0023     		movs	r3, #0
 1587 0006 0793     		str	r3, [sp, #28]
 1588 0008 0893     		str	r3, [sp, #32]
 1589 000a 0993     		str	r3, [sp, #36]
 1590 000c 0A93     		str	r3, [sp, #40]
 1591 000e 0B93     		str	r3, [sp, #44]
 733:Src/tim.c     ****   if(tim_icHandle->Instance==TIM2)
 1592              		.loc 1 733 3 is_stmt 1 view .LVU499
 1593              		.loc 1 733 18 is_stmt 0 view .LVU500
 1594 0010 0368     		ldr	r3, [r0]
 1595              		.loc 1 733 5 view .LVU501
 1596 0012 B3F1804F 		cmp	r3, #1073741824
 1597 0016 07D0     		beq	.L121
ARM GAS  C:\Users\simon\AppData\Local\Temp\ccXl5Ypg.s 			page 43


 734:Src/tim.c     ****   {
 735:Src/tim.c     ****   /* USER CODE BEGIN TIM2_MspInit 0 */
 736:Src/tim.c     **** 
 737:Src/tim.c     ****   /* USER CODE END TIM2_MspInit 0 */
 738:Src/tim.c     ****     /* TIM2 clock enable */
 739:Src/tim.c     ****     __HAL_RCC_TIM2_CLK_ENABLE();
 740:Src/tim.c     **** 
 741:Src/tim.c     ****     __HAL_RCC_GPIOA_CLK_ENABLE();
 742:Src/tim.c     ****     __HAL_RCC_GPIOB_CLK_ENABLE();
 743:Src/tim.c     ****     /**TIM2 GPIO Configuration
 744:Src/tim.c     ****     PA0     ------> TIM2_CH1
 745:Src/tim.c     ****     PB10     ------> TIM2_CH3
 746:Src/tim.c     ****     */
 747:Src/tim.c     ****     GPIO_InitStruct.Pin = GPIO_PIN_0;
 748:Src/tim.c     ****     GPIO_InitStruct.Mode = GPIO_MODE_AF_PP;
 749:Src/tim.c     ****     GPIO_InitStruct.Pull = GPIO_NOPULL;
 750:Src/tim.c     ****     GPIO_InitStruct.Speed = GPIO_SPEED_FREQ_LOW;
 751:Src/tim.c     ****     GPIO_InitStruct.Alternate = GPIO_AF1_TIM2;
 752:Src/tim.c     ****     HAL_GPIO_Init(GPIOA, &GPIO_InitStruct);
 753:Src/tim.c     **** 
 754:Src/tim.c     ****     GPIO_InitStruct.Pin = GPIO_PIN_10;
 755:Src/tim.c     ****     GPIO_InitStruct.Mode = GPIO_MODE_AF_PP;
 756:Src/tim.c     ****     GPIO_InitStruct.Pull = GPIO_NOPULL;
 757:Src/tim.c     ****     GPIO_InitStruct.Speed = GPIO_SPEED_FREQ_LOW;
 758:Src/tim.c     ****     GPIO_InitStruct.Alternate = GPIO_AF1_TIM2;
 759:Src/tim.c     ****     HAL_GPIO_Init(GPIOB, &GPIO_InitStruct);
 760:Src/tim.c     **** 
 761:Src/tim.c     ****   /* USER CODE BEGIN TIM2_MspInit 1 */
 762:Src/tim.c     **** 
 763:Src/tim.c     ****   /* USER CODE END TIM2_MspInit 1 */
 764:Src/tim.c     ****   }
 765:Src/tim.c     ****   else if(tim_icHandle->Instance==TIM12)
 1598              		.loc 1 765 8 is_stmt 1 view .LVU502
 1599              		.loc 1 765 10 is_stmt 0 view .LVU503
 1600 0018 444A     		ldr	r2, .L124
 1601 001a 9342     		cmp	r3, r2
 1602 001c 3FD0     		beq	.L122
 766:Src/tim.c     ****   {
 767:Src/tim.c     ****   /* USER CODE BEGIN TIM12_MspInit 0 */
 768:Src/tim.c     **** 
 769:Src/tim.c     ****   /* USER CODE END TIM12_MspInit 0 */
 770:Src/tim.c     ****     /* TIM12 clock enable */
 771:Src/tim.c     ****     __HAL_RCC_TIM12_CLK_ENABLE();
 772:Src/tim.c     **** 
 773:Src/tim.c     ****     __HAL_RCC_GPIOH_CLK_ENABLE();
 774:Src/tim.c     ****     /**TIM12 GPIO Configuration
 775:Src/tim.c     ****     PH6     ------> TIM12_CH1
 776:Src/tim.c     ****     */
 777:Src/tim.c     ****     GPIO_InitStruct.Pin = GPIO_PIN_6;
 778:Src/tim.c     ****     GPIO_InitStruct.Mode = GPIO_MODE_AF_PP;
 779:Src/tim.c     ****     GPIO_InitStruct.Pull = GPIO_NOPULL;
 780:Src/tim.c     ****     GPIO_InitStruct.Speed = GPIO_SPEED_FREQ_LOW;
 781:Src/tim.c     ****     GPIO_InitStruct.Alternate = GPIO_AF2_TIM12;
 782:Src/tim.c     ****     HAL_GPIO_Init(GPIOH, &GPIO_InitStruct);
 783:Src/tim.c     **** 
 784:Src/tim.c     ****   /* USER CODE BEGIN TIM12_MspInit 1 */
 785:Src/tim.c     **** 
ARM GAS  C:\Users\simon\AppData\Local\Temp\ccXl5Ypg.s 			page 44


 786:Src/tim.c     ****   /* USER CODE END TIM12_MspInit 1 */
 787:Src/tim.c     ****   }
 788:Src/tim.c     ****   else if(tim_icHandle->Instance==TIM15)
 1603              		.loc 1 788 8 is_stmt 1 view .LVU504
 1604              		.loc 1 788 10 is_stmt 0 view .LVU505
 1605 001e 444A     		ldr	r2, .L124+4
 1606 0020 9342     		cmp	r3, r2
 1607 0022 5FD0     		beq	.L123
 1608              	.LVL67:
 1609              	.L116:
 789:Src/tim.c     ****   {
 790:Src/tim.c     ****   /* USER CODE BEGIN TIM15_MspInit 0 */
 791:Src/tim.c     **** 
 792:Src/tim.c     ****   /* USER CODE END TIM15_MspInit 0 */
 793:Src/tim.c     ****     /* TIM15 clock enable */
 794:Src/tim.c     ****     __HAL_RCC_TIM15_CLK_ENABLE();
 795:Src/tim.c     **** 
 796:Src/tim.c     ****     __HAL_RCC_GPIOE_CLK_ENABLE();
 797:Src/tim.c     ****     /**TIM15 GPIO Configuration
 798:Src/tim.c     ****     PE6     ------> TIM15_CH2
 799:Src/tim.c     ****     */
 800:Src/tim.c     ****     GPIO_InitStruct.Pin = GPIO_PIN_6;
 801:Src/tim.c     ****     GPIO_InitStruct.Mode = GPIO_MODE_AF_PP;
 802:Src/tim.c     ****     GPIO_InitStruct.Pull = GPIO_NOPULL;
 803:Src/tim.c     ****     GPIO_InitStruct.Speed = GPIO_SPEED_FREQ_LOW;
 804:Src/tim.c     ****     GPIO_InitStruct.Alternate = GPIO_AF4_TIM15;
 805:Src/tim.c     ****     HAL_GPIO_Init(GPIOE, &GPIO_InitStruct);
 806:Src/tim.c     **** 
 807:Src/tim.c     ****   /* USER CODE BEGIN TIM15_MspInit 1 */
 808:Src/tim.c     **** 
 809:Src/tim.c     ****   /* USER CODE END TIM15_MspInit 1 */
 810:Src/tim.c     ****   }
 811:Src/tim.c     **** }
 1610              		.loc 1 811 1 view .LVU506
 1611 0024 0DB0     		add	sp, sp, #52
 1612              	.LCFI41:
 1613              		.cfi_remember_state
 1614              		.cfi_def_cfa_offset 12
 1615              		@ sp needed
 1616 0026 30BD     		pop	{r4, r5, pc}
 1617              	.LVL68:
 1618              	.L121:
 1619              	.LCFI42:
 1620              		.cfi_restore_state
 739:Src/tim.c     **** 
 1621              		.loc 1 739 5 is_stmt 1 view .LVU507
 1622              	.LBB11:
 739:Src/tim.c     **** 
 1623              		.loc 1 739 5 view .LVU508
 739:Src/tim.c     **** 
 1624              		.loc 1 739 5 view .LVU509
 1625 0028 424B     		ldr	r3, .L124+8
 1626 002a D3F8E820 		ldr	r2, [r3, #232]
 1627 002e 42F00102 		orr	r2, r2, #1
 1628 0032 C3F8E820 		str	r2, [r3, #232]
 739:Src/tim.c     **** 
 1629              		.loc 1 739 5 view .LVU510
ARM GAS  C:\Users\simon\AppData\Local\Temp\ccXl5Ypg.s 			page 45


 1630 0036 D3F8E820 		ldr	r2, [r3, #232]
 1631 003a 02F00102 		and	r2, r2, #1
 1632 003e 0092     		str	r2, [sp]
 739:Src/tim.c     **** 
 1633              		.loc 1 739 5 view .LVU511
 1634 0040 009A     		ldr	r2, [sp]
 1635              	.LBE11:
 739:Src/tim.c     **** 
 1636              		.loc 1 739 5 view .LVU512
 741:Src/tim.c     ****     __HAL_RCC_GPIOB_CLK_ENABLE();
 1637              		.loc 1 741 5 view .LVU513
 1638              	.LBB12:
 741:Src/tim.c     ****     __HAL_RCC_GPIOB_CLK_ENABLE();
 1639              		.loc 1 741 5 view .LVU514
 741:Src/tim.c     ****     __HAL_RCC_GPIOB_CLK_ENABLE();
 1640              		.loc 1 741 5 view .LVU515
 1641 0042 D3F8E020 		ldr	r2, [r3, #224]
 1642 0046 42F00102 		orr	r2, r2, #1
 1643 004a C3F8E020 		str	r2, [r3, #224]
 741:Src/tim.c     ****     __HAL_RCC_GPIOB_CLK_ENABLE();
 1644              		.loc 1 741 5 view .LVU516
 1645 004e D3F8E020 		ldr	r2, [r3, #224]
 1646 0052 02F00102 		and	r2, r2, #1
 1647 0056 0192     		str	r2, [sp, #4]
 741:Src/tim.c     ****     __HAL_RCC_GPIOB_CLK_ENABLE();
 1648              		.loc 1 741 5 view .LVU517
 1649 0058 019A     		ldr	r2, [sp, #4]
 1650              	.LBE12:
 741:Src/tim.c     ****     __HAL_RCC_GPIOB_CLK_ENABLE();
 1651              		.loc 1 741 5 view .LVU518
 742:Src/tim.c     ****     /**TIM2 GPIO Configuration
 1652              		.loc 1 742 5 view .LVU519
 1653              	.LBB13:
 742:Src/tim.c     ****     /**TIM2 GPIO Configuration
 1654              		.loc 1 742 5 view .LVU520
 742:Src/tim.c     ****     /**TIM2 GPIO Configuration
 1655              		.loc 1 742 5 view .LVU521
 1656 005a D3F8E020 		ldr	r2, [r3, #224]
 1657 005e 42F00202 		orr	r2, r2, #2
 1658 0062 C3F8E020 		str	r2, [r3, #224]
 742:Src/tim.c     ****     /**TIM2 GPIO Configuration
 1659              		.loc 1 742 5 view .LVU522
 1660 0066 D3F8E030 		ldr	r3, [r3, #224]
 1661 006a 03F00203 		and	r3, r3, #2
 1662 006e 0293     		str	r3, [sp, #8]
 742:Src/tim.c     ****     /**TIM2 GPIO Configuration
 1663              		.loc 1 742 5 view .LVU523
 1664 0070 029B     		ldr	r3, [sp, #8]
 1665              	.LBE13:
 742:Src/tim.c     ****     /**TIM2 GPIO Configuration
 1666              		.loc 1 742 5 view .LVU524
 747:Src/tim.c     ****     GPIO_InitStruct.Mode = GPIO_MODE_AF_PP;
 1667              		.loc 1 747 5 view .LVU525
 747:Src/tim.c     ****     GPIO_InitStruct.Mode = GPIO_MODE_AF_PP;
 1668              		.loc 1 747 25 is_stmt 0 view .LVU526
 1669 0072 0124     		movs	r4, #1
 1670 0074 0794     		str	r4, [sp, #28]
ARM GAS  C:\Users\simon\AppData\Local\Temp\ccXl5Ypg.s 			page 46


 748:Src/tim.c     ****     GPIO_InitStruct.Pull = GPIO_NOPULL;
 1671              		.loc 1 748 5 is_stmt 1 view .LVU527
 748:Src/tim.c     ****     GPIO_InitStruct.Pull = GPIO_NOPULL;
 1672              		.loc 1 748 26 is_stmt 0 view .LVU528
 1673 0076 0225     		movs	r5, #2
 1674 0078 0895     		str	r5, [sp, #32]
 749:Src/tim.c     ****     GPIO_InitStruct.Speed = GPIO_SPEED_FREQ_LOW;
 1675              		.loc 1 749 5 is_stmt 1 view .LVU529
 750:Src/tim.c     ****     GPIO_InitStruct.Alternate = GPIO_AF1_TIM2;
 1676              		.loc 1 750 5 view .LVU530
 751:Src/tim.c     ****     HAL_GPIO_Init(GPIOA, &GPIO_InitStruct);
 1677              		.loc 1 751 5 view .LVU531
 751:Src/tim.c     ****     HAL_GPIO_Init(GPIOA, &GPIO_InitStruct);
 1678              		.loc 1 751 31 is_stmt 0 view .LVU532
 1679 007a 0B94     		str	r4, [sp, #44]
 752:Src/tim.c     **** 
 1680              		.loc 1 752 5 is_stmt 1 view .LVU533
 1681 007c 07A9     		add	r1, sp, #28
 1682 007e 2E48     		ldr	r0, .L124+12
 1683              	.LVL69:
 752:Src/tim.c     **** 
 1684              		.loc 1 752 5 is_stmt 0 view .LVU534
 1685 0080 FFF7FEFF 		bl	HAL_GPIO_Init
 1686              	.LVL70:
 754:Src/tim.c     ****     GPIO_InitStruct.Mode = GPIO_MODE_AF_PP;
 1687              		.loc 1 754 5 is_stmt 1 view .LVU535
 754:Src/tim.c     ****     GPIO_InitStruct.Mode = GPIO_MODE_AF_PP;
 1688              		.loc 1 754 25 is_stmt 0 view .LVU536
 1689 0084 4FF48063 		mov	r3, #1024
 1690 0088 0793     		str	r3, [sp, #28]
 755:Src/tim.c     ****     GPIO_InitStruct.Pull = GPIO_NOPULL;
 1691              		.loc 1 755 5 is_stmt 1 view .LVU537
 755:Src/tim.c     ****     GPIO_InitStruct.Pull = GPIO_NOPULL;
 1692              		.loc 1 755 26 is_stmt 0 view .LVU538
 1693 008a 0895     		str	r5, [sp, #32]
 756:Src/tim.c     ****     GPIO_InitStruct.Speed = GPIO_SPEED_FREQ_LOW;
 1694              		.loc 1 756 5 is_stmt 1 view .LVU539
 756:Src/tim.c     ****     GPIO_InitStruct.Speed = GPIO_SPEED_FREQ_LOW;
 1695              		.loc 1 756 26 is_stmt 0 view .LVU540
 1696 008c 0023     		movs	r3, #0
 1697 008e 0993     		str	r3, [sp, #36]
 757:Src/tim.c     ****     GPIO_InitStruct.Alternate = GPIO_AF1_TIM2;
 1698              		.loc 1 757 5 is_stmt 1 view .LVU541
 757:Src/tim.c     ****     GPIO_InitStruct.Alternate = GPIO_AF1_TIM2;
 1699              		.loc 1 757 27 is_stmt 0 view .LVU542
 1700 0090 0A93     		str	r3, [sp, #40]
 758:Src/tim.c     ****     HAL_GPIO_Init(GPIOB, &GPIO_InitStruct);
 1701              		.loc 1 758 5 is_stmt 1 view .LVU543
 758:Src/tim.c     ****     HAL_GPIO_Init(GPIOB, &GPIO_InitStruct);
 1702              		.loc 1 758 31 is_stmt 0 view .LVU544
 1703 0092 0B94     		str	r4, [sp, #44]
 759:Src/tim.c     **** 
 1704              		.loc 1 759 5 is_stmt 1 view .LVU545
 1705 0094 07A9     		add	r1, sp, #28
 1706 0096 2948     		ldr	r0, .L124+16
 1707 0098 FFF7FEFF 		bl	HAL_GPIO_Init
 1708              	.LVL71:
ARM GAS  C:\Users\simon\AppData\Local\Temp\ccXl5Ypg.s 			page 47


 1709 009c C2E7     		b	.L116
 1710              	.LVL72:
 1711              	.L122:
 771:Src/tim.c     **** 
 1712              		.loc 1 771 5 view .LVU546
 1713              	.LBB14:
 771:Src/tim.c     **** 
 1714              		.loc 1 771 5 view .LVU547
 771:Src/tim.c     **** 
 1715              		.loc 1 771 5 view .LVU548
 1716 009e 254B     		ldr	r3, .L124+8
 1717 00a0 D3F8E820 		ldr	r2, [r3, #232]
 1718 00a4 42F04002 		orr	r2, r2, #64
 1719 00a8 C3F8E820 		str	r2, [r3, #232]
 771:Src/tim.c     **** 
 1720              		.loc 1 771 5 view .LVU549
 1721 00ac D3F8E820 		ldr	r2, [r3, #232]
 1722 00b0 02F04002 		and	r2, r2, #64
 1723 00b4 0392     		str	r2, [sp, #12]
 771:Src/tim.c     **** 
 1724              		.loc 1 771 5 view .LVU550
 1725 00b6 039A     		ldr	r2, [sp, #12]
 1726              	.LBE14:
 771:Src/tim.c     **** 
 1727              		.loc 1 771 5 view .LVU551
 773:Src/tim.c     ****     /**TIM12 GPIO Configuration
 1728              		.loc 1 773 5 view .LVU552
 1729              	.LBB15:
 773:Src/tim.c     ****     /**TIM12 GPIO Configuration
 1730              		.loc 1 773 5 view .LVU553
 773:Src/tim.c     ****     /**TIM12 GPIO Configuration
 1731              		.loc 1 773 5 view .LVU554
 1732 00b8 D3F8E020 		ldr	r2, [r3, #224]
 1733 00bc 42F08002 		orr	r2, r2, #128
 1734 00c0 C3F8E020 		str	r2, [r3, #224]
 773:Src/tim.c     ****     /**TIM12 GPIO Configuration
 1735              		.loc 1 773 5 view .LVU555
 1736 00c4 D3F8E030 		ldr	r3, [r3, #224]
 1737 00c8 03F08003 		and	r3, r3, #128
 1738 00cc 0493     		str	r3, [sp, #16]
 773:Src/tim.c     ****     /**TIM12 GPIO Configuration
 1739              		.loc 1 773 5 view .LVU556
 1740 00ce 049B     		ldr	r3, [sp, #16]
 1741              	.LBE15:
 773:Src/tim.c     ****     /**TIM12 GPIO Configuration
 1742              		.loc 1 773 5 view .LVU557
 777:Src/tim.c     ****     GPIO_InitStruct.Mode = GPIO_MODE_AF_PP;
 1743              		.loc 1 777 5 view .LVU558
 777:Src/tim.c     ****     GPIO_InitStruct.Mode = GPIO_MODE_AF_PP;
 1744              		.loc 1 777 25 is_stmt 0 view .LVU559
 1745 00d0 4023     		movs	r3, #64
 1746 00d2 0793     		str	r3, [sp, #28]
 778:Src/tim.c     ****     GPIO_InitStruct.Pull = GPIO_NOPULL;
 1747              		.loc 1 778 5 is_stmt 1 view .LVU560
 778:Src/tim.c     ****     GPIO_InitStruct.Pull = GPIO_NOPULL;
 1748              		.loc 1 778 26 is_stmt 0 view .LVU561
 1749 00d4 0223     		movs	r3, #2
ARM GAS  C:\Users\simon\AppData\Local\Temp\ccXl5Ypg.s 			page 48


 1750 00d6 0893     		str	r3, [sp, #32]
 779:Src/tim.c     ****     GPIO_InitStruct.Speed = GPIO_SPEED_FREQ_LOW;
 1751              		.loc 1 779 5 is_stmt 1 view .LVU562
 780:Src/tim.c     ****     GPIO_InitStruct.Alternate = GPIO_AF2_TIM12;
 1752              		.loc 1 780 5 view .LVU563
 781:Src/tim.c     ****     HAL_GPIO_Init(GPIOH, &GPIO_InitStruct);
 1753              		.loc 1 781 5 view .LVU564
 781:Src/tim.c     ****     HAL_GPIO_Init(GPIOH, &GPIO_InitStruct);
 1754              		.loc 1 781 31 is_stmt 0 view .LVU565
 1755 00d8 0B93     		str	r3, [sp, #44]
 782:Src/tim.c     **** 
 1756              		.loc 1 782 5 is_stmt 1 view .LVU566
 1757 00da 07A9     		add	r1, sp, #28
 1758 00dc 1848     		ldr	r0, .L124+20
 1759              	.LVL73:
 782:Src/tim.c     **** 
 1760              		.loc 1 782 5 is_stmt 0 view .LVU567
 1761 00de FFF7FEFF 		bl	HAL_GPIO_Init
 1762              	.LVL74:
 1763 00e2 9FE7     		b	.L116
 1764              	.LVL75:
 1765              	.L123:
 794:Src/tim.c     **** 
 1766              		.loc 1 794 5 is_stmt 1 view .LVU568
 1767              	.LBB16:
 794:Src/tim.c     **** 
 1768              		.loc 1 794 5 view .LVU569
 794:Src/tim.c     **** 
 1769              		.loc 1 794 5 view .LVU570
 1770 00e4 134B     		ldr	r3, .L124+8
 1771 00e6 D3F8F020 		ldr	r2, [r3, #240]
 1772 00ea 42F48032 		orr	r2, r2, #65536
 1773 00ee C3F8F020 		str	r2, [r3, #240]
 794:Src/tim.c     **** 
 1774              		.loc 1 794 5 view .LVU571
 1775 00f2 D3F8F020 		ldr	r2, [r3, #240]
 1776 00f6 02F48032 		and	r2, r2, #65536
 1777 00fa 0592     		str	r2, [sp, #20]
 794:Src/tim.c     **** 
 1778              		.loc 1 794 5 view .LVU572
 1779 00fc 059A     		ldr	r2, [sp, #20]
 1780              	.LBE16:
 794:Src/tim.c     **** 
 1781              		.loc 1 794 5 view .LVU573
 796:Src/tim.c     ****     /**TIM15 GPIO Configuration
 1782              		.loc 1 796 5 view .LVU574
 1783              	.LBB17:
 796:Src/tim.c     ****     /**TIM15 GPIO Configuration
 1784              		.loc 1 796 5 view .LVU575
 796:Src/tim.c     ****     /**TIM15 GPIO Configuration
 1785              		.loc 1 796 5 view .LVU576
 1786 00fe D3F8E020 		ldr	r2, [r3, #224]
 1787 0102 42F01002 		orr	r2, r2, #16
 1788 0106 C3F8E020 		str	r2, [r3, #224]
 796:Src/tim.c     ****     /**TIM15 GPIO Configuration
 1789              		.loc 1 796 5 view .LVU577
 1790 010a D3F8E030 		ldr	r3, [r3, #224]
ARM GAS  C:\Users\simon\AppData\Local\Temp\ccXl5Ypg.s 			page 49


 1791 010e 03F01003 		and	r3, r3, #16
 1792 0112 0693     		str	r3, [sp, #24]
 796:Src/tim.c     ****     /**TIM15 GPIO Configuration
 1793              		.loc 1 796 5 view .LVU578
 1794 0114 069B     		ldr	r3, [sp, #24]
 1795              	.LBE17:
 796:Src/tim.c     ****     /**TIM15 GPIO Configuration
 1796              		.loc 1 796 5 view .LVU579
 800:Src/tim.c     ****     GPIO_InitStruct.Mode = GPIO_MODE_AF_PP;
 1797              		.loc 1 800 5 view .LVU580
 800:Src/tim.c     ****     GPIO_InitStruct.Mode = GPIO_MODE_AF_PP;
 1798              		.loc 1 800 25 is_stmt 0 view .LVU581
 1799 0116 4023     		movs	r3, #64
 1800 0118 0793     		str	r3, [sp, #28]
 801:Src/tim.c     ****     GPIO_InitStruct.Pull = GPIO_NOPULL;
 1801              		.loc 1 801 5 is_stmt 1 view .LVU582
 801:Src/tim.c     ****     GPIO_InitStruct.Pull = GPIO_NOPULL;
 1802              		.loc 1 801 26 is_stmt 0 view .LVU583
 1803 011a 0223     		movs	r3, #2
 1804 011c 0893     		str	r3, [sp, #32]
 802:Src/tim.c     ****     GPIO_InitStruct.Speed = GPIO_SPEED_FREQ_LOW;
 1805              		.loc 1 802 5 is_stmt 1 view .LVU584
 803:Src/tim.c     ****     GPIO_InitStruct.Alternate = GPIO_AF4_TIM15;
 1806              		.loc 1 803 5 view .LVU585
 804:Src/tim.c     ****     HAL_GPIO_Init(GPIOE, &GPIO_InitStruct);
 1807              		.loc 1 804 5 view .LVU586
 804:Src/tim.c     ****     HAL_GPIO_Init(GPIOE, &GPIO_InitStruct);
 1808              		.loc 1 804 31 is_stmt 0 view .LVU587
 1809 011e 0423     		movs	r3, #4
 1810 0120 0B93     		str	r3, [sp, #44]
 805:Src/tim.c     **** 
 1811              		.loc 1 805 5 is_stmt 1 view .LVU588
 1812 0122 07A9     		add	r1, sp, #28
 1813 0124 0748     		ldr	r0, .L124+24
 1814              	.LVL76:
 805:Src/tim.c     **** 
 1815              		.loc 1 805 5 is_stmt 0 view .LVU589
 1816 0126 FFF7FEFF 		bl	HAL_GPIO_Init
 1817              	.LVL77:
 1818              		.loc 1 811 1 view .LVU590
 1819 012a 7BE7     		b	.L116
 1820              	.L125:
 1821              		.align	2
 1822              	.L124:
 1823 012c 00180040 		.word	1073747968
 1824 0130 00400140 		.word	1073823744
 1825 0134 00440258 		.word	1476543488
 1826 0138 00000258 		.word	1476526080
 1827 013c 00040258 		.word	1476527104
 1828 0140 001C0258 		.word	1476533248
 1829 0144 00100258 		.word	1476530176
 1830              		.cfi_endproc
 1831              	.LFE346:
 1833              		.section	.text.HAL_TIM_PWM_MspInit,"ax",%progbits
 1834              		.align	1
 1835              		.global	HAL_TIM_PWM_MspInit
 1836              		.syntax unified
ARM GAS  C:\Users\simon\AppData\Local\Temp\ccXl5Ypg.s 			page 50


 1837              		.thumb
 1838              		.thumb_func
 1840              	HAL_TIM_PWM_MspInit:
 1841              	.LVL78:
 1842              	.LFB347:
 812:Src/tim.c     **** 
 813:Src/tim.c     **** void HAL_TIM_PWM_MspInit(TIM_HandleTypeDef* tim_pwmHandle)
 814:Src/tim.c     **** {
 1843              		.loc 1 814 1 is_stmt 1 view -0
 1844              		.cfi_startproc
 1845              		@ args = 0, pretend = 0, frame = 8
 1846              		@ frame_needed = 0, uses_anonymous_args = 0
 1847              		@ link register save eliminated.
 815:Src/tim.c     **** 
 816:Src/tim.c     ****   if(tim_pwmHandle->Instance==TIM3)
 1848              		.loc 1 816 3 view .LVU592
 1849              		.loc 1 816 19 is_stmt 0 view .LVU593
 1850 0000 0268     		ldr	r2, [r0]
 1851              		.loc 1 816 5 view .LVU594
 1852 0002 0A4B     		ldr	r3, .L133
 1853 0004 9A42     		cmp	r2, r3
 1854 0006 00D0     		beq	.L132
 1855 0008 7047     		bx	lr
 1856              	.L132:
 814:Src/tim.c     **** 
 1857              		.loc 1 814 1 view .LVU595
 1858 000a 82B0     		sub	sp, sp, #8
 1859              	.LCFI43:
 1860              		.cfi_def_cfa_offset 8
 817:Src/tim.c     ****   {
 818:Src/tim.c     ****   /* USER CODE BEGIN TIM3_MspInit 0 */
 819:Src/tim.c     **** 
 820:Src/tim.c     ****   /* USER CODE END TIM3_MspInit 0 */
 821:Src/tim.c     ****     /* TIM3 clock enable */
 822:Src/tim.c     ****     __HAL_RCC_TIM3_CLK_ENABLE();
 1861              		.loc 1 822 5 is_stmt 1 view .LVU596
 1862              	.LBB18:
 1863              		.loc 1 822 5 view .LVU597
 1864              		.loc 1 822 5 view .LVU598
 1865 000c 084B     		ldr	r3, .L133+4
 1866 000e D3F8E820 		ldr	r2, [r3, #232]
 1867 0012 42F00202 		orr	r2, r2, #2
 1868 0016 C3F8E820 		str	r2, [r3, #232]
 1869              		.loc 1 822 5 view .LVU599
 1870 001a D3F8E830 		ldr	r3, [r3, #232]
 1871 001e 03F00203 		and	r3, r3, #2
 1872 0022 0193     		str	r3, [sp, #4]
 1873              		.loc 1 822 5 view .LVU600
 1874 0024 019B     		ldr	r3, [sp, #4]
 1875              	.LBE18:
 1876              		.loc 1 822 5 view .LVU601
 823:Src/tim.c     ****   /* USER CODE BEGIN TIM3_MspInit 1 */
 824:Src/tim.c     **** 
 825:Src/tim.c     ****   /* USER CODE END TIM3_MspInit 1 */
 826:Src/tim.c     ****   }
 827:Src/tim.c     **** }
 1877              		.loc 1 827 1 is_stmt 0 view .LVU602
ARM GAS  C:\Users\simon\AppData\Local\Temp\ccXl5Ypg.s 			page 51


 1878 0026 02B0     		add	sp, sp, #8
 1879              	.LCFI44:
 1880              		.cfi_def_cfa_offset 0
 1881              		@ sp needed
 1882 0028 7047     		bx	lr
 1883              	.L134:
 1884 002a 00BF     		.align	2
 1885              	.L133:
 1886 002c 00040040 		.word	1073742848
 1887 0030 00440258 		.word	1476543488
 1888              		.cfi_endproc
 1889              	.LFE347:
 1891              		.section	.text.HAL_TIM_Encoder_MspInit,"ax",%progbits
 1892              		.align	1
 1893              		.global	HAL_TIM_Encoder_MspInit
 1894              		.syntax unified
 1895              		.thumb
 1896              		.thumb_func
 1898              	HAL_TIM_Encoder_MspInit:
 1899              	.LVL79:
 1900              	.LFB348:
 828:Src/tim.c     **** 
 829:Src/tim.c     **** void HAL_TIM_Encoder_MspInit(TIM_HandleTypeDef* tim_encoderHandle)
 830:Src/tim.c     **** {
 1901              		.loc 1 830 1 is_stmt 1 view -0
 1902              		.cfi_startproc
 1903              		@ args = 0, pretend = 0, frame = 40
 1904              		@ frame_needed = 0, uses_anonymous_args = 0
 1905              		.loc 1 830 1 is_stmt 0 view .LVU604
 1906 0000 00B5     		push	{lr}
 1907              	.LCFI45:
 1908              		.cfi_def_cfa_offset 4
 1909              		.cfi_offset 14, -4
 1910 0002 8BB0     		sub	sp, sp, #44
 1911              	.LCFI46:
 1912              		.cfi_def_cfa_offset 48
 831:Src/tim.c     **** 
 832:Src/tim.c     ****   GPIO_InitTypeDef GPIO_InitStruct = {0};
 1913              		.loc 1 832 3 is_stmt 1 view .LVU605
 1914              		.loc 1 832 20 is_stmt 0 view .LVU606
 1915 0004 0023     		movs	r3, #0
 1916 0006 0593     		str	r3, [sp, #20]
 1917 0008 0693     		str	r3, [sp, #24]
 1918 000a 0793     		str	r3, [sp, #28]
 1919 000c 0893     		str	r3, [sp, #32]
 1920 000e 0993     		str	r3, [sp, #36]
 833:Src/tim.c     ****   if(tim_encoderHandle->Instance==TIM5)
 1921              		.loc 1 833 3 is_stmt 1 view .LVU607
 1922              		.loc 1 833 23 is_stmt 0 view .LVU608
 1923 0010 0368     		ldr	r3, [r0]
 1924              		.loc 1 833 5 view .LVU609
 1925 0012 284A     		ldr	r2, .L141
 1926 0014 9342     		cmp	r3, r2
 1927 0016 05D0     		beq	.L139
 834:Src/tim.c     ****   {
 835:Src/tim.c     ****   /* USER CODE BEGIN TIM5_MspInit 0 */
 836:Src/tim.c     **** 
ARM GAS  C:\Users\simon\AppData\Local\Temp\ccXl5Ypg.s 			page 52


 837:Src/tim.c     ****   /* USER CODE END TIM5_MspInit 0 */
 838:Src/tim.c     ****     /* TIM5 clock enable */
 839:Src/tim.c     ****     __HAL_RCC_TIM5_CLK_ENABLE();
 840:Src/tim.c     **** 
 841:Src/tim.c     ****     __HAL_RCC_GPIOH_CLK_ENABLE();
 842:Src/tim.c     ****     /**TIM5 GPIO Configuration
 843:Src/tim.c     ****     PH10     ------> TIM5_CH1
 844:Src/tim.c     ****     PH11     ------> TIM5_CH2
 845:Src/tim.c     ****     */
 846:Src/tim.c     ****     GPIO_InitStruct.Pin = GPIO_PIN_10|GPIO_PIN_11;
 847:Src/tim.c     ****     GPIO_InitStruct.Mode = GPIO_MODE_AF_PP;
 848:Src/tim.c     ****     GPIO_InitStruct.Pull = GPIO_NOPULL;
 849:Src/tim.c     ****     GPIO_InitStruct.Speed = GPIO_SPEED_FREQ_LOW;
 850:Src/tim.c     ****     GPIO_InitStruct.Alternate = GPIO_AF2_TIM5;
 851:Src/tim.c     ****     HAL_GPIO_Init(GPIOH, &GPIO_InitStruct);
 852:Src/tim.c     **** 
 853:Src/tim.c     ****   /* USER CODE BEGIN TIM5_MspInit 1 */
 854:Src/tim.c     **** 
 855:Src/tim.c     ****   /* USER CODE END TIM5_MspInit 1 */
 856:Src/tim.c     ****   }
 857:Src/tim.c     ****   else if(tim_encoderHandle->Instance==TIM8)
 1928              		.loc 1 857 8 is_stmt 1 view .LVU610
 1929              		.loc 1 857 10 is_stmt 0 view .LVU611
 1930 0018 274A     		ldr	r2, .L141+4
 1931 001a 9342     		cmp	r3, r2
 1932 001c 26D0     		beq	.L140
 1933              	.LVL80:
 1934              	.L135:
 858:Src/tim.c     ****   {
 859:Src/tim.c     ****   /* USER CODE BEGIN TIM8_MspInit 0 */
 860:Src/tim.c     **** 
 861:Src/tim.c     ****   /* USER CODE END TIM8_MspInit 0 */
 862:Src/tim.c     ****     /* TIM8 clock enable */
 863:Src/tim.c     ****     __HAL_RCC_TIM8_CLK_ENABLE();
 864:Src/tim.c     **** 
 865:Src/tim.c     ****     __HAL_RCC_GPIOI_CLK_ENABLE();
 866:Src/tim.c     ****     /**TIM8 GPIO Configuration
 867:Src/tim.c     ****     PI6     ------> TIM8_CH2
 868:Src/tim.c     ****     PI5     ------> TIM8_CH1
 869:Src/tim.c     ****     */
 870:Src/tim.c     ****     GPIO_InitStruct.Pin = GPIO_PIN_6|GPIO_PIN_5;
 871:Src/tim.c     ****     GPIO_InitStruct.Mode = GPIO_MODE_AF_PP;
 872:Src/tim.c     ****     GPIO_InitStruct.Pull = GPIO_NOPULL;
 873:Src/tim.c     ****     GPIO_InitStruct.Speed = GPIO_SPEED_FREQ_LOW;
 874:Src/tim.c     ****     GPIO_InitStruct.Alternate = GPIO_AF3_TIM8;
 875:Src/tim.c     ****     HAL_GPIO_Init(GPIOI, &GPIO_InitStruct);
 876:Src/tim.c     **** 
 877:Src/tim.c     ****   /* USER CODE BEGIN TIM8_MspInit 1 */
 878:Src/tim.c     **** 
 879:Src/tim.c     ****   /* USER CODE END TIM8_MspInit 1 */
 880:Src/tim.c     ****   }
 881:Src/tim.c     **** }
 1935              		.loc 1 881 1 view .LVU612
 1936 001e 0BB0     		add	sp, sp, #44
 1937              	.LCFI47:
 1938              		.cfi_remember_state
 1939              		.cfi_def_cfa_offset 4
ARM GAS  C:\Users\simon\AppData\Local\Temp\ccXl5Ypg.s 			page 53


 1940              		@ sp needed
 1941 0020 5DF804FB 		ldr	pc, [sp], #4
 1942              	.LVL81:
 1943              	.L139:
 1944              	.LCFI48:
 1945              		.cfi_restore_state
 839:Src/tim.c     **** 
 1946              		.loc 1 839 5 is_stmt 1 view .LVU613
 1947              	.LBB19:
 839:Src/tim.c     **** 
 1948              		.loc 1 839 5 view .LVU614
 839:Src/tim.c     **** 
 1949              		.loc 1 839 5 view .LVU615
 1950 0024 254B     		ldr	r3, .L141+8
 1951 0026 D3F8E820 		ldr	r2, [r3, #232]
 1952 002a 42F00802 		orr	r2, r2, #8
 1953 002e C3F8E820 		str	r2, [r3, #232]
 839:Src/tim.c     **** 
 1954              		.loc 1 839 5 view .LVU616
 1955 0032 D3F8E820 		ldr	r2, [r3, #232]
 1956 0036 02F00802 		and	r2, r2, #8
 1957 003a 0192     		str	r2, [sp, #4]
 839:Src/tim.c     **** 
 1958              		.loc 1 839 5 view .LVU617
 1959 003c 019A     		ldr	r2, [sp, #4]
 1960              	.LBE19:
 839:Src/tim.c     **** 
 1961              		.loc 1 839 5 view .LVU618
 841:Src/tim.c     ****     /**TIM5 GPIO Configuration
 1962              		.loc 1 841 5 view .LVU619
 1963              	.LBB20:
 841:Src/tim.c     ****     /**TIM5 GPIO Configuration
 1964              		.loc 1 841 5 view .LVU620
 841:Src/tim.c     ****     /**TIM5 GPIO Configuration
 1965              		.loc 1 841 5 view .LVU621
 1966 003e D3F8E020 		ldr	r2, [r3, #224]
 1967 0042 42F08002 		orr	r2, r2, #128
 1968 0046 C3F8E020 		str	r2, [r3, #224]
 841:Src/tim.c     ****     /**TIM5 GPIO Configuration
 1969              		.loc 1 841 5 view .LVU622
 1970 004a D3F8E030 		ldr	r3, [r3, #224]
 1971 004e 03F08003 		and	r3, r3, #128
 1972 0052 0293     		str	r3, [sp, #8]
 841:Src/tim.c     ****     /**TIM5 GPIO Configuration
 1973              		.loc 1 841 5 view .LVU623
 1974 0054 029B     		ldr	r3, [sp, #8]
 1975              	.LBE20:
 841:Src/tim.c     ****     /**TIM5 GPIO Configuration
 1976              		.loc 1 841 5 view .LVU624
 846:Src/tim.c     ****     GPIO_InitStruct.Mode = GPIO_MODE_AF_PP;
 1977              		.loc 1 846 5 view .LVU625
 846:Src/tim.c     ****     GPIO_InitStruct.Mode = GPIO_MODE_AF_PP;
 1978              		.loc 1 846 25 is_stmt 0 view .LVU626
 1979 0056 4FF44063 		mov	r3, #3072
 1980 005a 0593     		str	r3, [sp, #20]
 847:Src/tim.c     ****     GPIO_InitStruct.Pull = GPIO_NOPULL;
 1981              		.loc 1 847 5 is_stmt 1 view .LVU627
ARM GAS  C:\Users\simon\AppData\Local\Temp\ccXl5Ypg.s 			page 54


 847:Src/tim.c     ****     GPIO_InitStruct.Pull = GPIO_NOPULL;
 1982              		.loc 1 847 26 is_stmt 0 view .LVU628
 1983 005c 0223     		movs	r3, #2
 1984 005e 0693     		str	r3, [sp, #24]
 848:Src/tim.c     ****     GPIO_InitStruct.Speed = GPIO_SPEED_FREQ_LOW;
 1985              		.loc 1 848 5 is_stmt 1 view .LVU629
 849:Src/tim.c     ****     GPIO_InitStruct.Alternate = GPIO_AF2_TIM5;
 1986              		.loc 1 849 5 view .LVU630
 850:Src/tim.c     ****     HAL_GPIO_Init(GPIOH, &GPIO_InitStruct);
 1987              		.loc 1 850 5 view .LVU631
 850:Src/tim.c     ****     HAL_GPIO_Init(GPIOH, &GPIO_InitStruct);
 1988              		.loc 1 850 31 is_stmt 0 view .LVU632
 1989 0060 0993     		str	r3, [sp, #36]
 851:Src/tim.c     **** 
 1990              		.loc 1 851 5 is_stmt 1 view .LVU633
 1991 0062 05A9     		add	r1, sp, #20
 1992 0064 1648     		ldr	r0, .L141+12
 1993              	.LVL82:
 851:Src/tim.c     **** 
 1994              		.loc 1 851 5 is_stmt 0 view .LVU634
 1995 0066 FFF7FEFF 		bl	HAL_GPIO_Init
 1996              	.LVL83:
 1997 006a D8E7     		b	.L135
 1998              	.LVL84:
 1999              	.L140:
 863:Src/tim.c     **** 
 2000              		.loc 1 863 5 is_stmt 1 view .LVU635
 2001              	.LBB21:
 863:Src/tim.c     **** 
 2002              		.loc 1 863 5 view .LVU636
 863:Src/tim.c     **** 
 2003              		.loc 1 863 5 view .LVU637
 2004 006c 134B     		ldr	r3, .L141+8
 2005 006e D3F8F020 		ldr	r2, [r3, #240]
 2006 0072 42F00202 		orr	r2, r2, #2
 2007 0076 C3F8F020 		str	r2, [r3, #240]
 863:Src/tim.c     **** 
 2008              		.loc 1 863 5 view .LVU638
 2009 007a D3F8F020 		ldr	r2, [r3, #240]
 2010 007e 02F00202 		and	r2, r2, #2
 2011 0082 0392     		str	r2, [sp, #12]
 863:Src/tim.c     **** 
 2012              		.loc 1 863 5 view .LVU639
 2013 0084 039A     		ldr	r2, [sp, #12]
 2014              	.LBE21:
 863:Src/tim.c     **** 
 2015              		.loc 1 863 5 view .LVU640
 865:Src/tim.c     ****     /**TIM8 GPIO Configuration
 2016              		.loc 1 865 5 view .LVU641
 2017              	.LBB22:
 865:Src/tim.c     ****     /**TIM8 GPIO Configuration
 2018              		.loc 1 865 5 view .LVU642
 865:Src/tim.c     ****     /**TIM8 GPIO Configuration
 2019              		.loc 1 865 5 view .LVU643
 2020 0086 D3F8E020 		ldr	r2, [r3, #224]
 2021 008a 42F48072 		orr	r2, r2, #256
 2022 008e C3F8E020 		str	r2, [r3, #224]
ARM GAS  C:\Users\simon\AppData\Local\Temp\ccXl5Ypg.s 			page 55


 865:Src/tim.c     ****     /**TIM8 GPIO Configuration
 2023              		.loc 1 865 5 view .LVU644
 2024 0092 D3F8E030 		ldr	r3, [r3, #224]
 2025 0096 03F48073 		and	r3, r3, #256
 2026 009a 0493     		str	r3, [sp, #16]
 865:Src/tim.c     ****     /**TIM8 GPIO Configuration
 2027              		.loc 1 865 5 view .LVU645
 2028 009c 049B     		ldr	r3, [sp, #16]
 2029              	.LBE22:
 865:Src/tim.c     ****     /**TIM8 GPIO Configuration
 2030              		.loc 1 865 5 view .LVU646
 870:Src/tim.c     ****     GPIO_InitStruct.Mode = GPIO_MODE_AF_PP;
 2031              		.loc 1 870 5 view .LVU647
 870:Src/tim.c     ****     GPIO_InitStruct.Mode = GPIO_MODE_AF_PP;
 2032              		.loc 1 870 25 is_stmt 0 view .LVU648
 2033 009e 6023     		movs	r3, #96
 2034 00a0 0593     		str	r3, [sp, #20]
 871:Src/tim.c     ****     GPIO_InitStruct.Pull = GPIO_NOPULL;
 2035              		.loc 1 871 5 is_stmt 1 view .LVU649
 871:Src/tim.c     ****     GPIO_InitStruct.Pull = GPIO_NOPULL;
 2036              		.loc 1 871 26 is_stmt 0 view .LVU650
 2037 00a2 0223     		movs	r3, #2
 2038 00a4 0693     		str	r3, [sp, #24]
 872:Src/tim.c     ****     GPIO_InitStruct.Speed = GPIO_SPEED_FREQ_LOW;
 2039              		.loc 1 872 5 is_stmt 1 view .LVU651
 873:Src/tim.c     ****     GPIO_InitStruct.Alternate = GPIO_AF3_TIM8;
 2040              		.loc 1 873 5 view .LVU652
 874:Src/tim.c     ****     HAL_GPIO_Init(GPIOI, &GPIO_InitStruct);
 2041              		.loc 1 874 5 view .LVU653
 874:Src/tim.c     ****     HAL_GPIO_Init(GPIOI, &GPIO_InitStruct);
 2042              		.loc 1 874 31 is_stmt 0 view .LVU654
 2043 00a6 0323     		movs	r3, #3
 2044 00a8 0993     		str	r3, [sp, #36]
 875:Src/tim.c     **** 
 2045              		.loc 1 875 5 is_stmt 1 view .LVU655
 2046 00aa 05A9     		add	r1, sp, #20
 2047 00ac 0548     		ldr	r0, .L141+16
 2048              	.LVL85:
 875:Src/tim.c     **** 
 2049              		.loc 1 875 5 is_stmt 0 view .LVU656
 2050 00ae FFF7FEFF 		bl	HAL_GPIO_Init
 2051              	.LVL86:
 2052              		.loc 1 881 1 view .LVU657
 2053 00b2 B4E7     		b	.L135
 2054              	.L142:
 2055              		.align	2
 2056              	.L141:
 2057 00b4 000C0040 		.word	1073744896
 2058 00b8 00040140 		.word	1073808384
 2059 00bc 00440258 		.word	1476543488
 2060 00c0 001C0258 		.word	1476533248
 2061 00c4 00200258 		.word	1476534272
 2062              		.cfi_endproc
 2063              	.LFE348:
 2065              		.section	.text.HAL_TIM_MspPostInit,"ax",%progbits
 2066              		.align	1
 2067              		.global	HAL_TIM_MspPostInit
ARM GAS  C:\Users\simon\AppData\Local\Temp\ccXl5Ypg.s 			page 56


 2068              		.syntax unified
 2069              		.thumb
 2070              		.thumb_func
 2072              	HAL_TIM_MspPostInit:
 2073              	.LVL87:
 2074              	.LFB349:
 882:Src/tim.c     **** void HAL_TIM_MspPostInit(TIM_HandleTypeDef* timHandle)
 883:Src/tim.c     **** {
 2075              		.loc 1 883 1 is_stmt 1 view -0
 2076              		.cfi_startproc
 2077              		@ args = 0, pretend = 0, frame = 32
 2078              		@ frame_needed = 0, uses_anonymous_args = 0
 2079              		.loc 1 883 1 is_stmt 0 view .LVU659
 2080 0000 00B5     		push	{lr}
 2081              	.LCFI49:
 2082              		.cfi_def_cfa_offset 4
 2083              		.cfi_offset 14, -4
 2084 0002 89B0     		sub	sp, sp, #36
 2085              	.LCFI50:
 2086              		.cfi_def_cfa_offset 40
 884:Src/tim.c     **** 
 885:Src/tim.c     ****   GPIO_InitTypeDef GPIO_InitStruct = {0};
 2087              		.loc 1 885 3 is_stmt 1 view .LVU660
 2088              		.loc 1 885 20 is_stmt 0 view .LVU661
 2089 0004 0023     		movs	r3, #0
 2090 0006 0393     		str	r3, [sp, #12]
 2091 0008 0493     		str	r3, [sp, #16]
 2092 000a 0593     		str	r3, [sp, #20]
 2093 000c 0693     		str	r3, [sp, #24]
 2094 000e 0793     		str	r3, [sp, #28]
 886:Src/tim.c     ****   if(timHandle->Instance==TIM2)
 2095              		.loc 1 886 3 is_stmt 1 view .LVU662
 2096              		.loc 1 886 15 is_stmt 0 view .LVU663
 2097 0010 0368     		ldr	r3, [r0]
 2098              		.loc 1 886 5 view .LVU664
 2099 0012 B3F1804F 		cmp	r3, #1073741824
 2100 0016 08D0     		beq	.L148
 887:Src/tim.c     ****   {
 888:Src/tim.c     ****   /* USER CODE BEGIN TIM2_MspPostInit 0 */
 889:Src/tim.c     **** 
 890:Src/tim.c     ****   /* USER CODE END TIM2_MspPostInit 0 */
 891:Src/tim.c     ****     __HAL_RCC_GPIOA_CLK_ENABLE();
 892:Src/tim.c     ****     /**TIM2 GPIO Configuration
 893:Src/tim.c     ****     PA3     ------> TIM2_CH4
 894:Src/tim.c     ****     */
 895:Src/tim.c     ****     GPIO_InitStruct.Pin = GPIO_PIN_3;
 896:Src/tim.c     ****     GPIO_InitStruct.Mode = GPIO_MODE_AF_PP;
 897:Src/tim.c     ****     GPIO_InitStruct.Pull = GPIO_NOPULL;
 898:Src/tim.c     ****     GPIO_InitStruct.Speed = GPIO_SPEED_FREQ_LOW;
 899:Src/tim.c     ****     GPIO_InitStruct.Alternate = GPIO_AF1_TIM2;
 900:Src/tim.c     ****     HAL_GPIO_Init(GPIOA, &GPIO_InitStruct);
 901:Src/tim.c     **** 
 902:Src/tim.c     ****   /* USER CODE BEGIN TIM2_MspPostInit 1 */
 903:Src/tim.c     **** 
 904:Src/tim.c     ****   /* USER CODE END TIM2_MspPostInit 1 */
 905:Src/tim.c     ****   }
 906:Src/tim.c     ****   else if(timHandle->Instance==TIM3)
ARM GAS  C:\Users\simon\AppData\Local\Temp\ccXl5Ypg.s 			page 57


 2101              		.loc 1 906 8 is_stmt 1 view .LVU665
 2102              		.loc 1 906 10 is_stmt 0 view .LVU666
 2103 0018 284A     		ldr	r2, .L151
 2104 001a 9342     		cmp	r3, r2
 2105 001c 1DD0     		beq	.L149
 907:Src/tim.c     ****   {
 908:Src/tim.c     ****   /* USER CODE BEGIN TIM3_MspPostInit 0 */
 909:Src/tim.c     **** 
 910:Src/tim.c     ****   /* USER CODE END TIM3_MspPostInit 0 */
 911:Src/tim.c     **** 
 912:Src/tim.c     ****     __HAL_RCC_GPIOA_CLK_ENABLE();
 913:Src/tim.c     ****     /**TIM3 GPIO Configuration
 914:Src/tim.c     ****     PA6     ------> TIM3_CH1
 915:Src/tim.c     ****     */
 916:Src/tim.c     ****     GPIO_InitStruct.Pin = GPIO_PIN_6;
 917:Src/tim.c     ****     GPIO_InitStruct.Mode = GPIO_MODE_AF_PP;
 918:Src/tim.c     ****     GPIO_InitStruct.Pull = GPIO_NOPULL;
 919:Src/tim.c     ****     GPIO_InitStruct.Speed = GPIO_SPEED_FREQ_LOW;
 920:Src/tim.c     ****     GPIO_InitStruct.Alternate = GPIO_AF2_TIM3;
 921:Src/tim.c     ****     HAL_GPIO_Init(GPIOA, &GPIO_InitStruct);
 922:Src/tim.c     **** 
 923:Src/tim.c     ****   /* USER CODE BEGIN TIM3_MspPostInit 1 */
 924:Src/tim.c     **** 
 925:Src/tim.c     ****   /* USER CODE END TIM3_MspPostInit 1 */
 926:Src/tim.c     ****   }
 927:Src/tim.c     ****   else if(timHandle->Instance==TIM14)
 2106              		.loc 1 927 8 is_stmt 1 view .LVU667
 2107              		.loc 1 927 10 is_stmt 0 view .LVU668
 2108 001e 284A     		ldr	r2, .L151+4
 2109 0020 9342     		cmp	r3, r2
 2110 0022 31D0     		beq	.L150
 2111              	.LVL88:
 2112              	.L143:
 928:Src/tim.c     ****   {
 929:Src/tim.c     ****   /* USER CODE BEGIN TIM14_MspPostInit 0 */
 930:Src/tim.c     **** 
 931:Src/tim.c     ****   /* USER CODE END TIM14_MspPostInit 0 */
 932:Src/tim.c     **** 
 933:Src/tim.c     ****     __HAL_RCC_GPIOF_CLK_ENABLE();
 934:Src/tim.c     ****     /**TIM14 GPIO Configuration
 935:Src/tim.c     ****     PF9     ------> TIM14_CH1
 936:Src/tim.c     ****     */
 937:Src/tim.c     ****     GPIO_InitStruct.Pin = GPIO_PIN_9;
 938:Src/tim.c     ****     GPIO_InitStruct.Mode = GPIO_MODE_AF_PP;
 939:Src/tim.c     ****     GPIO_InitStruct.Pull = GPIO_NOPULL;
 940:Src/tim.c     ****     GPIO_InitStruct.Speed = GPIO_SPEED_FREQ_LOW;
 941:Src/tim.c     ****     GPIO_InitStruct.Alternate = GPIO_AF9_TIM14;
 942:Src/tim.c     ****     HAL_GPIO_Init(GPIOF, &GPIO_InitStruct);
 943:Src/tim.c     **** 
 944:Src/tim.c     ****   /* USER CODE BEGIN TIM14_MspPostInit 1 */
 945:Src/tim.c     **** 
 946:Src/tim.c     ****   /* USER CODE END TIM14_MspPostInit 1 */
 947:Src/tim.c     ****   }
 948:Src/tim.c     **** 
 949:Src/tim.c     **** }
 2113              		.loc 1 949 1 view .LVU669
 2114 0024 09B0     		add	sp, sp, #36
ARM GAS  C:\Users\simon\AppData\Local\Temp\ccXl5Ypg.s 			page 58


 2115              	.LCFI51:
 2116              		.cfi_remember_state
 2117              		.cfi_def_cfa_offset 4
 2118              		@ sp needed
 2119 0026 5DF804FB 		ldr	pc, [sp], #4
 2120              	.LVL89:
 2121              	.L148:
 2122              	.LCFI52:
 2123              		.cfi_restore_state
 891:Src/tim.c     ****     /**TIM2 GPIO Configuration
 2124              		.loc 1 891 5 is_stmt 1 view .LVU670
 2125              	.LBB23:
 891:Src/tim.c     ****     /**TIM2 GPIO Configuration
 2126              		.loc 1 891 5 view .LVU671
 891:Src/tim.c     ****     /**TIM2 GPIO Configuration
 2127              		.loc 1 891 5 view .LVU672
 2128 002a 264B     		ldr	r3, .L151+8
 2129 002c D3F8E020 		ldr	r2, [r3, #224]
 2130 0030 42F00102 		orr	r2, r2, #1
 2131 0034 C3F8E020 		str	r2, [r3, #224]
 891:Src/tim.c     ****     /**TIM2 GPIO Configuration
 2132              		.loc 1 891 5 view .LVU673
 2133 0038 D3F8E030 		ldr	r3, [r3, #224]
 2134 003c 03F00103 		and	r3, r3, #1
 2135 0040 0093     		str	r3, [sp]
 891:Src/tim.c     ****     /**TIM2 GPIO Configuration
 2136              		.loc 1 891 5 view .LVU674
 2137 0042 009B     		ldr	r3, [sp]
 2138              	.LBE23:
 891:Src/tim.c     ****     /**TIM2 GPIO Configuration
 2139              		.loc 1 891 5 view .LVU675
 895:Src/tim.c     ****     GPIO_InitStruct.Mode = GPIO_MODE_AF_PP;
 2140              		.loc 1 895 5 view .LVU676
 895:Src/tim.c     ****     GPIO_InitStruct.Mode = GPIO_MODE_AF_PP;
 2141              		.loc 1 895 25 is_stmt 0 view .LVU677
 2142 0044 0823     		movs	r3, #8
 2143 0046 0393     		str	r3, [sp, #12]
 896:Src/tim.c     ****     GPIO_InitStruct.Pull = GPIO_NOPULL;
 2144              		.loc 1 896 5 is_stmt 1 view .LVU678
 896:Src/tim.c     ****     GPIO_InitStruct.Pull = GPIO_NOPULL;
 2145              		.loc 1 896 26 is_stmt 0 view .LVU679
 2146 0048 0223     		movs	r3, #2
 2147 004a 0493     		str	r3, [sp, #16]
 897:Src/tim.c     ****     GPIO_InitStruct.Speed = GPIO_SPEED_FREQ_LOW;
 2148              		.loc 1 897 5 is_stmt 1 view .LVU680
 898:Src/tim.c     ****     GPIO_InitStruct.Alternate = GPIO_AF1_TIM2;
 2149              		.loc 1 898 5 view .LVU681
 899:Src/tim.c     ****     HAL_GPIO_Init(GPIOA, &GPIO_InitStruct);
 2150              		.loc 1 899 5 view .LVU682
 899:Src/tim.c     ****     HAL_GPIO_Init(GPIOA, &GPIO_InitStruct);
 2151              		.loc 1 899 31 is_stmt 0 view .LVU683
 2152 004c 0123     		movs	r3, #1
 2153 004e 0793     		str	r3, [sp, #28]
 900:Src/tim.c     **** 
 2154              		.loc 1 900 5 is_stmt 1 view .LVU684
 2155 0050 03A9     		add	r1, sp, #12
 2156 0052 1D48     		ldr	r0, .L151+12
ARM GAS  C:\Users\simon\AppData\Local\Temp\ccXl5Ypg.s 			page 59


 2157              	.LVL90:
 900:Src/tim.c     **** 
 2158              		.loc 1 900 5 is_stmt 0 view .LVU685
 2159 0054 FFF7FEFF 		bl	HAL_GPIO_Init
 2160              	.LVL91:
 2161 0058 E4E7     		b	.L143
 2162              	.LVL92:
 2163              	.L149:
 912:Src/tim.c     ****     /**TIM3 GPIO Configuration
 2164              		.loc 1 912 5 is_stmt 1 view .LVU686
 2165              	.LBB24:
 912:Src/tim.c     ****     /**TIM3 GPIO Configuration
 2166              		.loc 1 912 5 view .LVU687
 912:Src/tim.c     ****     /**TIM3 GPIO Configuration
 2167              		.loc 1 912 5 view .LVU688
 2168 005a 1A4B     		ldr	r3, .L151+8
 2169 005c D3F8E020 		ldr	r2, [r3, #224]
 2170 0060 42F00102 		orr	r2, r2, #1
 2171 0064 C3F8E020 		str	r2, [r3, #224]
 912:Src/tim.c     ****     /**TIM3 GPIO Configuration
 2172              		.loc 1 912 5 view .LVU689
 2173 0068 D3F8E030 		ldr	r3, [r3, #224]
 2174 006c 03F00103 		and	r3, r3, #1
 2175 0070 0193     		str	r3, [sp, #4]
 912:Src/tim.c     ****     /**TIM3 GPIO Configuration
 2176              		.loc 1 912 5 view .LVU690
 2177 0072 019B     		ldr	r3, [sp, #4]
 2178              	.LBE24:
 912:Src/tim.c     ****     /**TIM3 GPIO Configuration
 2179              		.loc 1 912 5 view .LVU691
 916:Src/tim.c     ****     GPIO_InitStruct.Mode = GPIO_MODE_AF_PP;
 2180              		.loc 1 916 5 view .LVU692
 916:Src/tim.c     ****     GPIO_InitStruct.Mode = GPIO_MODE_AF_PP;
 2181              		.loc 1 916 25 is_stmt 0 view .LVU693
 2182 0074 4023     		movs	r3, #64
 2183 0076 0393     		str	r3, [sp, #12]
 917:Src/tim.c     ****     GPIO_InitStruct.Pull = GPIO_NOPULL;
 2184              		.loc 1 917 5 is_stmt 1 view .LVU694
 917:Src/tim.c     ****     GPIO_InitStruct.Pull = GPIO_NOPULL;
 2185              		.loc 1 917 26 is_stmt 0 view .LVU695
 2186 0078 0223     		movs	r3, #2
 2187 007a 0493     		str	r3, [sp, #16]
 918:Src/tim.c     ****     GPIO_InitStruct.Speed = GPIO_SPEED_FREQ_LOW;
 2188              		.loc 1 918 5 is_stmt 1 view .LVU696
 919:Src/tim.c     ****     GPIO_InitStruct.Alternate = GPIO_AF2_TIM3;
 2189              		.loc 1 919 5 view .LVU697
 920:Src/tim.c     ****     HAL_GPIO_Init(GPIOA, &GPIO_InitStruct);
 2190              		.loc 1 920 5 view .LVU698
 920:Src/tim.c     ****     HAL_GPIO_Init(GPIOA, &GPIO_InitStruct);
 2191              		.loc 1 920 31 is_stmt 0 view .LVU699
 2192 007c 0793     		str	r3, [sp, #28]
 921:Src/tim.c     **** 
 2193              		.loc 1 921 5 is_stmt 1 view .LVU700
 2194 007e 03A9     		add	r1, sp, #12
 2195 0080 1148     		ldr	r0, .L151+12
 2196              	.LVL93:
 921:Src/tim.c     **** 
ARM GAS  C:\Users\simon\AppData\Local\Temp\ccXl5Ypg.s 			page 60


 2197              		.loc 1 921 5 is_stmt 0 view .LVU701
 2198 0082 FFF7FEFF 		bl	HAL_GPIO_Init
 2199              	.LVL94:
 2200 0086 CDE7     		b	.L143
 2201              	.LVL95:
 2202              	.L150:
 933:Src/tim.c     ****     /**TIM14 GPIO Configuration
 2203              		.loc 1 933 5 is_stmt 1 view .LVU702
 2204              	.LBB25:
 933:Src/tim.c     ****     /**TIM14 GPIO Configuration
 2205              		.loc 1 933 5 view .LVU703
 933:Src/tim.c     ****     /**TIM14 GPIO Configuration
 2206              		.loc 1 933 5 view .LVU704
 2207 0088 0E4B     		ldr	r3, .L151+8
 2208 008a D3F8E020 		ldr	r2, [r3, #224]
 2209 008e 42F02002 		orr	r2, r2, #32
 2210 0092 C3F8E020 		str	r2, [r3, #224]
 933:Src/tim.c     ****     /**TIM14 GPIO Configuration
 2211              		.loc 1 933 5 view .LVU705
 2212 0096 D3F8E030 		ldr	r3, [r3, #224]
 2213 009a 03F02003 		and	r3, r3, #32
 2214 009e 0293     		str	r3, [sp, #8]
 933:Src/tim.c     ****     /**TIM14 GPIO Configuration
 2215              		.loc 1 933 5 view .LVU706
 2216 00a0 029B     		ldr	r3, [sp, #8]
 2217              	.LBE25:
 933:Src/tim.c     ****     /**TIM14 GPIO Configuration
 2218              		.loc 1 933 5 view .LVU707
 937:Src/tim.c     ****     GPIO_InitStruct.Mode = GPIO_MODE_AF_PP;
 2219              		.loc 1 937 5 view .LVU708
 937:Src/tim.c     ****     GPIO_InitStruct.Mode = GPIO_MODE_AF_PP;
 2220              		.loc 1 937 25 is_stmt 0 view .LVU709
 2221 00a2 4FF40073 		mov	r3, #512
 2222 00a6 0393     		str	r3, [sp, #12]
 938:Src/tim.c     ****     GPIO_InitStruct.Pull = GPIO_NOPULL;
 2223              		.loc 1 938 5 is_stmt 1 view .LVU710
 938:Src/tim.c     ****     GPIO_InitStruct.Pull = GPIO_NOPULL;
 2224              		.loc 1 938 26 is_stmt 0 view .LVU711
 2225 00a8 0223     		movs	r3, #2
 2226 00aa 0493     		str	r3, [sp, #16]
 939:Src/tim.c     ****     GPIO_InitStruct.Speed = GPIO_SPEED_FREQ_LOW;
 2227              		.loc 1 939 5 is_stmt 1 view .LVU712
 940:Src/tim.c     ****     GPIO_InitStruct.Alternate = GPIO_AF9_TIM14;
 2228              		.loc 1 940 5 view .LVU713
 941:Src/tim.c     ****     HAL_GPIO_Init(GPIOF, &GPIO_InitStruct);
 2229              		.loc 1 941 5 view .LVU714
 941:Src/tim.c     ****     HAL_GPIO_Init(GPIOF, &GPIO_InitStruct);
 2230              		.loc 1 941 31 is_stmt 0 view .LVU715
 2231 00ac 0923     		movs	r3, #9
 2232 00ae 0793     		str	r3, [sp, #28]
 942:Src/tim.c     **** 
 2233              		.loc 1 942 5 is_stmt 1 view .LVU716
 2234 00b0 03A9     		add	r1, sp, #12
 2235 00b2 0648     		ldr	r0, .L151+16
 2236              	.LVL96:
 942:Src/tim.c     **** 
 2237              		.loc 1 942 5 is_stmt 0 view .LVU717
ARM GAS  C:\Users\simon\AppData\Local\Temp\ccXl5Ypg.s 			page 61


 2238 00b4 FFF7FEFF 		bl	HAL_GPIO_Init
 2239              	.LVL97:
 2240              		.loc 1 949 1 view .LVU718
 2241 00b8 B4E7     		b	.L143
 2242              	.L152:
 2243 00ba 00BF     		.align	2
 2244              	.L151:
 2245 00bc 00040040 		.word	1073742848
 2246 00c0 00200040 		.word	1073750016
 2247 00c4 00440258 		.word	1476543488
 2248 00c8 00000258 		.word	1476526080
 2249 00cc 00140258 		.word	1476531200
 2250              		.cfi_endproc
 2251              	.LFE349:
 2253              		.section	.text.MX_TIM2_Init,"ax",%progbits
 2254              		.align	1
 2255              		.global	MX_TIM2_Init
 2256              		.syntax unified
 2257              		.thumb
 2258              		.thumb_func
 2260              	MX_TIM2_Init:
 2261              	.LFB332:
  86:Src/tim.c     **** 
 2262              		.loc 1 86 1 is_stmt 1 view -0
 2263              		.cfi_startproc
 2264              		@ args = 0, pretend = 0, frame = 56
 2265              		@ frame_needed = 0, uses_anonymous_args = 0
 2266 0000 00B5     		push	{lr}
 2267              	.LCFI53:
 2268              		.cfi_def_cfa_offset 4
 2269              		.cfi_offset 14, -4
 2270 0002 8FB0     		sub	sp, sp, #60
 2271              	.LCFI54:
 2272              		.cfi_def_cfa_offset 64
  92:Src/tim.c     ****   TIM_IC_InitTypeDef sConfigIC = {0};
 2273              		.loc 1 92 3 view .LVU720
  92:Src/tim.c     ****   TIM_IC_InitTypeDef sConfigIC = {0};
 2274              		.loc 1 92 27 is_stmt 0 view .LVU721
 2275 0004 0023     		movs	r3, #0
 2276 0006 0B93     		str	r3, [sp, #44]
 2277 0008 0C93     		str	r3, [sp, #48]
 2278 000a 0D93     		str	r3, [sp, #52]
  93:Src/tim.c     ****   TIM_OC_InitTypeDef sConfigOC = {0};
 2279              		.loc 1 93 3 is_stmt 1 view .LVU722
  93:Src/tim.c     ****   TIM_OC_InitTypeDef sConfigOC = {0};
 2280              		.loc 1 93 22 is_stmt 0 view .LVU723
 2281 000c 0793     		str	r3, [sp, #28]
 2282 000e 0893     		str	r3, [sp, #32]
 2283 0010 0993     		str	r3, [sp, #36]
 2284 0012 0A93     		str	r3, [sp, #40]
  94:Src/tim.c     **** 
 2285              		.loc 1 94 3 is_stmt 1 view .LVU724
  94:Src/tim.c     **** 
 2286              		.loc 1 94 22 is_stmt 0 view .LVU725
 2287 0014 0093     		str	r3, [sp]
 2288 0016 0193     		str	r3, [sp, #4]
 2289 0018 0293     		str	r3, [sp, #8]
ARM GAS  C:\Users\simon\AppData\Local\Temp\ccXl5Ypg.s 			page 62


 2290 001a 0393     		str	r3, [sp, #12]
 2291 001c 0493     		str	r3, [sp, #16]
 2292 001e 0593     		str	r3, [sp, #20]
 2293 0020 0693     		str	r3, [sp, #24]
  99:Src/tim.c     ****   htim2.Init.Prescaler = 0;
 2294              		.loc 1 99 3 is_stmt 1 view .LVU726
  99:Src/tim.c     ****   htim2.Init.Prescaler = 0;
 2295              		.loc 1 99 18 is_stmt 0 view .LVU727
 2296 0022 2848     		ldr	r0, .L167
 2297 0024 4FF08042 		mov	r2, #1073741824
 2298 0028 0260     		str	r2, [r0]
 100:Src/tim.c     ****   htim2.Init.CounterMode = TIM_COUNTERMODE_UP;
 2299              		.loc 1 100 3 is_stmt 1 view .LVU728
 100:Src/tim.c     ****   htim2.Init.CounterMode = TIM_COUNTERMODE_UP;
 2300              		.loc 1 100 24 is_stmt 0 view .LVU729
 2301 002a 4360     		str	r3, [r0, #4]
 101:Src/tim.c     ****   htim2.Init.Period = 4294967295;
 2302              		.loc 1 101 3 is_stmt 1 view .LVU730
 101:Src/tim.c     ****   htim2.Init.Period = 4294967295;
 2303              		.loc 1 101 26 is_stmt 0 view .LVU731
 2304 002c 8360     		str	r3, [r0, #8]
 102:Src/tim.c     ****   htim2.Init.ClockDivision = TIM_CLOCKDIVISION_DIV1;
 2305              		.loc 1 102 3 is_stmt 1 view .LVU732
 102:Src/tim.c     ****   htim2.Init.ClockDivision = TIM_CLOCKDIVISION_DIV1;
 2306              		.loc 1 102 21 is_stmt 0 view .LVU733
 2307 002e 4FF0FF32 		mov	r2, #-1
 2308 0032 C260     		str	r2, [r0, #12]
 103:Src/tim.c     ****   htim2.Init.AutoReloadPreload = TIM_AUTORELOAD_PRELOAD_DISABLE;
 2309              		.loc 1 103 3 is_stmt 1 view .LVU734
 103:Src/tim.c     ****   htim2.Init.AutoReloadPreload = TIM_AUTORELOAD_PRELOAD_DISABLE;
 2310              		.loc 1 103 28 is_stmt 0 view .LVU735
 2311 0034 0361     		str	r3, [r0, #16]
 104:Src/tim.c     ****   if (HAL_TIM_IC_Init(&htim2) != HAL_OK)
 2312              		.loc 1 104 3 is_stmt 1 view .LVU736
 104:Src/tim.c     ****   if (HAL_TIM_IC_Init(&htim2) != HAL_OK)
 2313              		.loc 1 104 32 is_stmt 0 view .LVU737
 2314 0036 8361     		str	r3, [r0, #24]
 105:Src/tim.c     ****   {
 2315              		.loc 1 105 3 is_stmt 1 view .LVU738
 105:Src/tim.c     ****   {
 2316              		.loc 1 105 7 is_stmt 0 view .LVU739
 2317 0038 FFF7FEFF 		bl	HAL_TIM_IC_Init
 2318              	.LVL98:
 105:Src/tim.c     ****   {
 2319              		.loc 1 105 6 view .LVU740
 2320 003c 0028     		cmp	r0, #0
 2321 003e 2FD1     		bne	.L161
 2322              	.L154:
 109:Src/tim.c     ****   {
 2323              		.loc 1 109 3 is_stmt 1 view .LVU741
 109:Src/tim.c     ****   {
 2324              		.loc 1 109 7 is_stmt 0 view .LVU742
 2325 0040 2048     		ldr	r0, .L167
 2326 0042 FFF7FEFF 		bl	HAL_TIM_PWM_Init
 2327              	.LVL99:
 109:Src/tim.c     ****   {
 2328              		.loc 1 109 6 view .LVU743
ARM GAS  C:\Users\simon\AppData\Local\Temp\ccXl5Ypg.s 			page 63


 2329 0046 0028     		cmp	r0, #0
 2330 0048 2DD1     		bne	.L162
 2331              	.L155:
 113:Src/tim.c     ****   sMasterConfig.MasterSlaveMode = TIM_MASTERSLAVEMODE_DISABLE;
 2332              		.loc 1 113 3 is_stmt 1 view .LVU744
 113:Src/tim.c     ****   sMasterConfig.MasterSlaveMode = TIM_MASTERSLAVEMODE_DISABLE;
 2333              		.loc 1 113 37 is_stmt 0 view .LVU745
 2334 004a 0023     		movs	r3, #0
 2335 004c 0B93     		str	r3, [sp, #44]
 114:Src/tim.c     ****   if (HAL_TIMEx_MasterConfigSynchronization(&htim2, &sMasterConfig) != HAL_OK)
 2336              		.loc 1 114 3 is_stmt 1 view .LVU746
 114:Src/tim.c     ****   if (HAL_TIMEx_MasterConfigSynchronization(&htim2, &sMasterConfig) != HAL_OK)
 2337              		.loc 1 114 33 is_stmt 0 view .LVU747
 2338 004e 0D93     		str	r3, [sp, #52]
 115:Src/tim.c     ****   {
 2339              		.loc 1 115 3 is_stmt 1 view .LVU748
 115:Src/tim.c     ****   {
 2340              		.loc 1 115 7 is_stmt 0 view .LVU749
 2341 0050 0BA9     		add	r1, sp, #44
 2342 0052 1C48     		ldr	r0, .L167
 2343 0054 FFF7FEFF 		bl	HAL_TIMEx_MasterConfigSynchronization
 2344              	.LVL100:
 115:Src/tim.c     ****   {
 2345              		.loc 1 115 6 view .LVU750
 2346 0058 40BB     		cbnz	r0, .L163
 2347              	.L156:
 119:Src/tim.c     ****   sConfigIC.ICSelection = TIM_ICSELECTION_DIRECTTI;
 2348              		.loc 1 119 3 is_stmt 1 view .LVU751
 119:Src/tim.c     ****   sConfigIC.ICSelection = TIM_ICSELECTION_DIRECTTI;
 2349              		.loc 1 119 24 is_stmt 0 view .LVU752
 2350 005a 0022     		movs	r2, #0
 2351 005c 0792     		str	r2, [sp, #28]
 120:Src/tim.c     ****   sConfigIC.ICPrescaler = TIM_ICPSC_DIV1;
 2352              		.loc 1 120 3 is_stmt 1 view .LVU753
 120:Src/tim.c     ****   sConfigIC.ICPrescaler = TIM_ICPSC_DIV1;
 2353              		.loc 1 120 25 is_stmt 0 view .LVU754
 2354 005e 0123     		movs	r3, #1
 2355 0060 0893     		str	r3, [sp, #32]
 121:Src/tim.c     ****   sConfigIC.ICFilter = 0;
 2356              		.loc 1 121 3 is_stmt 1 view .LVU755
 121:Src/tim.c     ****   sConfigIC.ICFilter = 0;
 2357              		.loc 1 121 25 is_stmt 0 view .LVU756
 2358 0062 0992     		str	r2, [sp, #36]
 122:Src/tim.c     ****   if (HAL_TIM_IC_ConfigChannel(&htim2, &sConfigIC, TIM_CHANNEL_1) != HAL_OK)
 2359              		.loc 1 122 3 is_stmt 1 view .LVU757
 122:Src/tim.c     ****   if (HAL_TIM_IC_ConfigChannel(&htim2, &sConfigIC, TIM_CHANNEL_1) != HAL_OK)
 2360              		.loc 1 122 22 is_stmt 0 view .LVU758
 2361 0064 0A92     		str	r2, [sp, #40]
 123:Src/tim.c     ****   {
 2362              		.loc 1 123 3 is_stmt 1 view .LVU759
 123:Src/tim.c     ****   {
 2363              		.loc 1 123 7 is_stmt 0 view .LVU760
 2364 0066 07A9     		add	r1, sp, #28
 2365 0068 1648     		ldr	r0, .L167
 2366 006a FFF7FEFF 		bl	HAL_TIM_IC_ConfigChannel
 2367              	.LVL101:
 123:Src/tim.c     ****   {
ARM GAS  C:\Users\simon\AppData\Local\Temp\ccXl5Ypg.s 			page 64


 2368              		.loc 1 123 6 view .LVU761
 2369 006e 00BB     		cbnz	r0, .L164
 2370              	.L157:
 127:Src/tim.c     ****   {
 2371              		.loc 1 127 3 is_stmt 1 view .LVU762
 127:Src/tim.c     ****   {
 2372              		.loc 1 127 7 is_stmt 0 view .LVU763
 2373 0070 0822     		movs	r2, #8
 2374 0072 07A9     		add	r1, sp, #28
 2375 0074 1348     		ldr	r0, .L167
 2376 0076 FFF7FEFF 		bl	HAL_TIM_IC_ConfigChannel
 2377              	.LVL102:
 127:Src/tim.c     ****   {
 2378              		.loc 1 127 6 view .LVU764
 2379 007a E8B9     		cbnz	r0, .L165
 2380              	.L158:
 131:Src/tim.c     ****   sConfigOC.Pulse = 0;
 2381              		.loc 1 131 3 is_stmt 1 view .LVU765
 131:Src/tim.c     ****   sConfigOC.Pulse = 0;
 2382              		.loc 1 131 20 is_stmt 0 view .LVU766
 2383 007c 6023     		movs	r3, #96
 2384 007e 0093     		str	r3, [sp]
 132:Src/tim.c     ****   sConfigOC.OCPolarity = TIM_OCPOLARITY_HIGH;
 2385              		.loc 1 132 3 is_stmt 1 view .LVU767
 132:Src/tim.c     ****   sConfigOC.OCPolarity = TIM_OCPOLARITY_HIGH;
 2386              		.loc 1 132 19 is_stmt 0 view .LVU768
 2387 0080 0023     		movs	r3, #0
 2388 0082 0193     		str	r3, [sp, #4]
 133:Src/tim.c     ****   sConfigOC.OCFastMode = TIM_OCFAST_DISABLE;
 2389              		.loc 1 133 3 is_stmt 1 view .LVU769
 133:Src/tim.c     ****   sConfigOC.OCFastMode = TIM_OCFAST_DISABLE;
 2390              		.loc 1 133 24 is_stmt 0 view .LVU770
 2391 0084 0293     		str	r3, [sp, #8]
 134:Src/tim.c     ****   if (HAL_TIM_PWM_ConfigChannel(&htim2, &sConfigOC, TIM_CHANNEL_4) != HAL_OK)
 2392              		.loc 1 134 3 is_stmt 1 view .LVU771
 134:Src/tim.c     ****   if (HAL_TIM_PWM_ConfigChannel(&htim2, &sConfigOC, TIM_CHANNEL_4) != HAL_OK)
 2393              		.loc 1 134 24 is_stmt 0 view .LVU772
 2394 0086 0493     		str	r3, [sp, #16]
 135:Src/tim.c     ****   {
 2395              		.loc 1 135 3 is_stmt 1 view .LVU773
 135:Src/tim.c     ****   {
 2396              		.loc 1 135 7 is_stmt 0 view .LVU774
 2397 0088 0C22     		movs	r2, #12
 2398 008a 6946     		mov	r1, sp
 2399 008c 0D48     		ldr	r0, .L167
 2400 008e FFF7FEFF 		bl	HAL_TIM_PWM_ConfigChannel
 2401              	.LVL103:
 135:Src/tim.c     ****   {
 2402              		.loc 1 135 6 view .LVU775
 2403 0092 A0B9     		cbnz	r0, .L166
 2404              	.L159:
 142:Src/tim.c     **** 
 2405              		.loc 1 142 3 is_stmt 1 view .LVU776
 2406 0094 0B48     		ldr	r0, .L167
 2407 0096 FFF7FEFF 		bl	HAL_TIM_MspPostInit
 2408              	.LVL104:
 144:Src/tim.c     **** /* TIM3 init function */
ARM GAS  C:\Users\simon\AppData\Local\Temp\ccXl5Ypg.s 			page 65


 2409              		.loc 1 144 1 is_stmt 0 view .LVU777
 2410 009a 0FB0     		add	sp, sp, #60
 2411              	.LCFI55:
 2412              		.cfi_remember_state
 2413              		.cfi_def_cfa_offset 4
 2414              		@ sp needed
 2415 009c 5DF804FB 		ldr	pc, [sp], #4
 2416              	.L161:
 2417              	.LCFI56:
 2418              		.cfi_restore_state
 107:Src/tim.c     ****   }
 2419              		.loc 1 107 5 is_stmt 1 view .LVU778
 2420 00a0 FFF7FEFF 		bl	Error_Handler
 2421              	.LVL105:
 2422 00a4 CCE7     		b	.L154
 2423              	.L162:
 111:Src/tim.c     ****   }
 2424              		.loc 1 111 5 view .LVU779
 2425 00a6 FFF7FEFF 		bl	Error_Handler
 2426              	.LVL106:
 2427 00aa CEE7     		b	.L155
 2428              	.L163:
 117:Src/tim.c     ****   }
 2429              		.loc 1 117 5 view .LVU780
 2430 00ac FFF7FEFF 		bl	Error_Handler
 2431              	.LVL107:
 2432 00b0 D3E7     		b	.L156
 2433              	.L164:
 125:Src/tim.c     ****   }
 2434              		.loc 1 125 5 view .LVU781
 2435 00b2 FFF7FEFF 		bl	Error_Handler
 2436              	.LVL108:
 2437 00b6 DBE7     		b	.L157
 2438              	.L165:
 129:Src/tim.c     ****   }
 2439              		.loc 1 129 5 view .LVU782
 2440 00b8 FFF7FEFF 		bl	Error_Handler
 2441              	.LVL109:
 2442 00bc DEE7     		b	.L158
 2443              	.L166:
 137:Src/tim.c     ****   }
 2444              		.loc 1 137 5 view .LVU783
 2445 00be FFF7FEFF 		bl	Error_Handler
 2446              	.LVL110:
 2447 00c2 E7E7     		b	.L159
 2448              	.L168:
 2449              		.align	2
 2450              	.L167:
 2451 00c4 00000000 		.word	.LANCHOR11
 2452              		.cfi_endproc
 2453              	.LFE332:
 2455              		.section	.text.MX_TIM3_Init,"ax",%progbits
 2456              		.align	1
 2457              		.global	MX_TIM3_Init
 2458              		.syntax unified
 2459              		.thumb
 2460              		.thumb_func
ARM GAS  C:\Users\simon\AppData\Local\Temp\ccXl5Ypg.s 			page 66


 2462              	MX_TIM3_Init:
 2463              	.LFB333:
 147:Src/tim.c     **** 
 2464              		.loc 1 147 1 view -0
 2465              		.cfi_startproc
 2466              		@ args = 0, pretend = 0, frame = 40
 2467              		@ frame_needed = 0, uses_anonymous_args = 0
 2468 0000 00B5     		push	{lr}
 2469              	.LCFI57:
 2470              		.cfi_def_cfa_offset 4
 2471              		.cfi_offset 14, -4
 2472 0002 8BB0     		sub	sp, sp, #44
 2473              	.LCFI58:
 2474              		.cfi_def_cfa_offset 48
 153:Src/tim.c     ****   TIM_OC_InitTypeDef sConfigOC = {0};
 2475              		.loc 1 153 3 view .LVU785
 153:Src/tim.c     ****   TIM_OC_InitTypeDef sConfigOC = {0};
 2476              		.loc 1 153 27 is_stmt 0 view .LVU786
 2477 0004 0023     		movs	r3, #0
 2478 0006 0793     		str	r3, [sp, #28]
 2479 0008 0893     		str	r3, [sp, #32]
 2480 000a 0993     		str	r3, [sp, #36]
 154:Src/tim.c     **** 
 2481              		.loc 1 154 3 is_stmt 1 view .LVU787
 154:Src/tim.c     **** 
 2482              		.loc 1 154 22 is_stmt 0 view .LVU788
 2483 000c 0093     		str	r3, [sp]
 2484 000e 0193     		str	r3, [sp, #4]
 2485 0010 0293     		str	r3, [sp, #8]
 2486 0012 0393     		str	r3, [sp, #12]
 2487 0014 0493     		str	r3, [sp, #16]
 2488 0016 0593     		str	r3, [sp, #20]
 2489 0018 0693     		str	r3, [sp, #24]
 159:Src/tim.c     ****   htim3.Init.Prescaler = 0;
 2490              		.loc 1 159 3 is_stmt 1 view .LVU789
 159:Src/tim.c     ****   htim3.Init.Prescaler = 0;
 2491              		.loc 1 159 18 is_stmt 0 view .LVU790
 2492 001a 1748     		ldr	r0, .L177
 2493 001c 174A     		ldr	r2, .L177+4
 2494 001e 0260     		str	r2, [r0]
 160:Src/tim.c     ****   htim3.Init.CounterMode = TIM_COUNTERMODE_UP;
 2495              		.loc 1 160 3 is_stmt 1 view .LVU791
 160:Src/tim.c     ****   htim3.Init.CounterMode = TIM_COUNTERMODE_UP;
 2496              		.loc 1 160 24 is_stmt 0 view .LVU792
 2497 0020 4360     		str	r3, [r0, #4]
 161:Src/tim.c     ****   htim3.Init.Period = 65535;
 2498              		.loc 1 161 3 is_stmt 1 view .LVU793
 161:Src/tim.c     ****   htim3.Init.Period = 65535;
 2499              		.loc 1 161 26 is_stmt 0 view .LVU794
 2500 0022 8360     		str	r3, [r0, #8]
 162:Src/tim.c     ****   htim3.Init.ClockDivision = TIM_CLOCKDIVISION_DIV1;
 2501              		.loc 1 162 3 is_stmt 1 view .LVU795
 162:Src/tim.c     ****   htim3.Init.ClockDivision = TIM_CLOCKDIVISION_DIV1;
 2502              		.loc 1 162 21 is_stmt 0 view .LVU796
 2503 0024 4FF6FF72 		movw	r2, #65535
 2504 0028 C260     		str	r2, [r0, #12]
 163:Src/tim.c     ****   htim3.Init.AutoReloadPreload = TIM_AUTORELOAD_PRELOAD_DISABLE;
ARM GAS  C:\Users\simon\AppData\Local\Temp\ccXl5Ypg.s 			page 67


 2505              		.loc 1 163 3 is_stmt 1 view .LVU797
 163:Src/tim.c     ****   htim3.Init.AutoReloadPreload = TIM_AUTORELOAD_PRELOAD_DISABLE;
 2506              		.loc 1 163 28 is_stmt 0 view .LVU798
 2507 002a 0361     		str	r3, [r0, #16]
 164:Src/tim.c     ****   if (HAL_TIM_PWM_Init(&htim3) != HAL_OK)
 2508              		.loc 1 164 3 is_stmt 1 view .LVU799
 164:Src/tim.c     ****   if (HAL_TIM_PWM_Init(&htim3) != HAL_OK)
 2509              		.loc 1 164 32 is_stmt 0 view .LVU800
 2510 002c 8361     		str	r3, [r0, #24]
 165:Src/tim.c     ****   {
 2511              		.loc 1 165 3 is_stmt 1 view .LVU801
 165:Src/tim.c     ****   {
 2512              		.loc 1 165 7 is_stmt 0 view .LVU802
 2513 002e FFF7FEFF 		bl	HAL_TIM_PWM_Init
 2514              	.LVL111:
 165:Src/tim.c     ****   {
 2515              		.loc 1 165 6 view .LVU803
 2516 0032 C0B9     		cbnz	r0, .L174
 2517              	.L170:
 169:Src/tim.c     ****   sMasterConfig.MasterSlaveMode = TIM_MASTERSLAVEMODE_DISABLE;
 2518              		.loc 1 169 3 is_stmt 1 view .LVU804
 169:Src/tim.c     ****   sMasterConfig.MasterSlaveMode = TIM_MASTERSLAVEMODE_DISABLE;
 2519              		.loc 1 169 37 is_stmt 0 view .LVU805
 2520 0034 0023     		movs	r3, #0
 2521 0036 0793     		str	r3, [sp, #28]
 170:Src/tim.c     ****   if (HAL_TIMEx_MasterConfigSynchronization(&htim3, &sMasterConfig) != HAL_OK)
 2522              		.loc 1 170 3 is_stmt 1 view .LVU806
 170:Src/tim.c     ****   if (HAL_TIMEx_MasterConfigSynchronization(&htim3, &sMasterConfig) != HAL_OK)
 2523              		.loc 1 170 33 is_stmt 0 view .LVU807
 2524 0038 0993     		str	r3, [sp, #36]
 171:Src/tim.c     ****   {
 2525              		.loc 1 171 3 is_stmt 1 view .LVU808
 171:Src/tim.c     ****   {
 2526              		.loc 1 171 7 is_stmt 0 view .LVU809
 2527 003a 07A9     		add	r1, sp, #28
 2528 003c 0E48     		ldr	r0, .L177
 2529 003e FFF7FEFF 		bl	HAL_TIMEx_MasterConfigSynchronization
 2530              	.LVL112:
 171:Src/tim.c     ****   {
 2531              		.loc 1 171 6 view .LVU810
 2532 0042 98B9     		cbnz	r0, .L175
 2533              	.L171:
 175:Src/tim.c     ****   sConfigOC.Pulse = 0;
 2534              		.loc 1 175 3 is_stmt 1 view .LVU811
 175:Src/tim.c     ****   sConfigOC.Pulse = 0;
 2535              		.loc 1 175 20 is_stmt 0 view .LVU812
 2536 0044 6023     		movs	r3, #96
 2537 0046 0093     		str	r3, [sp]
 176:Src/tim.c     ****   sConfigOC.OCPolarity = TIM_OCPOLARITY_HIGH;
 2538              		.loc 1 176 3 is_stmt 1 view .LVU813
 176:Src/tim.c     ****   sConfigOC.OCPolarity = TIM_OCPOLARITY_HIGH;
 2539              		.loc 1 176 19 is_stmt 0 view .LVU814
 2540 0048 0022     		movs	r2, #0
 2541 004a 0192     		str	r2, [sp, #4]
 177:Src/tim.c     ****   sConfigOC.OCFastMode = TIM_OCFAST_DISABLE;
 2542              		.loc 1 177 3 is_stmt 1 view .LVU815
 177:Src/tim.c     ****   sConfigOC.OCFastMode = TIM_OCFAST_DISABLE;
ARM GAS  C:\Users\simon\AppData\Local\Temp\ccXl5Ypg.s 			page 68


 2543              		.loc 1 177 24 is_stmt 0 view .LVU816
 2544 004c 0292     		str	r2, [sp, #8]
 178:Src/tim.c     ****   if (HAL_TIM_PWM_ConfigChannel(&htim3, &sConfigOC, TIM_CHANNEL_1) != HAL_OK)
 2545              		.loc 1 178 3 is_stmt 1 view .LVU817
 178:Src/tim.c     ****   if (HAL_TIM_PWM_ConfigChannel(&htim3, &sConfigOC, TIM_CHANNEL_1) != HAL_OK)
 2546              		.loc 1 178 24 is_stmt 0 view .LVU818
 2547 004e 0492     		str	r2, [sp, #16]
 179:Src/tim.c     ****   {
 2548              		.loc 1 179 3 is_stmt 1 view .LVU819
 179:Src/tim.c     ****   {
 2549              		.loc 1 179 7 is_stmt 0 view .LVU820
 2550 0050 6946     		mov	r1, sp
 2551 0052 0948     		ldr	r0, .L177
 2552 0054 FFF7FEFF 		bl	HAL_TIM_PWM_ConfigChannel
 2553              	.LVL113:
 179:Src/tim.c     ****   {
 2554              		.loc 1 179 6 view .LVU821
 2555 0058 58B9     		cbnz	r0, .L176
 2556              	.L172:
 186:Src/tim.c     **** 
 2557              		.loc 1 186 3 is_stmt 1 view .LVU822
 2558 005a 0748     		ldr	r0, .L177
 2559 005c FFF7FEFF 		bl	HAL_TIM_MspPostInit
 2560              	.LVL114:
 188:Src/tim.c     **** /* TIM4 init function */
 2561              		.loc 1 188 1 is_stmt 0 view .LVU823
 2562 0060 0BB0     		add	sp, sp, #44
 2563              	.LCFI59:
 2564              		.cfi_remember_state
 2565              		.cfi_def_cfa_offset 4
 2566              		@ sp needed
 2567 0062 5DF804FB 		ldr	pc, [sp], #4
 2568              	.L174:
 2569              	.LCFI60:
 2570              		.cfi_restore_state
 167:Src/tim.c     ****   }
 2571              		.loc 1 167 5 is_stmt 1 view .LVU824
 2572 0066 FFF7FEFF 		bl	Error_Handler
 2573              	.LVL115:
 2574 006a E3E7     		b	.L170
 2575              	.L175:
 173:Src/tim.c     ****   }
 2576              		.loc 1 173 5 view .LVU825
 2577 006c FFF7FEFF 		bl	Error_Handler
 2578              	.LVL116:
 2579 0070 E8E7     		b	.L171
 2580              	.L176:
 181:Src/tim.c     ****   }
 2581              		.loc 1 181 5 view .LVU826
 2582 0072 FFF7FEFF 		bl	Error_Handler
 2583              	.LVL117:
 2584 0076 F0E7     		b	.L172
 2585              	.L178:
 2586              		.align	2
 2587              	.L177:
 2588 0078 00000000 		.word	.LANCHOR12
 2589 007c 00040040 		.word	1073742848
ARM GAS  C:\Users\simon\AppData\Local\Temp\ccXl5Ypg.s 			page 69


 2590              		.cfi_endproc
 2591              	.LFE333:
 2593              		.section	.text.MX_TIM14_Init,"ax",%progbits
 2594              		.align	1
 2595              		.global	MX_TIM14_Init
 2596              		.syntax unified
 2597              		.thumb
 2598              		.thumb_func
 2600              	MX_TIM14_Init:
 2601              	.LFB341:
 478:Src/tim.c     **** 
 2602              		.loc 1 478 1 view -0
 2603              		.cfi_startproc
 2604              		@ args = 0, pretend = 0, frame = 32
 2605              		@ frame_needed = 0, uses_anonymous_args = 0
 2606 0000 00B5     		push	{lr}
 2607              	.LCFI61:
 2608              		.cfi_def_cfa_offset 4
 2609              		.cfi_offset 14, -4
 2610 0002 89B0     		sub	sp, sp, #36
 2611              	.LCFI62:
 2612              		.cfi_def_cfa_offset 40
 484:Src/tim.c     **** 
 2613              		.loc 1 484 3 view .LVU828
 484:Src/tim.c     **** 
 2614              		.loc 1 484 22 is_stmt 0 view .LVU829
 2615 0004 0023     		movs	r3, #0
 2616 0006 0193     		str	r3, [sp, #4]
 2617 0008 0293     		str	r3, [sp, #8]
 2618 000a 0393     		str	r3, [sp, #12]
 2619 000c 0493     		str	r3, [sp, #16]
 2620 000e 0593     		str	r3, [sp, #20]
 2621 0010 0693     		str	r3, [sp, #24]
 2622 0012 0793     		str	r3, [sp, #28]
 489:Src/tim.c     ****   htim14.Init.Prescaler = 0;
 2623              		.loc 1 489 3 is_stmt 1 view .LVU830
 489:Src/tim.c     ****   htim14.Init.Prescaler = 0;
 2624              		.loc 1 489 19 is_stmt 0 view .LVU831
 2625 0014 1548     		ldr	r0, .L187
 2626 0016 164A     		ldr	r2, .L187+4
 2627 0018 0260     		str	r2, [r0]
 490:Src/tim.c     ****   htim14.Init.CounterMode = TIM_COUNTERMODE_UP;
 2628              		.loc 1 490 3 is_stmt 1 view .LVU832
 490:Src/tim.c     ****   htim14.Init.CounterMode = TIM_COUNTERMODE_UP;
 2629              		.loc 1 490 25 is_stmt 0 view .LVU833
 2630 001a 4360     		str	r3, [r0, #4]
 491:Src/tim.c     ****   htim14.Init.Period = 65535;
 2631              		.loc 1 491 3 is_stmt 1 view .LVU834
 491:Src/tim.c     ****   htim14.Init.Period = 65535;
 2632              		.loc 1 491 27 is_stmt 0 view .LVU835
 2633 001c 8360     		str	r3, [r0, #8]
 492:Src/tim.c     ****   htim14.Init.ClockDivision = TIM_CLOCKDIVISION_DIV1;
 2634              		.loc 1 492 3 is_stmt 1 view .LVU836
 492:Src/tim.c     ****   htim14.Init.ClockDivision = TIM_CLOCKDIVISION_DIV1;
 2635              		.loc 1 492 22 is_stmt 0 view .LVU837
 2636 001e 4FF6FF72 		movw	r2, #65535
 2637 0022 C260     		str	r2, [r0, #12]
ARM GAS  C:\Users\simon\AppData\Local\Temp\ccXl5Ypg.s 			page 70


 493:Src/tim.c     ****   htim14.Init.AutoReloadPreload = TIM_AUTORELOAD_PRELOAD_DISABLE;
 2638              		.loc 1 493 3 is_stmt 1 view .LVU838
 493:Src/tim.c     ****   htim14.Init.AutoReloadPreload = TIM_AUTORELOAD_PRELOAD_DISABLE;
 2639              		.loc 1 493 29 is_stmt 0 view .LVU839
 2640 0024 0361     		str	r3, [r0, #16]
 494:Src/tim.c     ****   if (HAL_TIM_Base_Init(&htim14) != HAL_OK)
 2641              		.loc 1 494 3 is_stmt 1 view .LVU840
 494:Src/tim.c     ****   if (HAL_TIM_Base_Init(&htim14) != HAL_OK)
 2642              		.loc 1 494 33 is_stmt 0 view .LVU841
 2643 0026 8361     		str	r3, [r0, #24]
 495:Src/tim.c     ****   {
 2644              		.loc 1 495 3 is_stmt 1 view .LVU842
 495:Src/tim.c     ****   {
 2645              		.loc 1 495 7 is_stmt 0 view .LVU843
 2646 0028 FFF7FEFF 		bl	HAL_TIM_Base_Init
 2647              	.LVL118:
 495:Src/tim.c     ****   {
 2648              		.loc 1 495 6 view .LVU844
 2649 002c A0B9     		cbnz	r0, .L184
 2650              	.L180:
 499:Src/tim.c     ****   {
 2651              		.loc 1 499 3 is_stmt 1 view .LVU845
 499:Src/tim.c     ****   {
 2652              		.loc 1 499 7 is_stmt 0 view .LVU846
 2653 002e 0F48     		ldr	r0, .L187
 2654 0030 FFF7FEFF 		bl	HAL_TIM_PWM_Init
 2655              	.LVL119:
 499:Src/tim.c     ****   {
 2656              		.loc 1 499 6 view .LVU847
 2657 0034 98B9     		cbnz	r0, .L185
 2658              	.L181:
 503:Src/tim.c     ****   sConfigOC.Pulse = 0;
 2659              		.loc 1 503 3 is_stmt 1 view .LVU848
 503:Src/tim.c     ****   sConfigOC.Pulse = 0;
 2660              		.loc 1 503 20 is_stmt 0 view .LVU849
 2661 0036 6023     		movs	r3, #96
 2662 0038 0193     		str	r3, [sp, #4]
 504:Src/tim.c     ****   sConfigOC.OCPolarity = TIM_OCPOLARITY_HIGH;
 2663              		.loc 1 504 3 is_stmt 1 view .LVU850
 504:Src/tim.c     ****   sConfigOC.OCPolarity = TIM_OCPOLARITY_HIGH;
 2664              		.loc 1 504 19 is_stmt 0 view .LVU851
 2665 003a 0022     		movs	r2, #0
 2666 003c 0292     		str	r2, [sp, #8]
 505:Src/tim.c     ****   sConfigOC.OCFastMode = TIM_OCFAST_DISABLE;
 2667              		.loc 1 505 3 is_stmt 1 view .LVU852
 505:Src/tim.c     ****   sConfigOC.OCFastMode = TIM_OCFAST_DISABLE;
 2668              		.loc 1 505 24 is_stmt 0 view .LVU853
 2669 003e 0392     		str	r2, [sp, #12]
 506:Src/tim.c     ****   if (HAL_TIM_PWM_ConfigChannel(&htim14, &sConfigOC, TIM_CHANNEL_1) != HAL_OK)
 2670              		.loc 1 506 3 is_stmt 1 view .LVU854
 506:Src/tim.c     ****   if (HAL_TIM_PWM_ConfigChannel(&htim14, &sConfigOC, TIM_CHANNEL_1) != HAL_OK)
 2671              		.loc 1 506 24 is_stmt 0 view .LVU855
 2672 0040 0592     		str	r2, [sp, #20]
 507:Src/tim.c     ****   {
 2673              		.loc 1 507 3 is_stmt 1 view .LVU856
 507:Src/tim.c     ****   {
 2674              		.loc 1 507 7 is_stmt 0 view .LVU857
ARM GAS  C:\Users\simon\AppData\Local\Temp\ccXl5Ypg.s 			page 71


 2675 0042 01A9     		add	r1, sp, #4
 2676 0044 0948     		ldr	r0, .L187
 2677 0046 FFF7FEFF 		bl	HAL_TIM_PWM_ConfigChannel
 2678              	.LVL120:
 507:Src/tim.c     ****   {
 2679              		.loc 1 507 6 view .LVU858
 2680 004a 58B9     		cbnz	r0, .L186
 2681              	.L182:
 514:Src/tim.c     **** 
 2682              		.loc 1 514 3 is_stmt 1 view .LVU859
 2683 004c 0748     		ldr	r0, .L187
 2684 004e FFF7FEFF 		bl	HAL_TIM_MspPostInit
 2685              	.LVL121:
 516:Src/tim.c     **** /* TIM15 init function */
 2686              		.loc 1 516 1 is_stmt 0 view .LVU860
 2687 0052 09B0     		add	sp, sp, #36
 2688              	.LCFI63:
 2689              		.cfi_remember_state
 2690              		.cfi_def_cfa_offset 4
 2691              		@ sp needed
 2692 0054 5DF804FB 		ldr	pc, [sp], #4
 2693              	.L184:
 2694              	.LCFI64:
 2695              		.cfi_restore_state
 497:Src/tim.c     ****   }
 2696              		.loc 1 497 5 is_stmt 1 view .LVU861
 2697 0058 FFF7FEFF 		bl	Error_Handler
 2698              	.LVL122:
 2699 005c E7E7     		b	.L180
 2700              	.L185:
 501:Src/tim.c     ****   }
 2701              		.loc 1 501 5 view .LVU862
 2702 005e FFF7FEFF 		bl	Error_Handler
 2703              	.LVL123:
 2704 0062 E8E7     		b	.L181
 2705              	.L186:
 509:Src/tim.c     ****   }
 2706              		.loc 1 509 5 view .LVU863
 2707 0064 FFF7FEFF 		bl	Error_Handler
 2708              	.LVL124:
 2709 0068 F0E7     		b	.L182
 2710              	.L188:
 2711 006a 00BF     		.align	2
 2712              	.L187:
 2713 006c 00000000 		.word	.LANCHOR13
 2714 0070 00200040 		.word	1073750016
 2715              		.cfi_endproc
 2716              	.LFE341:
 2718              		.section	.text.HAL_TIM_Base_MspDeInit,"ax",%progbits
 2719              		.align	1
 2720              		.global	HAL_TIM_Base_MspDeInit
 2721              		.syntax unified
 2722              		.thumb
 2723              		.thumb_func
 2725              	HAL_TIM_Base_MspDeInit:
 2726              	.LVL125:
 2727              	.LFB350:
ARM GAS  C:\Users\simon\AppData\Local\Temp\ccXl5Ypg.s 			page 72


 950:Src/tim.c     **** 
 951:Src/tim.c     **** void HAL_TIM_Base_MspDeInit(TIM_HandleTypeDef* tim_baseHandle)
 952:Src/tim.c     **** {
 2728              		.loc 1 952 1 view -0
 2729              		.cfi_startproc
 2730              		@ args = 0, pretend = 0, frame = 0
 2731              		@ frame_needed = 0, uses_anonymous_args = 0
 2732              		.loc 1 952 1 is_stmt 0 view .LVU865
 2733 0000 08B5     		push	{r3, lr}
 2734              	.LCFI65:
 2735              		.cfi_def_cfa_offset 8
 2736              		.cfi_offset 3, -8
 2737              		.cfi_offset 14, -4
 953:Src/tim.c     **** 
 954:Src/tim.c     ****   if(tim_baseHandle->Instance==TIM1)
 2738              		.loc 1 954 3 is_stmt 1 view .LVU866
 2739              		.loc 1 954 20 is_stmt 0 view .LVU867
 2740 0002 0368     		ldr	r3, [r0]
 2741              		.loc 1 954 5 view .LVU868
 2742 0004 314A     		ldr	r2, .L206
 2743 0006 9342     		cmp	r3, r2
 2744 0008 1CD0     		beq	.L199
 955:Src/tim.c     ****   {
 956:Src/tim.c     ****   /* USER CODE BEGIN TIM1_MspDeInit 0 */
 957:Src/tim.c     **** 
 958:Src/tim.c     ****   /* USER CODE END TIM1_MspDeInit 0 */
 959:Src/tim.c     ****     /* Peripheral clock disable */
 960:Src/tim.c     ****     __HAL_RCC_TIM1_CLK_DISABLE();
 961:Src/tim.c     **** 
 962:Src/tim.c     ****     /* TIM1 interrupt Deinit */
 963:Src/tim.c     ****     HAL_NVIC_DisableIRQ(TIM1_UP_IRQn);
 964:Src/tim.c     ****   /* USER CODE BEGIN TIM1_MspDeInit 1 */
 965:Src/tim.c     **** 
 966:Src/tim.c     ****   /* USER CODE END TIM1_MspDeInit 1 */
 967:Src/tim.c     ****   }
 968:Src/tim.c     ****   else if(tim_baseHandle->Instance==TIM4)
 2745              		.loc 1 968 8 is_stmt 1 view .LVU869
 2746              		.loc 1 968 10 is_stmt 0 view .LVU870
 2747 000a 314A     		ldr	r2, .L206+4
 2748 000c 9342     		cmp	r3, r2
 2749 000e 24D0     		beq	.L200
 969:Src/tim.c     ****   {
 970:Src/tim.c     ****   /* USER CODE BEGIN TIM4_MspDeInit 0 */
 971:Src/tim.c     **** 
 972:Src/tim.c     ****   /* USER CODE END TIM4_MspDeInit 0 */
 973:Src/tim.c     ****     /* Peripheral clock disable */
 974:Src/tim.c     ****     __HAL_RCC_TIM4_CLK_DISABLE();
 975:Src/tim.c     **** 
 976:Src/tim.c     ****     /**TIM4 GPIO Configuration
 977:Src/tim.c     ****     PB8     ------> TIM4_CH3
 978:Src/tim.c     ****     */
 979:Src/tim.c     ****     HAL_GPIO_DeInit(GPIOB, GPIO_PIN_8);
 980:Src/tim.c     **** 
 981:Src/tim.c     ****     /* TIM4 interrupt Deinit */
 982:Src/tim.c     ****     HAL_NVIC_DisableIRQ(TIM4_IRQn);
 983:Src/tim.c     ****   /* USER CODE BEGIN TIM4_MspDeInit 1 */
 984:Src/tim.c     **** 
ARM GAS  C:\Users\simon\AppData\Local\Temp\ccXl5Ypg.s 			page 73


 985:Src/tim.c     ****   /* USER CODE END TIM4_MspDeInit 1 */
 986:Src/tim.c     ****   }
 987:Src/tim.c     ****   else if(tim_baseHandle->Instance==TIM6)
 2750              		.loc 1 987 8 is_stmt 1 view .LVU871
 2751              		.loc 1 987 10 is_stmt 0 view .LVU872
 2752 0010 304A     		ldr	r2, .L206+8
 2753 0012 9342     		cmp	r3, r2
 2754 0014 31D0     		beq	.L201
 988:Src/tim.c     ****   {
 989:Src/tim.c     ****   /* USER CODE BEGIN TIM6_MspDeInit 0 */
 990:Src/tim.c     **** 
 991:Src/tim.c     ****   /* USER CODE END TIM6_MspDeInit 0 */
 992:Src/tim.c     ****     /* Peripheral clock disable */
 993:Src/tim.c     ****     __HAL_RCC_TIM6_CLK_DISABLE();
 994:Src/tim.c     ****   /* USER CODE BEGIN TIM6_MspDeInit 1 */
 995:Src/tim.c     **** 
 996:Src/tim.c     ****   /* USER CODE END TIM6_MspDeInit 1 */
 997:Src/tim.c     ****   }
 998:Src/tim.c     ****   else if(tim_baseHandle->Instance==TIM7)
 2755              		.loc 1 998 8 is_stmt 1 view .LVU873
 2756              		.loc 1 998 10 is_stmt 0 view .LVU874
 2757 0016 304A     		ldr	r2, .L206+12
 2758 0018 9342     		cmp	r3, r2
 2759 001a 36D0     		beq	.L202
 999:Src/tim.c     ****   {
1000:Src/tim.c     ****   /* USER CODE BEGIN TIM7_MspDeInit 0 */
1001:Src/tim.c     **** 
1002:Src/tim.c     ****   /* USER CODE END TIM7_MspDeInit 0 */
1003:Src/tim.c     ****     /* Peripheral clock disable */
1004:Src/tim.c     ****     __HAL_RCC_TIM7_CLK_DISABLE();
1005:Src/tim.c     ****   /* USER CODE BEGIN TIM7_MspDeInit 1 */
1006:Src/tim.c     **** 
1007:Src/tim.c     ****   /* USER CODE END TIM7_MspDeInit 1 */
1008:Src/tim.c     ****   }
1009:Src/tim.c     ****   else if(tim_baseHandle->Instance==TIM13)
 2760              		.loc 1 1009 8 is_stmt 1 view .LVU875
 2761              		.loc 1 1009 10 is_stmt 0 view .LVU876
 2762 001c 2F4A     		ldr	r2, .L206+16
 2763 001e 9342     		cmp	r3, r2
 2764 0020 3BD0     		beq	.L203
1010:Src/tim.c     ****   {
1011:Src/tim.c     ****   /* USER CODE BEGIN TIM13_MspDeInit 0 */
1012:Src/tim.c     **** 
1013:Src/tim.c     ****   /* USER CODE END TIM13_MspDeInit 0 */
1014:Src/tim.c     ****     /* Peripheral clock disable */
1015:Src/tim.c     ****     __HAL_RCC_TIM13_CLK_DISABLE();
1016:Src/tim.c     ****   /* USER CODE BEGIN TIM13_MspDeInit 1 */
1017:Src/tim.c     **** 
1018:Src/tim.c     ****   /* USER CODE END TIM13_MspDeInit 1 */
1019:Src/tim.c     ****   }
1020:Src/tim.c     ****   else if(tim_baseHandle->Instance==TIM14)
 2765              		.loc 1 1020 8 is_stmt 1 view .LVU877
 2766              		.loc 1 1020 10 is_stmt 0 view .LVU878
 2767 0022 2F4A     		ldr	r2, .L206+20
 2768 0024 9342     		cmp	r3, r2
 2769 0026 40D0     		beq	.L204
1021:Src/tim.c     ****   {
ARM GAS  C:\Users\simon\AppData\Local\Temp\ccXl5Ypg.s 			page 74


1022:Src/tim.c     ****   /* USER CODE BEGIN TIM14_MspDeInit 0 */
1023:Src/tim.c     **** 
1024:Src/tim.c     ****   /* USER CODE END TIM14_MspDeInit 0 */
1025:Src/tim.c     ****     /* Peripheral clock disable */
1026:Src/tim.c     ****     __HAL_RCC_TIM14_CLK_DISABLE();
1027:Src/tim.c     ****   /* USER CODE BEGIN TIM14_MspDeInit 1 */
1028:Src/tim.c     **** 
1029:Src/tim.c     ****   /* USER CODE END TIM14_MspDeInit 1 */
1030:Src/tim.c     ****   }
1031:Src/tim.c     ****   else if(tim_baseHandle->Instance==TIM16)
 2770              		.loc 1 1031 8 is_stmt 1 view .LVU879
 2771              		.loc 1 1031 10 is_stmt 0 view .LVU880
 2772 0028 2E4A     		ldr	r2, .L206+24
 2773 002a 9342     		cmp	r3, r2
 2774 002c 45D0     		beq	.L205
1032:Src/tim.c     ****   {
1033:Src/tim.c     ****   /* USER CODE BEGIN TIM16_MspDeInit 0 */
1034:Src/tim.c     **** 
1035:Src/tim.c     ****   /* USER CODE END TIM16_MspDeInit 0 */
1036:Src/tim.c     ****     /* Peripheral clock disable */
1037:Src/tim.c     ****     __HAL_RCC_TIM16_CLK_DISABLE();
1038:Src/tim.c     ****   /* USER CODE BEGIN TIM16_MspDeInit 1 */
1039:Src/tim.c     **** 
1040:Src/tim.c     ****   /* USER CODE END TIM16_MspDeInit 1 */
1041:Src/tim.c     ****   }
1042:Src/tim.c     ****   else if(tim_baseHandle->Instance==TIM17)
 2775              		.loc 1 1042 8 is_stmt 1 view .LVU881
 2776              		.loc 1 1042 10 is_stmt 0 view .LVU882
 2777 002e 2E4A     		ldr	r2, .L206+28
 2778 0030 9342     		cmp	r3, r2
 2779 0032 29D1     		bne	.L189
1043:Src/tim.c     ****   {
1044:Src/tim.c     ****   /* USER CODE BEGIN TIM17_MspDeInit 0 */
1045:Src/tim.c     **** 
1046:Src/tim.c     ****   /* USER CODE END TIM17_MspDeInit 0 */
1047:Src/tim.c     ****     /* Peripheral clock disable */
1048:Src/tim.c     ****     __HAL_RCC_TIM17_CLK_DISABLE();
 2780              		.loc 1 1048 5 is_stmt 1 view .LVU883
 2781 0034 2D4A     		ldr	r2, .L206+32
 2782 0036 D2F8F030 		ldr	r3, [r2, #240]
 2783 003a 23F48023 		bic	r3, r3, #262144
 2784 003e C2F8F030 		str	r3, [r2, #240]
1049:Src/tim.c     ****   /* USER CODE BEGIN TIM17_MspDeInit 1 */
1050:Src/tim.c     **** 
1051:Src/tim.c     ****   /* USER CODE END TIM17_MspDeInit 1 */
1052:Src/tim.c     ****   }
1053:Src/tim.c     **** }
 2785              		.loc 1 1053 1 is_stmt 0 view .LVU884
 2786 0042 21E0     		b	.L189
 2787              	.L199:
 960:Src/tim.c     **** 
 2788              		.loc 1 960 5 is_stmt 1 view .LVU885
 2789 0044 294A     		ldr	r2, .L206+32
 2790 0046 D2F8F030 		ldr	r3, [r2, #240]
 2791 004a 23F00103 		bic	r3, r3, #1
 2792 004e C2F8F030 		str	r3, [r2, #240]
 963:Src/tim.c     ****   /* USER CODE BEGIN TIM1_MspDeInit 1 */
ARM GAS  C:\Users\simon\AppData\Local\Temp\ccXl5Ypg.s 			page 75


 2793              		.loc 1 963 5 view .LVU886
 2794 0052 1920     		movs	r0, #25
 2795              	.LVL126:
 963:Src/tim.c     ****   /* USER CODE BEGIN TIM1_MspDeInit 1 */
 2796              		.loc 1 963 5 is_stmt 0 view .LVU887
 2797 0054 FFF7FEFF 		bl	HAL_NVIC_DisableIRQ
 2798              	.LVL127:
 2799 0058 16E0     		b	.L189
 2800              	.LVL128:
 2801              	.L200:
 974:Src/tim.c     **** 
 2802              		.loc 1 974 5 is_stmt 1 view .LVU888
 2803 005a 244A     		ldr	r2, .L206+32
 2804 005c D2F8E830 		ldr	r3, [r2, #232]
 2805 0060 23F00403 		bic	r3, r3, #4
 2806 0064 C2F8E830 		str	r3, [r2, #232]
 979:Src/tim.c     **** 
 2807              		.loc 1 979 5 view .LVU889
 2808 0068 4FF48071 		mov	r1, #256
 2809 006c 2048     		ldr	r0, .L206+36
 2810              	.LVL129:
 979:Src/tim.c     **** 
 2811              		.loc 1 979 5 is_stmt 0 view .LVU890
 2812 006e FFF7FEFF 		bl	HAL_GPIO_DeInit
 2813              	.LVL130:
 982:Src/tim.c     ****   /* USER CODE BEGIN TIM4_MspDeInit 1 */
 2814              		.loc 1 982 5 is_stmt 1 view .LVU891
 2815 0072 1E20     		movs	r0, #30
 2816 0074 FFF7FEFF 		bl	HAL_NVIC_DisableIRQ
 2817              	.LVL131:
 2818 0078 06E0     		b	.L189
 2819              	.LVL132:
 2820              	.L201:
 993:Src/tim.c     ****   /* USER CODE BEGIN TIM6_MspDeInit 1 */
 2821              		.loc 1 993 5 view .LVU892
 2822 007a 1C4A     		ldr	r2, .L206+32
 2823 007c D2F8E830 		ldr	r3, [r2, #232]
 2824 0080 23F01003 		bic	r3, r3, #16
 2825 0084 C2F8E830 		str	r3, [r2, #232]
 2826              	.LVL133:
 2827              	.L189:
 2828              		.loc 1 1053 1 is_stmt 0 view .LVU893
 2829 0088 08BD     		pop	{r3, pc}
 2830              	.LVL134:
 2831              	.L202:
1004:Src/tim.c     ****   /* USER CODE BEGIN TIM7_MspDeInit 1 */
 2832              		.loc 1 1004 5 is_stmt 1 view .LVU894
 2833 008a 184A     		ldr	r2, .L206+32
 2834 008c D2F8E830 		ldr	r3, [r2, #232]
 2835 0090 23F02003 		bic	r3, r3, #32
 2836 0094 C2F8E830 		str	r3, [r2, #232]
 2837 0098 F6E7     		b	.L189
 2838              	.L203:
1015:Src/tim.c     ****   /* USER CODE BEGIN TIM13_MspDeInit 1 */
 2839              		.loc 1 1015 5 view .LVU895
 2840 009a 144A     		ldr	r2, .L206+32
 2841 009c D2F8E830 		ldr	r3, [r2, #232]
ARM GAS  C:\Users\simon\AppData\Local\Temp\ccXl5Ypg.s 			page 76


 2842 00a0 23F08003 		bic	r3, r3, #128
 2843 00a4 C2F8E830 		str	r3, [r2, #232]
 2844 00a8 EEE7     		b	.L189
 2845              	.L204:
1026:Src/tim.c     ****   /* USER CODE BEGIN TIM14_MspDeInit 1 */
 2846              		.loc 1 1026 5 view .LVU896
 2847 00aa 104A     		ldr	r2, .L206+32
 2848 00ac D2F8E830 		ldr	r3, [r2, #232]
 2849 00b0 23F48073 		bic	r3, r3, #256
 2850 00b4 C2F8E830 		str	r3, [r2, #232]
 2851 00b8 E6E7     		b	.L189
 2852              	.L205:
1037:Src/tim.c     ****   /* USER CODE BEGIN TIM16_MspDeInit 1 */
 2853              		.loc 1 1037 5 view .LVU897
 2854 00ba 0C4A     		ldr	r2, .L206+32
 2855 00bc D2F8F030 		ldr	r3, [r2, #240]
 2856 00c0 23F40033 		bic	r3, r3, #131072
 2857 00c4 C2F8F030 		str	r3, [r2, #240]
 2858 00c8 DEE7     		b	.L189
 2859              	.L207:
 2860 00ca 00BF     		.align	2
 2861              	.L206:
 2862 00cc 00000140 		.word	1073807360
 2863 00d0 00080040 		.word	1073743872
 2864 00d4 00100040 		.word	1073745920
 2865 00d8 00140040 		.word	1073746944
 2866 00dc 001C0040 		.word	1073748992
 2867 00e0 00200040 		.word	1073750016
 2868 00e4 00440140 		.word	1073824768
 2869 00e8 00480140 		.word	1073825792
 2870 00ec 00440258 		.word	1476543488
 2871 00f0 00040258 		.word	1476527104
 2872              		.cfi_endproc
 2873              	.LFE350:
 2875              		.section	.text.HAL_TIM_IC_MspDeInit,"ax",%progbits
 2876              		.align	1
 2877              		.global	HAL_TIM_IC_MspDeInit
 2878              		.syntax unified
 2879              		.thumb
 2880              		.thumb_func
 2882              	HAL_TIM_IC_MspDeInit:
 2883              	.LVL135:
 2884              	.LFB351:
1054:Src/tim.c     **** 
1055:Src/tim.c     **** void HAL_TIM_IC_MspDeInit(TIM_HandleTypeDef* tim_icHandle)
1056:Src/tim.c     **** {
 2885              		.loc 1 1056 1 view -0
 2886              		.cfi_startproc
 2887              		@ args = 0, pretend = 0, frame = 0
 2888              		@ frame_needed = 0, uses_anonymous_args = 0
 2889              		.loc 1 1056 1 is_stmt 0 view .LVU899
 2890 0000 08B5     		push	{r3, lr}
 2891              	.LCFI66:
 2892              		.cfi_def_cfa_offset 8
 2893              		.cfi_offset 3, -8
 2894              		.cfi_offset 14, -4
1057:Src/tim.c     **** 
ARM GAS  C:\Users\simon\AppData\Local\Temp\ccXl5Ypg.s 			page 77


1058:Src/tim.c     ****   if(tim_icHandle->Instance==TIM2)
 2895              		.loc 1 1058 3 is_stmt 1 view .LVU900
 2896              		.loc 1 1058 18 is_stmt 0 view .LVU901
 2897 0002 0368     		ldr	r3, [r0]
 2898              		.loc 1 1058 5 view .LVU902
 2899 0004 B3F1804F 		cmp	r3, #1073741824
 2900 0008 06D0     		beq	.L213
1059:Src/tim.c     ****   {
1060:Src/tim.c     ****   /* USER CODE BEGIN TIM2_MspDeInit 0 */
1061:Src/tim.c     **** 
1062:Src/tim.c     ****   /* USER CODE END TIM2_MspDeInit 0 */
1063:Src/tim.c     ****     /* Peripheral clock disable */
1064:Src/tim.c     ****     __HAL_RCC_TIM2_CLK_DISABLE();
1065:Src/tim.c     **** 
1066:Src/tim.c     ****     /**TIM2 GPIO Configuration
1067:Src/tim.c     ****     PA0     ------> TIM2_CH1
1068:Src/tim.c     ****     PB10     ------> TIM2_CH3
1069:Src/tim.c     ****     PA3     ------> TIM2_CH4
1070:Src/tim.c     ****     */
1071:Src/tim.c     ****     HAL_GPIO_DeInit(GPIOA, GPIO_PIN_0|GPIO_PIN_3);
1072:Src/tim.c     **** 
1073:Src/tim.c     ****     HAL_GPIO_DeInit(GPIOB, GPIO_PIN_10);
1074:Src/tim.c     **** 
1075:Src/tim.c     ****   /* USER CODE BEGIN TIM2_MspDeInit 1 */
1076:Src/tim.c     **** 
1077:Src/tim.c     ****   /* USER CODE END TIM2_MspDeInit 1 */
1078:Src/tim.c     ****   }
1079:Src/tim.c     ****   else if(tim_icHandle->Instance==TIM12)
 2901              		.loc 1 1079 8 is_stmt 1 view .LVU903
 2902              		.loc 1 1079 10 is_stmt 0 view .LVU904
 2903 000a 184A     		ldr	r2, .L216
 2904 000c 9342     		cmp	r3, r2
 2905 000e 14D0     		beq	.L214
1080:Src/tim.c     ****   {
1081:Src/tim.c     ****   /* USER CODE BEGIN TIM12_MspDeInit 0 */
1082:Src/tim.c     **** 
1083:Src/tim.c     ****   /* USER CODE END TIM12_MspDeInit 0 */
1084:Src/tim.c     ****     /* Peripheral clock disable */
1085:Src/tim.c     ****     __HAL_RCC_TIM12_CLK_DISABLE();
1086:Src/tim.c     **** 
1087:Src/tim.c     ****     /**TIM12 GPIO Configuration
1088:Src/tim.c     ****     PH6     ------> TIM12_CH1
1089:Src/tim.c     ****     */
1090:Src/tim.c     ****     HAL_GPIO_DeInit(GPIOH, GPIO_PIN_6);
1091:Src/tim.c     **** 
1092:Src/tim.c     ****   /* USER CODE BEGIN TIM12_MspDeInit 1 */
1093:Src/tim.c     **** 
1094:Src/tim.c     ****   /* USER CODE END TIM12_MspDeInit 1 */
1095:Src/tim.c     ****   }
1096:Src/tim.c     ****   else if(tim_icHandle->Instance==TIM15)
 2906              		.loc 1 1096 8 is_stmt 1 view .LVU905
 2907              		.loc 1 1096 10 is_stmt 0 view .LVU906
 2908 0010 174A     		ldr	r2, .L216+4
 2909 0012 9342     		cmp	r3, r2
 2910 0014 1DD0     		beq	.L215
 2911              	.LVL136:
 2912              	.L208:
ARM GAS  C:\Users\simon\AppData\Local\Temp\ccXl5Ypg.s 			page 78


1097:Src/tim.c     ****   {
1098:Src/tim.c     ****   /* USER CODE BEGIN TIM15_MspDeInit 0 */
1099:Src/tim.c     **** 
1100:Src/tim.c     ****   /* USER CODE END TIM15_MspDeInit 0 */
1101:Src/tim.c     ****     /* Peripheral clock disable */
1102:Src/tim.c     ****     __HAL_RCC_TIM15_CLK_DISABLE();
1103:Src/tim.c     **** 
1104:Src/tim.c     ****     /**TIM15 GPIO Configuration
1105:Src/tim.c     ****     PE6     ------> TIM15_CH2
1106:Src/tim.c     ****     */
1107:Src/tim.c     ****     HAL_GPIO_DeInit(GPIOE, GPIO_PIN_6);
1108:Src/tim.c     **** 
1109:Src/tim.c     ****   /* USER CODE BEGIN TIM15_MspDeInit 1 */
1110:Src/tim.c     **** 
1111:Src/tim.c     ****   /* USER CODE END TIM15_MspDeInit 1 */
1112:Src/tim.c     ****   }
1113:Src/tim.c     **** }
 2913              		.loc 1 1113 1 view .LVU907
 2914 0016 08BD     		pop	{r3, pc}
 2915              	.LVL137:
 2916              	.L213:
1064:Src/tim.c     **** 
 2917              		.loc 1 1064 5 is_stmt 1 view .LVU908
 2918 0018 164A     		ldr	r2, .L216+8
 2919 001a D2F8E830 		ldr	r3, [r2, #232]
 2920 001e 23F00103 		bic	r3, r3, #1
 2921 0022 C2F8E830 		str	r3, [r2, #232]
1071:Src/tim.c     **** 
 2922              		.loc 1 1071 5 view .LVU909
 2923 0026 0921     		movs	r1, #9
 2924 0028 1348     		ldr	r0, .L216+12
 2925              	.LVL138:
1071:Src/tim.c     **** 
 2926              		.loc 1 1071 5 is_stmt 0 view .LVU910
 2927 002a FFF7FEFF 		bl	HAL_GPIO_DeInit
 2928              	.LVL139:
1073:Src/tim.c     **** 
 2929              		.loc 1 1073 5 is_stmt 1 view .LVU911
 2930 002e 4FF48061 		mov	r1, #1024
 2931 0032 1248     		ldr	r0, .L216+16
 2932 0034 FFF7FEFF 		bl	HAL_GPIO_DeInit
 2933              	.LVL140:
 2934 0038 EDE7     		b	.L208
 2935              	.LVL141:
 2936              	.L214:
1085:Src/tim.c     **** 
 2937              		.loc 1 1085 5 view .LVU912
 2938 003a 0E4A     		ldr	r2, .L216+8
 2939 003c D2F8E830 		ldr	r3, [r2, #232]
 2940 0040 23F04003 		bic	r3, r3, #64
 2941 0044 C2F8E830 		str	r3, [r2, #232]
1090:Src/tim.c     **** 
 2942              		.loc 1 1090 5 view .LVU913
 2943 0048 4021     		movs	r1, #64
 2944 004a 0D48     		ldr	r0, .L216+20
 2945              	.LVL142:
1090:Src/tim.c     **** 
ARM GAS  C:\Users\simon\AppData\Local\Temp\ccXl5Ypg.s 			page 79


 2946              		.loc 1 1090 5 is_stmt 0 view .LVU914
 2947 004c FFF7FEFF 		bl	HAL_GPIO_DeInit
 2948              	.LVL143:
 2949 0050 E1E7     		b	.L208
 2950              	.LVL144:
 2951              	.L215:
1102:Src/tim.c     **** 
 2952              		.loc 1 1102 5 is_stmt 1 view .LVU915
 2953 0052 084A     		ldr	r2, .L216+8
 2954 0054 D2F8F030 		ldr	r3, [r2, #240]
 2955 0058 23F48033 		bic	r3, r3, #65536
 2956 005c C2F8F030 		str	r3, [r2, #240]
1107:Src/tim.c     **** 
 2957              		.loc 1 1107 5 view .LVU916
 2958 0060 4021     		movs	r1, #64
 2959 0062 0848     		ldr	r0, .L216+24
 2960              	.LVL145:
1107:Src/tim.c     **** 
 2961              		.loc 1 1107 5 is_stmt 0 view .LVU917
 2962 0064 FFF7FEFF 		bl	HAL_GPIO_DeInit
 2963              	.LVL146:
 2964              		.loc 1 1113 1 view .LVU918
 2965 0068 D5E7     		b	.L208
 2966              	.L217:
 2967 006a 00BF     		.align	2
 2968              	.L216:
 2969 006c 00180040 		.word	1073747968
 2970 0070 00400140 		.word	1073823744
 2971 0074 00440258 		.word	1476543488
 2972 0078 00000258 		.word	1476526080
 2973 007c 00040258 		.word	1476527104
 2974 0080 001C0258 		.word	1476533248
 2975 0084 00100258 		.word	1476530176
 2976              		.cfi_endproc
 2977              	.LFE351:
 2979              		.section	.text.HAL_TIM_PWM_MspDeInit,"ax",%progbits
 2980              		.align	1
 2981              		.global	HAL_TIM_PWM_MspDeInit
 2982              		.syntax unified
 2983              		.thumb
 2984              		.thumb_func
 2986              	HAL_TIM_PWM_MspDeInit:
 2987              	.LVL147:
 2988              	.LFB352:
1114:Src/tim.c     **** 
1115:Src/tim.c     **** void HAL_TIM_PWM_MspDeInit(TIM_HandleTypeDef* tim_pwmHandle)
1116:Src/tim.c     **** {
 2989              		.loc 1 1116 1 is_stmt 1 view -0
 2990              		.cfi_startproc
 2991              		@ args = 0, pretend = 0, frame = 0
 2992              		@ frame_needed = 0, uses_anonymous_args = 0
 2993              		@ link register save eliminated.
1117:Src/tim.c     **** 
1118:Src/tim.c     ****   if(tim_pwmHandle->Instance==TIM3)
 2994              		.loc 1 1118 3 view .LVU920
 2995              		.loc 1 1118 19 is_stmt 0 view .LVU921
 2996 0000 0268     		ldr	r2, [r0]
ARM GAS  C:\Users\simon\AppData\Local\Temp\ccXl5Ypg.s 			page 80


 2997              		.loc 1 1118 5 view .LVU922
 2998 0002 064B     		ldr	r3, .L221
 2999 0004 9A42     		cmp	r2, r3
 3000 0006 00D0     		beq	.L220
 3001              	.L218:
1119:Src/tim.c     ****   {
1120:Src/tim.c     ****   /* USER CODE BEGIN TIM3_MspDeInit 0 */
1121:Src/tim.c     **** 
1122:Src/tim.c     ****   /* USER CODE END TIM3_MspDeInit 0 */
1123:Src/tim.c     ****     /* Peripheral clock disable */
1124:Src/tim.c     ****     __HAL_RCC_TIM3_CLK_DISABLE();
1125:Src/tim.c     ****   /* USER CODE BEGIN TIM3_MspDeInit 1 */
1126:Src/tim.c     **** 
1127:Src/tim.c     ****   /* USER CODE END TIM3_MspDeInit 1 */
1128:Src/tim.c     ****   }
1129:Src/tim.c     **** }
 3002              		.loc 1 1129 1 view .LVU923
 3003 0008 7047     		bx	lr
 3004              	.L220:
1124:Src/tim.c     ****   /* USER CODE BEGIN TIM3_MspDeInit 1 */
 3005              		.loc 1 1124 5 is_stmt 1 view .LVU924
 3006 000a 054A     		ldr	r2, .L221+4
 3007 000c D2F8E830 		ldr	r3, [r2, #232]
 3008 0010 23F00203 		bic	r3, r3, #2
 3009 0014 C2F8E830 		str	r3, [r2, #232]
 3010              		.loc 1 1129 1 is_stmt 0 view .LVU925
 3011 0018 F6E7     		b	.L218
 3012              	.L222:
 3013 001a 00BF     		.align	2
 3014              	.L221:
 3015 001c 00040040 		.word	1073742848
 3016 0020 00440258 		.word	1476543488
 3017              		.cfi_endproc
 3018              	.LFE352:
 3020              		.section	.text.HAL_TIM_Encoder_MspDeInit,"ax",%progbits
 3021              		.align	1
 3022              		.global	HAL_TIM_Encoder_MspDeInit
 3023              		.syntax unified
 3024              		.thumb
 3025              		.thumb_func
 3027              	HAL_TIM_Encoder_MspDeInit:
 3028              	.LVL148:
 3029              	.LFB353:
1130:Src/tim.c     **** 
1131:Src/tim.c     **** void HAL_TIM_Encoder_MspDeInit(TIM_HandleTypeDef* tim_encoderHandle)
1132:Src/tim.c     **** {
 3030              		.loc 1 1132 1 is_stmt 1 view -0
 3031              		.cfi_startproc
 3032              		@ args = 0, pretend = 0, frame = 0
 3033              		@ frame_needed = 0, uses_anonymous_args = 0
 3034              		.loc 1 1132 1 is_stmt 0 view .LVU927
 3035 0000 08B5     		push	{r3, lr}
 3036              	.LCFI67:
 3037              		.cfi_def_cfa_offset 8
 3038              		.cfi_offset 3, -8
 3039              		.cfi_offset 14, -4
1133:Src/tim.c     **** 
ARM GAS  C:\Users\simon\AppData\Local\Temp\ccXl5Ypg.s 			page 81


1134:Src/tim.c     ****   if(tim_encoderHandle->Instance==TIM5)
 3040              		.loc 1 1134 3 is_stmt 1 view .LVU928
 3041              		.loc 1 1134 23 is_stmt 0 view .LVU929
 3042 0002 0368     		ldr	r3, [r0]
 3043              		.loc 1 1134 5 view .LVU930
 3044 0004 0F4A     		ldr	r2, .L229
 3045 0006 9342     		cmp	r3, r2
 3046 0008 03D0     		beq	.L227
1135:Src/tim.c     ****   {
1136:Src/tim.c     ****   /* USER CODE BEGIN TIM5_MspDeInit 0 */
1137:Src/tim.c     **** 
1138:Src/tim.c     ****   /* USER CODE END TIM5_MspDeInit 0 */
1139:Src/tim.c     ****     /* Peripheral clock disable */
1140:Src/tim.c     ****     __HAL_RCC_TIM5_CLK_DISABLE();
1141:Src/tim.c     **** 
1142:Src/tim.c     ****     /**TIM5 GPIO Configuration
1143:Src/tim.c     ****     PH10     ------> TIM5_CH1
1144:Src/tim.c     ****     PH11     ------> TIM5_CH2
1145:Src/tim.c     ****     */
1146:Src/tim.c     ****     HAL_GPIO_DeInit(GPIOH, GPIO_PIN_10|GPIO_PIN_11);
1147:Src/tim.c     **** 
1148:Src/tim.c     ****   /* USER CODE BEGIN TIM5_MspDeInit 1 */
1149:Src/tim.c     **** 
1150:Src/tim.c     ****   /* USER CODE END TIM5_MspDeInit 1 */
1151:Src/tim.c     ****   }
1152:Src/tim.c     ****   else if(tim_encoderHandle->Instance==TIM8)
 3047              		.loc 1 1152 8 is_stmt 1 view .LVU931
 3048              		.loc 1 1152 10 is_stmt 0 view .LVU932
 3049 000a 0F4A     		ldr	r2, .L229+4
 3050 000c 9342     		cmp	r3, r2
 3051 000e 0DD0     		beq	.L228
 3052              	.LVL149:
 3053              	.L223:
1153:Src/tim.c     ****   {
1154:Src/tim.c     ****   /* USER CODE BEGIN TIM8_MspDeInit 0 */
1155:Src/tim.c     **** 
1156:Src/tim.c     ****   /* USER CODE END TIM8_MspDeInit 0 */
1157:Src/tim.c     ****     /* Peripheral clock disable */
1158:Src/tim.c     ****     __HAL_RCC_TIM8_CLK_DISABLE();
1159:Src/tim.c     **** 
1160:Src/tim.c     ****     /**TIM8 GPIO Configuration
1161:Src/tim.c     ****     PI6     ------> TIM8_CH2
1162:Src/tim.c     ****     PI5     ------> TIM8_CH1
1163:Src/tim.c     ****     */
1164:Src/tim.c     ****     HAL_GPIO_DeInit(GPIOI, GPIO_PIN_6|GPIO_PIN_5);
1165:Src/tim.c     **** 
1166:Src/tim.c     ****   /* USER CODE BEGIN TIM8_MspDeInit 1 */
1167:Src/tim.c     **** 
1168:Src/tim.c     ****   /* USER CODE END TIM8_MspDeInit 1 */
1169:Src/tim.c     ****   }
1170:Src/tim.c     **** }
 3054              		.loc 1 1170 1 view .LVU933
 3055 0010 08BD     		pop	{r3, pc}
 3056              	.LVL150:
 3057              	.L227:
1140:Src/tim.c     **** 
 3058              		.loc 1 1140 5 is_stmt 1 view .LVU934
ARM GAS  C:\Users\simon\AppData\Local\Temp\ccXl5Ypg.s 			page 82


 3059 0012 0E4A     		ldr	r2, .L229+8
 3060 0014 D2F8E830 		ldr	r3, [r2, #232]
 3061 0018 23F00803 		bic	r3, r3, #8
 3062 001c C2F8E830 		str	r3, [r2, #232]
1146:Src/tim.c     **** 
 3063              		.loc 1 1146 5 view .LVU935
 3064 0020 4FF44061 		mov	r1, #3072
 3065 0024 0A48     		ldr	r0, .L229+12
 3066              	.LVL151:
1146:Src/tim.c     **** 
 3067              		.loc 1 1146 5 is_stmt 0 view .LVU936
 3068 0026 FFF7FEFF 		bl	HAL_GPIO_DeInit
 3069              	.LVL152:
 3070 002a F1E7     		b	.L223
 3071              	.LVL153:
 3072              	.L228:
1158:Src/tim.c     **** 
 3073              		.loc 1 1158 5 is_stmt 1 view .LVU937
 3074 002c 074A     		ldr	r2, .L229+8
 3075 002e D2F8F030 		ldr	r3, [r2, #240]
 3076 0032 23F00203 		bic	r3, r3, #2
 3077 0036 C2F8F030 		str	r3, [r2, #240]
1164:Src/tim.c     **** 
 3078              		.loc 1 1164 5 view .LVU938
 3079 003a 6021     		movs	r1, #96
 3080 003c 0548     		ldr	r0, .L229+16
 3081              	.LVL154:
1164:Src/tim.c     **** 
 3082              		.loc 1 1164 5 is_stmt 0 view .LVU939
 3083 003e FFF7FEFF 		bl	HAL_GPIO_DeInit
 3084              	.LVL155:
 3085              		.loc 1 1170 1 view .LVU940
 3086 0042 E5E7     		b	.L223
 3087              	.L230:
 3088              		.align	2
 3089              	.L229:
 3090 0044 000C0040 		.word	1073744896
 3091 0048 00040140 		.word	1073808384
 3092 004c 00440258 		.word	1476543488
 3093 0050 001C0258 		.word	1476533248
 3094 0054 00200258 		.word	1476534272
 3095              		.cfi_endproc
 3096              	.LFE353:
 3098              		.global	htim17
 3099              		.global	htim16
 3100              		.global	htim15
 3101              		.global	htim14
 3102              		.global	htim13
 3103              		.global	htim12
 3104              		.global	htim8
 3105              		.global	htim7
 3106              		.global	htim6
 3107              		.global	htim5
 3108              		.global	htim4
 3109              		.global	htim3
 3110              		.global	htim2
 3111              		.global	htim1
ARM GAS  C:\Users\simon\AppData\Local\Temp\ccXl5Ypg.s 			page 83


 3112              		.section	.bss.htim1,"aw",%nobits
 3113              		.align	2
 3114              		.set	.LANCHOR0,. + 0
 3117              	htim1:
 3118 0000 00000000 		.space	76
 3118      00000000 
 3118      00000000 
 3118      00000000 
 3118      00000000 
 3119              		.section	.bss.htim12,"aw",%nobits
 3120              		.align	2
 3121              		.set	.LANCHOR6,. + 0
 3124              	htim12:
 3125 0000 00000000 		.space	76
 3125      00000000 
 3125      00000000 
 3125      00000000 
 3125      00000000 
 3126              		.section	.bss.htim13,"aw",%nobits
 3127              		.align	2
 3128              		.set	.LANCHOR7,. + 0
 3131              	htim13:
 3132 0000 00000000 		.space	76
 3132      00000000 
 3132      00000000 
 3132      00000000 
 3132      00000000 
 3133              		.section	.bss.htim14,"aw",%nobits
 3134              		.align	2
 3135              		.set	.LANCHOR13,. + 0
 3138              	htim14:
 3139 0000 00000000 		.space	76
 3139      00000000 
 3139      00000000 
 3139      00000000 
 3139      00000000 
 3140              		.section	.bss.htim15,"aw",%nobits
 3141              		.align	2
 3142              		.set	.LANCHOR8,. + 0
 3145              	htim15:
 3146 0000 00000000 		.space	76
 3146      00000000 
 3146      00000000 
 3146      00000000 
 3146      00000000 
 3147              		.section	.bss.htim16,"aw",%nobits
 3148              		.align	2
 3149              		.set	.LANCHOR9,. + 0
 3152              	htim16:
 3153 0000 00000000 		.space	76
 3153      00000000 
 3153      00000000 
 3153      00000000 
 3153      00000000 
 3154              		.section	.bss.htim17,"aw",%nobits
 3155              		.align	2
 3156              		.set	.LANCHOR10,. + 0
ARM GAS  C:\Users\simon\AppData\Local\Temp\ccXl5Ypg.s 			page 84


 3159              	htim17:
 3160 0000 00000000 		.space	76
 3160      00000000 
 3160      00000000 
 3160      00000000 
 3160      00000000 
 3161              		.section	.bss.htim2,"aw",%nobits
 3162              		.align	2
 3163              		.set	.LANCHOR11,. + 0
 3166              	htim2:
 3167 0000 00000000 		.space	76
 3167      00000000 
 3167      00000000 
 3167      00000000 
 3167      00000000 
 3168              		.section	.bss.htim3,"aw",%nobits
 3169              		.align	2
 3170              		.set	.LANCHOR12,. + 0
 3173              	htim3:
 3174 0000 00000000 		.space	76
 3174      00000000 
 3174      00000000 
 3174      00000000 
 3174      00000000 
 3175              		.section	.bss.htim4,"aw",%nobits
 3176              		.align	2
 3177              		.set	.LANCHOR1,. + 0
 3180              	htim4:
 3181 0000 00000000 		.space	76
 3181      00000000 
 3181      00000000 
 3181      00000000 
 3181      00000000 
 3182              		.section	.bss.htim5,"aw",%nobits
 3183              		.align	2
 3184              		.set	.LANCHOR2,. + 0
 3187              	htim5:
 3188 0000 00000000 		.space	76
 3188      00000000 
 3188      00000000 
 3188      00000000 
 3188      00000000 
 3189              		.section	.bss.htim6,"aw",%nobits
 3190              		.align	2
 3191              		.set	.LANCHOR3,. + 0
 3194              	htim6:
 3195 0000 00000000 		.space	76
 3195      00000000 
 3195      00000000 
 3195      00000000 
 3195      00000000 
 3196              		.section	.bss.htim7,"aw",%nobits
 3197              		.align	2
 3198              		.set	.LANCHOR4,. + 0
 3201              	htim7:
 3202 0000 00000000 		.space	76
 3202      00000000 
ARM GAS  C:\Users\simon\AppData\Local\Temp\ccXl5Ypg.s 			page 85


 3202      00000000 
 3202      00000000 
 3202      00000000 
 3203              		.section	.bss.htim8,"aw",%nobits
 3204              		.align	2
 3205              		.set	.LANCHOR5,. + 0
 3208              	htim8:
 3209 0000 00000000 		.space	76
 3209      00000000 
 3209      00000000 
 3209      00000000 
 3209      00000000 
 3210              		.text
 3211              	.Letext0:
 3212              		.file 2 "d:\\nes\\arm\\arm-none-eabi\\include\\machine\\_default_types.h"
 3213              		.file 3 "d:\\nes\\arm\\arm-none-eabi\\include\\sys\\_stdint.h"
 3214              		.file 4 "Drivers/CMSIS/Device/ST/STM32H7xx/Include/stm32h743xx.h"
 3215              		.file 5 "Drivers/STM32H7xx_HAL_Driver/Inc/stm32h7xx_hal_def.h"
 3216              		.file 6 "Drivers/STM32H7xx_HAL_Driver/Inc/stm32h7xx_hal_gpio.h"
 3217              		.file 7 "Drivers/STM32H7xx_HAL_Driver/Inc/stm32h7xx_hal_dma.h"
 3218              		.file 8 "Drivers/STM32H7xx_HAL_Driver/Inc/stm32h7xx_hal_tim.h"
 3219              		.file 9 "Inc/tim.h"
 3220              		.file 10 "Drivers/STM32H7xx_HAL_Driver/Inc/stm32h7xx_hal_cortex.h"
 3221              		.file 11 "Inc/main.h"
 3222              		.file 12 "Drivers/STM32H7xx_HAL_Driver/Inc/stm32h7xx_hal_tim_ex.h"
 3223              		.file 13 "<built-in>"
ARM GAS  C:\Users\simon\AppData\Local\Temp\ccXl5Ypg.s 			page 86


DEFINED SYMBOLS
                            *ABS*:00000000 tim.c
C:\Users\simon\AppData\Local\Temp\ccXl5Ypg.s:19     .text.MX_TIM1_Init:00000000 $t
C:\Users\simon\AppData\Local\Temp\ccXl5Ypg.s:25     .text.MX_TIM1_Init:00000000 MX_TIM1_Init
C:\Users\simon\AppData\Local\Temp\ccXl5Ypg.s:144    .text.MX_TIM1_Init:00000070 $d
C:\Users\simon\AppData\Local\Temp\ccXl5Ypg.s:150    .text.MX_TIM4_Init:00000000 $t
C:\Users\simon\AppData\Local\Temp\ccXl5Ypg.s:156    .text.MX_TIM4_Init:00000000 MX_TIM4_Init
C:\Users\simon\AppData\Local\Temp\ccXl5Ypg.s:315    .text.MX_TIM4_Init:000000a0 $d
C:\Users\simon\AppData\Local\Temp\ccXl5Ypg.s:321    .text.MX_TIM5_Init:00000000 $t
C:\Users\simon\AppData\Local\Temp\ccXl5Ypg.s:327    .text.MX_TIM5_Init:00000000 MX_TIM5_Init
C:\Users\simon\AppData\Local\Temp\ccXl5Ypg.s:437    .text.MX_TIM5_Init:0000005c $d
C:\Users\simon\AppData\Local\Temp\ccXl5Ypg.s:443    .text.MX_TIM6_Init:00000000 $t
C:\Users\simon\AppData\Local\Temp\ccXl5Ypg.s:449    .text.MX_TIM6_Init:00000000 MX_TIM6_Init
C:\Users\simon\AppData\Local\Temp\ccXl5Ypg.s:532    .text.MX_TIM6_Init:00000048 $d
C:\Users\simon\AppData\Local\Temp\ccXl5Ypg.s:538    .text.MX_TIM7_Init:00000000 $t
C:\Users\simon\AppData\Local\Temp\ccXl5Ypg.s:544    .text.MX_TIM7_Init:00000000 MX_TIM7_Init
C:\Users\simon\AppData\Local\Temp\ccXl5Ypg.s:627    .text.MX_TIM7_Init:00000048 $d
C:\Users\simon\AppData\Local\Temp\ccXl5Ypg.s:633    .text.MX_TIM8_Init:00000000 $t
C:\Users\simon\AppData\Local\Temp\ccXl5Ypg.s:639    .text.MX_TIM8_Init:00000000 MX_TIM8_Init
C:\Users\simon\AppData\Local\Temp\ccXl5Ypg.s:755    .text.MX_TIM8_Init:00000060 $d
C:\Users\simon\AppData\Local\Temp\ccXl5Ypg.s:761    .text.MX_TIM12_Init:00000000 $t
C:\Users\simon\AppData\Local\Temp\ccXl5Ypg.s:767    .text.MX_TIM12_Init:00000000 MX_TIM12_Init
C:\Users\simon\AppData\Local\Temp\ccXl5Ypg.s:922    .text.MX_TIM12_Init:00000094 $d
C:\Users\simon\AppData\Local\Temp\ccXl5Ypg.s:928    .text.MX_TIM13_Init:00000000 $t
C:\Users\simon\AppData\Local\Temp\ccXl5Ypg.s:934    .text.MX_TIM13_Init:00000000 MX_TIM13_Init
C:\Users\simon\AppData\Local\Temp\ccXl5Ypg.s:985    .text.MX_TIM13_Init:00000028 $d
C:\Users\simon\AppData\Local\Temp\ccXl5Ypg.s:991    .text.MX_TIM15_Init:00000000 $t
C:\Users\simon\AppData\Local\Temp\ccXl5Ypg.s:997    .text.MX_TIM15_Init:00000000 MX_TIM15_Init
C:\Users\simon\AppData\Local\Temp\ccXl5Ypg.s:1121   .text.MX_TIM15_Init:00000074 $d
C:\Users\simon\AppData\Local\Temp\ccXl5Ypg.s:1127   .text.MX_TIM16_Init:00000000 $t
C:\Users\simon\AppData\Local\Temp\ccXl5Ypg.s:1133   .text.MX_TIM16_Init:00000000 MX_TIM16_Init
C:\Users\simon\AppData\Local\Temp\ccXl5Ypg.s:1187   .text.MX_TIM16_Init:00000028 $d
C:\Users\simon\AppData\Local\Temp\ccXl5Ypg.s:1193   .text.MX_TIM17_Init:00000000 $t
C:\Users\simon\AppData\Local\Temp\ccXl5Ypg.s:1199   .text.MX_TIM17_Init:00000000 MX_TIM17_Init
C:\Users\simon\AppData\Local\Temp\ccXl5Ypg.s:1253   .text.MX_TIM17_Init:00000028 $d
C:\Users\simon\AppData\Local\Temp\ccXl5Ypg.s:1259   .text.HAL_TIM_Base_MspInit:00000000 $t
C:\Users\simon\AppData\Local\Temp\ccXl5Ypg.s:1265   .text.HAL_TIM_Base_MspInit:00000000 HAL_TIM_Base_MspInit
C:\Users\simon\AppData\Local\Temp\ccXl5Ypg.s:1547   .text.HAL_TIM_Base_MspInit:00000178 $d
C:\Users\simon\AppData\Local\Temp\ccXl5Ypg.s:1561   .text.HAL_TIM_IC_MspInit:00000000 $t
C:\Users\simon\AppData\Local\Temp\ccXl5Ypg.s:1567   .text.HAL_TIM_IC_MspInit:00000000 HAL_TIM_IC_MspInit
C:\Users\simon\AppData\Local\Temp\ccXl5Ypg.s:1823   .text.HAL_TIM_IC_MspInit:0000012c $d
C:\Users\simon\AppData\Local\Temp\ccXl5Ypg.s:1834   .text.HAL_TIM_PWM_MspInit:00000000 $t
C:\Users\simon\AppData\Local\Temp\ccXl5Ypg.s:1840   .text.HAL_TIM_PWM_MspInit:00000000 HAL_TIM_PWM_MspInit
C:\Users\simon\AppData\Local\Temp\ccXl5Ypg.s:1886   .text.HAL_TIM_PWM_MspInit:0000002c $d
C:\Users\simon\AppData\Local\Temp\ccXl5Ypg.s:1892   .text.HAL_TIM_Encoder_MspInit:00000000 $t
C:\Users\simon\AppData\Local\Temp\ccXl5Ypg.s:1898   .text.HAL_TIM_Encoder_MspInit:00000000 HAL_TIM_Encoder_MspInit
C:\Users\simon\AppData\Local\Temp\ccXl5Ypg.s:2057   .text.HAL_TIM_Encoder_MspInit:000000b4 $d
C:\Users\simon\AppData\Local\Temp\ccXl5Ypg.s:2066   .text.HAL_TIM_MspPostInit:00000000 $t
C:\Users\simon\AppData\Local\Temp\ccXl5Ypg.s:2072   .text.HAL_TIM_MspPostInit:00000000 HAL_TIM_MspPostInit
C:\Users\simon\AppData\Local\Temp\ccXl5Ypg.s:2245   .text.HAL_TIM_MspPostInit:000000bc $d
C:\Users\simon\AppData\Local\Temp\ccXl5Ypg.s:2254   .text.MX_TIM2_Init:00000000 $t
C:\Users\simon\AppData\Local\Temp\ccXl5Ypg.s:2260   .text.MX_TIM2_Init:00000000 MX_TIM2_Init
C:\Users\simon\AppData\Local\Temp\ccXl5Ypg.s:2451   .text.MX_TIM2_Init:000000c4 $d
C:\Users\simon\AppData\Local\Temp\ccXl5Ypg.s:2456   .text.MX_TIM3_Init:00000000 $t
C:\Users\simon\AppData\Local\Temp\ccXl5Ypg.s:2462   .text.MX_TIM3_Init:00000000 MX_TIM3_Init
C:\Users\simon\AppData\Local\Temp\ccXl5Ypg.s:2588   .text.MX_TIM3_Init:00000078 $d
C:\Users\simon\AppData\Local\Temp\ccXl5Ypg.s:2594   .text.MX_TIM14_Init:00000000 $t
ARM GAS  C:\Users\simon\AppData\Local\Temp\ccXl5Ypg.s 			page 87


C:\Users\simon\AppData\Local\Temp\ccXl5Ypg.s:2600   .text.MX_TIM14_Init:00000000 MX_TIM14_Init
C:\Users\simon\AppData\Local\Temp\ccXl5Ypg.s:2713   .text.MX_TIM14_Init:0000006c $d
C:\Users\simon\AppData\Local\Temp\ccXl5Ypg.s:2719   .text.HAL_TIM_Base_MspDeInit:00000000 $t
C:\Users\simon\AppData\Local\Temp\ccXl5Ypg.s:2725   .text.HAL_TIM_Base_MspDeInit:00000000 HAL_TIM_Base_MspDeInit
C:\Users\simon\AppData\Local\Temp\ccXl5Ypg.s:2862   .text.HAL_TIM_Base_MspDeInit:000000cc $d
C:\Users\simon\AppData\Local\Temp\ccXl5Ypg.s:2876   .text.HAL_TIM_IC_MspDeInit:00000000 $t
C:\Users\simon\AppData\Local\Temp\ccXl5Ypg.s:2882   .text.HAL_TIM_IC_MspDeInit:00000000 HAL_TIM_IC_MspDeInit
C:\Users\simon\AppData\Local\Temp\ccXl5Ypg.s:2969   .text.HAL_TIM_IC_MspDeInit:0000006c $d
C:\Users\simon\AppData\Local\Temp\ccXl5Ypg.s:2980   .text.HAL_TIM_PWM_MspDeInit:00000000 $t
C:\Users\simon\AppData\Local\Temp\ccXl5Ypg.s:2986   .text.HAL_TIM_PWM_MspDeInit:00000000 HAL_TIM_PWM_MspDeInit
C:\Users\simon\AppData\Local\Temp\ccXl5Ypg.s:3015   .text.HAL_TIM_PWM_MspDeInit:0000001c $d
C:\Users\simon\AppData\Local\Temp\ccXl5Ypg.s:3021   .text.HAL_TIM_Encoder_MspDeInit:00000000 $t
C:\Users\simon\AppData\Local\Temp\ccXl5Ypg.s:3027   .text.HAL_TIM_Encoder_MspDeInit:00000000 HAL_TIM_Encoder_MspDeInit
C:\Users\simon\AppData\Local\Temp\ccXl5Ypg.s:3090   .text.HAL_TIM_Encoder_MspDeInit:00000044 $d
C:\Users\simon\AppData\Local\Temp\ccXl5Ypg.s:3159   .bss.htim17:00000000 htim17
C:\Users\simon\AppData\Local\Temp\ccXl5Ypg.s:3152   .bss.htim16:00000000 htim16
C:\Users\simon\AppData\Local\Temp\ccXl5Ypg.s:3145   .bss.htim15:00000000 htim15
C:\Users\simon\AppData\Local\Temp\ccXl5Ypg.s:3138   .bss.htim14:00000000 htim14
C:\Users\simon\AppData\Local\Temp\ccXl5Ypg.s:3131   .bss.htim13:00000000 htim13
C:\Users\simon\AppData\Local\Temp\ccXl5Ypg.s:3124   .bss.htim12:00000000 htim12
C:\Users\simon\AppData\Local\Temp\ccXl5Ypg.s:3208   .bss.htim8:00000000 htim8
C:\Users\simon\AppData\Local\Temp\ccXl5Ypg.s:3201   .bss.htim7:00000000 htim7
C:\Users\simon\AppData\Local\Temp\ccXl5Ypg.s:3194   .bss.htim6:00000000 htim6
C:\Users\simon\AppData\Local\Temp\ccXl5Ypg.s:3187   .bss.htim5:00000000 htim5
C:\Users\simon\AppData\Local\Temp\ccXl5Ypg.s:3180   .bss.htim4:00000000 htim4
C:\Users\simon\AppData\Local\Temp\ccXl5Ypg.s:3173   .bss.htim3:00000000 htim3
C:\Users\simon\AppData\Local\Temp\ccXl5Ypg.s:3166   .bss.htim2:00000000 htim2
C:\Users\simon\AppData\Local\Temp\ccXl5Ypg.s:3117   .bss.htim1:00000000 htim1
C:\Users\simon\AppData\Local\Temp\ccXl5Ypg.s:3113   .bss.htim1:00000000 $d
C:\Users\simon\AppData\Local\Temp\ccXl5Ypg.s:3120   .bss.htim12:00000000 $d
C:\Users\simon\AppData\Local\Temp\ccXl5Ypg.s:3127   .bss.htim13:00000000 $d
C:\Users\simon\AppData\Local\Temp\ccXl5Ypg.s:3134   .bss.htim14:00000000 $d
C:\Users\simon\AppData\Local\Temp\ccXl5Ypg.s:3141   .bss.htim15:00000000 $d
C:\Users\simon\AppData\Local\Temp\ccXl5Ypg.s:3148   .bss.htim16:00000000 $d
C:\Users\simon\AppData\Local\Temp\ccXl5Ypg.s:3155   .bss.htim17:00000000 $d
C:\Users\simon\AppData\Local\Temp\ccXl5Ypg.s:3162   .bss.htim2:00000000 $d
C:\Users\simon\AppData\Local\Temp\ccXl5Ypg.s:3169   .bss.htim3:00000000 $d
C:\Users\simon\AppData\Local\Temp\ccXl5Ypg.s:3176   .bss.htim4:00000000 $d
C:\Users\simon\AppData\Local\Temp\ccXl5Ypg.s:3183   .bss.htim5:00000000 $d
C:\Users\simon\AppData\Local\Temp\ccXl5Ypg.s:3190   .bss.htim6:00000000 $d
C:\Users\simon\AppData\Local\Temp\ccXl5Ypg.s:3197   .bss.htim7:00000000 $d
C:\Users\simon\AppData\Local\Temp\ccXl5Ypg.s:3204   .bss.htim8:00000000 $d

UNDEFINED SYMBOLS
HAL_TIM_Base_Init
HAL_TIM_ConfigClockSource
HAL_TIMEx_MasterConfigSynchronization
Error_Handler
HAL_TIM_IC_Init
HAL_TIM_IC_ConfigChannel
memset
HAL_TIM_Encoder_Init
HAL_TIM_SlaveConfigSynchro
HAL_NVIC_SetPriority
HAL_NVIC_EnableIRQ
HAL_GPIO_Init
HAL_TIM_PWM_Init
ARM GAS  C:\Users\simon\AppData\Local\Temp\ccXl5Ypg.s 			page 88


HAL_TIM_PWM_ConfigChannel
HAL_NVIC_DisableIRQ
HAL_GPIO_DeInit
